{
"type": "FeatureCollection",
"name": "MLK_SE-13",
"crs": { "type": "name", "properties": { "name": "urn:ogc:def:crs:OGC:1.3:CRS84" } },
"features": [
{ "type": "Feature", "properties": { "state": "Melaka", "parlimen": "P.134 Masjid Tanah", "code_parlimen": "P.134", "dun": "N.01 Kuala Linggi", "code_dun": "N.01" }, "geometry": { "type": "Polygon", "coordinates": [ [ [ 102.043369250402833, 2.383613388671088 ], [ 102.043346823890914, 2.382757695483104 ], [ 102.043279605824623, 2.381904347161095 ], [ 102.043167780444023, 2.381055682680189 ], [ 102.043011654254727, 2.380214028181736 ], [ 102.042811655187762, 2.379381690597349 ], [ 102.042568331426637, 2.378560951325569 ], [ 102.042282349904909, 2.377754059978574 ], [ 102.041954494478048, 2.376963228215809 ], [ 102.041585663774939, 2.37619062368179 ], [ 102.041176868734965, 2.375438364064323 ], [ 102.04072922983687, 2.374708511289745 ], [ 102.040243974027788, 2.374003065870974 ], [ 102.039722431360161, 2.373323961423809 ], [ 102.03916603134617, 2.372673059366595 ], [ 102.03857629903959, 2.372052143817751 ], [ 102.037954850855684, 2.371462916705218 ], [ 102.037303390140721, 2.370906993101088 ], [ 102.036623702503235, 2.370385896794415 ], [ 102.035917650919799, 2.369901056114102 ], [ 102.035187170628745, 2.369453800013524 ], [ 102.034434263825744, 2.369045354427612 ], [ 102.033660994176032, 2.368676838912135 ], [ 102.032869481157974, 2.368349263574758 ], [ 102.032061894253687, 2.36806352630607 ], [ 102.031240447002816, 2.367820410318167 ], [ 102.030407390935125, 2.367620581997675 ], [ 102.029565009399391, 2.367464589078958 ], [ 102.028715611304875, 2.367352859142632 ], [ 102.027861524792712, 2.367285698443416 ], [ 102.02700509085463, 2.367263291070596 ], [ 102.026148656916575, 2.367285698443416 ], [ 102.025294570404412, 2.367352859142632 ], [ 102.024445172309896, 2.367464589078958 ], [ 102.023602790774163, 2.367620581997675 ], [ 102.022769734706458, 2.367820410318167 ], [ 102.021948287455587, 2.36806352630607 ], [ 102.021140700551314, 2.368349263574758 ], [ 102.020349187533242, 2.368676838912135 ], [ 102.019575917883543, 2.369045354427612 ], [ 102.018823011080542, 2.369453800013524 ], [ 102.01809253078946, 2.369901056114102 ], [ 102.017386479206039, 2.370385896794415 ], [ 102.016706791568566, 2.370906993101088 ], [ 102.016055330853604, 2.371462916705218 ], [ 102.015433882669683, 2.372052143817751 ], [ 102.014844150363103, 2.372673059366595 ], [ 102.014287750349112, 2.373323961423809 ], [ 102.013766207681485, 2.374003065870974 ], [ 102.013280951872403, 2.374708511289745 ], [ 102.012833312974308, 2.375438364064323 ], [ 102.012424517934335, 2.37619062368179 ], [ 102.012055687231239, 2.376963228215809 ], [ 102.011727831804365, 2.377754059978574 ], [ 102.011441850282637, 2.378560951325569 ], [ 102.011198526521511, 2.379381690597349 ], [ 102.010998527454547, 2.380214028181736 ], [ 102.010842401265251, 2.381055682680189 ], [ 102.010730575884651, 2.381904347161095 ], [ 102.010663357818359, 2.382757695483104 ], [ 102.010640931306455, 2.383613388671088 ], [ 102.010663357818359, 2.384469081327118 ], [ 102.010730575884651, 2.385322428059079 ], [ 102.010842401265251, 2.386171089909285 ], [ 102.010998527454547, 2.387012740765163 ], [ 102.011198526521511, 2.387845073735073 ], [ 102.011441850282637, 2.388665807470983 ], [ 102.011727831804365, 2.389472692421387 ], [ 102.012055687231239, 2.390263516996912 ], [ 102.012424517934335, 2.391036113631795 ], [ 102.012833312974308, 2.39178836472479 ], [ 102.013280951872403, 2.392518208442917 ], [ 102.013766207681485, 2.393223644372504 ], [ 102.014287750349112, 2.393902739001728 ], [ 102.014844150363103, 2.394553631019789 ], [ 102.015433882669683, 2.395174536418274 ], [ 102.016055330853604, 2.395763753380461 ], [ 102.016706791568566, 2.396319666945437 ], [ 102.017386479206039, 2.396840753434158 ], [ 102.01809253078946, 2.397325584625299 ], [ 102.018823011080542, 2.397772831669425 ], [ 102.019575917883543, 2.398181268730853 ], [ 102.020349187533242, 2.398549776347194 ], [ 102.021140700551314, 2.398877344497331 ], [ 102.021948287455587, 2.399163075369441 ], [ 102.022769734706458, 2.399406185821473 ], [ 102.023602790774163, 2.399606009527464 ], [ 102.024445172309896, 2.399761998803632 ], [ 102.025294570404412, 2.399873726109245 ], [ 102.026148656916575, 2.399940885218424 ], [ 102.02700509085463, 2.399963292059278 ], [ 102.027861524792712, 2.399940885218424 ], [ 102.028715611304875, 2.399873726109245 ], [ 102.029565009399391, 2.399761998803632 ], [ 102.030407390935125, 2.399606009527464 ], [ 102.031240447002816, 2.399406185821473 ], [ 102.032061894253687, 2.399163075369441 ], [ 102.032869481157974, 2.398877344497331 ], [ 102.033660994176032, 2.398549776347194 ], [ 102.034434263825744, 2.398181268730853 ], [ 102.035187170628745, 2.397772831669425 ], [ 102.035917650919799, 2.397325584625299 ], [ 102.036623702503235, 2.396840753434158 ], [ 102.037303390140721, 2.396319666945437 ], [ 102.037954850855684, 2.395763753380461 ], [ 102.03857629903959, 2.395174536418274 ], [ 102.03916603134617, 2.394553631019789 ], [ 102.039722431360161, 2.393902739001728 ], [ 102.040243974027788, 2.393223644372504 ], [ 102.04072922983687, 2.392518208442917 ], [ 102.041176868734965, 2.39178836472479 ], [ 102.041585663774939, 2.391036113631795 ], [ 102.041954494478048, 2.390263516996912 ], [ 102.042282349904909, 2.389472692421387 ], [ 102.042568331426637, 2.388665807470983 ], [ 102.042811655187762, 2.387845073735073 ], [ 102.043011654254727, 2.387012740765175 ], [ 102.043167780444023, 2.386171089909285 ], [ 102.043279605824623, 2.385322428059079 ], [ 102.043346823890914, 2.384469081327118 ], [ 102.043369250402833, 2.383613388671088 ] ] ] } },
{ "type": "Feature", "properties": { "state": "Melaka", "parlimen": "P.134 Masjid Tanah", "code_parlimen": "P.134", "dun": "N.02 Tanjung Bidara", "code_dun": "N.02" }, "geometry": { "type": "Polygon", "coordinates": [ [ [ 102.098068481889044, 2.346522469214861 ], [ 102.098046055377125, 2.345666753152035 ], [ 102.097978837310833, 2.34481338202611 ], [ 102.097867011930234, 2.343964694874617 ], [ 102.097710885740938, 2.343123017900876 ], [ 102.097510886673973, 2.34229065809786 ], [ 102.097267562912847, 2.341469896924717 ], [ 102.096981581391134, 2.340662984053318 ], [ 102.096653725964259, 2.339872131201695 ], [ 102.096284895261149, 2.339099506071688 ], [ 102.095876100221176, 2.33834722640707 ], [ 102.095428461323081, 2.337617354188579 ], [ 102.094943205513999, 2.336911889981863 ], [ 102.094421662846372, 2.336232767453589 ], [ 102.093865262832395, 2.335581848071028 ], [ 102.093275530525801, 2.33496091599947 ], [ 102.092654082341895, 2.334371673211484 ], [ 102.092002621626918, 2.333815734821516 ], [ 102.091322933989446, 2.333294624658451 ], [ 102.090616882406025, 2.332809771088558 ], [ 102.089886402114956, 2.33236250309997 ], [ 102.089133495311955, 2.331954046659588 ], [ 102.088360225662242, 2.331585521352391 ], [ 102.087568712644185, 2.331257937312407 ], [ 102.086761125739898, 2.330972192453604 ], [ 102.085939678489027, 2.330729070008476 ], [ 102.085106622421335, 2.330529236380987 ], [ 102.084264240885602, 2.330373239319762 ], [ 102.083414842791086, 2.330261506416526 ], [ 102.082560756278909, 2.330194343933974 ], [ 102.081704322340855, 2.330171935966186 ], [ 102.080847888402772, 2.330194343933974 ], [ 102.079993801890609, 2.330261506416526 ], [ 102.079144403796093, 2.330373239319762 ], [ 102.07830202226036, 2.330529236380987 ], [ 102.077468966192683, 2.330729070008476 ], [ 102.076647518941812, 2.330972192453604 ], [ 102.075839932037525, 2.331257937312407 ], [ 102.075048419019453, 2.331585521352391 ], [ 102.07427514936974, 2.331954046659588 ], [ 102.073522242566739, 2.33236250309997 ], [ 102.072791762275685, 2.332809771088558 ], [ 102.072085710692264, 2.333294624658451 ], [ 102.071406023054777, 2.333815734821516 ], [ 102.0707545623398, 2.334371673211484 ], [ 102.070133114155894, 2.33496091599947 ], [ 102.069543381849314, 2.335581848071028 ], [ 102.068986981835323, 2.336232767453589 ], [ 102.068465439167696, 2.336911889981863 ], [ 102.067980183358614, 2.337617354188579 ], [ 102.067532544460519, 2.33834722640707 ], [ 102.067123749420546, 2.339099506071688 ], [ 102.06675491871745, 2.339872131201695 ], [ 102.066427063290575, 2.340662984053318 ], [ 102.066141081768848, 2.341469896924717 ], [ 102.065897758007722, 2.34229065809786 ], [ 102.065697758940757, 2.343123017900876 ], [ 102.065541632751462, 2.343964694874617 ], [ 102.065429807370862, 2.34481338202611 ], [ 102.06536258930457, 2.345666753152035 ], [ 102.065340162792651, 2.346522469214861 ], [ 102.06536258930457, 2.347378184753989 ], [ 102.065429807370862, 2.348231554314572 ], [ 102.065541632751462, 2.34908023887619 ], [ 102.065697758940757, 2.349921912263932 ], [ 102.065897758007722, 2.350754267524098 ], [ 102.066141081768848, 2.35157502324731 ], [ 102.066427063290575, 2.352381929821441 ], [ 102.06675491871745, 2.353172775597411 ], [ 102.067123749420546, 2.35394539295091 ], [ 102.067532544460519, 2.354697664223405 ], [ 102.067980183358614, 2.355427527526051 ], [ 102.068465439167696, 2.356132982390918 ], [ 102.068986981835323, 2.356812095253677 ], [ 102.069543381849314, 2.357463004752957 ], [ 102.070133114155894, 2.358083926831746 ], [ 102.0707545623398, 2.358673159626964 ], [ 102.071406023054777, 2.359229088133664 ], [ 102.072085710692264, 2.359750188631215 ], [ 102.072791762275685, 2.360235032859245 ], [ 102.073522242566739, 2.360682291931988 ], [ 102.07427514936974, 2.361090739980234 ], [ 102.075048419019453, 2.361459257510937 ], [ 102.075839932037525, 2.361786834475269 ], [ 102.076647518941812, 2.362072573036802 ], [ 102.077468966192683, 2.362315690032012 ], [ 102.07830202226036, 2.362515519116651 ], [ 102.079144403796093, 2.362671512591876 ], [ 102.079993801890609, 2.362783242905238 ], [ 102.080847888402772, 2.362850403822436 ], [ 102.081704322340855, 2.362872811266526 ], [ 102.082560756278909, 2.362850403822436 ], [ 102.083414842791086, 2.362783242905238 ], [ 102.084264240885602, 2.362671512591876 ], [ 102.085106622421335, 2.362515519116651 ], [ 102.085939678489027, 2.362315690032012 ], [ 102.086761125739898, 2.362072573036802 ], [ 102.087568712644185, 2.361786834475269 ], [ 102.088360225662242, 2.361459257510937 ], [ 102.089133495311955, 2.361090739980234 ], [ 102.089886402114956, 2.360682291931988 ], [ 102.090616882406025, 2.360235032859245 ], [ 102.091322933989446, 2.359750188631215 ], [ 102.092002621626918, 2.359229088133664 ], [ 102.092654082341895, 2.358673159626964 ], [ 102.093275530525801, 2.358083926831746 ], [ 102.093865262832395, 2.357463004752957 ], [ 102.094421662846372, 2.356812095253677 ], [ 102.094943205513999, 2.356132982390918 ], [ 102.095428461323081, 2.355427527526051 ], [ 102.095876100221176, 2.354697664223405 ], [ 102.096284895261149, 2.35394539295091 ], [ 102.096653725964259, 2.353172775597411 ], [ 102.096981581391134, 2.352381929821441 ], [ 102.097267562912847, 2.35157502324731 ], [ 102.097510886673973, 2.350754267524098 ], [ 102.097710885740938, 2.349921912263932 ], [ 102.097867011930234, 2.34908023887619 ], [ 102.097978837310833, 2.348231554314572 ], [ 102.098046055377125, 2.347378184753989 ], [ 102.098068481889044, 2.346522469214861 ] ] ] } },
{ "type": "Feature", "properties": { "state": "Melaka", "parlimen": "P.134 Masjid Tanah", "code_parlimen": "P.134", "dun": "N.03 Ayer Limau", "code_dun": "N.03" }, "geometry": { "type": "Polygon", "coordinates": [ [ [ 102.110094540403267, 2.412622114915414 ], [ 102.110072113891334, 2.411766439867685 ], [ 102.110004895825057, 2.410913109629788 ], [ 102.109893070444457, 2.410064463127362 ], [ 102.109736944255161, 2.409222826452585 ], [ 102.109536945188182, 2.40839050648842 ], [ 102.109293621427071, 2.407569784585344 ], [ 102.109007639905343, 2.406762910308182 ], [ 102.108679784478468, 2.405972095269945 ], [ 102.108310953775373, 2.405199507069638 ], [ 102.107902158735399, 2.404447263350683 ], [ 102.107454519837304, 2.403717425996312 ], [ 102.106969264028223, 2.403011995477587 ], [ 102.106447721360595, 2.402332905369966 ], [ 102.105891321346604, 2.401682017052939 ], [ 102.10530158904001, 2.401061114607815 ], [ 102.104680140856104, 2.400471899927104 ], [ 102.104028680141141, 2.399915988049322 ], [ 102.103348992503655, 2.399394902731898 ], [ 102.102642940920234, 2.398910072274079 ], [ 102.10191246062918, 2.398462825601734 ], [ 102.101159553826164, 2.398054388624362 ], [ 102.100386284176466, 2.397685880874577 ], [ 102.099594771158394, 2.39735831243917 ], [ 102.098787184254107, 2.397072581190139 ], [ 102.097965737003236, 2.396829470323426 ], [ 102.097132680935559, 2.396629646211889 ], [ 102.096290299399826, 2.396473656578583 ], [ 102.095440901305295, 2.396361928995308 ], [ 102.094586814793132, 2.396294769710447 ], [ 102.093730380855064, 2.396272362809506 ], [ 102.092873946916995, 2.396294769710447 ], [ 102.092019860404832, 2.396361928995308 ], [ 102.091170462310316, 2.396473656578583 ], [ 102.090328080774583, 2.396629646211889 ], [ 102.089495024706892, 2.396829470323426 ], [ 102.088673577456021, 2.397072581190139 ], [ 102.087865990551734, 2.39735831243917 ], [ 102.087074477533676, 2.397685880874577 ], [ 102.086301207883963, 2.398054388624362 ], [ 102.085548301080962, 2.398462825601734 ], [ 102.084817820789894, 2.398910072274079 ], [ 102.084111769206473, 2.399394902731898 ], [ 102.083432081569001, 2.399915988049322 ], [ 102.082780620854024, 2.400471899927104 ], [ 102.082159172670117, 2.401061114607815 ], [ 102.081569440363523, 2.401682017052939 ], [ 102.081013040349546, 2.402332905369966 ], [ 102.080491497681919, 2.403011995477587 ], [ 102.080006241872837, 2.403717425996312 ], [ 102.079558602974743, 2.404447263350683 ], [ 102.079149807934755, 2.405199507069638 ], [ 102.078780977231659, 2.405972095269945 ], [ 102.078453121804785, 2.406762910308182 ], [ 102.078167140283057, 2.407569784585344 ], [ 102.077923816521945, 2.40839050648842 ], [ 102.077723817454967, 2.409222826452585 ], [ 102.077567691265685, 2.410064463127362 ], [ 102.077455865885085, 2.410913109629788 ], [ 102.077388647818793, 2.411766439867685 ], [ 102.077366221306875, 2.412622114915414 ], [ 102.077388647818793, 2.413477789424713 ], [ 102.077455865885085, 2.414331118053262 ], [ 102.077567691265685, 2.415179761893043 ], [ 102.077723817454967, 2.416021394881022 ], [ 102.077923816521945, 2.416853710174682 ], [ 102.078167140283057, 2.417674426474677 ], [ 102.078453121804785, 2.418481294277579 ], [ 102.078780977231659, 2.419272102041328 ], [ 102.079149807934755, 2.420044682246597 ], [ 102.079558602974743, 2.420796917337547 ], [ 102.080006241872837, 2.421526745525521 ], [ 102.080491497681919, 2.42223216643985 ], [ 102.081013040349546, 2.422911246610323 ], [ 102.081569440363523, 2.423562124766306 ], [ 102.082159172670117, 2.42418301693783 ], [ 102.082780620854024, 2.424772221344956 ], [ 102.083432081569001, 2.425328123061692 ], [ 102.084111769206473, 2.425849198441982 ], [ 102.084817820789894, 2.426334019295392 ], [ 102.085548301080962, 2.426781256801339 ], [ 102.086301207883963, 2.427189685150732 ], [ 102.087074477533676, 2.427558184905467 ], [ 102.087865990551734, 2.427885746066386 ], [ 102.088673577456021, 2.428171470841156 ], [ 102.089495024706892, 2.428414576104775 ], [ 102.090328080774583, 2.428614395545807 ], [ 102.091170462310316, 2.428770381492329 ], [ 102.092019860404832, 2.428882106412959 ], [ 102.092873946916995, 2.428949264088471 ], [ 102.093730380855064, 2.428971670450995 ], [ 102.094586814793132, 2.428949264088471 ], [ 102.095440901305295, 2.428882106412959 ], [ 102.096290299399826, 2.428770381492329 ], [ 102.097132680935559, 2.428614395545807 ], [ 102.097965737003236, 2.428414576104775 ], [ 102.098787184254107, 2.428171470841156 ], [ 102.099594771158394, 2.427885746066386 ], [ 102.100386284176466, 2.427558184905467 ], [ 102.101159553826164, 2.427189685150732 ], [ 102.10191246062918, 2.426781256801339 ], [ 102.102642940920234, 2.426334019295392 ], [ 102.103348992503655, 2.425849198441982 ], [ 102.104028680141141, 2.425328123061692 ], [ 102.104680140856104, 2.424772221344956 ], [ 102.10530158904001, 2.424183016937843 ], [ 102.105891321346604, 2.423562124766306 ], [ 102.106447721360595, 2.422911246610323 ], [ 102.106969264028223, 2.42223216643985 ], [ 102.107454519837304, 2.421526745525521 ], [ 102.107902158735399, 2.420796917337547 ], [ 102.108310953775373, 2.420044682246597 ], [ 102.108679784478468, 2.419272102041328 ], [ 102.109007639905343, 2.418481294277579 ], [ 102.109293621427071, 2.417674426474677 ], [ 102.109536945188182, 2.416853710174682 ], [ 102.109736944255161, 2.416021394881022 ], [ 102.109893070444457, 2.415179761893043 ], [ 102.110004895825057, 2.414331118053262 ], [ 102.110072113891334, 2.413477789424713 ], [ 102.110094540403267, 2.412622114915414 ] ] ] } },
{ "type": "Feature", "properties": { "state": "Melaka", "parlimen": "P.134 Masjid Tanah", "code_parlimen": "P.134", "dun": "N.04 Lendu", "code_dun": "N.04" }, "geometry": { "type": "Polygon", "coordinates": [ [ [ 102.155785719524829, 2.331006380975482 ], [ 102.15576329301291, 2.330150655449907 ], [ 102.155696074946633, 2.329297274890597 ], [ 102.155584249566033, 2.328448578360934 ], [ 102.155428123376723, 2.327606892089834 ], [ 102.155228124309758, 2.326774523095663 ], [ 102.154984800548633, 2.325953752862671 ], [ 102.154698819026905, 2.325146831087386 ], [ 102.154370963600044, 2.324355969512061 ], [ 102.154002132896935, 2.32358333586229 ], [ 102.153593337856975, 2.322831047904949 ], [ 102.15314569895888, 2.322101167643318 ], [ 102.152660443149799, 2.321395695664815 ], [ 102.152138900482171, 2.320716565657174 ], [ 102.151582500468166, 2.320065639107908 ], [ 102.150992768161586, 2.319444700201668 ], [ 102.15037131997768, 2.318855450929511 ], [ 102.149719859262717, 2.318299506423336 ], [ 102.149040171625231, 2.317778390528568 ], [ 102.148334120041795, 2.317293531626921 ], [ 102.147603639750741, 2.316846258720877 ], [ 102.14685073294774, 2.31643779779057 ], [ 102.146077463298028, 2.316069268433076 ], [ 102.145285950279956, 2.315741680793289 ], [ 102.144478363375683, 2.315455932794872 ], [ 102.143656916124812, 2.31521280767874 ], [ 102.142823860057121, 2.315012971856031 ], [ 102.141981478521387, 2.314856973081277 ], [ 102.141132080426871, 2.314745238950804 ], [ 102.140277993914708, 2.314678075730592 ], [ 102.13942155997664, 2.314655667516693 ], [ 102.138565126038571, 2.314678075730592 ], [ 102.137711039526394, 2.314745238950804 ], [ 102.136861641431892, 2.314856973081277 ], [ 102.136019259896159, 2.315012971856031 ], [ 102.135186203828454, 2.31521280767874 ], [ 102.134364756577583, 2.315455932794872 ], [ 102.13355716967331, 2.315741680793289 ], [ 102.132765656655252, 2.316069268433076 ], [ 102.131992387005539, 2.31643779779057 ], [ 102.131239480202538, 2.316846258720877 ], [ 102.13050899991147, 2.317293531626921 ], [ 102.129802948328035, 2.317778390528568 ], [ 102.129123260690562, 2.318299506423336 ], [ 102.1284717999756, 2.318855450929511 ], [ 102.127850351791679, 2.319444700201668 ], [ 102.127260619485099, 2.320065639107908 ], [ 102.126704219471108, 2.320716565657174 ], [ 102.126182676803481, 2.321395695664815 ], [ 102.125697420994399, 2.322101167643318 ], [ 102.125249782096304, 2.322831047904949 ], [ 102.124840987056331, 2.32358333586229 ], [ 102.124472156353235, 2.324355969512061 ], [ 102.124144300926361, 2.325146831087386 ], [ 102.123858319404633, 2.325953752862671 ], [ 102.123614995643507, 2.326774523095663 ], [ 102.123414996576543, 2.327606892089834 ], [ 102.123258870387247, 2.328448578360934 ], [ 102.123147045006647, 2.329297274890597 ], [ 102.123079826940355, 2.330150655449907 ], [ 102.123057400428451, 2.331006380975482 ], [ 102.123079826940355, 2.331862105980818 ], [ 102.123147045006647, 2.332715484985092 ], [ 102.123258870387247, 2.333564178941992 ], [ 102.123414996576543, 2.334405861650743 ], [ 102.123614995643507, 2.335238226132038 ], [ 102.123858319404633, 2.336058990951064 ], [ 102.124144300926361, 2.336865906470631 ], [ 102.124472156353235, 2.337656761016981 ], [ 102.124840987056331, 2.338429386941566 ], [ 102.125249782096304, 2.339181666562127 ], [ 102.125697420994399, 2.339911537966753 ], [ 102.126182676803481, 2.340617000665045 ], [ 102.126704219471108, 2.341296121070935 ], [ 102.127260619485099, 2.341947037802123 ], [ 102.127850351791679, 2.34256796678152 ], [ 102.1284717999756, 2.343157206126848 ], [ 102.129123260690562, 2.343713140814943 ], [ 102.129802948328035, 2.34423424710796 ], [ 102.13050899991147, 2.344719096729398 ], [ 102.131239480202538, 2.345166360778436 ], [ 102.131992387005539, 2.345574813371963 ], [ 102.132765656655252, 2.34594333500427 ], [ 102.13355716967331, 2.346270915615095 ], [ 102.134364756577583, 2.346556657357781 ], [ 102.135186203828454, 2.346799777059961 ], [ 102.136019259896159, 2.34699960836978 ], [ 102.136861641431892, 2.347155603582186 ], [ 102.137711039526394, 2.347267335139883 ], [ 102.138565126038571, 2.34733449680507 ], [ 102.13942155997664, 2.347356904498732 ], [ 102.140277993914708, 2.34733449680507 ], [ 102.141132080426871, 2.347267335139883 ], [ 102.141981478521387, 2.347155603582186 ], [ 102.142823860057121, 2.34699960836978 ], [ 102.143656916124812, 2.346799777059961 ], [ 102.144478363375683, 2.346556657357781 ], [ 102.145285950279956, 2.346270915615095 ], [ 102.146077463298028, 2.34594333500427 ], [ 102.14685073294774, 2.345574813371963 ], [ 102.147603639750741, 2.345166360778436 ], [ 102.148334120041795, 2.344719096729398 ], [ 102.149040171625231, 2.34423424710796 ], [ 102.149719859262717, 2.343713140814943 ], [ 102.15037131997768, 2.343157206126848 ], [ 102.150992768161586, 2.34256796678152 ], [ 102.151582500468166, 2.341947037802123 ], [ 102.152138900482171, 2.341296121070935 ], [ 102.152660443149799, 2.340617000665045 ], [ 102.15314569895888, 2.339911537966753 ], [ 102.153593337856975, 2.339181666562127 ], [ 102.154002132896935, 2.338429386941566 ], [ 102.154370963600044, 2.337656761016981 ], [ 102.154698819026905, 2.336865906470631 ], [ 102.154984800548633, 2.336058990951064 ], [ 102.155228124309758, 2.335238226132038 ], [ 102.155428123376723, 2.334405861650743 ], [ 102.155584249566033, 2.333564178941992 ], [ 102.155696074946633, 2.332715484985092 ], [ 102.15576329301291, 2.331862105980818 ], [ 102.155785719524829, 2.331006380975482 ] ] ] } },
{ "type": "Feature", "properties": { "state": "Melaka", "parlimen": "P.134 Masjid Tanah", "code_parlimen": "P.134", "dun": "N.05 Taboh Naning", "code_dun": "N.05" }, "geometry": { "type": "Polygon", "coordinates": [ [ [ 102.178860905208609, 2.430648464352136 ], [ 102.178838478696704, 2.429792800687485 ], [ 102.178771260630413, 2.428939481797451 ], [ 102.178659435249813, 2.428090846576643 ], [ 102.178503309060517, 2.427249221086401 ], [ 102.178303309993552, 2.426416912179129 ], [ 102.178059986232427, 2.425596201175139 ], [ 102.177774004710699, 2.424789337609576 ], [ 102.177446149283824, 2.423998533066253 ], [ 102.177077318580729, 2.423225955115666 ], [ 102.176668523540755, 2.422473721373398 ], [ 102.17622088464266, 2.421743893695547 ], [ 102.175735628833564, 2.421038472526991 ], [ 102.175214086165951, 2.420359391417808 ], [ 102.17465768615196, 2.419708511723163 ], [ 102.17406795384538, 2.41908761750102 ], [ 102.17344650566146, 2.418498410621662 ], [ 102.172795044946497, 2.417942506102577 ], [ 102.172115357309025, 2.41742142768127 ], [ 102.171409305725589, 2.416936603638451 ], [ 102.170678825434521, 2.416489362882663 ], [ 102.16992591863152, 2.416080931307489 ], [ 102.169152648981807, 2.415712428430976 ], [ 102.16836113596375, 2.415384864326823 ], [ 102.167553549059477, 2.415099136855387 ], [ 102.166732101808591, 2.414856029202447 ], [ 102.1658990457409, 2.414656207732195 ], [ 102.165056664205167, 2.414500220160638 ], [ 102.164207266110651, 2.41438849405398 ], [ 102.163353179598488, 2.414321335656698 ], [ 102.16249674566042, 2.41429892905188 ], [ 102.161640311722351, 2.414321335656698 ], [ 102.160786225210188, 2.41438849405398 ], [ 102.159936827115672, 2.414500220160638 ], [ 102.159094445579939, 2.414656207732195 ], [ 102.158261389512234, 2.414856029202447 ], [ 102.157439942261377, 2.415099136855387 ], [ 102.156632355357104, 2.415384864326823 ], [ 102.155840842339032, 2.415712428430976 ], [ 102.155067572689319, 2.416080931307489 ], [ 102.154314665886318, 2.416489362882663 ], [ 102.15358418559525, 2.416936603638451 ], [ 102.152878134011829, 2.41742142768127 ], [ 102.152198446374342, 2.417942506102577 ], [ 102.15154698565938, 2.418498410621662 ], [ 102.150925537475473, 2.41908761750102 ], [ 102.150335805168893, 2.419708511723163 ], [ 102.149779405154888, 2.420359391417808 ], [ 102.149257862487261, 2.421038472526991 ], [ 102.148772606678179, 2.421743893695547 ], [ 102.148324967780084, 2.422473721373398 ], [ 102.147916172740125, 2.423225955115666 ], [ 102.147547342037015, 2.423998533066253 ], [ 102.147219486610155, 2.424789337609576 ], [ 102.146933505088427, 2.425596201175139 ], [ 102.146690181327301, 2.426416912179129 ], [ 102.146490182260337, 2.427249221086401 ], [ 102.146334056071026, 2.428090846576643 ], [ 102.146222230690427, 2.428939481797451 ], [ 102.146155012624149, 2.429792800687485 ], [ 102.14613258611223, 2.430648464352136 ], [ 102.146155012624149, 2.431504127474362 ], [ 102.146222230690427, 2.432357444743051 ], [ 102.146334056071026, 2.433206077281366 ], [ 102.146490182260337, 2.434047699057344 ], [ 102.146690181327301, 2.43488000325929 ], [ 102.146933505088427, 2.435700708618431 ], [ 102.147219486610155, 2.436507565661478 ], [ 102.147547342037015, 2.437298362876077 ], [ 102.147916172740125, 2.438070932772025 ], [ 102.148324967780084, 2.438823157822002 ], [ 102.148772606678179, 2.439552976265113 ], [ 102.149257862487261, 2.440258387757696 ], [ 102.149779405154888, 2.440937458855663 ], [ 102.150335805168893, 2.441588328313528 ], [ 102.150925537475473, 2.442209212185497 ], [ 102.15154698565938, 2.442798408714669 ], [ 102.152198446374342, 2.443354302996986 ], [ 102.152878134011829, 2.443875371407064 ], [ 102.15358418559525, 2.444360185773911 ], [ 102.154314665886318, 2.444807417294971 ], [ 102.155067572689319, 2.445215840177855 ], [ 102.155840842339032, 2.445584334999715 ], [ 102.156632355357104, 2.445911891775145 ], [ 102.157439942261377, 2.446197612724077 ], [ 102.158261389512234, 2.446440714732169 ], [ 102.159094445579939, 2.446640531497096 ], [ 102.159936827115672, 2.4467965153544 ], [ 102.160786225210188, 2.446908238778553 ], [ 102.161640311722351, 2.44697539555449 ], [ 102.16249674566042, 2.446997801616871 ], [ 102.163353179598488, 2.44697539555449 ], [ 102.164207266110651, 2.446908238778553 ], [ 102.165056664205167, 2.4467965153544 ], [ 102.1658990457409, 2.446640531497096 ], [ 102.166732101808591, 2.446440714732169 ], [ 102.167553549059477, 2.446197612724077 ], [ 102.16836113596375, 2.445911891775145 ], [ 102.169152648981807, 2.445584334999715 ], [ 102.16992591863152, 2.445215840177855 ], [ 102.170678825434521, 2.444807417294971 ], [ 102.171409305725589, 2.444360185773911 ], [ 102.172115357309025, 2.443875371407064 ], [ 102.172795044946497, 2.443354302996986 ], [ 102.17344650566146, 2.442798408714669 ], [ 102.17406795384538, 2.442209212185497 ], [ 102.17465768615196, 2.441588328313528 ], [ 102.175214086165951, 2.440937458855663 ], [ 102.175735628833564, 2.440258387757696 ], [ 102.17622088464266, 2.439552976265113 ], [ 102.176668523540755, 2.438823157822002 ], [ 102.177077318580729, 2.438070932772025 ], [ 102.177446149283824, 2.437298362876077 ], [ 102.177774004710699, 2.436507565661478 ], [ 102.178059986232427, 2.435700708618431 ], [ 102.178303309993552, 2.43488000325929 ], [ 102.178503309060517, 2.434047699057344 ], [ 102.178659435249813, 2.433206077281366 ], [ 102.178771260630413, 2.432357444743051 ], [ 102.178838478696704, 2.431504127474362 ], [ 102.178860905208609, 2.430648464352136 ] ] ] } },
{ "type": "Feature", "properties": { "state": "Melaka", "parlimen": "P.135 Alor Gajah", "code_parlimen": "P.135", "dun": "N.06 Rembia", "code_dun": "N.06" }, "geometry": { "type": "Polygon", "coordinates": [ [ [ 102.224129154309139, 2.350453325852958 ], [ 102.224106727797221, 2.349597612197405 ], [ 102.224039509730929, 2.348744243471259 ], [ 102.223927684350329, 2.347895558705526 ], [ 102.223771558161033, 2.347053884096986 ], [ 102.223571559094069, 2.346221526632148 ], [ 102.223328235332957, 2.3454007677638 ], [ 102.223042253811229, 2.344593857157502 ], [ 102.22271439838434, 2.343803006525169 ], [ 102.222345567681245, 2.343030383562557 ], [ 102.221936772641271, 2.342278106007576 ], [ 102.221489133743177, 2.34154823583525 ], [ 102.221003877934095, 2.340842773605644 ], [ 102.220482335266468, 2.340163652980105 ], [ 102.21992593525249, 2.339512735420739 ], [ 102.219336202945897, 2.338891805087927 ], [ 102.218714754761976, 2.338302563949505 ], [ 102.218063294047013, 2.337746627115489 ], [ 102.217383606409541, 2.337225518410555 ], [ 102.21667755482612, 2.336740666197067 ], [ 102.215947074535052, 2.336293399459481 ], [ 102.215194167732037, 2.335884944161325 ], [ 102.214420898082338, 2.335516419884539 ], [ 102.21362938506428, 2.335188836760338 ], [ 102.212821798159993, 2.334903092700249 ], [ 102.212000350909122, 2.334659970934627 ], [ 102.211167294841431, 2.334460137865605 ], [ 102.210324913305698, 2.334304141240295 ], [ 102.209475515211182, 2.334192408649274 ], [ 102.208621428699004, 2.334125246354374 ], [ 102.20776499476095, 2.334102838449206 ], [ 102.206908560822868, 2.334125246354374 ], [ 102.206054474310704, 2.334192408649274 ], [ 102.205205076216188, 2.334304141240295 ], [ 102.204362694680455, 2.334460137865605 ], [ 102.203529638612764, 2.334659970934627 ], [ 102.202708191361907, 2.334903092700249 ], [ 102.20190060445762, 2.335188836760338 ], [ 102.201109091439548, 2.335516419884539 ], [ 102.200335821789835, 2.335884944161325 ], [ 102.199582914986834, 2.336293399459481 ], [ 102.19885243469578, 2.336740666197067 ], [ 102.198146383112359, 2.337225518410555 ], [ 102.197466695474873, 2.337746627115489 ], [ 102.196815234759896, 2.338302563949505 ], [ 102.196193786575989, 2.338891805087927 ], [ 102.19560405426941, 2.339512735420739 ], [ 102.195047654255418, 2.340163652980105 ], [ 102.194526111587791, 2.340842773605644 ], [ 102.194040855778709, 2.34154823583525 ], [ 102.193593216880615, 2.342278106007576 ], [ 102.193184421840641, 2.343030383562557 ], [ 102.192815591137546, 2.343803006525169 ], [ 102.192487735710671, 2.344593857157502 ], [ 102.192201754188943, 2.3454007677638 ], [ 102.191958430427817, 2.346221526632148 ], [ 102.191758431360853, 2.347053884096986 ], [ 102.191602305171557, 2.347895558705526 ], [ 102.191490479790957, 2.348744243471259 ], [ 102.191423261724665, 2.349597612197405 ], [ 102.191400835212747, 2.350453325852958 ], [ 102.191423261724665, 2.351309038983949 ], [ 102.191490479790957, 2.352162406142119 ], [ 102.191602305171557, 2.353011088313651 ], [ 102.191758431360853, 2.353852759330201 ], [ 102.191958430427817, 2.354685112244594 ], [ 102.192201754188943, 2.355505865653914 ], [ 102.192487735710671, 2.356312769952395 ], [ 102.192815591137546, 2.35710361349727 ], [ 102.193184421840641, 2.357876228670385 ], [ 102.193593216880615, 2.358628497819198 ], [ 102.194040855778709, 2.359358359060794 ], [ 102.194526111587791, 2.360063811932916 ], [ 102.195047654255418, 2.360742922876796 ], [ 102.19560405426941, 2.361393830536341 ], [ 102.196193786575989, 2.362014750859706 ], [ 102.196815234759896, 2.362603981988643 ], [ 102.197466695474873, 2.363159908922877 ], [ 102.198146383112359, 2.363681007946126 ], [ 102.19885243469578, 2.364165850802155 ], [ 102.199582914986834, 2.364613108608998 ], [ 102.200335821789835, 2.365021555500986 ], [ 102.201109091439548, 2.365390071988288 ], [ 102.20190060445762, 2.365717648025005 ], [ 102.202708191361907, 2.366003385777278 ], [ 102.203529638612764, 2.366246502083885 ], [ 102.204362694680455, 2.366446330602475 ], [ 102.205205076216188, 2.366602323635781 ], [ 102.206054474310704, 2.366714053632601 ], [ 102.206908560822868, 2.366781214359525 ], [ 102.20776499476095, 2.366803621740132 ], [ 102.208621428699004, 2.366781214359525 ], [ 102.209475515211182, 2.366714053632601 ], [ 102.210324913305698, 2.366602323635781 ], [ 102.211167294841431, 2.366446330602475 ], [ 102.212000350909122, 2.366246502083885 ], [ 102.212821798159993, 2.366003385777278 ], [ 102.21362938506428, 2.365717648025005 ], [ 102.214420898082338, 2.365390071988288 ], [ 102.215194167732037, 2.365021555500986 ], [ 102.215947074535052, 2.364613108608998 ], [ 102.21667755482612, 2.364165850802155 ], [ 102.217383606409541, 2.363681007946126 ], [ 102.218063294047013, 2.363159908922877 ], [ 102.218714754761976, 2.362603981988643 ], [ 102.219336202945897, 2.362014750859706 ], [ 102.21992593525249, 2.361393830536341 ], [ 102.220482335266468, 2.360742922876796 ], [ 102.221003877934095, 2.360063811932916 ], [ 102.221489133743177, 2.359358359060794 ], [ 102.221936772641271, 2.358628497819198 ], [ 102.222345567681245, 2.357876228670385 ], [ 102.22271439838434, 2.35710361349727 ], [ 102.223042253811229, 2.356312769952395 ], [ 102.223328235332957, 2.355505865653914 ], [ 102.223571559094069, 2.354685112244594 ], [ 102.223771558161033, 2.353852759330201 ], [ 102.223927684350329, 2.353011088313651 ], [ 102.224039509730929, 2.352162406142119 ], [ 102.224106727797221, 2.351309038983949 ], [ 102.224129154309139, 2.350453325852958 ] ] ] } },
{ "type": "Feature", "properties": { "state": "Melaka", "parlimen": "P.135 Alor Gajah", "code_parlimen": "P.135", "dun": "N.07 Gadek", "code_dun": "N.07" }, "geometry": { "type": "Polygon", "coordinates": [ [ [ 102.248568277768001, 2.427760747408645 ], [ 102.248545851256083, 2.426905081914794 ], [ 102.248478633189805, 2.426051761201208 ], [ 102.248366807809205, 2.425203124167497 ], [ 102.248210681619895, 2.424361496879961 ], [ 102.24801068255293, 2.423529186195892 ], [ 102.247767358791805, 2.422708473440472 ], [ 102.247481377270077, 2.421901608153593 ], [ 102.247153521843217, 2.421110801923788 ], [ 102.246784691140107, 2.420338222326106 ], [ 102.246375896100147, 2.419585986980622 ], [ 102.245928257202053, 2.418856157747798 ], [ 102.245443001392971, 2.418150735076697 ], [ 102.244921458725344, 2.417471652521481 ], [ 102.244365058711338, 2.416820771441259 ], [ 102.243775326404759, 2.41619987589771 ], [ 102.243153878220852, 2.415610667764692 ], [ 102.242502417505889, 2.415054762063077 ], [ 102.241822729868403, 2.414533682533601 ], [ 102.241116678284996, 2.414048857459901 ], [ 102.240386197993914, 2.413601615753343 ], [ 102.239633291190913, 2.41319318331003 ], [ 102.238860021541214, 2.412824679650413 ], [ 102.238068508523142, 2.412497114850227 ], [ 102.237260921618869, 2.412211386771751 ], [ 102.236439474367998, 2.411968278602352 ], [ 102.235606418300293, 2.411768456707662 ], [ 102.23476403676456, 2.411612468804768 ], [ 102.233914638670043, 2.411500742460828 ], [ 102.23306055215788, 2.411433583920917 ], [ 102.232204118219812, 2.411411177268505 ], [ 102.231347684281744, 2.411433583920917 ], [ 102.230493597769581, 2.411500742460828 ], [ 102.229644199675064, 2.411612468804768 ], [ 102.228801818139331, 2.411768456707662 ], [ 102.22796876207164, 2.411968278602352 ], [ 102.227147314820755, 2.412211386771751 ], [ 102.226339727916482, 2.412497114850227 ], [ 102.225548214898424, 2.412824679650413 ], [ 102.224774945248711, 2.41319318331003 ], [ 102.22402203844571, 2.413601615753343 ], [ 102.223291558154642, 2.414048857459901 ], [ 102.222585506571221, 2.414533682533601 ], [ 102.221905818933735, 2.415054762063077 ], [ 102.221254358218772, 2.415610667764692 ], [ 102.220632910034851, 2.41619987589771 ], [ 102.220043177728272, 2.416820771441259 ], [ 102.21948677771428, 2.417471652521481 ], [ 102.218965235046667, 2.418150735076697 ], [ 102.218479979237571, 2.418856157747798 ], [ 102.218032340339491, 2.419585986980622 ], [ 102.217623545299503, 2.420338222326106 ], [ 102.217254714596407, 2.421110801923788 ], [ 102.216926859169547, 2.421901608153593 ], [ 102.216640877647805, 2.422708473440472 ], [ 102.216397553886679, 2.423529186195892 ], [ 102.216197554819715, 2.424361496879961 ], [ 102.216041428630419, 2.425203124167497 ], [ 102.215929603249833, 2.426051761201208 ], [ 102.215862385183527, 2.426905081914794 ], [ 102.215839958671623, 2.427760747408645 ], [ 102.215862385183527, 2.428616412360708 ], [ 102.215929603249833, 2.429469731454858 ], [ 102.216041428630419, 2.430318365809257 ], [ 102.216197554819715, 2.431159989386943 ], [ 102.216397553886679, 2.431992295371246 ], [ 102.216640877647805, 2.432813002488522 ], [ 102.216926859169547, 2.433619861260607 ], [ 102.217254714596407, 2.434410660170379 ], [ 102.217623545299503, 2.435183231722975 ], [ 102.218032340339491, 2.43593545838646 ], [ 102.218479979237571, 2.436665278395511 ], [ 102.218965235046667, 2.437370691402089 ], [ 102.21948677771428, 2.438049763957946 ], [ 102.220043177728272, 2.438700634813525 ], [ 102.220632910034851, 2.439321520019177 ], [ 102.221254358218772, 2.439910717814273 ], [ 102.221905818933735, 2.440466613291244 ], [ 102.222585506571221, 2.440987682821374 ], [ 102.223291558154642, 2.441472498230565 ], [ 102.22402203844571, 2.441919730713348 ], [ 102.224774945248711, 2.442328154474651 ], [ 102.225548214898424, 2.442696650089181 ], [ 102.226339727916482, 2.44302420756932 ], [ 102.227147314820755, 2.443309929133028 ], [ 102.22796876207164, 2.443553031664271 ], [ 102.228801818139331, 2.443752848859208 ], [ 102.229644199675064, 2.443908833052239 ], [ 102.230493597769581, 2.444020556716855 ], [ 102.231347684281744, 2.444087713637355 ], [ 102.232204118219812, 2.444110119747966 ], [ 102.23306055215788, 2.444087713637355 ], [ 102.233914638670043, 2.444020556716855 ], [ 102.23476403676456, 2.443908833052239 ], [ 102.235606418300293, 2.443752848859208 ], [ 102.236439474367998, 2.443553031664271 ], [ 102.237260921618869, 2.443309929133028 ], [ 102.238068508523142, 2.44302420756932 ], [ 102.238860021541214, 2.442696650089181 ], [ 102.239633291190913, 2.442328154474651 ], [ 102.240386197993914, 2.441919730713348 ], [ 102.241116678284996, 2.441472498230565 ], [ 102.241822729868403, 2.440987682821374 ], [ 102.242502417505889, 2.440466613291244 ], [ 102.243153878220852, 2.439910717814273 ], [ 102.243775326404759, 2.439321520019177 ], [ 102.244365058711338, 2.438700634813525 ], [ 102.244921458725344, 2.438049763957946 ], [ 102.245443001392971, 2.437370691402089 ], [ 102.245928257202053, 2.436665278395511 ], [ 102.246375896100147, 2.43593545838646 ], [ 102.246784691140107, 2.435183231722975 ], [ 102.247153521843217, 2.434410660170379 ], [ 102.247481377270077, 2.433619861260607 ], [ 102.247767358791805, 2.432813002488522 ], [ 102.24801068255293, 2.431992295371246 ], [ 102.248210681619895, 2.431159989386943 ], [ 102.248366807809205, 2.430318365809257 ], [ 102.248478633189805, 2.429469731454858 ], [ 102.248545851256083, 2.428616412360708 ], [ 102.248568277768001, 2.427760747408645 ] ] ] } },
{ "type": "Feature", "properties": { "state": "Melaka", "parlimen": "P.135 Alor Gajah", "code_parlimen": "P.135", "dun": "N.08 Machap", "code_dun": "N.08" }, "geometry": { "type": "Polygon", "coordinates": [ [ [ 102.323462333223233, 2.403774138932661 ], [ 102.323439906711329, 2.40291845832872 ], [ 102.323372688645037, 2.402065122551785 ], [ 102.323260863264437, 2.401216470542661 ], [ 102.323104737075141, 2.400374828408614 ], [ 102.322904738008177, 2.399542503047481 ], [ 102.322661414247051, 2.398721775824456 ], [ 102.322375432725323, 2.397914896318895 ], [ 102.322047577298463, 2.397124076158005 ], [ 102.321678746595353, 2.396351482954737 ], [ 102.321269951555379, 2.395599234366137 ], [ 102.320822312657299, 2.394869392288591 ], [ 102.320337056848203, 2.394163957206037 ], [ 102.319815514180576, 2.393484862706236 ], [ 102.319259114166584, 2.392833970180634 ], [ 102.318669381860005, 2.392213063721867 ], [ 102.318047933676098, 2.391623845233294 ], [ 102.317396472961121, 2.39106792976375 ], [ 102.316716785323649, 2.39054684108032 ], [ 102.316010733740214, 2.390062007491359 ], [ 102.315280253449146, 2.38961475793116 ], [ 102.314527346646159, 2.389206318316993 ], [ 102.313754076996446, 2.388837808188561 ], [ 102.312962563978374, 2.388510237639077 ], [ 102.312154977074101, 2.388224504546228 ], [ 102.31133352982323, 2.38798139211089 ], [ 102.310500473755525, 2.387781566710148 ], [ 102.309658092219792, 2.387625576070526 ], [ 102.30880869412529, 2.387513847766499 ], [ 102.307954607613112, 2.387446688048422 ], [ 102.307098173675058, 2.387424281002944 ], [ 102.306241739736976, 2.387446688048422 ], [ 102.305387653224813, 2.387513847766499 ], [ 102.304538255130296, 2.387625576070526 ], [ 102.303695873594577, 2.387781566710148 ], [ 102.302862817526872, 2.38798139211089 ], [ 102.302041370276001, 2.388224504546228 ], [ 102.301233783371728, 2.388510237639077 ], [ 102.300442270353656, 2.388837808188561 ], [ 102.299669000703943, 2.389206318316993 ], [ 102.298916093900957, 2.38961475793116 ], [ 102.298185613609888, 2.390062007491359 ], [ 102.297479562026453, 2.39054684108032 ], [ 102.296799874388967, 2.39106792976375 ], [ 102.296148413674004, 2.391623845233294 ], [ 102.295526965490097, 2.392213063721867 ], [ 102.294937233183518, 2.392833970180634 ], [ 102.294380833169527, 2.393484862706236 ], [ 102.293859290501899, 2.394163957206037 ], [ 102.293374034692803, 2.394869392288591 ], [ 102.292926395794723, 2.395599234366137 ], [ 102.292517600754749, 2.396351482954737 ], [ 102.292148770051639, 2.397124076158005 ], [ 102.291820914624779, 2.397914896318895 ], [ 102.291534933103051, 2.398721775824456 ], [ 102.291291609341926, 2.399542503047481 ], [ 102.291091610274961, 2.400374828408614 ], [ 102.290935484085665, 2.401216470542661 ], [ 102.290823658705065, 2.402065122551785 ], [ 102.290756440638773, 2.40291845832872 ], [ 102.290734014126855, 2.403774138932661 ], [ 102.290756440638773, 2.404629819000158 ], [ 102.290823658705065, 2.405483153173635 ], [ 102.290935484085665, 2.406331802529846 ], [ 102.291091610274961, 2.407173440990593 ], [ 102.291291609341926, 2.408005761698308 ], [ 102.291534933103051, 2.408826483338747 ], [ 102.291820914624779, 2.409633356393749 ], [ 102.292148770051639, 2.410424169306753 ], [ 102.292517600754749, 2.411196754544232 ], [ 102.292926395794723, 2.411948994536417 ], [ 102.293374034692803, 2.412678827481076 ], [ 102.293859290501899, 2.413384252994397 ], [ 102.294380833169527, 2.414063337593386 ], [ 102.294937233183518, 2.414714219995142 ], [ 102.295526965490097, 2.415335116217904 ], [ 102.296148413674004, 2.415924324470474 ], [ 102.296799874388967, 2.416480229816146 ], [ 102.297479562026453, 2.417001308598777 ], [ 102.298185613609888, 2.417486132618492 ], [ 102.298916093900957, 2.417933373045831 ], [ 102.299669000703943, 2.418341804063581 ], [ 102.300442270353656, 2.418710306226212 ], [ 102.301233783371728, 2.41903786952781 ], [ 102.302041370276001, 2.4193235961701 ], [ 102.302862817526872, 2.419566703022851 ], [ 102.303695873594577, 2.419766523770163 ], [ 102.304538255130296, 2.419922510736498 ], [ 102.305387653224813, 2.420034236387612 ], [ 102.306241739736976, 2.420101394502232 ], [ 102.307098173675058, 2.420123801011264 ], [ 102.307954607613112, 2.420101394502232 ], [ 102.30880869412529, 2.420034236387612 ], [ 102.309658092219792, 2.419922510736498 ], [ 102.310500473755525, 2.419766523770163 ], [ 102.31133352982323, 2.419566703022851 ], [ 102.312154977074101, 2.4193235961701 ], [ 102.312962563978374, 2.41903786952781 ], [ 102.313754076996446, 2.418710306226212 ], [ 102.314527346646159, 2.418341804063581 ], [ 102.315280253449146, 2.417933373045831 ], [ 102.316010733740214, 2.417486132618492 ], [ 102.316716785323649, 2.417001308598777 ], [ 102.317396472961121, 2.416480229816146 ], [ 102.318047933676098, 2.415924324470474 ], [ 102.318669381860005, 2.415335116217904 ], [ 102.319259114166584, 2.414714219995142 ], [ 102.319815514180576, 2.414063337593386 ], [ 102.320337056848203, 2.413384252994397 ], [ 102.320822312657299, 2.412678827481089 ], [ 102.321269951555379, 2.411948994536417 ], [ 102.321678746595353, 2.411196754544232 ], [ 102.322047577298463, 2.410424169306753 ], [ 102.322375432725323, 2.409633356393749 ], [ 102.322661414247051, 2.408826483338747 ], [ 102.322904738008177, 2.408005761698308 ], [ 102.323104737075141, 2.407173440990593 ], [ 102.323260863264437, 2.406331802529846 ], [ 102.323372688645037, 2.405483153173635 ], [ 102.323439906711329, 2.404629819000158 ], [ 102.323462333223233, 2.403774138932661 ] ] ] } },
{ "type": "Feature", "properties": { "state": "Melaka", "parlimen": "P.135 Alor Gajah", "code_parlimen": "P.135", "dun": "N.09 Durian Tunggal", "code_dun": "N.09" }, "geometry": { "type": "Polygon", "coordinates": [ [ [ 102.304679397610826, 2.314613261405304 ], [ 102.304656971098908, 2.31375752595028 ], [ 102.304589753032616, 2.312904135492383 ], [ 102.304477927652016, 2.312055429122045 ], [ 102.304321801462734, 2.311213733095129 ], [ 102.304121802395755, 2.310381354456613 ], [ 102.303878478634644, 2.30956057471707 ], [ 102.303592497112916, 2.30875364359888 ], [ 102.303264641686042, 2.307962772869779 ], [ 102.302895810982946, 2.307190130280206 ], [ 102.302487015942958, 2.306437833621363 ], [ 102.302039377044863, 2.305707944920093 ], [ 102.301554121235782, 2.305002464786724 ], [ 102.301032578568154, 2.304323326931065 ], [ 102.300476178554177, 2.30367239286186 ], [ 102.299886446247584, 2.303051446784106 ], [ 102.299264998063677, 2.302462190708195 ], [ 102.2986135373487, 2.301906239784411 ], [ 102.297933849711228, 2.301385117875481 ], [ 102.297227798127807, 2.30090025337934 ], [ 102.296497317836739, 2.300452975313509 ], [ 102.295744411033738, 2.300044509672036 ], [ 102.294971141384025, 2.29967597606466 ], [ 102.294179628365967, 2.29934838464771 ], [ 102.29337204146168, 2.299062633354963 ], [ 102.292550594210809, 2.298819505436228 ], [ 102.291717538143118, 2.298619667310162 ], [ 102.290875156607385, 2.298463666737465 ], [ 102.290025758512868, 2.298351931319275 ], [ 102.289171672000705, 2.298284767325043 ], [ 102.288315238062637, 2.298262358852909 ], [ 102.287458804124569, 2.298284767325043 ], [ 102.286604717612406, 2.298351931319275 ], [ 102.285755319517875, 2.298463666737465 ], [ 102.284912937982142, 2.298619667310162 ], [ 102.284079881914465, 2.298819505436228 ], [ 102.283258434663594, 2.299062633354963 ], [ 102.282450847759307, 2.29934838464771 ], [ 102.281659334741235, 2.29967597606466 ], [ 102.280886065091536, 2.300044509672036 ], [ 102.280133158288521, 2.300452975313509 ], [ 102.279402677997467, 2.30090025337934 ], [ 102.278696626414046, 2.301385117875481 ], [ 102.27801693877656, 2.301906239784411 ], [ 102.277365478061597, 2.302462190708195 ], [ 102.27674402987769, 2.303051446784106 ], [ 102.276154297571097, 2.30367239286186 ], [ 102.275597897557105, 2.304323326931065 ], [ 102.275076354889478, 2.305002464786724 ], [ 102.274591099080396, 2.305707944920093 ], [ 102.274143460182302, 2.306437833621363 ], [ 102.273734665142328, 2.307190130280206 ], [ 102.273365834439232, 2.307962772869779 ], [ 102.273037979012358, 2.30875364359888 ], [ 102.27275199749063, 2.30956057471707 ], [ 102.272508673729519, 2.310381354456613 ], [ 102.27230867466254, 2.311213733095129 ], [ 102.272152548473244, 2.312055429122045 ], [ 102.272040723092644, 2.312904135492383 ], [ 102.271973505026367, 2.31375752595028 ], [ 102.271951078514434, 2.314613261405304 ], [ 102.271973505026367, 2.315468996343742 ], [ 102.272040723092644, 2.316322385257517 ], [ 102.272152548473244, 2.317171089073118 ], [ 102.27230867466254, 2.318012781562699 ], [ 102.272508673729519, 2.318845155720004 ], [ 102.27275199749063, 2.319665930083582 ], [ 102.273037979012358, 2.320472854989946 ], [ 102.273365834439232, 2.321263718739396 ], [ 102.273734665142328, 2.322036353657992 ], [ 102.274143460182302, 2.322788642038563 ], [ 102.274591099080396, 2.323518521944965 ], [ 102.275076354889478, 2.324223992863248 ], [ 102.275597897557105, 2.324903121184534 ], [ 102.276154297571097, 2.325554045504562 ], [ 102.27674402987769, 2.326174981725141 ], [ 102.277365478061597, 2.326764227943889 ], [ 102.27801693877656, 2.327320169118485 ], [ 102.278696626414046, 2.327841281493041 ], [ 102.279402677997467, 2.328326136774097 ], [ 102.280133158288521, 2.328773406045059 ], [ 102.280886065091536, 2.32918186340826 ], [ 102.281659334741235, 2.329550389344659 ], [ 102.282450847759307, 2.329877973781971 ], [ 102.283258434663594, 2.330163718862879 ], [ 102.284079881914465, 2.330406841405637 ], [ 102.284912937982142, 2.330606675050505 ], [ 102.285755319517875, 2.330762672085865 ], [ 102.286604717612406, 2.330874404949332 ], [ 102.287458804124569, 2.33094156739943 ], [ 102.288315238062637, 2.330963975354979 ], [ 102.289171672000705, 2.33094156739943 ], [ 102.290025758512868, 2.330874404949332 ], [ 102.290875156607385, 2.330762672085865 ], [ 102.291717538143118, 2.330606675050505 ], [ 102.292550594210809, 2.330406841405637 ], [ 102.29337204146168, 2.330163718862879 ], [ 102.294179628365967, 2.329877973781971 ], [ 102.294971141384025, 2.329550389344659 ], [ 102.295744411033738, 2.32918186340826 ], [ 102.296497317836739, 2.328773406045059 ], [ 102.297227798127807, 2.328326136774097 ], [ 102.297933849711228, 2.327841281493041 ], [ 102.2986135373487, 2.327320169118485 ], [ 102.299264998063677, 2.326764227943889 ], [ 102.299886446247584, 2.326174981725141 ], [ 102.300476178554177, 2.325554045504562 ], [ 102.301032578568154, 2.324903121184534 ], [ 102.301554121235782, 2.324223992863248 ], [ 102.302039377044863, 2.323518521944965 ], [ 102.302487015942958, 2.322788642038563 ], [ 102.302895810982946, 2.322036353657992 ], [ 102.303264641686042, 2.321263718739396 ], [ 102.303592497112916, 2.320472854989946 ], [ 102.303878478634644, 2.319665930083582 ], [ 102.304121802395755, 2.318845155720004 ], [ 102.304321801462734, 2.318012781562699 ], [ 102.304477927652016, 2.317171089073118 ], [ 102.304589753032616, 2.316322385257517 ], [ 102.304656971098908, 2.315468996343742 ], [ 102.304679397610826, 2.314613261405304 ] ] ] } },
{ "type": "Feature", "properties": { "state": "Melaka", "parlimen": "P.135 Alor Gajah", "code_parlimen": "P.135", "dun": "N.10 Asahan", "code_dun": "N.10" }, "geometry": { "type": "Polygon", "coordinates": [ [ [ 102.460269209001282, 2.415914329933952 ], [ 102.460246782489364, 2.415058656958826 ], [ 102.460179564423072, 2.414205328787132 ], [ 102.460067739042472, 2.413356684338835 ], [ 102.45991161285319, 2.412515049700516 ], [ 102.459711613786226, 2.411682731749554 ], [ 102.4594682900251, 2.410862011830953 ], [ 102.459182308503372, 2.410055139504119 ], [ 102.458854453076498, 2.409264326376772 ], [ 102.458485622373402, 2.408491740042688 ], [ 102.458076827333414, 2.407739498140262 ], [ 102.457629188435334, 2.407009662547753 ], [ 102.457143932626252, 2.406304233731464 ], [ 102.456622389958611, 2.405625145262236 ], [ 102.456065989944634, 2.404974258515156 ], [ 102.45547625763804, 2.404353357567234 ], [ 102.454854809454133, 2.403764144306945 ], [ 102.454203348739171, 2.403208233769004 ], [ 102.453523661101684, 2.402687149707187 ], [ 102.452817609518263, 2.402202320417394 ], [ 102.452087129227195, 2.401755074822304 ], [ 102.451334222424194, 2.401346638828537 ], [ 102.450560952774481, 2.400978131966051 ], [ 102.449769439756423, 2.400650564319244 ], [ 102.448961852852136, 2.400364833758026 ], [ 102.448140405601265, 2.400121723476459 ], [ 102.447307349533574, 2.399921899845835 ], [ 102.446464967997841, 2.399765910587923 ], [ 102.445615569903325, 2.399654183273493 ], [ 102.444761483391162, 2.399587024150231 ], [ 102.443905049453093, 2.399564617303207 ], [ 102.443048615515025, 2.399587024150231 ], [ 102.442194529002862, 2.399654183273493 ], [ 102.441345130908346, 2.399765910587923 ], [ 102.440502749372612, 2.399921899845835 ], [ 102.439669693304921, 2.400121723476459 ], [ 102.43884824605405, 2.400364833758026 ], [ 102.438040659149763, 2.400650564319244 ], [ 102.437249146131691, 2.400978131966051 ], [ 102.436475876481992, 2.401346638828537 ], [ 102.435722969678991, 2.401755074822304 ], [ 102.434992489387923, 2.402202320417394 ], [ 102.434286437804502, 2.402687149707187 ], [ 102.433606750167016, 2.403208233769004 ], [ 102.432955289452053, 2.403764144306945 ], [ 102.432333841268147, 2.404353357567234 ], [ 102.431744108961553, 2.404974258515156 ], [ 102.431187708947576, 2.405625145262236 ], [ 102.430666166279934, 2.406304233731464 ], [ 102.430180910470852, 2.407009662547753 ], [ 102.429733271572758, 2.407739498140262 ], [ 102.429324476532784, 2.408491740042688 ], [ 102.428955645829689, 2.409264326376772 ], [ 102.428627790402814, 2.410055139504119 ], [ 102.428341808881086, 2.410862011830953 ], [ 102.428098485119975, 2.411682731749554 ], [ 102.427898486052996, 2.412515049700516 ], [ 102.427742359863714, 2.413356684338835 ], [ 102.4276305344831, 2.414205328787132 ], [ 102.427563316416823, 2.415058656958826 ], [ 102.427540889904904, 2.415914329933952 ], [ 102.427563316416823, 2.416770002369911 ], [ 102.4276305344831, 2.41762332893007 ], [ 102.427742359863714, 2.418471970712095 ], [ 102.427898486052996, 2.419313601658604 ], [ 102.428098485119975, 2.4201459149327 ], [ 102.428341808881086, 2.420966629240587 ], [ 102.428627790402814, 2.421773495084343 ], [ 102.428955645829689, 2.422564300927304 ], [ 102.429324476532784, 2.423336879255449 ], [ 102.429733271572758, 2.424089112518153 ], [ 102.430180910470852, 2.424818938931784 ], [ 102.430666166279934, 2.425524358130585 ], [ 102.431187708947576, 2.426203436649142 ], [ 102.431744108961553, 2.42685431322136 ], [ 102.432333841268147, 2.427475203881702 ], [ 102.432955289452053, 2.428064406854397 ], [ 102.433606750167016, 2.428620307217464 ], [ 102.434286437804502, 2.42914138132861 ], [ 102.434992489387923, 2.42962620100094 ], [ 102.435722969678991, 2.430073437417154 ], [ 102.436475876481992, 2.430481864771185 ], [ 102.437249146131691, 2.430850363627744 ], [ 102.438040659149763, 2.43117792399014 ], [ 102.43884824605405, 2.431463648068293 ], [ 102.439669693304921, 2.431706752739145 ], [ 102.440502749372612, 2.431906571692904 ], [ 102.441345130908346, 2.432062557259019 ], [ 102.442194529002862, 2.432174281907164 ], [ 102.443048615515025, 2.432241439418878 ], [ 102.443905049453093, 2.43226384572676 ], [ 102.444761483391162, 2.432241439418878 ], [ 102.445615569903325, 2.432174281907164 ], [ 102.446464967997841, 2.432062557259019 ], [ 102.447307349533574, 2.431906571692904 ], [ 102.448140405601265, 2.431706752739145 ], [ 102.448961852852136, 2.431463648068293 ], [ 102.449769439756423, 2.43117792399014 ], [ 102.450560952774481, 2.430850363627744 ], [ 102.451334222424194, 2.430481864771185 ], [ 102.452087129227195, 2.430073437417154 ], [ 102.452817609518263, 2.42962620100094 ], [ 102.453523661101684, 2.42914138132861 ], [ 102.454203348739171, 2.428620307217464 ], [ 102.454854809454133, 2.428064406854397 ], [ 102.45547625763804, 2.427475203881702 ], [ 102.456065989944634, 2.42685431322136 ], [ 102.456622389958611, 2.426203436649142 ], [ 102.457143932626252, 2.425524358130585 ], [ 102.457629188435334, 2.424818938931784 ], [ 102.458076827333414, 2.424089112518153 ], [ 102.458485622373402, 2.423336879255449 ], [ 102.458854453076498, 2.422564300927304 ], [ 102.459182308503372, 2.421773495084343 ], [ 102.4594682900251, 2.420966629240587 ], [ 102.459711613786226, 2.4201459149327 ], [ 102.45991161285319, 2.419313601658604 ], [ 102.460067739042472, 2.418471970712095 ], [ 102.460179564423072, 2.41762332893007 ], [ 102.460246782489364, 2.416770002369911 ], [ 102.460269209001282, 2.415914329933952 ] ] ] } },
{ "type": "Feature", "properties": { "state": "Melaka", "parlimen": "P.136 Tangga Batu", "code_parlimen": "P.136", "dun": "N.11 Sungai Udang", "code_dun": "N.11" }, "geometry": { "type": "Polygon", "coordinates": [ [ [ 102.151484300134328, 2.280560722610623 ], [ 102.151461873622395, 2.279704966753588 ], [ 102.151394655556118, 2.278851555957151 ], [ 102.151282830175518, 2.278002829367417 ], [ 102.151126703986222, 2.277161113295473 ], [ 102.150926704919272, 2.276328714841072 ], [ 102.150683381158132, 2.275507915568776 ], [ 102.150397399636404, 2.274700965254246 ], [ 102.150069544209529, 2.273910075717418 ], [ 102.149700713506448, 2.273137414759863 ], [ 102.14929191846646, 2.272385100222664 ], [ 102.148844279568365, 2.2716551941812 ], [ 102.148359023759284, 2.270949697292746 ], [ 102.147837481091656, 2.270270543312513 ], [ 102.147281081077665, 2.269619593792861 ], [ 102.146691348771085, 2.268998632980526 ], [ 102.146069900587179, 2.268409362925734 ], [ 102.145418439872202, 2.267853398816464 ], [ 102.14473875223473, 2.267332264551003 ], [ 102.144032700651309, 2.266847388560566 ], [ 102.143302220360241, 2.26640009989364 ], [ 102.14254931355724, 2.265991624572799 ], [ 102.141776043907527, 2.265623082233795 ], [ 102.140984530889469, 2.265295483056432 ], [ 102.140176943985182, 2.26500972499535 ], [ 102.139355496734311, 2.264766591318538 ], [ 102.13852244066662, 2.264566748460087 ], [ 102.137680059130886, 2.264410744193418 ], [ 102.136830661036356, 2.264299006129578 ], [ 102.135976574524207, 2.26423184054512 ], [ 102.135120140586125, 2.264209431542431 ], [ 102.134263706648071, 2.26423184054512 ], [ 102.133409620135907, 2.264299006129578 ], [ 102.132560222041377, 2.264410744193418 ], [ 102.131717840505644, 2.264566748460087 ], [ 102.130884784437953, 2.264766591318538 ], [ 102.130063337187082, 2.26500972499535 ], [ 102.129255750282795, 2.265295483056432 ], [ 102.128464237264737, 2.265623082233795 ], [ 102.127690967615038, 2.265991624572799 ], [ 102.126938060812023, 2.26640009989364 ], [ 102.126207580520955, 2.266847388560566 ], [ 102.125501528937534, 2.267332264551003 ], [ 102.124821841300061, 2.267853398816464 ], [ 102.124170380585099, 2.268409362925734 ], [ 102.123548932401192, 2.268998632980526 ], [ 102.122959200094598, 2.269619593792861 ], [ 102.122402800080607, 2.270270543312513 ], [ 102.12188125741298, 2.270949697292746 ], [ 102.121396001603898, 2.2716551941812 ], [ 102.120948362705803, 2.272385100222664 ], [ 102.120539567665816, 2.273137414759863 ], [ 102.120170736962734, 2.273910075717418 ], [ 102.11984288153586, 2.274700965254246 ], [ 102.119556900014118, 2.275507915568776 ], [ 102.119313576253006, 2.276328714841072 ], [ 102.119113577186042, 2.277161113295473 ], [ 102.118957450996746, 2.278002829367417 ], [ 102.118845625616146, 2.278851555957151 ], [ 102.118778407549868, 2.279704966753588 ], [ 102.118755981037935, 2.280560722610623 ], [ 102.118778407549868, 2.281416477958643 ], [ 102.118845625616146, 2.282269887233642 ], [ 102.118957450996746, 2.283118611306158 ], [ 102.119113577186042, 2.283960323892671 ], [ 102.119313576253006, 2.284792717931662 ], [ 102.119556900014118, 2.285613511906909 ], [ 102.11984288153586, 2.286420456100805 ], [ 102.120170736962734, 2.287211338760459 ], [ 102.120539567665816, 2.287983992159643 ], [ 102.120948362705803, 2.288736298540093 ], [ 102.121396001603898, 2.289466195915831 ], [ 102.12188125741298, 2.290171683724463 ], [ 102.122402800080607, 2.29085082831029 ], [ 102.122959200094598, 2.291501768223892 ], [ 102.123548932401192, 2.292122719323754 ], [ 102.124170380585099, 2.292711979666087 ], [ 102.124821841300061, 2.293267934169305 ], [ 102.125501528937534, 2.293789059040362 ], [ 102.126207580520955, 2.294273925950989 ], [ 102.126938060812023, 2.294721205952163 ], [ 102.127690967615038, 2.295129673116281 ], [ 102.128464237264737, 2.295498207896926 ], [ 102.129255750282795, 2.295825800197103 ], [ 102.130063337187082, 2.296111552137538 ], [ 102.130884784437953, 2.296354680517314 ], [ 102.131717840505644, 2.296554518960328 ], [ 102.132560222041377, 2.296710519741593 ], [ 102.133409620135907, 2.296822255288214 ], [ 102.134263706648071, 2.296889419351222 ], [ 102.135120140586125, 2.296911827844908 ], [ 102.135976574524207, 2.296889419351222 ], [ 102.136830661036356, 2.296822255288214 ], [ 102.137680059130886, 2.296710519741593 ], [ 102.13852244066662, 2.296554518960328 ], [ 102.139355496734311, 2.296354680517314 ], [ 102.140176943985182, 2.296111552137538 ], [ 102.140984530889469, 2.295825800197103 ], [ 102.141776043907527, 2.295498207896926 ], [ 102.14254931355724, 2.295129673116281 ], [ 102.143302220360241, 2.294721205952163 ], [ 102.144032700651309, 2.294273925950989 ], [ 102.14473875223473, 2.293789059040362 ], [ 102.145418439872202, 2.293267934169305 ], [ 102.146069900587179, 2.292711979666087 ], [ 102.146691348771085, 2.292122719323754 ], [ 102.147281081077665, 2.291501768223892 ], [ 102.147837481091656, 2.29085082831029 ], [ 102.148359023759284, 2.290171683724463 ], [ 102.148844279568365, 2.289466195915831 ], [ 102.14929191846646, 2.288736298540093 ], [ 102.149700713506448, 2.287983992159643 ], [ 102.150069544209529, 2.287211338760459 ], [ 102.150397399636404, 2.286420456100805 ], [ 102.150683381158132, 2.285613511906909 ], [ 102.150926704919272, 2.284792717931662 ], [ 102.151126703986222, 2.283960323892671 ], [ 102.151282830175518, 2.283118611306158 ], [ 102.151394655556118, 2.282269887233642 ], [ 102.151461873622395, 2.281416477958643 ], [ 102.151484300134328, 2.280560722610623 ] ] ] } },
{ "type": "Feature", "properties": { "state": "Melaka", "parlimen": "P.136 Tangga Batu", "code_parlimen": "P.136", "dun": "N.12 Pantai Kundor", "code_dun": "N.12" }, "geometry": { "type": "Polygon", "coordinates": [ [ [ 102.172016616739469, 2.242854318242396 ], [ 102.171994190227537, 2.241998540146872 ], [ 102.171926972161259, 2.241145107181257 ], [ 102.171815146780659, 2.240296358552314 ], [ 102.171659020591363, 2.239454620631397 ], [ 102.171459021524385, 2.238622200577887 ], [ 102.171215697763273, 2.237801380015251 ], [ 102.170929716241545, 2.236994408777137 ], [ 102.170601860814671, 2.236203498740426 ], [ 102.170233030111575, 2.235430817762436 ], [ 102.169824235071601, 2.234678483738564 ], [ 102.169376596173507, 2.233948558797073 ], [ 102.168891340364425, 2.233243043646459 ], [ 102.168369797696798, 2.232563872091372 ], [ 102.167813397682806, 2.231912905731688 ], [ 102.167223665376213, 2.231291928859676 ], [ 102.166602217192306, 2.230702643568908 ], [ 102.165950756477343, 2.230146665088454 ], [ 102.165271068839857, 2.229625517355367 ], [ 102.164565017256436, 2.22914062883712 ], [ 102.163834536965382, 2.228693328615926 ], [ 102.163081630162367, 2.228284842745439 ], [ 102.162308360512668, 2.227916290889783 ], [ 102.161516847494596, 2.227588683254332 ], [ 102.160709260590309, 2.22730291781645 ], [ 102.159887813339438, 2.227059777863895 ], [ 102.159054757271761, 2.22685992984764 ], [ 102.158212375736028, 2.226703921554923 ], [ 102.157362977641498, 2.226592180607618 ], [ 102.156508891129334, 2.226525013289962 ], [ 102.155652457191266, 2.226502603709035 ], [ 102.154796023253198, 2.226525013289962 ], [ 102.153941936741035, 2.226592180607618 ], [ 102.153092538646519, 2.226703921554923 ], [ 102.152250157110785, 2.22685992984764 ], [ 102.151417101043094, 2.227059777863895 ], [ 102.150595653792223, 2.22730291781645 ], [ 102.149788066887936, 2.227588683254332 ], [ 102.148996553869878, 2.227916290889783 ], [ 102.148223284220165, 2.228284842745439 ], [ 102.147470377417164, 2.228693328615926 ], [ 102.146739897126096, 2.22914062883712 ], [ 102.146033845542675, 2.229625517355367 ], [ 102.145354157905203, 2.230146665088454 ], [ 102.144702697190226, 2.230702643568908 ], [ 102.144081249006319, 2.231291928859676 ], [ 102.143491516699726, 2.231912905731688 ], [ 102.142935116685749, 2.232563872091372 ], [ 102.142413574018121, 2.233243043646459 ], [ 102.14192831820904, 2.233948558797073 ], [ 102.141480679310945, 2.234678483738564 ], [ 102.141071884270957, 2.235430817762436 ], [ 102.140703053567876, 2.236203498740426 ], [ 102.140375198140987, 2.236994408777137 ], [ 102.140089216619259, 2.237801380015251 ], [ 102.139845892858133, 2.238622200577887 ], [ 102.139645893791169, 2.239454620631397 ], [ 102.139489767601887, 2.240296358552314 ], [ 102.139377942221287, 2.241145107181257 ], [ 102.139310724154996, 2.241998540146872 ], [ 102.139288297643077, 2.242854318242396 ], [ 102.139310724154996, 2.243710095837315 ], [ 102.139377942221287, 2.24456352730658 ], [ 102.139489767601887, 2.24541227345983 ], [ 102.139645893791169, 2.246254007952834 ], [ 102.139845892858133, 2.247086423663793 ], [ 102.140089216619259, 2.24790723901677 ], [ 102.140375198140987, 2.248714204235239 ], [ 102.140703053567876, 2.249505107508234 ], [ 102.141071884270957, 2.25027778105258 ], [ 102.141480679310945, 2.251030107054292 ], [ 102.14192831820904, 2.251760023473028 ], [ 102.142413574018121, 2.252465529693636 ], [ 102.142935116685749, 2.253144692009339 ], [ 102.143491516699726, 2.253795648921453 ], [ 102.144081249006319, 2.254416616241254 ], [ 102.144702697190226, 2.255005891979824 ], [ 102.145354157905203, 2.255561861012708 ], [ 102.146033845542675, 2.256082999506398 ], [ 102.146739897126096, 2.256567879094653 ], [ 102.147470377417164, 2.257015170793079 ], [ 102.148223284220165, 2.257423648641419 ], [ 102.148996553869878, 2.257792193063418 ], [ 102.149788066887936, 2.258119793935165 ], [ 102.150595653792223, 2.258405553353402 ], [ 102.151417101043094, 2.258648688096298 ], [ 102.152250157110785, 2.258848531769989 ], [ 102.153092538646519, 2.259004536634806 ], [ 102.153941936741035, 2.259116275106431 ], [ 102.154796023253198, 2.259183440927738 ], [ 102.155652457191266, 2.259205850008059 ], [ 102.156508891129334, 2.259183440927738 ], [ 102.157362977641498, 2.259116275106431 ], [ 102.158212375736028, 2.259004536634806 ], [ 102.159054757271761, 2.258848531769989 ], [ 102.159887813339438, 2.258648688096298 ], [ 102.160709260590309, 2.258405553353402 ], [ 102.161516847494596, 2.258119793935165 ], [ 102.162308360512668, 2.257792193063418 ], [ 102.163081630162367, 2.257423648641419 ], [ 102.163834536965382, 2.257015170793079 ], [ 102.164565017256436, 2.256567879094653 ], [ 102.165271068839857, 2.256082999506398 ], [ 102.165950756477343, 2.255561861012708 ], [ 102.166602217192306, 2.255005891979824 ], [ 102.167223665376213, 2.254416616241254 ], [ 102.167813397682806, 2.253795648921453 ], [ 102.168369797696798, 2.253144692009339 ], [ 102.168891340364425, 2.252465529693636 ], [ 102.169376596173507, 2.251760023473028 ], [ 102.169824235071601, 2.251030107054292 ], [ 102.170233030111575, 2.25027778105258 ], [ 102.170601860814671, 2.249505107508234 ], [ 102.170929716241545, 2.248714204235239 ], [ 102.171215697763273, 2.24790723901677 ], [ 102.171459021524385, 2.247086423663793 ], [ 102.171659020591363, 2.246254007952834 ], [ 102.171815146780659, 2.24541227345983 ], [ 102.171926972161259, 2.24456352730658 ], [ 102.171994190227537, 2.243710095837315 ], [ 102.172016616739469, 2.242854318242396 ] ] ] } },
{ "type": "Feature", "properties": { "state": "Melaka", "parlimen": "P.136 Tangga Batu", "code_parlimen": "P.136", "dun": "N.13 Paya Rumput", "code_dun": "N.13" }, "geometry": { "type": "Polygon", "coordinates": [ [ [ 102.229628847160171, 2.285619149537038 ], [ 102.229606420648267, 2.284763396691555 ], [ 102.229539202581975, 2.283909988897295 ], [ 102.229427377201375, 2.283061265292155 ], [ 102.229271251012079, 2.282219552179056 ], [ 102.229071251945115, 2.281387156649658 ], [ 102.228827928183989, 2.280566360260573 ], [ 102.228541946662261, 2.279759412779587 ], [ 102.228214091235401, 2.278968526018938 ], [ 102.227845260532291, 2.278195867772653 ], [ 102.227436465492318, 2.277443555874437 ], [ 102.226988826594223, 2.276713652392504 ], [ 102.226503570785141, 2.276008157977224 ], [ 102.225982028117514, 2.27532900637709 ], [ 102.225425628103523, 2.274678059138023 ], [ 102.224835895796943, 2.274057100500614 ], [ 102.224214447613036, 2.273467832509176 ], [ 102.223562986898074, 2.272911870346163 ], [ 102.222883299260587, 2.272390737904598 ], [ 102.222177247677152, 2.271905863610784 ], [ 102.221446767386084, 2.27145857650864 ], [ 102.220693860583097, 2.271050102616503 ], [ 102.21992059093337, 2.270681561566337 ], [ 102.219129077915312, 2.270353963534443 ], [ 102.218321491011039, 2.270068206472412 ], [ 102.217500043760154, 2.269825073645508 ], [ 102.216666987692463, 2.269625231485583 ], [ 102.21582460615673, 2.269469227764163 ], [ 102.214975208062228, 2.269357490090832 ], [ 102.21412112155005, 2.269290324741086 ], [ 102.213264687611982, 2.269267915816715 ], [ 102.212408253673928, 2.269290324741086 ], [ 102.211554167161751, 2.269357490090832 ], [ 102.210704769067249, 2.269469227764163 ], [ 102.209862387531516, 2.269625231485583 ], [ 102.20902933146381, 2.269825073645508 ], [ 102.208207884212939, 2.270068206472412 ], [ 102.207400297308666, 2.270353963534443 ], [ 102.206608784290594, 2.270681561566337 ], [ 102.205835514640881, 2.271050102616503 ], [ 102.205082607837895, 2.27145857650864 ], [ 102.204352127546812, 2.271905863610784 ], [ 102.203646075963391, 2.272390737904598 ], [ 102.202966388325905, 2.272911870346163 ], [ 102.202314927610942, 2.273467832509176 ], [ 102.201693479427036, 2.274057100500614 ], [ 102.201103747120456, 2.274678059138023 ], [ 102.200547347106465, 2.27532900637709 ], [ 102.200025804438823, 2.276008157977224 ], [ 102.199540548629741, 2.276713652392504 ], [ 102.199092909731647, 2.277443555874437 ], [ 102.198684114691687, 2.278195867772653 ], [ 102.198315283988578, 2.278968526018938 ], [ 102.197987428561717, 2.279759412779587 ], [ 102.197701447039989, 2.280566360260573 ], [ 102.197458123278864, 2.281387156649658 ], [ 102.197258124211899, 2.282219552179056 ], [ 102.197101998022603, 2.283061265292155 ], [ 102.196990172641989, 2.283909988897295 ], [ 102.196922954575712, 2.284763396691555 ], [ 102.196900528063807, 2.285619149537038 ], [ 102.196922954575712, 2.286474901872372 ], [ 102.196990172641989, 2.287328308141824 ], [ 102.197101998022603, 2.288177029224173 ], [ 102.197258124211899, 2.289018738844145 ], [ 102.197458123278864, 2.289851129948349 ], [ 102.197701447039989, 2.290671921028655 ], [ 102.197987428561717, 2.291478862375458 ], [ 102.198315283988578, 2.292269742243718 ], [ 102.198684114691687, 2.293042392914902 ], [ 102.199092909731647, 2.293794696638329 ], [ 102.199540548629741, 2.294524591435337 ], [ 102.200025804438823, 2.295230076750706 ], [ 102.200547347106465, 2.295909218935648 ], [ 102.201103747120456, 2.296560156547406 ], [ 102.201693479427036, 2.29718110545084 ], [ 102.202314927610942, 2.297770363708319 ], [ 102.202966388325905, 2.298326316244009 ], [ 102.203646075963391, 2.298847439270382 ], [ 102.204352127546812, 2.299332304464298 ], [ 102.205082607837895, 2.299779582881518 ], [ 102.205835514640881, 2.300188048598852 ], [ 102.206608784290594, 2.30055658207393 ], [ 102.207400297308666, 2.300884173213421 ], [ 102.208207884212939, 2.30116992414127 ], [ 102.20902933146381, 2.301413051659395 ], [ 102.209862387531516, 2.301612889394125 ], [ 102.210704769067249, 2.301768889622432 ], [ 102.211554167161751, 2.301880624772972 ], [ 102.212408253673928, 2.301947788597884 ], [ 102.213264687611982, 2.301970197012119 ], [ 102.21412112155005, 2.301947788597884 ], [ 102.214975208062228, 2.301880624772972 ], [ 102.21582460615673, 2.301768889622432 ], [ 102.216666987692463, 2.301612889394125 ], [ 102.217500043760154, 2.301413051659395 ], [ 102.218321491011039, 2.30116992414127 ], [ 102.219129077915312, 2.300884173213421 ], [ 102.21992059093337, 2.30055658207393 ], [ 102.220693860583097, 2.300188048598852 ], [ 102.221446767386084, 2.299779582881518 ], [ 102.222177247677152, 2.299332304464298 ], [ 102.222883299260587, 2.298847439270382 ], [ 102.223562986898074, 2.298326316244009 ], [ 102.224214447613036, 2.297770363708319 ], [ 102.224835895796943, 2.29718110545084 ], [ 102.225425628103523, 2.296560156547406 ], [ 102.225982028117514, 2.295909218935648 ], [ 102.226503570785141, 2.295230076750706 ], [ 102.226988826594223, 2.294524591435337 ], [ 102.227436465492318, 2.293794696638329 ], [ 102.227845260532291, 2.293042392914902 ], [ 102.228214091235401, 2.292269742243718 ], [ 102.228541946662261, 2.291478862375458 ], [ 102.228827928183989, 2.290671921028655 ], [ 102.229071251945115, 2.289851129948349 ], [ 102.229271251012079, 2.289018738844145 ], [ 102.229427377201375, 2.288177029224173 ], [ 102.229539202581975, 2.287328308141824 ], [ 102.229606420648267, 2.286474901872372 ], [ 102.229628847160171, 2.285619149537038 ] ] ] } },
{ "type": "Feature", "properties": { "state": "Melaka", "parlimen": "P.136 Tangga Batu", "code_parlimen": "P.136", "dun": "N.14 Kelebang", "code_dun": "N.14" }, "geometry": { "type": "Polygon", "coordinates": [ [ [ 102.204684951766424, 2.240875238965225 ], [ 102.204662525254506, 2.240019459712717 ], [ 102.204595307188228, 2.239166025593731 ], [ 102.204483481807614, 2.238317275818185 ], [ 102.204327355618332, 2.237475536760564 ], [ 102.204127356551368, 2.236643115583338 ], [ 102.203884032790242, 2.235822293913068 ], [ 102.203598051268514, 2.235015321586402 ], [ 102.20327019584164, 2.234224410483187 ], [ 102.202901365138544, 2.233451728463629 ], [ 102.202492570098556, 2.232699393425975 ], [ 102.202044931200476, 2.23196946750121 ], [ 102.201559675391394, 2.231263951400526 ], [ 102.201038132723752, 2.230584778931119 ], [ 102.200481732709775, 2.229933811695344 ], [ 102.199892000403196, 2.229312833987851 ], [ 102.199270552219289, 2.228723547904438 ], [ 102.198619091504312, 2.22816756867635 ], [ 102.197939403866826, 2.227646420242625 ], [ 102.197233352283405, 2.227161531072644 ], [ 102.196502871992337, 2.226714230250364 ], [ 102.19574996518935, 2.22630574383104 ], [ 102.194976695539623, 2.225937191480286 ], [ 102.194185182521565, 2.225609583404825 ], [ 102.193377595617278, 2.225323817583177 ], [ 102.192556148366407, 2.225080677304144 ], [ 102.191723092298716, 2.224880829019565 ], [ 102.190880710762983, 2.224724820517402 ], [ 102.190031312668481, 2.224613079420077 ], [ 102.189177226156303, 2.224545912012258 ], [ 102.188320792218235, 2.224523502401243 ], [ 102.187464358280181, 2.224545912012258 ], [ 102.186610271768004, 2.224613079420077 ], [ 102.185760873673487, 2.224724820517402 ], [ 102.184918492137754, 2.224880829019565 ], [ 102.184085436070063, 2.225080677304144 ], [ 102.183263988819192, 2.225323817583177 ], [ 102.182456401914905, 2.225609583404825 ], [ 102.181664888896847, 2.225937191480286 ], [ 102.180891619247134, 2.22630574383104 ], [ 102.180138712444133, 2.226714230250364 ], [ 102.179408232153065, 2.227161531072644 ], [ 102.178702180569644, 2.227646420242625 ], [ 102.178022492932158, 2.22816756867635 ], [ 102.177371032217195, 2.228723547904438 ], [ 102.176749584033288, 2.229312833987851 ], [ 102.176159851726695, 2.229933811695344 ], [ 102.175603451712718, 2.230584778931119 ], [ 102.175081909045076, 2.231263951400526 ], [ 102.174596653235994, 2.23196946750121 ], [ 102.174149014337914, 2.232699393425975 ], [ 102.173740219297926, 2.233451728463629 ], [ 102.17337138859483, 2.234224410483187 ], [ 102.173043533167956, 2.235015321586402 ], [ 102.172757551646228, 2.235822293913068 ], [ 102.172514227885117, 2.236643115583338 ], [ 102.172314228818138, 2.237475536760564 ], [ 102.172158102628856, 2.238317275818185 ], [ 102.172046277248242, 2.239166025593731 ], [ 102.171979059181965, 2.240019459712717 ], [ 102.171956632670046, 2.240875238965225 ], [ 102.171979059181965, 2.241731017717573 ], [ 102.172046277248242, 2.242584450341533 ], [ 102.172158102628856, 2.243433197643574 ], [ 102.172314228818138, 2.24427493327631 ], [ 102.172514227885117, 2.245107350114789 ], [ 102.172757551646228, 2.245928166580005 ], [ 102.173043533167956, 2.246735132892318 ], [ 102.17337138859483, 2.247526037237783 ], [ 102.173740219297926, 2.248298711830237 ], [ 102.174149014337914, 2.249051038852804 ], [ 102.174596653235994, 2.249780956262309 ], [ 102.175081909045076, 2.250486463440862 ], [ 102.175603451712718, 2.251165626679015 ], [ 102.176159851726695, 2.251816584475539 ], [ 102.176749584033288, 2.25243755263923 ], [ 102.177371032217195, 2.253026829178843 ], [ 102.178022492932158, 2.253582798967693 ], [ 102.178702180569644, 2.254103938170164 ], [ 102.179408232153065, 2.254588818418014 ], [ 102.180138712444133, 2.255036110725034 ], [ 102.180891619247134, 2.25544458912927 ], [ 102.181664888896847, 2.255813134052907 ], [ 102.182456401914905, 2.256140735370632 ], [ 102.183263988819192, 2.256426495177927 ], [ 102.184085436070063, 2.256669630251892 ], [ 102.184918492137754, 2.256869474197738 ], [ 102.185760873673487, 2.257025479275016 ], [ 102.186610271768004, 2.257137217898824 ], [ 102.187464358280181, 2.257204383811616 ], [ 102.188320792218235, 2.257226792922457 ], [ 102.189177226156303, 2.257204383811616 ], [ 102.190031312668481, 2.257137217898824 ], [ 102.190880710762983, 2.257025479275016 ], [ 102.191723092298716, 2.256869474197738 ], [ 102.192556148366407, 2.256669630251892 ], [ 102.193377595617278, 2.256426495177927 ], [ 102.194185182521565, 2.256140735370632 ], [ 102.194976695539623, 2.255813134052907 ], [ 102.19574996518935, 2.25544458912927 ], [ 102.196502871992337, 2.255036110725034 ], [ 102.197233352283405, 2.254588818418014 ], [ 102.197939403866826, 2.254103938170164 ], [ 102.198619091504312, 2.253582798967693 ], [ 102.199270552219289, 2.253026829178843 ], [ 102.199892000403196, 2.25243755263923 ], [ 102.200481732709775, 2.251816584475539 ], [ 102.201038132723752, 2.251165626679015 ], [ 102.201559675391394, 2.250486463440862 ], [ 102.202044931200476, 2.249780956262309 ], [ 102.202492570098556, 2.249051038852804 ], [ 102.202901365138544, 2.248298711830237 ], [ 102.20327019584164, 2.247526037237783 ], [ 102.203598051268514, 2.246735132892318 ], [ 102.203884032790242, 2.245928166580005 ], [ 102.204127356551368, 2.245107350114789 ], [ 102.204327355618332, 2.24427493327631 ], [ 102.204483481807614, 2.243433197643574 ], [ 102.204595307188228, 2.242584450341533 ], [ 102.204662525254506, 2.241731017717573 ], [ 102.204684951766424, 2.240875238965225 ] ] ] } },
{ "type": "Feature", "properties": { "state": "Melaka", "parlimen": "P.137 Bukit Katil", "code_parlimen": "P.137", "dun": "N.15 Bachang", "code_dun": "N.15" }, "geometry": { "type": "Polygon", "coordinates": [ [ [ 102.270009964001289, 2.233888931796119 ], [ 102.269987537489371, 2.233033148467526 ], [ 102.269920319423079, 2.232179710285165 ], [ 102.269808494042479, 2.231330956470098 ], [ 102.269652367853183, 2.230489213407841 ], [ 102.269452368786219, 2.229656788271779 ], [ 102.269209045025093, 2.228835962699299 ], [ 102.268923063503365, 2.228028986537647 ], [ 102.268595208076491, 2.227238071677129 ], [ 102.268226377373395, 2.22646538598814 ], [ 102.267817582333421, 2.225713047378913 ], [ 102.267369943435327, 2.224983117990104 ], [ 102.266884687626245, 2.224277598542306 ], [ 102.266363144958618, 2.223598422851747 ], [ 102.265806744944626, 2.222947452529537 ], [ 102.265217012638047, 2.22232647187862 ], [ 102.26459556445414, 2.221737183002768 ], [ 102.263944103739163, 2.221181201140749 ], [ 102.263264416101677, 2.220660050238697 ], [ 102.262558364518256, 2.220175158772635 ], [ 102.261827884227202, 2.219727855832716 ], [ 102.261074977424201, 2.219319367479882 ], [ 102.260301707774488, 2.218950813384963 ], [ 102.259510194756416, 2.218623203759325 ], [ 102.258702607852129, 2.218337436585687 ], [ 102.257881160601258, 2.218094295156464 ], [ 102.257048104533581, 2.217894445926585 ], [ 102.256205722997848, 2.217738436686533 ], [ 102.255356324903332, 2.21762669506074 ], [ 102.254502238391169, 2.217559527335285 ], [ 102.253645804453086, 2.217537117618282 ], [ 102.252789370515032, 2.217559527335285 ], [ 102.251935284002855, 2.21762669506074 ], [ 102.251085885908353, 2.217738436686533 ], [ 102.250243504372605, 2.217894445926585 ], [ 102.249410448304914, 2.218094295156464 ], [ 102.248589001054043, 2.218337436585687 ], [ 102.247781414149756, 2.218623203759325 ], [ 102.246989901131698, 2.218950813384963 ], [ 102.246216631481985, 2.219319367479882 ], [ 102.245463724678984, 2.219727855832716 ], [ 102.244733244387916, 2.220175158772635 ], [ 102.244027192804495, 2.220660050238697 ], [ 102.243347505167023, 2.221181201140749 ], [ 102.24269604445206, 2.221737183002768 ], [ 102.242074596268139, 2.22232647187862 ], [ 102.241484863961546, 2.222947452529537 ], [ 102.240928463947569, 2.223598422851747 ], [ 102.240406921279941, 2.224277598542306 ], [ 102.23992166547086, 2.224983117990104 ], [ 102.239474026572765, 2.225713047378913 ], [ 102.239065231532791, 2.22646538598814 ], [ 102.238696400829696, 2.227238071677129 ], [ 102.238368545402807, 2.228028986537647 ], [ 102.238082563881093, 2.228835962699299 ], [ 102.237839240119968, 2.229656788271779 ], [ 102.237639241053003, 2.230489213407841 ], [ 102.237483114863707, 2.231330956470098 ], [ 102.237371289483107, 2.232179710285165 ], [ 102.237304071416816, 2.233033148467526 ], [ 102.237281644904897, 2.233888931796119 ], [ 102.237304071416816, 2.234744714626103 ], [ 102.237371289483107, 2.235598151318081 ], [ 102.237483114863707, 2.236446902667327 ], [ 102.237639241053003, 2.237288642315361 ], [ 102.237839240119968, 2.238121063126175 ], [ 102.238082563881093, 2.238941883509796 ], [ 102.238368545402807, 2.239748853675809 ], [ 102.238696400829696, 2.240539761799595 ], [ 102.239065231532791, 2.241312440084596 ], [ 102.239474026572765, 2.242064770703671 ], [ 102.23992166547086, 2.242794691603695 ], [ 102.240406921279941, 2.243500202157135 ], [ 102.240928463947569, 2.244179368645153 ], [ 102.241484863961546, 2.244830329557489 ], [ 102.242074596268139, 2.245451300694298 ], [ 102.24269604445206, 2.246040580056055 ], [ 102.243347505167023, 2.2465965525082 ], [ 102.244027192804495, 2.247117694207724 ], [ 102.244733244387916, 2.247602576779403 ], [ 102.245463724678984, 2.248049871230561 ], [ 102.246216631481985, 2.248458351593231 ], [ 102.246989901131698, 2.248826898284162 ], [ 102.247781414149756, 2.24915450117308 ], [ 102.248589001054043, 2.24944026235108 ], [ 102.249410448304914, 2.249683398591444 ], [ 102.250243504372605, 2.249883243496074 ], [ 102.251085885908353, 2.250039249321889 ], [ 102.251935284002855, 2.250150988481875 ], [ 102.252789370515032, 2.25021815471696 ], [ 102.253645804453086, 2.250240563935342 ], [ 102.254502238391169, 2.25021815471696 ], [ 102.255356324903332, 2.250150988481875 ], [ 102.256205722997848, 2.250039249321889 ], [ 102.257048104533581, 2.249883243496074 ], [ 102.257881160601258, 2.249683398591444 ], [ 102.258702607852129, 2.24944026235108 ], [ 102.259510194756416, 2.24915450117308 ], [ 102.260301707774488, 2.248826898284162 ], [ 102.261074977424201, 2.248458351593231 ], [ 102.261827884227202, 2.248049871230561 ], [ 102.262558364518256, 2.247602576779403 ], [ 102.263264416101677, 2.247117694207724 ], [ 102.263944103739163, 2.2465965525082 ], [ 102.26459556445414, 2.246040580056055 ], [ 102.265217012638047, 2.245451300694298 ], [ 102.265806744944626, 2.244830329557489 ], [ 102.266363144958618, 2.244179368645153 ], [ 102.266884687626245, 2.243500202157135 ], [ 102.267369943435327, 2.242794691603695 ], [ 102.267817582333421, 2.242064770703671 ], [ 102.268226377373395, 2.241312440084596 ], [ 102.268595208076491, 2.240539761799595 ], [ 102.268923063503365, 2.239748853675809 ], [ 102.269209045025093, 2.238941883509796 ], [ 102.269452368786219, 2.238121063126175 ], [ 102.269652367853183, 2.237288642315361 ], [ 102.269808494042479, 2.236446902667327 ], [ 102.269920319423079, 2.235598151318081 ], [ 102.269987537489371, 2.234744714626103 ], [ 102.270009964001289, 2.233888931796119 ] ] ] } },
{ "type": "Feature", "properties": { "state": "Melaka", "parlimen": "P.137 Bukit Katil", "code_parlimen": "P.137", "dun": "N.16 Ayer Keroh", "code_dun": "N.16" }, "geometry": { "type": "Polygon", "coordinates": [ [ [ 102.300684241778782, 2.263395215812748 ], [ 102.300661815266878, 2.262539449785876 ], [ 102.300594597200586, 2.261686028851281 ], [ 102.300482771819986, 2.260837292182815 ], [ 102.30032664563069, 2.259995566119121 ], [ 102.300126646563726, 2.259163157787214 ], [ 102.2998833228026, 2.258342348778592 ], [ 102.299597341280872, 2.257535388895452 ], [ 102.299269485853998, 2.256744489983761 ], [ 102.298900655150902, 2.255971819870584 ], [ 102.298491860110929, 2.255219496421853 ], [ 102.298044221212834, 2.254489581737104 ], [ 102.297558965403752, 2.253784076497086 ], [ 102.297037422736125, 2.253104914479579 ], [ 102.296481022722134, 2.252453957258697 ], [ 102.295891290415554, 2.251832989101991 ], [ 102.295269842231633, 2.251243712079494 ], [ 102.294618381516671, 2.250687741398028 ], [ 102.293938693879198, 2.250166600973563 ], [ 102.293232642295777, 2.249681719253903 ], [ 102.292502162004695, 2.249234425302982 ], [ 102.291749255201694, 2.248825945157557 ], [ 102.290975985551995, 2.248457398466397 ], [ 102.290184472533923, 2.24812979542097 ], [ 102.28937688562965, 2.247844033986325 ], [ 102.288555438378779, 2.24760089743947 ], [ 102.287722382311074, 2.247401052222243 ], [ 102.286880000775341, 2.247245046114376 ], [ 102.286030602680839, 2.247133306731853 ], [ 102.285176516168661, 2.247066140354776 ], [ 102.284320082230607, 2.247043731087642 ], [ 102.283463648292525, 2.247066140354776 ], [ 102.282609561780362, 2.247133306731853 ], [ 102.281760163685846, 2.247245046114376 ], [ 102.280917782150112, 2.247401052222243 ], [ 102.280084726082421, 2.24760089743947 ], [ 102.27926327883155, 2.247844033986325 ], [ 102.278455691927277, 2.24812979542097 ], [ 102.277664178909205, 2.248457398466397 ], [ 102.276890909259492, 2.248825945157557 ], [ 102.276138002456491, 2.249234425302982 ], [ 102.275407522165438, 2.249681719253903 ], [ 102.274701470582002, 2.250166600973563 ], [ 102.274021782944516, 2.250687741398028 ], [ 102.273370322229553, 2.251243712079494 ], [ 102.272748874045647, 2.251832989101991 ], [ 102.272159141739067, 2.252453957258697 ], [ 102.271602741725076, 2.253104914479579 ], [ 102.271081199057448, 2.253784076497086 ], [ 102.270595943248367, 2.254489581737104 ], [ 102.270148304350272, 2.255219496421853 ], [ 102.269739509310298, 2.255971819870584 ], [ 102.269370678607189, 2.256744489983761 ], [ 102.269042823180328, 2.257535388895452 ], [ 102.2687568416586, 2.258342348778592 ], [ 102.268513517897475, 2.259163157787214 ], [ 102.26831351883051, 2.259995566119121 ], [ 102.268157392641214, 2.260837292182815 ], [ 102.268045567260614, 2.261686028851281 ], [ 102.267978349194323, 2.262539449785876 ], [ 102.267955922682404, 2.263395215812748 ], [ 102.267978349194323, 2.26425098133442 ], [ 102.268045567260614, 2.265104400759002 ], [ 102.268157392641214, 2.265953134929156 ], [ 102.26831351883051, 2.266794857533615 ], [ 102.268513517897475, 2.267627261483265 ], [ 102.2687568416586, 2.268448065234621 ], [ 102.269042823180328, 2.269255019043105 ], [ 102.269370678607189, 2.270045911129274 ], [ 102.269739509310298, 2.270818573740859 ], [ 102.270148304350272, 2.271570889094111 ], [ 102.270595943248367, 2.272300795178208 ], [ 102.271081199057448, 2.27300629140662 ], [ 102.271602741725076, 2.273685444100292 ], [ 102.272159141739067, 2.274336391787271 ], [ 102.272748874045647, 2.274957350304454 ], [ 102.273370322229553, 2.275546617687428 ], [ 102.274021782944516, 2.276102578835003 ], [ 102.274701470582002, 2.276623709935635 ], [ 102.275407522165438, 2.277108582643675 ], [ 102.276138002456491, 2.277555867993944 ], [ 102.276890909259492, 2.27796434004389 ], [ 102.277664178909205, 2.278332879233471 ], [ 102.278455691927277, 2.278660475453377 ], [ 102.27926327883155, 2.278946230813353 ], [ 102.280084726082421, 2.279189362102942 ], [ 102.280917782150112, 2.279389202937911 ], [ 102.281760163685846, 2.279545205586556 ], [ 102.282609561780362, 2.279656942470754 ], [ 102.283463648292525, 2.279724107337818 ], [ 102.284320082230607, 2.279746516099765 ], [ 102.285176516168661, 2.279724107337818 ], [ 102.286030602680839, 2.279656942470754 ], [ 102.286880000775341, 2.279545205586556 ], [ 102.287722382311074, 2.279389202937911 ], [ 102.288555438378779, 2.279189362102942 ], [ 102.28937688562965, 2.278946230813353 ], [ 102.290184472533923, 2.278660475453377 ], [ 102.290975985551995, 2.278332879233471 ], [ 102.291749255201694, 2.27796434004389 ], [ 102.292502162004695, 2.277555867993944 ], [ 102.293232642295777, 2.277108582643675 ], [ 102.293938693879198, 2.276623709935635 ], [ 102.294618381516671, 2.276102578835003 ], [ 102.295269842231633, 2.275546617687428 ], [ 102.295891290415554, 2.274957350304454 ], [ 102.296481022722134, 2.274336391787271 ], [ 102.297037422736125, 2.273685444100292 ], [ 102.297558965403752, 2.27300629140662 ], [ 102.298044221212834, 2.272300795178208 ], [ 102.298491860110929, 2.271570889094111 ], [ 102.298900655150902, 2.270818573740859 ], [ 102.299269485853998, 2.270045911129274 ], [ 102.299597341280872, 2.269255019043105 ], [ 102.2998833228026, 2.268448065234621 ], [ 102.300126646563726, 2.267627261483265 ], [ 102.30032664563069, 2.266794857533615 ], [ 102.300482771819986, 2.265953134929156 ], [ 102.300594597200586, 2.265104400759002 ], [ 102.300661815266878, 2.26425098133442 ], [ 102.300684241778782, 2.263395215812748 ] ] ] } },
{ "type": "Feature", "properties": { "state": "Melaka", "parlimen": "P.137 Bukit Katil", "code_parlimen": "P.137", "dun": "N.17 Bukit Baru", "code_dun": "N.17" }, "geometry": { "type": "Polygon", "coordinates": [ [ [ 102.309868143141614, 2.232006031073339 ], [ 102.309845716629695, 2.231150246648358 ], [ 102.309778498563404, 2.230296807373057 ], [ 102.309666673182804, 2.229448052471437 ], [ 102.309510546993522, 2.228606308332014 ], [ 102.309310547926557, 2.227773882131128 ], [ 102.309067224165432, 2.226953055509026 ], [ 102.308781242643704, 2.226146078315858 ], [ 102.308453387216829, 2.225355162444699 ], [ 102.308084556513734, 2.22458247576872 ], [ 102.307675761473746, 2.223830136198826 ], [ 102.307228122575665, 2.223100205878267 ], [ 102.306742866766569, 2.222394685530168 ], [ 102.306221324098942, 2.221715508973201 ], [ 102.305664924084965, 2.221064537820815 ], [ 102.305075191778371, 2.220443556378181 ], [ 102.304453743594465, 2.219854266751223 ], [ 102.303802282879488, 2.219298284180741 ], [ 102.303122595242016, 2.218777132614767 ], [ 102.302416543658595, 2.218292240531119 ], [ 102.301686063367526, 2.217844937021613 ], [ 102.300933156564525, 2.21743644814872 ], [ 102.300159886914813, 2.217067893584644 ], [ 102.299368373896755, 2.21674028354206 ], [ 102.298560786992468, 2.216454516004758 ], [ 102.297739339741597, 2.216211374266156 ], [ 102.296906283673906, 2.216011524782024 ], [ 102.296063902138172, 2.215855515343506 ], [ 102.295214504043656, 2.215743773575567 ], [ 102.294360417531493, 2.215676605764657 ], [ 102.293503983593425, 2.215654196019155 ], [ 102.292647549655356, 2.215676605764657 ], [ 102.291793463143193, 2.215743773575567 ], [ 102.290944065048663, 2.215855515343506 ], [ 102.290101683512944, 2.216011524782024 ], [ 102.289268627445253, 2.216211374266156 ], [ 102.288447180194382, 2.216454516004758 ], [ 102.287639593290095, 2.21674028354206 ], [ 102.286848080272023, 2.217067893584644 ], [ 102.286074810622324, 2.21743644814872 ], [ 102.285321903819323, 2.217844937021613 ], [ 102.284591423528255, 2.218292240531119 ], [ 102.283885371944834, 2.218777132614767 ], [ 102.283205684307347, 2.219298284180741 ], [ 102.282554223592385, 2.219854266751223 ], [ 102.281932775408478, 2.220443556378181 ], [ 102.281343043101884, 2.221064537820815 ], [ 102.280786643087907, 2.221715508973201 ], [ 102.280265100420266, 2.222394685530168 ], [ 102.279779844611184, 2.223100205878267 ], [ 102.279332205713089, 2.223830136198826 ], [ 102.278923410673116, 2.22458247576872 ], [ 102.27855457997002, 2.225355162444699 ], [ 102.278226724543146, 2.226146078315858 ], [ 102.277940743021418, 2.226953055509026 ], [ 102.277697419260306, 2.227773882131128 ], [ 102.277497420193328, 2.228606308332014 ], [ 102.277341294004046, 2.229448052471437 ], [ 102.277229468623432, 2.230296807373057 ], [ 102.277162250557154, 2.231150246648358 ], [ 102.277139824045221, 2.232006031073339 ], [ 102.277162250557154, 2.232861815000118 ], [ 102.277229468623432, 2.233715252786309 ], [ 102.277341294004046, 2.234564005224183 ], [ 102.277497420193328, 2.235405745952244 ], [ 102.277697419260306, 2.236238167831533 ], [ 102.277940743021418, 2.237058989269139 ], [ 102.278226724543146, 2.237865960471708 ], [ 102.27855457997002, 2.238656869611808 ], [ 102.278923410673116, 2.23942954889002 ], [ 102.279332205713089, 2.240181880476493 ], [ 102.279779844611184, 2.240911802315416 ], [ 102.280265100420266, 2.241617313776625 ], [ 102.280786643087907, 2.242296481138799 ], [ 102.281343043101884, 2.242947442889236 ], [ 102.281932775408478, 2.243568414825752 ], [ 102.282554223592385, 2.244157694946606 ], [ 102.283205684307347, 2.244713668115138 ], [ 102.283885371944834, 2.245234810486319 ], [ 102.284591423528255, 2.245719693683079 ], [ 102.285321903819323, 2.246166988710961 ], [ 102.286074810622324, 2.24657546960042 ], [ 102.286848080272023, 2.246944016766717 ], [ 102.287639593290095, 2.247271620078267 ], [ 102.288447180194382, 2.247557381624957 ], [ 102.289268627445253, 2.247800518179063 ], [ 102.290101683512944, 2.248000363341597 ], [ 102.290944065048663, 2.248156369368742 ], [ 102.291793463143193, 2.248268108672947 ], [ 102.292647549655356, 2.248335274994734 ], [ 102.293503983593425, 2.248357684242033 ], [ 102.294360417531493, 2.248335274994734 ], [ 102.295214504043656, 2.248268108672947 ], [ 102.296063902138172, 2.248156369368742 ], [ 102.296906283673906, 2.248000363341597 ], [ 102.297739339741597, 2.247800518179063 ], [ 102.298560786992468, 2.247557381624957 ], [ 102.299368373896755, 2.247271620078267 ], [ 102.300159886914813, 2.246944016766717 ], [ 102.300933156564525, 2.24657546960042 ], [ 102.301686063367526, 2.246166988710961 ], [ 102.302416543658595, 2.245719693683079 ], [ 102.303122595242016, 2.245234810486319 ], [ 102.303802282879488, 2.244713668115138 ], [ 102.304453743594465, 2.244157694946606 ], [ 102.305075191778371, 2.243568414825752 ], [ 102.305664924084965, 2.242947442889236 ], [ 102.306221324098942, 2.242296481138799 ], [ 102.306742866766569, 2.241617313776625 ], [ 102.307228122575665, 2.240911802315416 ], [ 102.307675761473746, 2.240181880476493 ], [ 102.308084556513734, 2.23942954889002 ], [ 102.308453387216829, 2.238656869611808 ], [ 102.308781242643704, 2.237865960471721 ], [ 102.309067224165432, 2.237058989269139 ], [ 102.309310547926557, 2.236238167831533 ], [ 102.309510546993522, 2.235405745952244 ], [ 102.309666673182804, 2.234564005224183 ], [ 102.309778498563404, 2.233715252786309 ], [ 102.309845716629695, 2.232861815000118 ], [ 102.309868143141614, 2.232006031073339 ] ] ] } },
{ "type": "Feature", "properties": { "state": "Melaka", "parlimen": "P.137 Bukit Katil", "code_parlimen": "P.137", "dun": "N.18 Ayer Molek", "code_dun": "N.18" }, "geometry": { "type": "Polygon", "coordinates": [ [ [ 102.369515953729362, 2.209509513316483 ], [ 102.369493527217443, 2.208653715863657 ], [ 102.369426309151152, 2.207800263601197 ], [ 102.369314483770552, 2.206951495788662 ], [ 102.369158357581256, 2.206109738849836 ], [ 102.368958358514291, 2.205277299996015 ], [ 102.368715034753166, 2.204456460901941 ], [ 102.368429053231438, 2.203649471451729 ], [ 102.368101197804563, 2.202858543571826 ], [ 102.367732367101468, 2.202085845168023 ], [ 102.367323572061494, 2.201333494183042 ], [ 102.366875933163399, 2.200603552791124 ], [ 102.366390677354318, 2.199898021745383 ], [ 102.36586913468669, 2.199218834893444 ], [ 102.365312734672699, 2.19856785387658 ], [ 102.364723002366105, 2.197946863026642 ], [ 102.364101554182199, 2.197357564474907 ], [ 102.363450093467236, 2.196801573486273 ], [ 102.362770405829764, 2.196280414031455 ], [ 102.362064354246343, 2.19579551460949 ], [ 102.361333873955274, 2.195348204331967 ], [ 102.360580967152259, 2.194939709279537 ], [ 102.359807697502561, 2.194571149141042 ], [ 102.359016184484503, 2.194243534144096 ], [ 102.358208597580216, 2.193957762285807 ], [ 102.357387150329345, 2.193714616871196 ], [ 102.356554094261654, 2.19351476436588 ], [ 102.355711712725906, 2.193358752569121 ], [ 102.35486231463139, 2.19324700911218 ], [ 102.354008228119227, 2.193179840286063 ], [ 102.353151794181173, 2.193157430201857 ], [ 102.35229536024309, 2.193179840286063 ], [ 102.351441273730927, 2.19324700911218 ], [ 102.350591875636411, 2.193358752569121 ], [ 102.349749494100678, 2.19351476436588 ], [ 102.348916438032987, 2.193714616871196 ], [ 102.348094990782116, 2.193957762285807 ], [ 102.347287403877829, 2.194243534144096 ], [ 102.346495890859771, 2.194571149141042 ], [ 102.345722621210058, 2.194939709279537 ], [ 102.344969714407057, 2.195348204331967 ], [ 102.344239234115989, 2.19579551460949 ], [ 102.343533182532568, 2.196280414031455 ], [ 102.342853494895095, 2.196801573486273 ], [ 102.342202034180119, 2.197357564474907 ], [ 102.341580585996212, 2.197946863026642 ], [ 102.340990853689632, 2.19856785387658 ], [ 102.340434453675641, 2.199218834893444 ], [ 102.339912911008014, 2.199898021745383 ], [ 102.339427655198932, 2.200603552791124 ], [ 102.338980016300837, 2.201333494183042 ], [ 102.33857122126085, 2.202085845168023 ], [ 102.338202390557768, 2.202858543571826 ], [ 102.337874535130894, 2.203649471451729 ], [ 102.337588553609166, 2.204456460901941 ], [ 102.337345229848026, 2.205277299996015 ], [ 102.337145230781076, 2.206109738849836 ], [ 102.33698910459178, 2.206951495788662 ], [ 102.33687727921118, 2.207800263601197 ], [ 102.336810061144888, 2.208653715863657 ], [ 102.336787634632969, 2.209509513316483 ], [ 102.336810061144888, 2.210365310276132 ], [ 102.33687727921118, 2.211218761064456 ], [ 102.33698910459178, 2.212067526438027 ], [ 102.337145230781076, 2.212909279999804 ], [ 102.337345229848026, 2.213741714575499 ], [ 102.337588553609166, 2.214562548537213 ], [ 102.337874535130894, 2.215369532057091 ], [ 102.338202390557768, 2.216160453273655 ], [ 102.33857122126085, 2.216933144354104 ], [ 102.338980016300837, 2.217685487435954 ], [ 102.339427655198932, 2.218415420431551 ], [ 102.339912911008014, 2.219120942679801 ], [ 102.340434453675641, 2.219800120429438 ], [ 102.340990853689632, 2.220451092138918 ], [ 102.341580585996212, 2.221072073578384 ], [ 102.342202034180119, 2.221661362719621 ], [ 102.342853494895095, 2.222217344400883 ], [ 102.343533182532568, 2.222738494753398 ], [ 102.344239234115989, 2.22322338537786 ], [ 102.344969714407057, 2.223670687259074 ], [ 102.345722621210058, 2.224079174408373 ], [ 102.346495890859771, 2.224447727223513 ], [ 102.347287403877829, 2.224775335557121 ], [ 102.348094990782116, 2.225061101485064 ], [ 102.348916438032987, 2.225304241767327 ], [ 102.349749494100678, 2.225504089994517 ], [ 102.350591875636411, 2.225660098414227 ], [ 102.351441273730927, 2.225771839432217 ], [ 102.35229536024309, 2.225839006784185 ], [ 102.353151794181173, 2.225861416375214 ], [ 102.354008228119227, 2.225839006784185 ], [ 102.35486231463139, 2.225771839432217 ], [ 102.355711712725906, 2.225660098414227 ], [ 102.356554094261654, 2.225504089994517 ], [ 102.357387150329345, 2.225304241767327 ], [ 102.358208597580216, 2.225061101485064 ], [ 102.359016184484503, 2.224775335557121 ], [ 102.359807697502561, 2.224447727223513 ], [ 102.360580967152259, 2.224079174408373 ], [ 102.361333873955274, 2.223670687259074 ], [ 102.362064354246343, 2.22322338537786 ], [ 102.362770405829764, 2.222738494753398 ], [ 102.363450093467236, 2.222217344400883 ], [ 102.364101554182199, 2.221661362719621 ], [ 102.364723002366105, 2.221072073578384 ], [ 102.365312734672699, 2.220451092138918 ], [ 102.36586913468669, 2.219800120429438 ], [ 102.366390677354318, 2.219120942679801 ], [ 102.366875933163399, 2.218415420431551 ], [ 102.367323572061494, 2.217685487435954 ], [ 102.367732367101468, 2.216933144354104 ], [ 102.368101197804563, 2.216160453273655 ], [ 102.368429053231438, 2.215369532057091 ], [ 102.368715034753166, 2.214562548537213 ], [ 102.368958358514291, 2.213741714575499 ], [ 102.369158357581256, 2.212909279999804 ], [ 102.369314483770552, 2.212067526438027 ], [ 102.369426309151152, 2.211218761064456 ], [ 102.369493527217443, 2.210365310276132 ], [ 102.369515953729362, 2.209509513316483 ] ] ] } },
{ "type": "Feature", "properties": { "state": "Melaka", "parlimen": "P.138 Kota Melaka", "code_parlimen": "P.138", "dun": "N.19 Kesidang", "code_dun": "N.19" }, "geometry": { "type": "Polygon", "coordinates": [ [ [ 102.231371868432788, 2.220656162487058 ], [ 102.231349441920869, 2.21980037147282 ], [ 102.231282223854578, 2.218946925628834 ], [ 102.231170398473978, 2.21809816419709 ], [ 102.231014272284682, 2.217256413583941 ], [ 102.230814273217717, 2.216423980983397 ], [ 102.230570949456592, 2.215603148053161 ], [ 102.230284967934864, 2.214796164660557 ], [ 102.229957112508004, 2.214005242715544 ], [ 102.229588281804894, 2.213232550107792 ], [ 102.22917948676492, 2.212480204764301 ], [ 102.228731847866825, 2.211750268843994 ], [ 102.228246592057744, 2.211044743085148 ], [ 102.227725049390116, 2.210365561321117 ], [ 102.227168649376125, 2.209714585179395 ], [ 102.226578917069546, 2.209093598978651 ], [ 102.225957468885639, 2.208504304837646 ], [ 102.225306008170676, 2.207948318009343 ], [ 102.22462632053319, 2.207427162453274 ], [ 102.223920268949755, 2.206942266657982 ], [ 102.223189788658701, 2.206494959725271 ], [ 102.2224368818557, 2.206086467726834 ], [ 102.221663612205987, 2.205717910343272 ], [ 102.220872099187915, 2.205390297794806 ], [ 102.220064512283642, 2.205104528072004 ], [ 102.219243065032757, 2.204861384474101 ], [ 102.21841000896508, 2.204661533461866 ], [ 102.217567627429347, 2.204505522830575 ], [ 102.21671822933483, 2.204393780208365 ], [ 102.215864142822667, 2.204326611883974 ], [ 102.215007708884585, 2.204304201967155 ], [ 102.214151274946531, 2.204326611883974 ], [ 102.213297188434353, 2.204393780208365 ], [ 102.212447790339851, 2.204505522830575 ], [ 102.211605408804118, 2.204661533461866 ], [ 102.210772352736413, 2.204861384474101 ], [ 102.209950905485542, 2.205104528071991 ], [ 102.209143318581269, 2.205390297794806 ], [ 102.208351805563197, 2.205717910343272 ], [ 102.207578535913484, 2.206086467726834 ], [ 102.206825629110497, 2.206494959725271 ], [ 102.206095148819415, 2.206942266657982 ], [ 102.205389097235994, 2.207427162453274 ], [ 102.204709409598522, 2.207948318009343 ], [ 102.204057948883545, 2.208504304837646 ], [ 102.203436500699638, 2.209093598978651 ], [ 102.202846768393059, 2.209714585179395 ], [ 102.202290368379067, 2.210365561321117 ], [ 102.20176882571144, 2.211044743085148 ], [ 102.201283569902358, 2.211750268843994 ], [ 102.200835931004264, 2.212480204764301 ], [ 102.20042713596429, 2.213232550107792 ], [ 102.20005830526118, 2.214005242715544 ], [ 102.19973044983432, 2.214796164660557 ], [ 102.199444468312592, 2.215603148053161 ], [ 102.199201144551466, 2.216423980983397 ], [ 102.199001145484502, 2.217256413583941 ], [ 102.198845019295206, 2.21809816419709 ], [ 102.198733193914606, 2.218946925628834 ], [ 102.198665975848314, 2.21980037147282 ], [ 102.19864354933641, 2.220656162487058 ], [ 102.198665975848314, 2.221511953005626 ], [ 102.198733193914606, 2.222365397368046 ], [ 102.198845019295206, 2.223214156348563 ], [ 102.199001145484502, 2.224055903567665 ], [ 102.199201144551466, 2.224888331868545 ], [ 102.199444468312592, 2.225709159640582 ], [ 102.19973044983432, 2.226516137072992 ], [ 102.20005830526118, 2.227307052321106 ], [ 102.20042713596429, 2.228079737568634 ], [ 102.200835931004264, 2.228832074969212 ], [ 102.201283569902358, 2.229562002450935 ], [ 102.20176882571144, 2.230267519367978 ], [ 102.202290368379067, 2.230946691983882 ], [ 102.202846768393059, 2.231597658771376 ], [ 102.203436500699638, 2.232218635514244 ], [ 102.204057948883545, 2.232807920197387 ], [ 102.204709409598522, 2.233363897671449 ], [ 102.205389097235994, 2.233885044079391 ], [ 102.206095148819415, 2.234369931032894 ], [ 102.206825629110497, 2.234817229527021 ], [ 102.207578535913484, 2.235225713582544 ], [ 102.208351805563197, 2.235594263605869 ], [ 102.209143318581269, 2.235921869457436 ], [ 102.209950905485542, 2.236207633220056 ], [ 102.210772352736413, 2.236450771659761 ], [ 102.211605408804118, 2.23665061837232 ], [ 102.212447790339851, 2.236806625609564 ], [ 102.213297188434353, 2.236918365780558 ], [ 102.214151274946531, 2.236985532623384 ], [ 102.215007708884585, 2.237007942044532 ], [ 102.215864142822667, 2.236985532623384 ], [ 102.21671822933483, 2.236918365780558 ], [ 102.217567627429347, 2.236806625609564 ], [ 102.21841000896508, 2.23665061837232 ], [ 102.219243065032757, 2.236450771659761 ], [ 102.220064512283642, 2.236207633220056 ], [ 102.220872099187915, 2.235921869457436 ], [ 102.221663612205987, 2.235594263605869 ], [ 102.2224368818557, 2.235225713582544 ], [ 102.223189788658701, 2.234817229527021 ], [ 102.223920268949755, 2.234369931032894 ], [ 102.22462632053319, 2.233885044079391 ], [ 102.225306008170676, 2.233363897671449 ], [ 102.225957468885639, 2.232807920197387 ], [ 102.226578917069546, 2.232218635514244 ], [ 102.227168649376125, 2.231597658771376 ], [ 102.227725049390116, 2.230946691983882 ], [ 102.228246592057744, 2.230267519367978 ], [ 102.228731847866825, 2.229562002450935 ], [ 102.22917948676492, 2.228832074969212 ], [ 102.229588281804894, 2.228079737568634 ], [ 102.229957112508004, 2.227307052321106 ], [ 102.230284967934864, 2.226516137072992 ], [ 102.230570949456592, 2.225709159640582 ], [ 102.230814273217717, 2.224888331868545 ], [ 102.231014272284682, 2.224055903567665 ], [ 102.231170398473978, 2.223214156348563 ], [ 102.231282223854578, 2.222365397368046 ], [ 102.231349441920869, 2.221511953005626 ], [ 102.231371868432788, 2.220656162487058 ] ] ] } },
{ "type": "Feature", "properties": { "state": "Melaka", "parlimen": "P.138 Kota Melaka", "code_parlimen": "P.138", "dun": "N.20 Kota Laksamana", "code_dun": "N.20" }, "geometry": { "type": "Polygon", "coordinates": [ [ [ 102.25898286543962, 2.20309723968932 ], [ 102.258960438927716, 2.20224143854728 ], [ 102.258893220861424, 2.201387982607119 ], [ 102.258781395480824, 2.200539211138512 ], [ 102.258625269291528, 2.199697450575188 ], [ 102.258425270224564, 2.198865008138346 ], [ 102.258181946463438, 2.19804416551252 ], [ 102.25789596494171, 2.19723717259142 ], [ 102.25756810951485, 2.196446241310944 ], [ 102.25719927881174, 2.195673539586107 ], [ 102.256790483771766, 2.19492118536869 ], [ 102.256342844873686, 2.194191240841674 ], [ 102.25585758906459, 2.193485706766658 ], [ 102.255336046396963, 2.192806516999486 ], [ 102.254779646382971, 2.192155533189282 ], [ 102.254189914076392, 2.191534539675476 ], [ 102.253568465892485, 2.190945238596523 ], [ 102.252917005177508, 2.190389245224127 ], [ 102.252237317540036, 2.189868083535415 ], [ 102.251531265956601, 2.189383182035479 ], [ 102.250800785665533, 2.188935869841469 ], [ 102.250047878862546, 2.188527373039199 ], [ 102.249274609212819, 2.188158811322208 ], [ 102.248483096194761, 2.187831194922344 ], [ 102.247675509290488, 2.187545421840508 ], [ 102.246854062039617, 2.187302275384978 ], [ 102.246021005971912, 2.187102422024157 ], [ 102.245178624436178, 2.186946409559621 ], [ 102.244329226341677, 2.186834665624414 ], [ 102.243475139829499, 2.186767496510825 ], [ 102.242618705891445, 2.186745086330707 ], [ 102.241762271953363, 2.186767496510825 ], [ 102.240908185441199, 2.186834665624414 ], [ 102.240058787346683, 2.186946409559621 ], [ 102.239216405810964, 2.187102422024157 ], [ 102.238383349743259, 2.187302275384978 ], [ 102.237561902492388, 2.187545421840508 ], [ 102.236754315588115, 2.187831194922344 ], [ 102.235962802570043, 2.188158811322208 ], [ 102.23518953292033, 2.188527373039199 ], [ 102.234436626117343, 2.188935869841469 ], [ 102.233706145826275, 2.189383182035479 ], [ 102.23300009424284, 2.189868083535415 ], [ 102.232320406605353, 2.190389245224127 ], [ 102.231668945890391, 2.190945238596523 ], [ 102.231047497706484, 2.191534539675476 ], [ 102.230457765399905, 2.192155533189282 ], [ 102.229901365385913, 2.192806516999486 ], [ 102.229379822718286, 2.193485706766658 ], [ 102.22889456690919, 2.194191240841674 ], [ 102.22844692801111, 2.19492118536869 ], [ 102.228038132971136, 2.195673539586107 ], [ 102.227669302268026, 2.196446241310944 ], [ 102.227341446841166, 2.19723717259142 ], [ 102.227055465319438, 2.19804416551252 ], [ 102.226812141558312, 2.198865008138346 ], [ 102.226612142491348, 2.199697450575188 ], [ 102.226456016302052, 2.200539211138512 ], [ 102.226344190921438, 2.201387982607119 ], [ 102.22627697285516, 2.20224143854728 ], [ 102.226254546343242, 2.20309723968932 ], [ 102.22627697285516, 2.203953040339622 ], [ 102.226344190921438, 2.204806494809896 ], [ 102.226456016302052, 2.205655263846613 ], [ 102.226612142491348, 2.206497021042683 ], [ 102.226812141558312, 2.207329459213778 ], [ 102.227055465319438, 2.208150296722129 ], [ 102.227341446841166, 2.208957283730058 ], [ 102.227669302268026, 2.209748208366494 ], [ 102.228038132971136, 2.210520902789172 ], [ 102.22844692801111, 2.211273249126358 ], [ 102.22889456690919, 2.212003185281378 ], [ 102.229379822718286, 2.212708710584373 ], [ 102.229901365385913, 2.213387891275628 ], [ 102.230457765399905, 2.214038865805394 ], [ 102.231047497706484, 2.214659849935979 ], [ 102.231668945890391, 2.21524914163171 ], [ 102.232320406605353, 2.21580512572368 ], [ 102.23300009424284, 2.21632627833645 ], [ 102.233706145826275, 2.216811171064353 ], [ 102.234436626117343, 2.21725847488638 ], [ 102.23518953292033, 2.217666963808418 ], [ 102.235962802570043, 2.218035518223263 ], [ 102.236754315588115, 2.218363127979075 ], [ 102.237561902492388, 2.218648895147764 ], [ 102.238383349743259, 2.218892036485807 ], [ 102.239216405810964, 2.219091885580893 ], [ 102.240058787346683, 2.219247894678164 ], [ 102.240908185441199, 2.219359636181467 ], [ 102.241762271953363, 2.219426803825195 ], [ 102.242618705891445, 2.219449213513548 ], [ 102.243475139829499, 2.219426803825195 ], [ 102.244329226341677, 2.219359636181467 ], [ 102.245178624436178, 2.219247894678164 ], [ 102.246021005971912, 2.219091885580893 ], [ 102.246854062039617, 2.218892036485807 ], [ 102.247675509290488, 2.218648895147764 ], [ 102.248483096194761, 2.218363127979075 ], [ 102.249274609212819, 2.218035518223263 ], [ 102.250047878862546, 2.217666963808418 ], [ 102.250800785665533, 2.21725847488638 ], [ 102.251531265956601, 2.216811171064353 ], [ 102.252237317540036, 2.21632627833645 ], [ 102.252917005177508, 2.21580512572368 ], [ 102.253568465892485, 2.21524914163171 ], [ 102.254189914076392, 2.214659849935979 ], [ 102.254779646382971, 2.214038865805394 ], [ 102.255336046396963, 2.213387891275628 ], [ 102.25585758906459, 2.212708710584373 ], [ 102.256342844873686, 2.212003185281378 ], [ 102.256790483771766, 2.211273249126358 ], [ 102.25719927881174, 2.210520902789172 ], [ 102.25756810951485, 2.209748208366494 ], [ 102.25789596494171, 2.208957283730058 ], [ 102.258181946463438, 2.208150296722129 ], [ 102.258425270224564, 2.207329459213778 ], [ 102.258625269291528, 2.206497021042683 ], [ 102.258781395480824, 2.205655263846613 ], [ 102.258893220861424, 2.204806494809896 ], [ 102.258960438927716, 2.203953040339622 ], [ 102.25898286543962, 2.20309723968932 ] ] ] } },
{ "type": "Feature", "properties": { "state": "Melaka", "parlimen": "P.138 Kota Melaka", "code_parlimen": "P.138", "dun": "N.21 Duyong", "code_dun": "N.21" }, "geometry": { "type": "Polygon", "coordinates": [ [ [ 102.304161030778374, 2.199803250945549 ], [ 102.304138604266456, 2.198947447912516 ], [ 102.304071386200178, 2.198093990087291 ], [ 102.303959560819578, 2.197245216744675 ], [ 102.303803434630282, 2.196403454323551 ], [ 102.303603435563318, 2.195571010050168 ], [ 102.303360111802192, 2.194750165614059 ], [ 102.303074130280464, 2.193943170913896 ], [ 102.30274627485359, 2.193152237890401 ], [ 102.302377444150494, 2.192379534463318 ], [ 102.30196864911052, 2.191627178589061 ], [ 102.301521010212426, 2.190897232455089 ], [ 102.301035754403344, 2.190191696827377 ], [ 102.300514211735717, 2.18951250556593 ], [ 102.299957811721725, 2.188861520323979 ], [ 102.299368079415132, 2.188240525444761 ], [ 102.298746631231225, 2.187651223070432 ], [ 102.298095170516262, 2.187095228476194 ], [ 102.29741548287879, 2.186574065642495 ], [ 102.296709431295369, 2.186089163077468 ], [ 102.295978951004301, 2.185641849901124 ], [ 102.295226044201286, 2.185233352201963 ], [ 102.294452774551587, 2.18486478967589 ], [ 102.293661261533515, 2.184537172556941 ], [ 102.292853674629242, 2.18425139884795 ], [ 102.292032227378371, 2.184008251858876 ], [ 102.29119917131068, 2.183808398059559 ], [ 102.290356789774933, 2.183652385252743 ], [ 102.289507391680417, 2.183540641072405 ], [ 102.288653305168253, 2.183473471811467 ], [ 102.287796871230199, 2.183451061582191 ], [ 102.286940437292117, 2.183473471811467 ], [ 102.286086350779954, 2.183540641072405 ], [ 102.285236952685437, 2.183652385252743 ], [ 102.284394571149704, 2.183808398059559 ], [ 102.283561515082013, 2.184008251858876 ], [ 102.282740067831142, 2.18425139884795 ], [ 102.281932480926855, 2.184537172556941 ], [ 102.281140967908797, 2.18486478967589 ], [ 102.280367698259084, 2.185233352201963 ], [ 102.279614791456083, 2.185641849901124 ], [ 102.278884311165015, 2.186089163077468 ], [ 102.278178259581594, 2.186574065642495 ], [ 102.277498571944122, 2.187095228476194 ], [ 102.276847111229145, 2.187651223070432 ], [ 102.276225663045238, 2.188240525444761 ], [ 102.275635930738659, 2.188861520323979 ], [ 102.275079530724668, 2.18951250556593 ], [ 102.27455798805704, 2.190191696827377 ], [ 102.274072732247959, 2.190897232455089 ], [ 102.273625093349864, 2.191627178589061 ], [ 102.273216298309876, 2.192379534463318 ], [ 102.272847467606795, 2.193152237890401 ], [ 102.27251961217992, 2.193943170913896 ], [ 102.272233630658192, 2.194750165614059 ], [ 102.271990306897052, 2.195571010050168 ], [ 102.271790307830102, 2.196403454323551 ], [ 102.271634181640806, 2.197245216744675 ], [ 102.271522356260206, 2.198093990087291 ], [ 102.271455138193915, 2.198947447912516 ], [ 102.271432711681996, 2.199803250945549 ], [ 102.271455138193915, 2.200659053487567 ], [ 102.271522356260206, 2.201512509845106 ], [ 102.271634181640806, 2.202361280759457 ], [ 102.271790307830102, 2.203203039818353 ], [ 102.271990306897052, 2.204035479832363 ], [ 102.272233630658192, 2.204856319158618 ], [ 102.27251961217992, 2.20566330795445 ], [ 102.272847467606795, 2.206454234343818 ], [ 102.273216298309876, 2.207226930479644 ], [ 102.273625093349864, 2.207979278485425 ], [ 102.274072732247959, 2.208709216259894 ], [ 102.27455798805704, 2.209414743128676 ], [ 102.275079530724668, 2.210093925327731 ], [ 102.275635930738659, 2.21074490130311 ], [ 102.276225663045238, 2.211365886813101 ], [ 102.276847111229145, 2.211955179818203 ], [ 102.277498571944122, 2.212511165145857 ], [ 102.278178259581594, 2.213032318917176 ], [ 102.278884311165015, 2.213517212723274 ], [ 102.279614791456083, 2.213964517540115 ], [ 102.280367698259084, 2.214373007370812 ], [ 102.281140967908797, 2.214741562605629 ], [ 102.281932480926855, 2.215069173090437 ], [ 102.282740067831142, 2.215354940895097 ], [ 102.283561515082013, 2.215598082774318 ], [ 102.284394571149704, 2.215797932314262 ], [ 102.285236952685437, 2.215953941758836 ], [ 102.286086350779954, 2.216065683510923 ], [ 102.286940437292117, 2.216132851304174 ], [ 102.287796871230199, 2.216155261042437 ], [ 102.288653305168253, 2.216132851304174 ], [ 102.289507391680417, 2.216065683510923 ], [ 102.290356789774933, 2.215953941758836 ], [ 102.29119917131068, 2.215797932314262 ], [ 102.292032227378371, 2.215598082774318 ], [ 102.292853674629242, 2.215354940895097 ], [ 102.293661261533515, 2.215069173090437 ], [ 102.294452774551587, 2.214741562605629 ], [ 102.295226044201286, 2.214373007370812 ], [ 102.295978951004301, 2.213964517540115 ], [ 102.296709431295369, 2.213517212723274 ], [ 102.29741548287879, 2.213032318917176 ], [ 102.298095170516262, 2.212511165145857 ], [ 102.298746631231225, 2.211955179818203 ], [ 102.299368079415132, 2.211365886813101 ], [ 102.299957811721725, 2.21074490130311 ], [ 102.300514211735717, 2.210093925327731 ], [ 102.301035754403344, 2.209414743128676 ], [ 102.301521010212426, 2.208709216259894 ], [ 102.30196864911052, 2.207979278485425 ], [ 102.302377444150494, 2.207226930479644 ], [ 102.30274627485359, 2.206454234343818 ], [ 102.303074130280464, 2.20566330795445 ], [ 102.303360111802192, 2.204856319158618 ], [ 102.303603435563318, 2.204035479832363 ], [ 102.303803434630282, 2.203203039818353 ], [ 102.303959560819578, 2.202361280759457 ], [ 102.304071386200178, 2.201512509845106 ], [ 102.304138604266456, 2.200659053487567 ], [ 102.304161030778374, 2.199803250945549 ] ] ] } },
{ "type": "Feature", "properties": { "state": "Melaka", "parlimen": "P.138 Kota Melaka", "code_parlimen": "P.138", "dun": "N.22 Bandar Hilir", "code_dun": "N.22" }, "geometry": { "type": "Polygon", "coordinates": [ [ [ 102.279852737234521, 2.177904639823826 ], [ 102.279830310722616, 2.177048824291328 ], [ 102.279763092656324, 2.176195354005745 ], [ 102.279651267275725, 2.175346568276001 ], [ 102.279495141086429, 2.174504793574795 ], [ 102.279295142019464, 2.17367233716192 ], [ 102.279051818258338, 2.172851480760019 ], [ 102.278765836736611, 2.172044474300327 ], [ 102.27843798130975, 2.171253529755564 ], [ 102.27806915060664, 2.170480815076812 ], [ 102.277660355566667, 2.169728448250976 ], [ 102.277212716668572, 2.168998491495262 ], [ 102.27672746085949, 2.168292945604371 ], [ 102.276205918191863, 2.167613744466118 ], [ 102.275649518177872, 2.166962749760414 ], [ 102.275059785871292, 2.166341745856054 ], [ 102.274438337687386, 2.165752434919595 ], [ 102.273786876972423, 2.165196432249281 ], [ 102.273107189334922, 2.164675261847299 ], [ 102.272401137751501, 2.16419035224219 ], [ 102.271670657460433, 2.163743032572922 ], [ 102.270917750657446, 2.163334528945398 ], [ 102.270144481007733, 2.16296596107149 ], [ 102.269352967989661, 2.162638339199596 ], [ 102.268545381085389, 2.162352561345287 ], [ 102.267723933834503, 2.162109410829639 ], [ 102.266890877766812, 2.161909554131971 ], [ 102.266048496231079, 2.161753539062789 ], [ 102.265199098136577, 2.161641793262123 ], [ 102.2643450116244, 2.161574623027249 ], [ 102.263488577686331, 2.161552212473035 ], [ 102.262632143748277, 2.161574623027249 ], [ 102.2617780572361, 2.161641793262123 ], [ 102.260928659141598, 2.161753539062789 ], [ 102.260086277605851, 2.161909554131971 ], [ 102.25925322153816, 2.162109410829639 ], [ 102.258431774287288, 2.162352561345287 ], [ 102.257624187383016, 2.162638339199596 ], [ 102.256832674364944, 2.16296596107149 ], [ 102.256059404715231, 2.163334528945398 ], [ 102.255306497912244, 2.163743032572922 ], [ 102.254576017621162, 2.16419035224219 ], [ 102.25386996603774, 2.164675261847299 ], [ 102.253190278400254, 2.165196432249281 ], [ 102.252538817685291, 2.165752434919595 ], [ 102.251917369501385, 2.166341745856054 ], [ 102.251327637194805, 2.166962749760414 ], [ 102.250771237180814, 2.167613744466118 ], [ 102.250249694513172, 2.168292945604371 ], [ 102.249764438704091, 2.168998491495262 ], [ 102.24931679980601, 2.169728448250976 ], [ 102.248908004766037, 2.170480815076812 ], [ 102.248539174062927, 2.171253529755564 ], [ 102.248211318636066, 2.172044474300327 ], [ 102.247925337114339, 2.172851480760019 ], [ 102.247682013353213, 2.17367233716192 ], [ 102.247482014286248, 2.174504793574795 ], [ 102.247325888096952, 2.175346568276001 ], [ 102.247214062716353, 2.176195354005745 ], [ 102.247146844650061, 2.177048824291328 ], [ 102.247124418138156, 2.177904639823826 ], [ 102.247146844650061, 2.178760454870195 ], [ 102.247214062716353, 2.179613923702658 ], [ 102.247325888096952, 2.180462707028285 ], [ 102.247482014286248, 2.181304478400659 ], [ 102.247682013353213, 2.182136930596461 ], [ 102.247925337114339, 2.182957781939297 ], [ 102.248211318636066, 2.18376478255332 ], [ 102.248539174062927, 2.184555720529855 ], [ 102.248908004766037, 2.185328427989805 ], [ 102.24931679980601, 2.186080787025342 ], [ 102.249764438704091, 2.186810735504617 ], [ 102.250249694513172, 2.187516272723598 ], [ 102.250771237180814, 2.188195464889494 ], [ 102.251327637194805, 2.188846450420697 ], [ 102.251917369501385, 2.189467445048905 ], [ 102.252538817685291, 2.190056746709238 ], [ 102.253190278400254, 2.190612740205052 ], [ 102.25386996603774, 2.191133901634676 ], [ 102.254576017621162, 2.191618802567876 ], [ 102.255306497912244, 2.192066113960704 ], [ 102.256059404715231, 2.19247460979793 ], [ 102.256832674364944, 2.192843170453023 ], [ 102.257624187383016, 2.193170785756702 ], [ 102.258431774287288, 2.193456557765343 ], [ 102.25925322153816, 2.193699703221911 ], [ 102.260086277605851, 2.19389955570252 ], [ 102.260928659141598, 2.194055567442883 ], [ 102.2617780572361, 2.194167310839405 ], [ 102.262632143748277, 2.194234479621173 ], [ 102.263488577686331, 2.194256889689246 ], [ 102.2643450116244, 2.194234479621173 ], [ 102.265199098136577, 2.194167310839405 ], [ 102.266048496231079, 2.194055567442883 ], [ 102.266890877766812, 2.19389955570252 ], [ 102.267723933834503, 2.193699703221911 ], [ 102.268545381085389, 2.193456557765343 ], [ 102.269352967989661, 2.193170785756702 ], [ 102.270144481007733, 2.192843170453023 ], [ 102.270917750657446, 2.19247460979793 ], [ 102.271670657460433, 2.192066113960704 ], [ 102.272401137751501, 2.191618802567876 ], [ 102.273107189334922, 2.191133901634676 ], [ 102.273786876972423, 2.190612740205052 ], [ 102.274438337687386, 2.190056746709238 ], [ 102.275059785871292, 2.189467445048905 ], [ 102.275649518177872, 2.188846450420697 ], [ 102.276205918191863, 2.188195464889494 ], [ 102.27672746085949, 2.187516272723598 ], [ 102.277212716668572, 2.186810735504617 ], [ 102.277660355566667, 2.186080787025342 ], [ 102.27806915060664, 2.185328427989805 ], [ 102.27843798130975, 2.184555720529855 ], [ 102.278765836736611, 2.18376478255332 ], [ 102.279051818258338, 2.182957781939297 ], [ 102.279295142019464, 2.182136930596461 ], [ 102.279495141086429, 2.181304478400659 ], [ 102.279651267275725, 2.180462707028285 ], [ 102.279763092656324, 2.179613923702658 ], [ 102.279830310722616, 2.178760454870195 ], [ 102.279852737234521, 2.177904639823826 ] ] ] } },
{ "type": "Feature", "properties": { "state": "Melaka", "parlimen": "P.138 Kota Melaka", "code_parlimen": "P.138", "dun": "N.23 Telok Mas", "code_dun": "N.23" }, "geometry": { "type": "Polygon", "coordinates": [ [ [ 102.326717329124818, 2.17610648721598 ], [ 102.326694902612914, 2.175250670662664 ], [ 102.326627684546622, 2.174397199359482 ], [ 102.326515859166022, 2.173548412618093 ], [ 102.326359732976726, 2.172706636914006 ], [ 102.326159733909762, 2.171874179509728 ], [ 102.325916410148636, 2.171053322130607 ], [ 102.325630428626894, 2.170246314710553 ], [ 102.325302573200034, 2.169455369224881 ], [ 102.324933742496938, 2.16868265362724 ], [ 102.324524947456965, 2.16793028590702 ], [ 102.32407730855887, 2.167200328283867 ], [ 102.323592052749774, 2.166494781554811 ], [ 102.323070510082161, 2.165815579609969 ], [ 102.32251411006817, 2.165164584131378 ], [ 102.32192437776159, 2.164543579489994 ], [ 102.321302929577669, 2.163954267854284 ], [ 102.320651468862707, 2.163398264524424 ], [ 102.319971781225235, 2.162877093504384 ], [ 102.319265729641799, 2.162392183324346 ], [ 102.318535249350731, 2.161944863124816 ], [ 102.31778234254773, 2.16153635901316 ], [ 102.317009072898017, 2.161167790702523 ], [ 102.316217559879959, 2.160840168442475 ], [ 102.315409972975687, 2.160554390249627 ], [ 102.314588525724801, 2.160311239445987 ], [ 102.31375546965711, 2.160111382511622 ], [ 102.312913088121377, 2.159955367257688 ], [ 102.312063690026861, 2.159843621324698 ], [ 102.311209603514698, 2.159776451010285 ], [ 102.310353169576629, 2.159754040429544 ], [ 102.309496735638561, 2.159776451010285 ], [ 102.308642649126398, 2.159843621324698 ], [ 102.307793251031882, 2.159955367257688 ], [ 102.306950869496148, 2.160111382511622 ], [ 102.306117813428443, 2.160311239445987 ], [ 102.305296366177572, 2.160554390249627 ], [ 102.304488779273299, 2.160840168442475 ], [ 102.303697266255242, 2.161167790702523 ], [ 102.302923996605529, 2.16153635901316 ], [ 102.302171089802528, 2.161944863124816 ], [ 102.301440609511459, 2.162392183324346 ], [ 102.300734557928038, 2.162877093504384 ], [ 102.300054870290552, 2.163398264524424 ], [ 102.299403409575589, 2.163954267854284 ], [ 102.298781961391683, 2.164543579489994 ], [ 102.298192229085103, 2.165164584131378 ], [ 102.297635829071098, 2.165815579609969 ], [ 102.29711428640347, 2.166494781554811 ], [ 102.296629030594389, 2.167200328283867 ], [ 102.296181391696294, 2.16793028590702 ], [ 102.295772596656334, 2.16868265362724 ], [ 102.295403765953225, 2.169455369224881 ], [ 102.295075910526364, 2.170246314710553 ], [ 102.294789929004637, 2.171053322130607 ], [ 102.294546605243511, 2.171874179509728 ], [ 102.294346606176546, 2.172706636914006 ], [ 102.294190479987236, 2.173548412618093 ], [ 102.294078654606636, 2.174397199359482 ], [ 102.294011436540359, 2.175250670662664 ], [ 102.29398901002844, 2.17610648721598 ], [ 102.294011436540359, 2.176962303283562 ], [ 102.294078654606636, 2.177815773134846 ], [ 102.294190479987236, 2.178664557474077 ], [ 102.294346606176546, 2.179506329852066 ], [ 102.294546605243511, 2.180338783042759 ], [ 102.294789929004637, 2.181159635366973 ], [ 102.295075910526364, 2.18196663694618 ], [ 102.295403765953225, 2.182757575869032 ], [ 102.295772596656334, 2.183530284253836 ], [ 102.296181391696294, 2.184282644190158 ], [ 102.296629030594389, 2.185012593543691 ], [ 102.29711428640347, 2.185718131607987 ], [ 102.297635829071098, 2.186397324587876 ], [ 102.298192229085103, 2.18704831089951 ], [ 102.298781961391683, 2.187669306272414 ], [ 102.299403409575589, 2.188258608639619 ], [ 102.300054870290552, 2.188814602802548 ], [ 102.300734557928038, 2.189335764857622 ], [ 102.301440609511459, 2.189820666372901 ], [ 102.302171089802528, 2.190267978302798 ], [ 102.302923996605529, 2.19067647463058 ], [ 102.303697266255242, 2.191045035728355 ], [ 102.304488779273299, 2.191372651425608 ], [ 102.305296366177572, 2.191658423777597 ], [ 102.306117813428443, 2.191901569526318 ], [ 102.306950869496148, 2.19210142224711 ], [ 102.307793251031882, 2.192257434174959 ], [ 102.308642649126398, 2.19236917770579 ], [ 102.309496735638561, 2.192436346568293 ], [ 102.310353169576629, 2.1924587566633 ], [ 102.311209603514698, 2.192436346568293 ], [ 102.312063690026861, 2.19236917770579 ], [ 102.312913088121377, 2.192257434174959 ], [ 102.31375546965711, 2.19210142224711 ], [ 102.314588525724801, 2.191901569526318 ], [ 102.315409972975687, 2.191658423777597 ], [ 102.316217559879959, 2.191372651425608 ], [ 102.317009072898017, 2.191045035728355 ], [ 102.31778234254773, 2.19067647463058 ], [ 102.318535249350731, 2.190267978302798 ], [ 102.319265729641799, 2.189820666372901 ], [ 102.319971781225235, 2.189335764857622 ], [ 102.320651468862707, 2.188814602802548 ], [ 102.321302929577669, 2.188258608639619 ], [ 102.32192437776159, 2.187669306272414 ], [ 102.32251411006817, 2.18704831089951 ], [ 102.323070510082161, 2.186397324587876 ], [ 102.323592052749774, 2.185718131607987 ], [ 102.32407730855887, 2.185012593543691 ], [ 102.324524947456965, 2.184282644190158 ], [ 102.324933742496938, 2.183530284253836 ], [ 102.325302573200034, 2.182757575869032 ], [ 102.325630428626894, 2.18196663694618 ], [ 102.325916410148636, 2.181159635366973 ], [ 102.326159733909762, 2.180338783042759 ], [ 102.326359732976726, 2.179506329852066 ], [ 102.326515859166022, 2.178664557474077 ], [ 102.326627684546622, 2.177815773134846 ], [ 102.326694902612914, 2.176962303283562 ], [ 102.326717329124818, 2.17610648721598 ] ] ] } },
{ "type": "Feature", "properties": { "state": "Melaka", "parlimen": "P.139 Jasin", "code_parlimen": "P.139", "dun": "N.24 Bemban", "code_dun": "N.24" }, "geometry": { "type": "Polygon", "coordinates": [ [ [ 102.38775172031022, 2.300660950769112 ], [ 102.387729293798316, 2.299805206918251 ], [ 102.387662075732024, 2.298951808090598 ], [ 102.387550250351424, 2.298103093399547 ], [ 102.387394124162114, 2.297261389123646 ], [ 102.387194125095164, 2.296429002330429 ], [ 102.386950801334038, 2.295608214552697 ], [ 102.386664819812296, 2.294801275534733 ], [ 102.386336964385436, 2.294010397065778 ], [ 102.38596813368234, 2.293237746917325 ], [ 102.385559338642366, 2.292485442901058 ], [ 102.385111699744272, 2.291755547063843 ], [ 102.38462644393519, 2.291050060035287 ], [ 102.384104901267563, 2.290370915543921 ], [ 102.383548501253557, 2.289719975116406 ], [ 102.382958768946978, 2.28909902297495 ], [ 102.382337320763071, 2.288509761146307 ], [ 102.381685860048108, 2.287953804796305 ], [ 102.381006172410636, 2.287432677802292 ], [ 102.380300120827201, 2.28694780857589 ], [ 102.379569640536133, 2.286500526147381 ], [ 102.378816733733132, 2.286092056522543 ], [ 102.378043464083419, 2.285723519321815 ], [ 102.377251951065361, 2.285395924711206 ], [ 102.376444364161088, 2.285110170633082 ], [ 102.375622916910217, 2.284867040344706 ], [ 102.374789860842512, 2.284667200271111 ], [ 102.373947479306779, 2.28451119817821 ], [ 102.373098081212262, 2.284399461671252 ], [ 102.372243994700099, 2.284332297022603 ], [ 102.371387560762045, 2.28430988833213 ], [ 102.370531126823963, 2.284332297022603 ], [ 102.369677040311799, 2.284399461671252 ], [ 102.368827642217283, 2.28451119817821 ], [ 102.36798526068155, 2.284667200271111 ], [ 102.367152204613859, 2.284867040344706 ], [ 102.366330757362974, 2.285110170633082 ], [ 102.365523170458701, 2.285395924711206 ], [ 102.364731657440643, 2.285723519321815 ], [ 102.36395838779093, 2.286092056522543 ], [ 102.363205480987929, 2.286500526147381 ], [ 102.362475000696861, 2.28694780857589 ], [ 102.36176894911344, 2.287432677802292 ], [ 102.361089261475954, 2.287953804796305 ], [ 102.360437800760991, 2.288509761146307 ], [ 102.359816352577084, 2.28909902297495 ], [ 102.359226620270505, 2.289719975116406 ], [ 102.358670220256499, 2.290370915543921 ], [ 102.358148677588886, 2.291050060035287 ], [ 102.35766342177979, 2.291755547063843 ], [ 102.35721578288171, 2.292485442901058 ], [ 102.356806987841722, 2.293237746917325 ], [ 102.356438157138626, 2.294010397065778 ], [ 102.356110301711766, 2.294801275534733 ], [ 102.355824320190038, 2.295608214552697 ], [ 102.355580996428898, 2.296429002330429 ], [ 102.355380997361948, 2.297261389123646 ], [ 102.355224871172638, 2.298103093399547 ], [ 102.355113045792038, 2.298951808090598 ], [ 102.35504582772576, 2.299805206918251 ], [ 102.355023401213842, 2.300660950769112 ], [ 102.35504582772576, 2.301516694106493 ], [ 102.355113045792038, 2.302370091399311 ], [ 102.355224871172638, 2.303218803551007 ], [ 102.355380997361948, 2.304060504310844 ], [ 102.355580996428898, 2.304892886649796 ], [ 102.355824320190038, 2.305713669083903 ], [ 102.356110301711766, 2.306520601927392 ], [ 102.356438157138626, 2.30731147345868 ], [ 102.356806987841722, 2.308084115982301 ], [ 102.35721578288171, 2.308836411770091 ], [ 102.35766342177979, 2.30956629886536 ], [ 102.358148677588886, 2.310271776734237 ], [ 102.358670220256499, 2.310950911748593 ], [ 102.359226620270505, 2.311601842485556 ], [ 102.359816352577084, 2.312222784829135 ], [ 102.360437800760991, 2.312812036859889 ], [ 102.361089261475954, 2.313367983519351 ], [ 102.36176894911344, 2.313889101036342 ], [ 102.362475000696861, 2.31437396110309 ], [ 102.363205480987929, 2.314821234789628 ], [ 102.36395838779093, 2.315229696185989 ], [ 102.364731657440643, 2.315598225761872 ], [ 102.365523170458701, 2.315925813434826 ], [ 102.366330757362974, 2.316211561338488 ], [ 102.367152204613859, 2.316454686283227 ], [ 102.36798526068155, 2.31665452190257 ], [ 102.368827642217283, 2.316810520479393 ], [ 102.369677040311799, 2.316922254446996 ], [ 102.370531126823963, 2.316989417560824 ], [ 102.371387560762045, 2.317011825737816 ], [ 102.372243994700099, 2.316989417560824 ], [ 102.373098081212262, 2.316922254446996 ], [ 102.373947479306779, 2.316810520479393 ], [ 102.374789860842512, 2.31665452190257 ], [ 102.375622916910217, 2.316454686283227 ], [ 102.376444364161088, 2.316211561338488 ], [ 102.377251951065361, 2.315925813434826 ], [ 102.378043464083419, 2.315598225761872 ], [ 102.378816733733132, 2.315229696185989 ], [ 102.379569640536133, 2.314821234789628 ], [ 102.380300120827201, 2.31437396110309 ], [ 102.381006172410636, 2.313889101036342 ], [ 102.381685860048108, 2.313367983519351 ], [ 102.382337320763071, 2.312812036859889 ], [ 102.382958768946978, 2.312222784829135 ], [ 102.383548501253557, 2.311601842485556 ], [ 102.384104901267563, 2.310950911748593 ], [ 102.38462644393519, 2.310271776734237 ], [ 102.385111699744272, 2.30956629886536 ], [ 102.385559338642366, 2.308836411770091 ], [ 102.38596813368234, 2.308084115982301 ], [ 102.386336964385436, 2.30731147345868 ], [ 102.386664819812296, 2.306520601927392 ], [ 102.386950801334038, 2.305713669083903 ], [ 102.387194125095164, 2.304892886649796 ], [ 102.387394124162114, 2.304060504310844 ], [ 102.387550250351424, 2.303218803551007 ], [ 102.387662075732024, 2.302370091399311 ], [ 102.387729293798316, 2.301516694106493 ], [ 102.38775172031022, 2.300660950769112 ] ] ] } },
{ "type": "Feature", "properties": { "state": "Melaka", "parlimen": "P.139 Jasin", "code_parlimen": "P.139", "dun": "N.25 Rim", "code_dun": "N.25" }, "geometry": { "type": "Polygon", "coordinates": [ [ [ 102.475722823059755, 2.332548344566174 ], [ 102.47570039654785, 2.331692619978177 ], [ 102.475633178481559, 2.330839240353555 ], [ 102.475521353100959, 2.329990544753084 ], [ 102.475365226911663, 2.329148859403175 ], [ 102.475165227844698, 2.328316491319686 ], [ 102.474921904083573, 2.327495721984349 ], [ 102.474635922561831, 2.32668880109126 ], [ 102.47430806713497, 2.325897940380295 ], [ 102.473939236431875, 2.325125307574656 ], [ 102.473530441391901, 2.324373020438979 ], [ 102.473082802493806, 2.323643140974256 ], [ 102.472597546684725, 2.322937669765778 ], [ 102.472076004017097, 2.322258540499206 ], [ 102.471519604003106, 2.321607614660017 ], [ 102.470929871696526, 2.320986676430969 ], [ 102.470308423512606, 2.320397427801259 ], [ 102.469656962797643, 2.319841483901068 ], [ 102.468977275160171, 2.319320368574207 ], [ 102.46827122357675, 2.318835510200824 ], [ 102.467540743285667, 2.318388237782004 ], [ 102.466787836482666, 2.317979777296554 ], [ 102.466014566832968, 2.317611248340371 ], [ 102.465223053814896, 2.317283661057251 ], [ 102.464415466910623, 2.316997913369892 ], [ 102.463594019659752, 2.316754788518407 ], [ 102.462760963592046, 2.316554952913211 ], [ 102.461918582056313, 2.316398954308234 ], [ 102.461069183961797, 2.31628722029936 ], [ 102.460215097449634, 2.316220057152225 ], [ 102.45935866351158, 2.316197648962715 ], [ 102.458502229573497, 2.316220057152225 ], [ 102.457648143061334, 2.31628722029936 ], [ 102.456798744966818, 2.316398954308234 ], [ 102.455956363431085, 2.316554952913211 ], [ 102.455123307363394, 2.316754788518407 ], [ 102.454301860112508, 2.316997913369892 ], [ 102.453494273208236, 2.317283661057251 ], [ 102.452702760190178, 2.317611248340371 ], [ 102.451929490540465, 2.317979777296554 ], [ 102.451176583737464, 2.318388237782004 ], [ 102.450446103446396, 2.318835510200824 ], [ 102.449740051862975, 2.319320368574207 ], [ 102.449060364225488, 2.319841483901068 ], [ 102.448408903510526, 2.320397427801259 ], [ 102.447787455326619, 2.320986676430969 ], [ 102.447197723020039, 2.321607614660017 ], [ 102.446641323006048, 2.322258540499206 ], [ 102.446119780338421, 2.322937669765778 ], [ 102.445634524529339, 2.323643140974256 ], [ 102.445186885631244, 2.324373020438979 ], [ 102.444778090591271, 2.325125307574656 ], [ 102.444409259888161, 2.325897940380295 ], [ 102.444081404461301, 2.32668880109126 ], [ 102.443795422939573, 2.327495721984349 ], [ 102.443552099178447, 2.328316491319686 ], [ 102.443352100111483, 2.329148859403175 ], [ 102.443195973922187, 2.329990544753084 ], [ 102.443084148541587, 2.330839240353555 ], [ 102.443016930475295, 2.331692619978177 ], [ 102.442994503963376, 2.332548344566174 ], [ 102.443016930475295, 2.333404068633578 ], [ 102.443084148541587, 2.334257446702158 ], [ 102.443195973922187, 2.335106139728148 ], [ 102.443352100111483, 2.335947821513368 ], [ 102.443552099178447, 2.336780185081003 ], [ 102.443795422939573, 2.3376009489988 ], [ 102.444081404461301, 2.338407863632023 ], [ 102.444409259888161, 2.339198717309382 ], [ 102.444778090591271, 2.339971342384734 ], [ 102.445186885631244, 2.340723621178146 ], [ 102.445634524529339, 2.34145349178 ], [ 102.446119780338421, 2.342158953702136 ], [ 102.446641323006048, 2.342838073360634 ], [ 102.447197723020039, 2.343488989375267 ], [ 102.447787455326619, 2.344109917670921 ], [ 102.448408903510526, 2.344699156367251 ], [ 102.449060364225488, 2.345255090442874 ], [ 102.449740051862975, 2.345776196161661 ], [ 102.450446103446396, 2.346261045248689 ], [ 102.451176583737464, 2.346708308804664 ], [ 102.451929490540465, 2.347116760947837 ], [ 102.452702760190178, 2.347485282173734 ], [ 102.453494273208236, 2.347812862423247 ], [ 102.454301860112508, 2.34809860385074 ], [ 102.455123307363394, 2.348341723284697 ], [ 102.455956363431085, 2.34854155437404 ], [ 102.456798744966818, 2.348697549414328 ], [ 102.457648143061334, 2.34880928084872 ], [ 102.458502229573497, 2.348876442439801 ], [ 102.45935866351158, 2.348898850108732 ], [ 102.460215097449634, 2.348876442439801 ], [ 102.461069183961797, 2.34880928084872 ], [ 102.461918582056313, 2.348697549414328 ], [ 102.462760963592046, 2.34854155437404 ], [ 102.463594019659752, 2.348341723284697 ], [ 102.464415466910623, 2.34809860385074 ], [ 102.465223053814896, 2.347812862423247 ], [ 102.466014566832968, 2.347485282173734 ], [ 102.466787836482666, 2.347116760947837 ], [ 102.467540743285667, 2.346708308804664 ], [ 102.46827122357675, 2.346261045248689 ], [ 102.468977275160171, 2.345776196161661 ], [ 102.469656962797643, 2.345255090442874 ], [ 102.470308423512606, 2.344699156367251 ], [ 102.470929871696526, 2.344109917670921 ], [ 102.471519604003106, 2.343488989375267 ], [ 102.472076004017097, 2.342838073360634 ], [ 102.472597546684725, 2.342158953702136 ], [ 102.473082802493806, 2.34145349178 ], [ 102.473530441391901, 2.340723621178146 ], [ 102.473939236431875, 2.339971342384734 ], [ 102.47430806713497, 2.339198717309382 ], [ 102.474635922561831, 2.338407863632023 ], [ 102.474921904083573, 2.3376009489988 ], [ 102.475165227844698, 2.336780185081003 ], [ 102.475365226911663, 2.335947821513368 ], [ 102.475521353100959, 2.335106139728148 ], [ 102.475633178481559, 2.334257446702158 ], [ 102.47570039654785, 2.333404068633578 ], [ 102.475722823059755, 2.332548344566174 ] ] ] } },
{ "type": "Feature", "properties": { "state": "Melaka", "parlimen": "P.139 Jasin", "code_parlimen": "P.139", "dun": "N.26 Serkam", "code_dun": "N.26" }, "geometry": { "type": "Polygon", "coordinates": [ [ [ 102.398668202075527, 2.165023697684179 ], [ 102.398645775563622, 2.164167874857779 ], [ 102.398578557497331, 2.163314397301169 ], [ 102.398466732116731, 2.162465604343105 ], [ 102.398310605927435, 2.161623822476096 ], [ 102.39811060686047, 2.160791358979478 ], [ 102.397867283099345, 2.159970495595215 ], [ 102.397581301577617, 2.159163482273528 ], [ 102.397253446150756, 2.158372531005836 ], [ 102.396884615447647, 2.157599809761477 ], [ 102.396475820407659, 2.156847436545182 ], [ 102.396028181509578, 2.15611747359147 ], [ 102.395542925700482, 2.155411921711836 ], [ 102.395021383032869, 2.154732714810316 ], [ 102.394464983018878, 2.154081714582368 ], [ 102.393875250712298, 2.153460705411748 ], [ 102.393253802528392, 2.152871389479159 ], [ 102.392602341813429, 2.152315382096356 ], [ 102.391922654175943, 2.151794207278225 ], [ 102.391216602592507, 2.151309293565176 ], [ 102.390486122301439, 2.150861970107231 ], [ 102.389733215498453, 2.150453463020472 ], [ 102.388959945848725, 2.150084892026083 ], [ 102.388168432830668, 2.14975726738081 ], [ 102.387360845926395, 2.149471487107688 ], [ 102.386539398675509, 2.149228334534285 ], [ 102.385706342607818, 2.149028476145427 ], [ 102.384863961072085, 2.148872459756137 ], [ 102.384014562977583, 2.148760713010007 ], [ 102.383160476465406, 2.148693542206844 ], [ 102.382304042527338, 2.14867113146303 ], [ 102.381447608589269, 2.148693542206844 ], [ 102.380593522077106, 2.148760713010007 ], [ 102.37974412398259, 2.148872459756137 ], [ 102.378901742446871, 2.149028476145427 ], [ 102.378068686379166, 2.149228334534285 ], [ 102.377247239128295, 2.149471487107688 ], [ 102.376439652224022, 2.14975726738081 ], [ 102.37564813920595, 2.150084892026083 ], [ 102.374874869556237, 2.150453463020472 ], [ 102.37412196275325, 2.150861970107231 ], [ 102.373391482462168, 2.151309293565176 ], [ 102.372685430878747, 2.151794207278225 ], [ 102.37200574324126, 2.152315382096356 ], [ 102.371354282526298, 2.152871389479159 ], [ 102.370732834342391, 2.153460705411748 ], [ 102.370143102035811, 2.154081714582368 ], [ 102.36958670202182, 2.154732714810316 ], [ 102.369065159354179, 2.155411921711836 ], [ 102.368579903545097, 2.15611747359147 ], [ 102.368132264647002, 2.156847436545182 ], [ 102.367723469607043, 2.157599809761477 ], [ 102.367354638903933, 2.158372531005836 ], [ 102.367026783477073, 2.159163482273528 ], [ 102.366740801955345, 2.159970495595215 ], [ 102.366497478194219, 2.160791358979478 ], [ 102.366297479127255, 2.161623822476096 ], [ 102.366141352937959, 2.162465604343105 ], [ 102.366029527557345, 2.163314397301169 ], [ 102.365962309491067, 2.164167874857779 ], [ 102.365939882979163, 2.165023697684179 ], [ 102.365962309491067, 2.165879520027301 ], [ 102.366029527557345, 2.166732996139405 ], [ 102.366141352937959, 2.167581786707511 ], [ 102.366297479127255, 2.168423565265331 ], [ 102.366497478194219, 2.169256024569787 ], [ 102.366740801955345, 2.170076882924842 ], [ 102.367026783477073, 2.170883890435364 ], [ 102.367354638903933, 2.171674835173606 ], [ 102.367723469607043, 2.172447549241781 ], [ 102.368132264647002, 2.173199914713756 ], [ 102.368579903545097, 2.173929869439882 ], [ 102.369065159354179, 2.1746354126988 ], [ 102.36958670202182, 2.175314610680938 ], [ 102.370143102035811, 2.175965601788531 ], [ 102.370732834342391, 2.176586601737782 ], [ 102.371354282526298, 2.177175908448989 ], [ 102.37200574324126, 2.177731906711436 ], [ 102.372685430878747, 2.178253072610173 ], [ 102.373391482462168, 2.178737977702506 ], [ 102.37412196275325, 2.179185292932878 ], [ 102.374874869556237, 2.179593792275317 ], [ 102.37564813920595, 2.179962356093522 ], [ 102.376439652224022, 2.180289974209346 ], [ 102.377247239128295, 2.180575748671302 ], [ 102.378068686379166, 2.180818896215484 ], [ 102.378901742446871, 2.181018750412193 ], [ 102.37974412398259, 2.181174763492294 ], [ 102.380593522077106, 2.181286507848479 ], [ 102.381447608589269, 2.181353677207123 ], [ 102.382304042527338, 2.181376087467658 ], [ 102.383160476465406, 2.181353677207123 ], [ 102.384014562977583, 2.181286507848479 ], [ 102.384863961072085, 2.181174763492294 ], [ 102.385706342607818, 2.181018750412193 ], [ 102.386539398675509, 2.180818896215484 ], [ 102.387360845926395, 2.180575748671302 ], [ 102.388168432830668, 2.180289974209346 ], [ 102.388959945848725, 2.179962356093522 ], [ 102.389733215498453, 2.179593792275317 ], [ 102.390486122301439, 2.179185292932878 ], [ 102.391216602592507, 2.178737977702506 ], [ 102.391922654175943, 2.178253072610173 ], [ 102.392602341813429, 2.177731906711436 ], [ 102.393253802528392, 2.177175908448989 ], [ 102.393875250712298, 2.176586601737782 ], [ 102.394464983018878, 2.175965601788531 ], [ 102.395021383032869, 2.175314610680938 ], [ 102.395542925700482, 2.1746354126988 ], [ 102.396028181509578, 2.173929869439882 ], [ 102.396475820407659, 2.173199914713756 ], [ 102.396884615447647, 2.172447549241781 ], [ 102.397253446150756, 2.171674835173606 ], [ 102.397581301577617, 2.170883890435364 ], [ 102.397867283099345, 2.170076882924842 ], [ 102.39811060686047, 2.169256024569787 ], [ 102.398310605927435, 2.168423565265331 ], [ 102.398466732116731, 2.167581786707511 ], [ 102.398578557497331, 2.166732996139405 ], [ 102.398645775563622, 2.165879520027301 ], [ 102.398668202075527, 2.165023697684179 ] ] ] } },
{ "type": "Feature", "properties": { "state": "Melaka", "parlimen": "P.139 Jasin", "code_parlimen": "P.139", "dun": "N.27 Merlimau", "code_dun": "N.27" }, "geometry": { "type": "Polygon", "coordinates": [ [ [ 102.454105865542047, 2.222875823473859 ], [ 102.454083439030143, 2.222020033745621 ], [ 102.454016220963851, 2.221166589183615 ], [ 102.453904395583251, 2.220317829026344 ], [ 102.453748269393955, 2.219476079676639 ], [ 102.453548270326991, 2.218643648325073 ], [ 102.453304946565865, 2.217822816625979 ], [ 102.453018965044137, 2.217015834443283 ], [ 102.452691109617277, 2.216224913683676 ], [ 102.452322278914167, 2.215452222233595 ], [ 102.451913483874193, 2.214699878016911 ], [ 102.451465844976113, 2.21396994318948 ], [ 102.450980589167017, 2.21326441848663 ], [ 102.45045904649939, 2.212585237738824 ], [ 102.449902646485398, 2.211934262570835 ], [ 102.449312914178819, 2.211313277298712 ], [ 102.448691465994912, 2.210723984038681 ], [ 102.448040005279935, 2.210167998041369 ], [ 102.447360317642463, 2.209646843264014 ], [ 102.446654266059042, 2.2091619481931 ], [ 102.445923785767974, 2.208714641928482 ], [ 102.445170878964973, 2.208306150540026 ], [ 102.44439760931526, 2.207937593706726 ], [ 102.443606096297188, 2.207609981647314 ], [ 102.442798509392915, 2.207324212351037 ], [ 102.441977062142044, 2.20708106911601 ], [ 102.441144006074353, 2.206881218402009 ], [ 102.440301624538606, 2.20672520800351 ], [ 102.439452226444104, 2.206613465548012 ], [ 102.438598139931926, 2.206546297323833 ], [ 102.437741705993872, 2.206523887440448 ], [ 102.43688527205579, 2.206546297323833 ], [ 102.436031185543627, 2.206613465548012 ], [ 102.43518178744911, 2.20672520800351 ], [ 102.434339405913377, 2.206881218402009 ], [ 102.4335063498457, 2.20708106911601 ], [ 102.432684902594815, 2.207324212351037 ], [ 102.431877315690542, 2.207609981647314 ], [ 102.43108580267247, 2.207937593706726 ], [ 102.430312533022757, 2.208306150540026 ], [ 102.429559626219771, 2.208714641928482 ], [ 102.428829145928702, 2.2091619481931 ], [ 102.428123094345281, 2.209646843264014 ], [ 102.427443406707781, 2.210167998041369 ], [ 102.426791945992818, 2.210723984038681 ], [ 102.426170497808911, 2.211313277298712 ], [ 102.425580765502332, 2.211934262570835 ], [ 102.425024365488355, 2.212585237738824 ], [ 102.424502822820713, 2.21326441848663 ], [ 102.424017567011632, 2.21396994318948 ], [ 102.423569928113537, 2.214699878016911 ], [ 102.423161133073563, 2.215452222233595 ], [ 102.422792302370468, 2.216224913683676 ], [ 102.422464446943593, 2.217015834443283 ], [ 102.422178465421865, 2.217822816625979 ], [ 102.42193514166074, 2.218643648325073 ], [ 102.421735142593775, 2.219476079676639 ], [ 102.421579016404479, 2.220317829026344 ], [ 102.421467191023879, 2.221166589183615 ], [ 102.421399972957587, 2.222020033745621 ], [ 102.421377546445669, 2.222875823473859 ], [ 102.421399972957587, 2.223731612705931 ], [ 102.421467191023879, 2.224585055784895 ], [ 102.421579016404479, 2.225433813488495 ], [ 102.421735142593775, 2.22627555944077 ], [ 102.42193514166074, 2.227107986488358 ], [ 102.422178465421865, 2.227928813024139 ], [ 102.422464446943593, 2.228735789240687 ], [ 102.422792302370468, 2.229526703296703 ], [ 102.423161133073563, 2.23029938737922 ], [ 102.423569928113537, 2.231051723645078 ], [ 102.424017567011632, 2.231781650025489 ], [ 102.424502822820713, 2.232487165877746 ], [ 102.425024365488355, 2.23316633746829 ], [ 102.425580765502332, 2.2338173032727 ], [ 102.426170497808911, 2.234438279077521 ], [ 102.426791945992818, 2.235027562870261 ], [ 102.427443406707781, 2.235583539504008 ], [ 102.428123094345281, 2.236104685124101 ], [ 102.428829145928702, 2.23658957134441 ], [ 102.429559626219771, 2.23703686916202 ], [ 102.430312533022757, 2.237445352599638 ], [ 102.43108580267247, 2.237813902065361 ], [ 102.431877315690542, 2.238141507421194 ], [ 102.432684902594815, 2.238427270751335 ], [ 102.4335063498457, 2.238670408823024 ], [ 102.434339405913377, 2.238870255233074 ], [ 102.43518178744911, 2.239026262234142 ], [ 102.436031185543627, 2.239138002235957 ], [ 102.43688527205579, 2.239205168977094 ], [ 102.437741705993872, 2.239227578364312 ], [ 102.438598139931926, 2.239205168977094 ], [ 102.439452226444104, 2.239138002235957 ], [ 102.440301624538606, 2.239026262234142 ], [ 102.441144006074353, 2.238870255233074 ], [ 102.441977062142044, 2.238670408823024 ], [ 102.442798509392915, 2.238427270751335 ], [ 102.443606096297188, 2.238141507421194 ], [ 102.44439760931526, 2.237813902065361 ], [ 102.445170878964973, 2.237445352599638 ], [ 102.445923785767974, 2.23703686916202 ], [ 102.446654266059042, 2.23658957134441 ], [ 102.447360317642463, 2.236104685124101 ], [ 102.448040005279935, 2.235583539504008 ], [ 102.448691465994912, 2.235027562870261 ], [ 102.449312914178819, 2.234438279077521 ], [ 102.449902646485398, 2.2338173032727 ], [ 102.45045904649939, 2.23316633746829 ], [ 102.450980589167017, 2.232487165877746 ], [ 102.451465844976113, 2.231781650025489 ], [ 102.451913483874193, 2.231051723645078 ], [ 102.452322278914167, 2.23029938737922 ], [ 102.452691109617277, 2.229526703296703 ], [ 102.453018965044137, 2.228735789240687 ], [ 102.453304946565865, 2.227928813024139 ], [ 102.453548270326991, 2.227107986488358 ], [ 102.453748269393955, 2.22627555944077 ], [ 102.453904395583251, 2.225433813488495 ], [ 102.454016220963851, 2.224585055784895 ], [ 102.454083439030143, 2.223731612705931 ], [ 102.454105865542047, 2.222875823473859 ] ] ] } },
{ "type": "Feature", "properties": { "state": "Melaka", "parlimen": "P.139 Jasin", "code_parlimen": "P.139", "dun": "N.28 Sungai Rambai", "code_dun": "N.28" }, "geometry": { "type": "Polygon", "coordinates": [ [ [ 102.495455121764223, 2.167464652192472 ], [ 102.495432695252305, 2.166608830744957 ], [ 102.495365477186013, 2.165755354562894 ], [ 102.495253651805413, 2.164906562971323 ], [ 102.495097525616117, 2.164064782458976 ], [ 102.494897526549153, 2.163232320301511 ], [ 102.494654202788041, 2.162411458237217 ], [ 102.494368221266299, 2.161604446212763 ], [ 102.494040365839425, 2.160813496215996 ], [ 102.493671535136343, 2.160040776212829 ], [ 102.493262740096355, 2.15928840420461 ], [ 102.492815101198261, 2.158558442422589 ], [ 102.492329845389179, 2.157852891675106 ], [ 102.491808302721552, 2.157173685863091 ], [ 102.491251902707575, 2.15652268667909 ], [ 102.490662170400967, 2.155901678504021 ], [ 102.49004072221706, 2.155312363515918 ], [ 102.489389261502097, 2.154756357023976 ], [ 102.488709573864625, 2.154235183040689 ], [ 102.488003522281204, 2.153750270104217 ], [ 102.487273041990136, 2.153302947362495 ], [ 102.486520135187121, 2.152894440929684 ], [ 102.485746865537422, 2.152525870525198 ], [ 102.484955352519364, 2.152198246404207 ], [ 102.484147765615077, 2.151912466588348 ], [ 102.483326318364206, 2.151669314403952 ], [ 102.482493262296515, 2.151469456334791 ], [ 102.481650880760782, 2.15131344019506 ], [ 102.480801482666251, 2.151201693627664 ], [ 102.479947396154103, 2.151134522931927 ], [ 102.479090962216034, 2.151112112223965 ], [ 102.478234528277952, 2.151134522931927 ], [ 102.477380441765803, 2.151201693627664 ], [ 102.476531043671272, 2.15131344019506 ], [ 102.475688662135539, 2.151469456334791 ], [ 102.474855606067848, 2.151669314403952 ], [ 102.474034158816977, 2.151912466588348 ], [ 102.47322657191269, 2.152198246404207 ], [ 102.472435058894632, 2.152525870525198 ], [ 102.471661789244934, 2.152894440929684 ], [ 102.470908882441918, 2.153302947362495 ], [ 102.47017840215085, 2.153750270104217 ], [ 102.469472350567443, 2.154235183040689 ], [ 102.468792662929957, 2.154756357023976 ], [ 102.468141202214994, 2.155312363515918 ], [ 102.467519754031088, 2.155901678504021 ], [ 102.466930021724494, 2.15652268667909 ], [ 102.466373621710503, 2.157173685863091 ], [ 102.465852079042875, 2.157852891675106 ], [ 102.465366823233794, 2.158558442422589 ], [ 102.464919184335699, 2.15928840420461 ], [ 102.464510389295725, 2.160040776212829 ], [ 102.46414155859263, 2.160813496215996 ], [ 102.463813703165755, 2.161604446212763 ], [ 102.463527721644027, 2.162411458237217 ], [ 102.463284397882902, 2.163232320301511 ], [ 102.463084398815937, 2.164064782458976 ], [ 102.462928272626641, 2.164906562971323 ], [ 102.462816447246041, 2.165755354562894 ], [ 102.462749229179764, 2.166608830744957 ], [ 102.462726802667831, 2.167464652192472 ], [ 102.462749229179764, 2.168320473156175 ], [ 102.462816447246041, 2.169173947892091 ], [ 102.462928272626641, 2.170022737091031 ], [ 102.463084398815937, 2.170864514290475 ], [ 102.463284397882902, 2.171696972251057 ], [ 102.463527721644027, 2.172517829280483 ], [ 102.463813703165755, 2.173324835487231 ], [ 102.46414155859263, 2.174115778947196 ], [ 102.464510389295725, 2.1748884917661 ], [ 102.464919184335699, 2.175640856021284 ], [ 102.465366823233794, 2.176370809566457 ], [ 102.465852079042875, 2.177076351683544 ], [ 102.466373621710503, 2.177755548566125 ], [ 102.466930021724494, 2.178406538619517 ], [ 102.467519754031088, 2.179027537562823 ], [ 102.468141202214994, 2.179616843319176 ], [ 102.468792662929957, 2.180172840680509 ], [ 102.469472350567443, 2.180694005734362 ], [ 102.47017840215085, 2.181178910040412 ], [ 102.470908882441918, 2.181626224545299 ], [ 102.471661789244934, 2.182034723225076 ], [ 102.472435058894632, 2.182403286445299 ], [ 102.47322657191269, 2.182730904029487 ], [ 102.474034158816977, 2.183016678027653 ], [ 102.474855606067848, 2.18325982517718 ], [ 102.475688662135539, 2.18345967904946 ], [ 102.476531043671272, 2.183615691876274 ], [ 102.477380441765803, 2.18372743605104 ], [ 102.478234528277952, 2.183794605300629 ], [ 102.479090962216034, 2.183817015524779 ], [ 102.479947396154103, 2.183794605300629 ], [ 102.480801482666251, 2.18372743605104 ], [ 102.481650880760782, 2.183615691876274 ], [ 102.482493262296515, 2.18345967904946 ], [ 102.483326318364206, 2.18325982517718 ], [ 102.484147765615077, 2.183016678027653 ], [ 102.484955352519364, 2.182730904029487 ], [ 102.485746865537422, 2.182403286445299 ], [ 102.486520135187121, 2.182034723225076 ], [ 102.487273041990136, 2.181626224545299 ], [ 102.488003522281204, 2.181178910040412 ], [ 102.488709573864625, 2.180694005734362 ], [ 102.489389261502097, 2.180172840680509 ], [ 102.49004072221706, 2.179616843319176 ], [ 102.490662170400967, 2.179027537562823 ], [ 102.491251902707575, 2.178406538619517 ], [ 102.491808302721552, 2.177755548566125 ], [ 102.492329845389179, 2.177076351683544 ], [ 102.492815101198261, 2.176370809566457 ], [ 102.493262740096355, 2.175640856021284 ], [ 102.493671535136343, 2.1748884917661 ], [ 102.494040365839425, 2.174115778947196 ], [ 102.494368221266299, 2.173324835487231 ], [ 102.494654202788041, 2.172517829280483 ], [ 102.494897526549153, 2.171696972251057 ], [ 102.495097525616117, 2.170864514290475 ], [ 102.495253651805413, 2.170022737091031 ], [ 102.495365477186013, 2.169173947892091 ], [ 102.495432695252305, 2.168320473156175 ], [ 102.495455121764223, 2.167464652192472 ] ] ] } }
]
}
