{
"type": "FeatureCollection",
"name": "SGR_SE-04",
"crs": { "type": "name", "properties": { "name": "urn:ogc:def:crs:OGC:1.3:CRS84" } },
"features": [
{ "type": "Feature", "properties": { "state": "Selangor", "parlimen": "P.073 Sabak Bernam", "code_parlimen": "P.073", "dun": "N.01 Sungai Ayer Tawar", "code_dun": "N.01" }, "geometry": { "type": "Polygon", "coordinates": [ [ [ 100.924501067225094, 3.802267895176211 ], [ 100.924433551549626, 3.799695246997623 ], [ 100.924231189579032, 3.79712964262848 ], [ 100.923894535973403, 3.794578114311289 ], [ 100.923424513476874, 3.792047655768529 ], [ 100.922822410388406, 3.789545203031498 ], [ 100.922089877030757, 3.787077615426683 ], [ 100.921228921226913, 3.784651656771705 ], [ 100.920241902796889, 3.782273976832474 ], [ 100.919131527089618, 3.779951093092486 ], [ 100.917900837567714, 3.777689372884074 ], [ 100.916553207465626, 3.775495015930856 ], [ 100.915092330543757, 3.773374037349167 ], [ 100.913522210964246, 3.771332251155204 ], [ 100.911847152315701, 3.769375254323047 ], [ 100.910071745817447, 3.767508411437407 ], [ 100.908200857735281, 3.765736839983236 ], [ 100.906239616043436, 3.764065396312533 ], [ 100.90419339636901, 3.762498662326976 ], [ 100.902067807257922, 3.761040932912753 ], [ 100.899868674802192, 3.759696204162377 ], [ 100.897602026671009, 3.75846816241559 ], [ 100.895274075589327, 3.757360174149695 ], [ 100.892891202309272, 3.756375276746729 ], [ 100.89045993812087, 3.755516170163327 ], [ 100.887986946950264, 3.754785209525716 ], [ 100.885479007094361, 3.754184398670456 ], [ 100.882942992641972, 3.753715384648513 ], [ 100.880385854632436, 3.753379453207972 ], [ 100.877814602003298, 3.75317752526755 ], [ 100.875236282379305, 3.75311015439073 ], [ 100.872657962755298, 3.75317752526755 ], [ 100.870086710126159, 3.753379453207972 ], [ 100.867529572116638, 3.753715384648513 ], [ 100.864993557664249, 3.754184398670456 ], [ 100.862485617808332, 3.754785209525716 ], [ 100.86001262663774, 3.755516170163327 ], [ 100.857581362449338, 3.756375276746729 ], [ 100.855198489169283, 3.757360174149695 ], [ 100.8528705380876, 3.75846816241559 ], [ 100.850603889956417, 3.759696204162377 ], [ 100.848404757500688, 3.761040932912753 ], [ 100.8462791683896, 3.762498662326976 ], [ 100.84423294871516, 3.764065396312533 ], [ 100.842271707023315, 3.765736839983236 ], [ 100.840400818941163, 3.767508411437407 ], [ 100.838625412442909, 3.769375254323047 ], [ 100.83695035379435, 3.771332251155204 ], [ 100.835380234214838, 3.773374037349167 ], [ 100.833919357292984, 3.775495015930856 ], [ 100.832571727190896, 3.777689372884074 ], [ 100.831341037668992, 3.779951093092486 ], [ 100.830230661961707, 3.782273976832474 ], [ 100.829243643531683, 3.784651656771705 ], [ 100.828382687727853, 3.787077615426683 ], [ 100.827650154370204, 3.789545203031498 ], [ 100.827048051281736, 3.792047655768529 ], [ 100.826578028785207, 3.794578114311289 ], [ 100.826241375179578, 3.79712964262848 ], [ 100.826039013208984, 3.799695246997623 ], [ 100.825971497533516, 3.802267895176211 ], [ 100.826039013208984, 3.80484053567773 ], [ 100.826241375179578, 3.807406117099807 ], [ 100.826578028785207, 3.809957607451302 ], [ 100.827048051281736, 3.81248801342574 ], [ 100.827650154370204, 3.814990399567745 ], [ 100.828382687727853, 3.817457907280486 ], [ 100.829243643531683, 3.819883773621645 ], [ 100.830230661961707, 3.822261349836716 ], [ 100.831341037668992, 3.824584119578628 ], [ 100.832571727190896, 3.826845716764049 ], [ 100.833919357292984, 3.829039943017207 ], [ 100.835380234214838, 3.83116078465374 ], [ 100.83695035379435, 3.833202429157872 ], [ 100.838625412442909, 3.835159281107914 ], [ 100.840400818941163, 3.837025977506506 ], [ 100.842271707023315, 3.838797402473628 ], [ 100.84423294871516, 3.840468701262216 ], [ 100.8462791683896, 3.842035293557967 ], [ 100.848404757500688, 3.843492886027085 ], [ 100.850603889956417, 3.844837484077452 ], [ 100.8528705380876, 3.846065402801261 ], [ 100.855198489169283, 3.84717327706913 ], [ 100.857581362449338, 3.848158070747987 ], [ 100.86001262663774, 3.849017085017596 ], [ 100.862485617808332, 3.849747965763172 ], [ 100.864993557664249, 3.850348710023469 ], [ 100.867529572116638, 3.850817671477115 ], [ 100.870086710126159, 3.851153564951986 ], [ 100.872657962755298, 3.851355469945342 ], [ 100.875236282379305, 3.851422833145104 ], [ 100.877814602003298, 3.851355469945342 ], [ 100.880385854632436, 3.851153564951986 ], [ 100.882942992641972, 3.850817671477115 ], [ 100.885479007094361, 3.850348710023469 ], [ 100.887986946950264, 3.849747965763172 ], [ 100.89045993812087, 3.849017085017596 ], [ 100.892891202309272, 3.848158070747987 ], [ 100.895274075589327, 3.84717327706913 ], [ 100.897602026671009, 3.846065402801261 ], [ 100.899868674802192, 3.844837484077452 ], [ 100.902067807257922, 3.843492886027085 ], [ 100.90419339636901, 3.842035293557967 ], [ 100.906239616043436, 3.840468701262216 ], [ 100.908200857735281, 3.838797402473628 ], [ 100.910071745817447, 3.837025977506506 ], [ 100.911847152315701, 3.835159281107914 ], [ 100.913522210964246, 3.833202429157872 ], [ 100.915092330543757, 3.83116078465374 ], [ 100.916553207465626, 3.829039943017207 ], [ 100.917900837567714, 3.826845716764049 ], [ 100.919131527089618, 3.824584119578628 ], [ 100.920241902796889, 3.822261349836716 ], [ 100.921228921226913, 3.819883773621645 ], [ 100.922089877030757, 3.817457907280486 ], [ 100.922822410388406, 3.814990399567745 ], [ 100.923424513476874, 3.81248801342574 ], [ 100.923894535973403, 3.809957607451302 ], [ 100.924231189579032, 3.807406117099807 ], [ 100.924433551549626, 3.80484053567773 ], [ 100.924501067225094, 3.802267895176211 ] ] ] } },
{ "type": "Feature", "properties": { "state": "Selangor", "parlimen": "P.073 Sabak Bernam", "code_parlimen": "P.073", "dun": "N.02 Sabak", "code_dun": "N.02" }, "geometry": { "type": "Polygon", "coordinates": [ [ [ 101.030328389968005, 3.791000242365267 ], [ 101.030260874292537, 3.788427560623774 ], [ 101.030058512321943, 3.785861922806251 ], [ 101.029721858716314, 3.78331036124659 ], [ 101.029251836219785, 3.780779869757939 ], [ 101.028649733131317, 3.778277384461277 ], [ 101.027917199773668, 3.775809764771497 ], [ 101.027056243969824, 3.773383774593203 ], [ 101.026069225539814, 3.771006063777618 ], [ 101.024958849832529, 3.768683149891581 ], [ 101.023728160310625, 3.766421400348698 ], [ 101.022380530208537, 3.764227014951474 ], [ 101.020919653286683, 3.762106008892667 ], [ 101.019349533707157, 3.7600641962621 ], [ 101.017674475058612, 3.758107174104597 ], [ 101.015899068560358, 3.75624030707253 ], [ 101.014028180478192, 3.754468712715274 ], [ 101.012066938786347, 3.752797247445831 ], [ 101.010020719111921, 3.75123049322332 ], [ 101.007895130000833, 3.749772744987682 ], [ 101.005695997545104, 3.748427998881362 ], [ 101.003429349413921, 3.747199941290109 ], [ 101.001101398332239, 3.746091938733116 ], [ 100.998718525052183, 3.745107028630259 ], [ 100.996287260863781, 3.744247910971719 ], [ 100.993814269693189, 3.74351694091295 ], [ 100.991306329837272, 3.742916122315354 ], [ 100.988770315384883, 3.742447102250358 ], [ 100.986213177375348, 3.742111166481934 ], [ 100.983641924746223, 3.741909235940213 ], [ 100.981063605122216, 3.741841864195534 ], [ 100.978485285498223, 3.741909235940213 ], [ 100.975914032869085, 3.742111166481934 ], [ 100.973356894859549, 3.742447102250358 ], [ 100.97082088040716, 3.742916122315354 ], [ 100.968312940551243, 3.74351694091295 ], [ 100.965839949380651, 3.744247910971719 ], [ 100.963408685192249, 3.745107028630259 ], [ 100.961025811912194, 3.746091938733116 ], [ 100.958697860830512, 3.747199941290109 ], [ 100.956431212699329, 3.748427998881362 ], [ 100.9542320802436, 3.749772744987682 ], [ 100.952106491132511, 3.75123049322332 ], [ 100.950060271458085, 3.752797247445831 ], [ 100.94809902976624, 3.754468712715274 ], [ 100.946228141684074, 3.75624030707253 ], [ 100.94445273518582, 3.758107174104597 ], [ 100.942777676537276, 3.7600641962621 ], [ 100.94120755695775, 3.762106008892667 ], [ 100.939746680035896, 3.764227014951474 ], [ 100.938399049933807, 3.766421400348698 ], [ 100.937168360411903, 3.768683149891581 ], [ 100.936057984704632, 3.771006063777618 ], [ 100.935070966274608, 3.773383774593203 ], [ 100.934210010470764, 3.775809764771497 ], [ 100.933477477113115, 3.778277384461277 ], [ 100.932875374024647, 3.780779869757939 ], [ 100.932405351528118, 3.78331036124659 ], [ 100.932068697922489, 3.785861922806251 ], [ 100.931866335951895, 3.788427560623774 ], [ 100.931798820276427, 3.791000242365267 ], [ 100.931866335951895, 3.793572916452311 ], [ 100.932068697922489, 3.796138531390361 ], [ 100.932405351528118, 3.79869005509618 ], [ 100.932875374024647, 3.801220494171376 ], [ 100.933477477113115, 3.803722913069226 ], [ 100.934210010470764, 3.806190453102294 ], [ 100.935070966274608, 3.80861635123872 ], [ 100.936057984704632, 3.81099395863572 ], [ 100.937168360411903, 3.813316758859533 ], [ 100.938399049933807, 3.815578385741857 ], [ 100.939746680035896, 3.817772640824059 ], [ 100.94120755695775, 3.819893510341169 ], [ 100.942777676537276, 3.821935181699347 ], [ 100.94445273518582, 3.823892059401565 ], [ 100.946228141684074, 3.825758780378135 ], [ 100.94809902976624, 3.827530228679892 ], [ 100.950060271458085, 3.82920154949405 ], [ 100.952106491132511, 3.830768162444196 ], [ 100.9542320802436, 3.832225774138165 ], [ 100.956431212699329, 3.833570389929526 ], [ 100.958697860830512, 3.834798324860246 ], [ 100.961025811912194, 3.835906213755053 ], [ 100.963408685192249, 3.836891020439364 ], [ 100.965839949380651, 3.837750046056085 ], [ 100.968312940551243, 3.838480936458193 ], [ 100.97082088040716, 3.83908168865699 ], [ 100.973356894859549, 3.83955065630857 ], [ 100.975914032869085, 3.839886554223177 ], [ 100.978485285498223, 3.84008846188545 ], [ 100.981063605122216, 3.840155825975692 ], [ 100.983641924746223, 3.84008846188545 ], [ 100.986213177375348, 3.839886554223177 ], [ 100.988770315384883, 3.83955065630857 ], [ 100.991306329837272, 3.83908168865699 ], [ 100.993814269693189, 3.838480936458193 ], [ 100.996287260863781, 3.837750046056085 ], [ 100.998718525052183, 3.836891020439364 ], [ 101.001101398332239, 3.835906213755053 ], [ 101.003429349413921, 3.834798324860246 ], [ 101.005695997545104, 3.833570389929526 ], [ 101.007895130000833, 3.832225774138165 ], [ 101.010020719111921, 3.830768162444196 ], [ 101.012066938786347, 3.82920154949405 ], [ 101.014028180478192, 3.827530228679892 ], [ 101.015899068560358, 3.825758780378135 ], [ 101.017674475058612, 3.823892059401565 ], [ 101.019349533707157, 3.821935181699347 ], [ 101.020919653286683, 3.819893510341169 ], [ 101.022380530208537, 3.817772640824059 ], [ 101.023728160310625, 3.815578385741857 ], [ 101.024958849832529, 3.813316758859533 ], [ 101.026069225539814, 3.81099395863572 ], [ 101.027056243969824, 3.80861635123872 ], [ 101.027917199773668, 3.806190453102294 ], [ 101.028649733131317, 3.803722913069226 ], [ 101.029251836219785, 3.801220494171376 ], [ 101.029721858716314, 3.79869005509618 ], [ 101.030058512321943, 3.796138531390361 ], [ 101.030260874292537, 3.793572916452311 ], [ 101.030328389968005, 3.791000242365267 ] ] ] } },
{ "type": "Feature", "properties": { "state": "Selangor", "parlimen": "P.073 Sabak Bernam", "code_parlimen": "P.073", "dun": "N.03 Sungai Besar", "code_dun": "N.03" }, "geometry": { "type": "Polygon", "coordinates": [ [ [ 101.04382254505623, 3.693607222232874 ], [ 101.043755029380776, 3.691034254534197 ], [ 101.043552667410182, 3.688468331738034 ], [ 101.043216013804553, 3.685916486956963 ], [ 101.042745991308038, 3.683385714776473 ], [ 101.042143888219556, 3.680882952081374 ], [ 101.041411354861907, 3.678415059039942 ], [ 101.040550399058077, 3.675988800297671 ], [ 101.039563380628053, 3.673610826432212 ], [ 101.038453004920783, 3.671287655720596 ], [ 101.037222315398878, 3.669025656268414 ], [ 101.035874685296776, 3.666831028550289 ], [ 101.034413808374907, 3.66470978840949 ], [ 101.03284368879541, 3.66266775056312 ], [ 101.031168630146865, 3.660710512658467 ], [ 101.029393223648611, 3.658843439924101 ], [ 101.027522335566445, 3.657071650457882 ], [ 101.0255610938746, 3.655400001192281 ], [ 101.02351487420016, 3.65383307457554 ], [ 101.021389285089086, 3.652375166005315 ], [ 101.019190152633342, 3.651030272049181 ], [ 101.016923504502159, 3.649802079484449 ], [ 101.014595553420477, 3.648693955187425 ], [ 101.012212680140436, 3.647708936899705 ], [ 101.00978141595202, 3.646849724897136 ], [ 101.007308424781428, 3.646118674584117 ], [ 101.004800484925525, 3.645517790033662 ], [ 101.002264470473136, 3.645048718490993 ], [ 100.999707332463601, 3.644712745855692 ], [ 100.997136079834462, 3.644510793154944 ], [ 100.994557760210455, 3.644443414017434 ], [ 100.991979440586462, 3.644510793154944 ], [ 100.989408187957324, 3.644712745855692 ], [ 100.986851049947788, 3.645048718490993 ], [ 100.984315035495399, 3.645517790033662 ], [ 100.981807095639482, 3.646118674584117 ], [ 100.97933410446889, 3.646849724897136 ], [ 100.976902840280488, 3.647708936899705 ], [ 100.974519967000433, 3.648693955187425 ], [ 100.972192015918765, 3.649802079484449 ], [ 100.969925367787567, 3.651030272049181 ], [ 100.967726235331824, 3.652375166005315 ], [ 100.96560064622075, 3.65383307457554 ], [ 100.963554426546324, 3.655400001192281 ], [ 100.961593184854465, 3.657071650457882 ], [ 100.959722296772313, 3.658843439924101 ], [ 100.957946890274059, 3.660710512658467 ], [ 100.956271831625514, 3.66266775056312 ], [ 100.954701712046003, 3.66470978840949 ], [ 100.953240835124134, 3.666831028550289 ], [ 100.951893205022046, 3.669025656268414 ], [ 100.950662515500142, 3.671287655720596 ], [ 100.949552139792857, 3.673610826432212 ], [ 100.948565121362833, 3.675988800297671 ], [ 100.947704165559017, 3.678415059039942 ], [ 100.946971632201354, 3.680882952081374 ], [ 100.946369529112886, 3.683385714776473 ], [ 100.945899506616371, 3.685916486956963 ], [ 100.945562853010728, 3.688468331738034 ], [ 100.945360491040134, 3.691034254534197 ], [ 100.94529297536468, 3.693607222232874 ], [ 100.945360491040134, 3.696180182472642 ], [ 100.945562853010728, 3.698746082973829 ], [ 100.945899506616371, 3.701297890868074 ], [ 100.946369529112886, 3.703828611974084 ], [ 100.946971632201354, 3.7063313099666 ], [ 100.947704165559017, 3.708799125386239 ], [ 100.948565121362833, 3.711225294437961 ], [ 100.949552139792857, 3.713603167526783 ], [ 100.950662515500142, 3.715926227479805 ], [ 100.951893205022046, 3.718188107404935 ], [ 100.953240835124134, 3.720382608137087 ], [ 100.954701712046003, 3.722503715224317 ], [ 100.956271831625514, 3.72454561540726 ], [ 100.957946890274059, 3.726502712546912 ], [ 100.959722296772313, 3.728369642956939 ], [ 100.961593184854465, 3.73014129009882 ], [ 100.963554426546324, 3.731812798599431 ], [ 100.96560064622075, 3.733379587552771 ], [ 100.967726235331824, 3.734837363069452 ], [ 100.969925367787567, 3.736182130039664 ], [ 100.972192015918765, 3.73741020307737 ], [ 100.974519967000433, 3.738518216615851 ], [ 100.976902840280488, 3.739503134126971 ], [ 100.97933410446889, 3.740362256439043 ], [ 100.981807095639482, 3.741093229130307 ], [ 100.984315035495399, 3.741694048978216 ], [ 100.986851049947788, 3.742163069446431 ], [ 100.989408187957324, 3.742499005194945 ], [ 100.991979440586462, 3.742700935600704 ], [ 100.994557760210455, 3.742768307279316 ], [ 100.997136079834462, 3.742700935600704 ], [ 100.999707332463601, 3.742499005194945 ], [ 101.002264470473136, 3.742163069446431 ], [ 101.004800484925525, 3.741694048978216 ], [ 101.007308424781428, 3.741093229130307 ], [ 101.00978141595202, 3.740362256439043 ], [ 101.012212680140436, 3.739503134126971 ], [ 101.014595553420477, 3.738518216615851 ], [ 101.016923504502159, 3.73741020307737 ], [ 101.019190152633342, 3.736182130039664 ], [ 101.021389285089086, 3.734837363069452 ], [ 101.02351487420016, 3.733379587552771 ], [ 101.0255610938746, 3.731812798599431 ], [ 101.027522335566445, 3.73014129009882 ], [ 101.029393223648611, 3.728369642956939 ], [ 101.031168630146865, 3.726502712546912 ], [ 101.03284368879541, 3.72454561540726 ], [ 101.034413808374907, 3.722503715224317 ], [ 101.035874685296776, 3.720382608137087 ], [ 101.037222315398878, 3.718188107404935 ], [ 101.038453004920783, 3.715926227479805 ], [ 101.039563380628053, 3.713603167526783 ], [ 101.040550399058077, 3.711225294437961 ], [ 101.041411354861907, 3.708799125386239 ], [ 101.042143888219556, 3.7063313099666 ], [ 101.042745991308038, 3.703828611974084 ], [ 101.043216013804553, 3.701297890868074 ], [ 101.043552667410182, 3.698746082973829 ], [ 101.043755029380776, 3.696180182472642 ], [ 101.04382254505623, 3.693607222232874 ] ] ] } },
{ "type": "Feature", "properties": { "state": "Selangor", "parlimen": "P.074 Tanjong Karang", "code_parlimen": "P.074", "dun": "N.04 Sungai Panjang", "code_dun": "N.04" }, "geometry": { "type": "Polygon", "coordinates": [ [ [ 101.20670651930142, 3.664248936642647 ], [ 101.206639003625966, 3.661675884202912 ], [ 101.206436641655358, 3.659109876956648 ], [ 101.206099988049729, 3.65655794824724 ], [ 101.2056299655532, 3.654027092888986 ], [ 101.205027862464732, 3.651524247993037 ], [ 101.204295329107083, 3.649056273950879 ], [ 101.203434373303267, 3.646629935627479 ], [ 101.202447354873229, 3.644251883815733 ], [ 101.201336979165958, 3.641928637003024 ], [ 101.20010628964404, 3.639666563499934 ], [ 101.198758659541951, 3.637471863980214 ], [ 101.197297782620097, 3.635350554479749 ], [ 101.195727663040586, 3.633308449901474 ], [ 101.194052604392041, 3.631351148071106 ], [ 101.192277197893787, 3.629484014387861 ], [ 101.190406309811635, 3.627712167112019 ], [ 101.188445068119776, 3.626040463329892 ], [ 101.18639884844535, 3.624473485634588 ], [ 101.184273259334262, 3.62301552955928 ], [ 101.182074126878533, 3.62167059179743 ], [ 101.179807478747335, 3.620442359242299 ], [ 101.177479527665653, 3.619334198875915 ], [ 101.175096654385612, 3.61834914853515 ], [ 101.17266539019721, 3.617489908580429 ], [ 101.170192399026618, 3.616758834489863 ], [ 101.167684459170701, 3.616157930399098 ], [ 101.165148444718312, 3.615688843604817 ], [ 101.162591306708777, 3.615352860046753 ], [ 101.160020054079638, 3.615150900780832 ], [ 101.157441734455631, 3.615083519453027 ], [ 101.154863414831638, 3.615150900780832 ], [ 101.1522921622025, 3.615352860046753 ], [ 101.149735024192964, 3.615688843604817 ], [ 101.147199009740575, 3.616157930399098 ], [ 101.144691069884672, 3.616758834489863 ], [ 101.142218078714066, 3.617489908580429 ], [ 101.139786814525664, 3.61834914853515 ], [ 101.137403941245623, 3.619334198875915 ], [ 101.135075990163926, 3.620442359242299 ], [ 101.132809342032743, 3.62167059179743 ], [ 101.130610209577014, 3.62301552955928 ], [ 101.128484620465926, 3.624473485634588 ], [ 101.1264384007915, 3.626040463329892 ], [ 101.124477159099655, 3.627712167112019 ], [ 101.122606271017489, 3.629484014387861 ], [ 101.120830864519235, 3.631351148071106 ], [ 101.11915580587069, 3.633308449901474 ], [ 101.117585686291179, 3.635350554479749 ], [ 101.116124809369325, 3.637471863980214 ], [ 101.114777179267236, 3.639666563499934 ], [ 101.113546489745318, 3.641928637003024 ], [ 101.112436114038047, 3.644251883815733 ], [ 101.111449095608023, 3.646629935627479 ], [ 101.110588139804193, 3.649056273950879 ], [ 101.109855606446544, 3.651524247993037 ], [ 101.109253503358076, 3.654027092888986 ], [ 101.108783480861547, 3.65655794824724 ], [ 101.108446827255904, 3.659109876956648 ], [ 101.10824446528531, 3.661675884202912 ], [ 101.108176949609856, 3.664248936642647 ], [ 101.10824446528531, 3.666821981682452 ], [ 101.108446827255904, 3.669387966809943 ], [ 101.108783480861547, 3.671939858924131 ], [ 101.109253503358076, 3.674470663611632 ], [ 101.109855606446544, 3.676973444316456 ], [ 101.110588139804193, 3.679441341350427 ], [ 101.111449095608023, 3.681867590692263 ], [ 101.112436114038047, 3.684245542523997 ], [ 101.113546489745318, 3.686568679453631 ], [ 101.114777179267236, 3.688830634374498 ], [ 101.116124809369325, 3.691025207912078 ], [ 101.117585686291179, 3.69314638541072 ], [ 101.11915580587069, 3.695188353413788 ], [ 101.120830864519235, 3.697145515591877 ], [ 101.122606271017489, 3.699012508075835 ], [ 101.124477159099655, 3.70078421415239 ], [ 101.1264384007915, 3.702455778282251 ], [ 101.128484620465926, 3.704022619402362 ], [ 101.130610209577014, 3.705480443475897 ], [ 101.132809342032743, 3.70682525525562 ], [ 101.135075990163926, 3.708053369228567 ], [ 101.137403941245623, 3.709161419711926 ], [ 101.139786814525664, 3.710146370072731 ], [ 101.142218078714066, 3.711005521045926 ], [ 101.144691069884672, 3.711736518128342 ], [ 101.147199009740575, 3.71233735802802 ], [ 101.149735024192964, 3.712806394151574 ], [ 101.1522921622025, 3.713142341114431 ], [ 101.154863414831638, 3.713344278261604 ], [ 101.157441734455631, 3.71341165218948 ], [ 101.160020054079638, 3.713344278261604 ], [ 101.162591306708777, 3.713142341114431 ], [ 101.165148444718312, 3.712806394151574 ], [ 101.167684459170701, 3.71233735802802 ], [ 101.170192399026618, 3.711736518128342 ], [ 101.17266539019721, 3.711005521045926 ], [ 101.175096654385612, 3.710146370072731 ], [ 101.177479527665653, 3.709161419711926 ], [ 101.179807478747335, 3.708053369228567 ], [ 101.182074126878533, 3.70682525525562 ], [ 101.184273259334262, 3.705480443475897 ], [ 101.18639884844535, 3.704022619402362 ], [ 101.188445068119776, 3.702455778282251 ], [ 101.190406309811635, 3.70078421415239 ], [ 101.192277197893787, 3.699012508075835 ], [ 101.194052604392041, 3.697145515591877 ], [ 101.195727663040586, 3.695188353413788 ], [ 101.197297782620097, 3.69314638541072 ], [ 101.198758659541951, 3.691025207912078 ], [ 101.20010628964404, 3.688830634374498 ], [ 101.201336979165958, 3.686568679453631 ], [ 101.202447354873229, 3.684245542523997 ], [ 101.203434373303267, 3.681867590692263 ], [ 101.204295329107083, 3.679441341350427 ], [ 101.205027862464732, 3.676973444316456 ], [ 101.2056299655532, 3.674470663611632 ], [ 101.206099988049729, 3.671939858924131 ], [ 101.206436641655358, 3.669387966809943 ], [ 101.206639003625966, 3.666821981682452 ], [ 101.20670651930142, 3.664248936642647 ] ] ] } },
{ "type": "Feature", "properties": { "state": "Selangor", "parlimen": "P.074 Tanjong Karang", "code_parlimen": "P.074", "dun": "N.05 Sekinchan", "code_dun": "N.05" }, "geometry": { "type": "Polygon", "coordinates": [ [ [ 101.223789976833245, 3.56182506517553 ], [ 101.223722461157791, 3.559251722384815 ], [ 101.223520099187198, 3.556685425788314 ], [ 101.223183445581554, 3.554133209519996 ], [ 101.22271342308504, 3.551602069178152 ], [ 101.222111319996557, 3.549098942649251 ], [ 101.221378786638908, 3.54663069108941 ], [ 101.220517830835092, 3.544204080115454 ], [ 101.219530812405068, 3.541825761257441 ], [ 101.218420436697798, 3.539502253723265 ], [ 101.21718974717588, 3.537239926525598 ], [ 101.215842117073791, 3.535044981019998 ], [ 101.214381240151923, 3.532923433902213 ], [ 101.212811120572425, 3.530881100711355 ], [ 101.211136061923881, 3.528923579884175 ], [ 101.209360655425613, 3.527056237404181 ], [ 101.207489767343461, 3.525284192087857 ], [ 101.205528525651602, 3.523612301548153 ], [ 101.203482305977175, 3.522045148874123 ], [ 101.201356716866087, 3.520587030062949 ], [ 101.199157584410358, 3.519241942239081 ], [ 101.196890936279175, 3.518013572692689 ], [ 101.194562985197493, 3.516905288767711 ], [ 101.192180111917438, 3.515920128627149 ], [ 101.189748847729035, 3.515060792920977 ], [ 101.187275856558443, 3.514329637379561 ], [ 101.18476791670254, 3.513728666353005 ], [ 101.182231902250138, 3.513259527314131 ], [ 101.179674764240602, 3.512923506340085 ], [ 101.177103511611463, 3.512721524585174 ], [ 101.17452519198747, 3.512654135754441 ], [ 101.171946872363463, 3.512721524585174 ], [ 101.169375619734339, 3.512923506340085 ], [ 101.166818481724789, 3.513259527314131 ], [ 101.1642824672724, 3.513728666353005 ], [ 101.161774527416497, 3.514329637379561 ], [ 101.159301536245891, 3.515060792920977 ], [ 101.156870272057489, 3.515920128627149 ], [ 101.154487398777448, 3.516905288767711 ], [ 101.15215944769578, 3.518013572692689 ], [ 101.149892799564583, 3.519241942239081 ], [ 101.14769366710884, 3.520587030062949 ], [ 101.145568077997765, 3.522045148874123 ], [ 101.143521858323339, 3.523612301548153 ], [ 101.14156061663148, 3.525284192087857 ], [ 101.139689728549328, 3.527056237404181 ], [ 101.137914322051074, 3.528923579884175 ], [ 101.13623926340253, 3.530881100711355 ], [ 101.134669143823018, 3.532923433902213 ], [ 101.13320826690115, 3.535044981019998 ], [ 101.131860636799061, 3.537239926525598 ], [ 101.130629947277143, 3.539502253723265 ], [ 101.129519571569872, 3.541825761257441 ], [ 101.128532553139848, 3.544204080115454 ], [ 101.127671597336033, 3.54663069108941 ], [ 101.126939063978369, 3.549098942649251 ], [ 101.126336960889901, 3.551602069178152 ], [ 101.125866938393386, 3.554133209519996 ], [ 101.125530284787743, 3.556685425788314 ], [ 101.125327922817149, 3.559251722384815 ], [ 101.125260407141695, 3.56182506517553 ], [ 101.125327922817149, 3.564398400772083 ], [ 101.125530284787743, 3.566964675864841 ], [ 101.125866938393386, 3.569516856555514 ], [ 101.126336960889901, 3.572047947635552 ], [ 101.126939063978369, 3.574551011758218 ], [ 101.127671597336033, 3.577019188451148 ], [ 101.128532553139848, 3.579445712917757 ], [ 101.129519571569872, 3.581823934575804 ], [ 101.130629947277143, 3.584147335282311 ], [ 101.131860636799061, 3.586409547195049 ], [ 101.13320826690115, 3.588604370221559 ], [ 101.134669143823018, 3.59072578900797 ], [ 101.13623926340253, 3.592767989421217 ], [ 101.137914322051074, 3.594725374479271 ], [ 101.139689728549328, 3.596592579686156 ], [ 101.14156061663148, 3.598364487729383 ], [ 101.143521858323339, 3.600036242499987 ], [ 101.145568077997765, 3.601603262396418 ], [ 101.14769366710884, 3.60306125287623 ], [ 101.149892799564583, 3.604406218221034 ], [ 101.15215944769578, 3.605634472482548 ], [ 101.154487398777448, 3.606742649579896 ], [ 101.156870272057489, 3.60772771252053 ], [ 101.159301536245891, 3.608586961719406 ], [ 101.161774527416497, 3.609318042393962 ], [ 101.1642824672724, 3.609918951014308 ], [ 101.166818481724789, 3.610388040791402 ], [ 101.169375619734339, 3.610724026187802 ], [ 101.171946872363463, 3.61092598643902 ], [ 101.17452519198747, 3.610993368075568 ], [ 101.177103511611463, 3.61092598643902 ], [ 101.179674764240602, 3.610724026187802 ], [ 101.182231902250138, 3.610388040791402 ], [ 101.18476791670254, 3.609918951014308 ], [ 101.187275856558443, 3.609318042393962 ], [ 101.189748847729035, 3.608586961719406 ], [ 101.192180111917438, 3.60772771252053 ], [ 101.194562985197493, 3.606742649579896 ], [ 101.196890936279175, 3.605634472482548 ], [ 101.199157584410358, 3.604406218221034 ], [ 101.201356716866087, 3.60306125287623 ], [ 101.203482305977175, 3.601603262396418 ], [ 101.205528525651602, 3.600036242499987 ], [ 101.207489767343461, 3.598364487729383 ], [ 101.209360655425613, 3.596592579686156 ], [ 101.211136061923881, 3.594725374479271 ], [ 101.212811120572425, 3.592767989421217 ], [ 101.214381240151923, 3.59072578900797 ], [ 101.215842117073791, 3.588604370221559 ], [ 101.21718974717588, 3.586409547195049 ], [ 101.218420436697798, 3.584147335282311 ], [ 101.219530812405068, 3.581823934575804 ], [ 101.220517830835092, 3.579445712917757 ], [ 101.221378786638908, 3.577019188451148 ], [ 101.222111319996557, 3.574551011758218 ], [ 101.22271342308504, 3.572047947635552 ], [ 101.223183445581554, 3.569516856555514 ], [ 101.223520099187198, 3.566964675864841 ], [ 101.223722461157791, 3.564398400772083 ], [ 101.223789976833245, 3.56182506517553 ] ] ] } },
{ "type": "Feature", "properties": { "state": "Selangor", "parlimen": "P.074 Tanjong Karang", "code_parlimen": "P.074", "dun": "N.06 Sungai Burong", "code_dun": "N.06" }, "geometry": { "type": "Polygon", "coordinates": [ [ [ 101.22022874029372, 3.448899175423645 ], [ 101.220161224618252, 3.446325522042391 ], [ 101.219958862647658, 3.443758915932717 ], [ 101.219622209042029, 3.441206392074113 ], [ 101.2191521865455, 3.438674946903379 ], [ 101.218550083457032, 3.436171519136129 ], [ 101.217817550099383, 3.433702970746048 ], [ 101.216956594295553, 3.431276068153852 ], [ 101.215969575865529, 3.428897463677691 ], [ 101.214859200158244, 3.42657367729575 ], [ 101.21362851063634, 3.424311078771133 ], [ 101.212280880534252, 3.422115870188153 ], [ 101.210820003612397, 3.419994068947764 ], [ 101.209249884032886, 3.417951491268991 ], [ 101.207574825384341, 3.415993736241488 ], [ 101.205799418886087, 3.414126170473096 ], [ 101.203928530803921, 3.412353913374514 ], [ 101.201967289112076, 3.410681823121394 ], [ 101.199921069437636, 3.40911448333261 ], [ 101.197795480326548, 3.407656190500987 ], [ 101.195596347870818, 3.406310942211304 ], [ 101.193329699739635, 3.405082426177697 ], [ 101.191001748657953, 3.403974010130683 ], [ 101.188618875377898, 3.402988732581536 ], [ 101.186187611189496, 3.402129294489429 ], [ 101.183714620018904, 3.401398051854172 ], [ 101.181206680163001, 3.400797009254894 ], [ 101.178670665710598, 3.400327814352478 ], [ 101.176113527701077, 3.399991753370807 ], [ 101.173542275071924, 3.399789747569223 ], [ 101.170963955447931, 3.399722350715922 ], [ 101.168385635823924, 3.399789747569223 ], [ 101.1658143831948, 3.399991753370807 ], [ 101.163257245185264, 3.400327814352478 ], [ 101.160721230732875, 3.400797009254894 ], [ 101.158213290876972, 3.401398051854172 ], [ 101.155740299706366, 3.402129294489429 ], [ 101.153309035517964, 3.402988732581536 ], [ 101.150926162237909, 3.403974010130683 ], [ 101.148598211156227, 3.405082426177697 ], [ 101.146331563025043, 3.406310942211304 ], [ 101.144132430569314, 3.407656190500987 ], [ 101.142006841458226, 3.40911448333261 ], [ 101.1399606217838, 3.410681823121394 ], [ 101.137999380091955, 3.412353913374514 ], [ 101.136128492009789, 3.414126170473096 ], [ 101.134353085511535, 3.415993736241488 ], [ 101.13267802686299, 3.417951491268991 ], [ 101.131107907283464, 3.419994068947764 ], [ 101.12964703036161, 3.422115870188153 ], [ 101.128299400259522, 3.424311078771133 ], [ 101.127068710737618, 3.42657367729575 ], [ 101.125958335030333, 3.428897463677691 ], [ 101.124971316600323, 3.431276068153852 ], [ 101.124110360796493, 3.433702970746048 ], [ 101.12337782743883, 3.436171519136129 ], [ 101.122775724350362, 3.438674946903379 ], [ 101.122305701853847, 3.441206392074113 ], [ 101.121969048248204, 3.443758915932717 ], [ 101.12176668627761, 3.446325522042391 ], [ 101.121699170602156, 3.448899175423645 ], [ 101.12176668627761, 3.451472821837692 ], [ 101.121969048248204, 3.454039407122073 ], [ 101.122305701853847, 3.456591896525423 ], [ 101.122775724350362, 3.459123293988497 ], [ 101.12337782743883, 3.461626661318352 ], [ 101.124110360796493, 3.464095137203477 ], [ 101.124971316600323, 3.466521956017523 ], [ 101.125958335030333, 3.468900466360231 ], [ 101.127068710737618, 3.471224149284785 ], [ 101.128299400259522, 3.473486636161551 ], [ 101.12964703036161, 3.475681726129484 ], [ 101.131107907283464, 3.477803403087193 ], [ 101.13267802686299, 3.479845852177298 ], [ 101.134353085511535, 3.481803475719016 ], [ 101.136128492009789, 3.483670908545083 ], [ 101.137999380091955, 3.485443032701352 ], [ 101.1399606217838, 3.487114991468687 ], [ 101.142006841458226, 3.488682202668841 ], [ 101.144132430569314, 3.490140371217796 ], [ 101.146331563025043, 3.491485500892471 ], [ 101.148598211156227, 3.492713905278265 ], [ 101.150926162237909, 3.49382221786793 ], [ 101.153309035517964, 3.494807401283675 ], [ 101.155740299706366, 3.495666755597657 ], [ 101.158213290876972, 3.496397925727997 ], [ 101.160721230732875, 3.496998907889905 ], [ 101.163257245185264, 3.4974680550847 ], [ 101.1658143831948, 3.497804081611155 ], [ 101.168385635823924, 3.498006066587446 ], [ 101.170963955447931, 3.498073456473526 ], [ 101.173542275071924, 3.498006066587446 ], [ 101.176113527701077, 3.497804081611155 ], [ 101.178670665710598, 3.4974680550847 ], [ 101.181206680163001, 3.496998907889905 ], [ 101.183714620018904, 3.496397925727997 ], [ 101.186187611189496, 3.495666755597657 ], [ 101.188618875377898, 3.494807401283675 ], [ 101.191001748657953, 3.49382221786793 ], [ 101.193329699739635, 3.492713905278265 ], [ 101.195596347870818, 3.491485500892471 ], [ 101.197795480326548, 3.490140371217796 ], [ 101.199921069437636, 3.488682202668841 ], [ 101.201967289112076, 3.487114991468687 ], [ 101.203928530803921, 3.485443032701352 ], [ 101.205799418886087, 3.483670908545083 ], [ 101.207574825384341, 3.481803475719016 ], [ 101.209249884032886, 3.479845852177298 ], [ 101.210820003612397, 3.477803403087193 ], [ 101.212280880534252, 3.475681726129484 ], [ 101.21362851063634, 3.473486636161551 ], [ 101.214859200158244, 3.471224149284785 ], [ 101.215969575865529, 3.468900466360231 ], [ 101.216956594295553, 3.466521956017523 ], [ 101.217817550099383, 3.464095137203477 ], [ 101.218550083457032, 3.461626661318352 ], [ 101.2191521865455, 3.459123293988497 ], [ 101.219622209042029, 3.456591896525423 ], [ 101.219958862647658, 3.454039407122073 ], [ 101.220161224618252, 3.451472821837692 ], [ 101.22022874029372, 3.448899175423645 ] ] ] } },
{ "type": "Feature", "properties": { "state": "Selangor", "parlimen": "P.075 Ulu Selangor", "code_parlimen": "P.075", "dun": "N.07 Kalumpang", "code_dun": "N.07" }, "geometry": { "type": "Polygon", "coordinates": [ [ [ 101.526468277862747, 3.669161227882777 ], [ 101.526400762187279, 3.666588189575023 ], [ 101.526198400216686, 3.664022196412204 ], [ 101.525861746611056, 3.661470281699196 ], [ 101.525391724114527, 3.65893944021213 ], [ 101.524789621026059, 3.656436609024422 ], [ 101.52405708766841, 3.653968648490334 ], [ 101.52319613186458, 3.651542323438244 ], [ 101.522209113434556, 3.649164284625146 ], [ 101.521098737727272, 3.646841050503332 ], [ 101.519868048205367, 3.64457898934923 ], [ 101.518520418103279, 3.642384301803357 ], [ 101.517059541181425, 3.6402630038695 ], [ 101.515489421601913, 3.638220910419592 ], [ 101.513814362953369, 3.636263619249617 ], [ 101.5120389564551, 3.634396495730317 ], [ 101.510168068372948, 3.632624658094889 ], [ 101.508206826681104, 3.630952963403996 ], [ 101.506160607006677, 3.629385994226612 ], [ 101.504035017895575, 3.627928046073277 ], [ 101.50183588543986, 3.626583115616499 ], [ 101.499569237308663, 3.625354889730177 ], [ 101.497241286226981, 3.624246735378732 ], [ 101.494858412946925, 3.62326169038313 ], [ 101.492427148758523, 3.622402455089702 ], [ 101.489954157587931, 3.621671384964271 ], [ 101.487446217732014, 3.621070484132047 ], [ 101.484910203279625, 3.620601399881116 ], [ 101.482353065270104, 3.62026541814453 ], [ 101.479781812640965, 3.620063459973419 ], [ 101.477203493016958, 3.619996079010857 ], [ 101.474625173392965, 3.620063459973419 ], [ 101.472053920763827, 3.62026541814453 ], [ 101.469496782754291, 3.620601399881116 ], [ 101.466960768301902, 3.621070484132047 ], [ 101.464452828445999, 3.621671384964271 ], [ 101.461979837275393, 3.622402455089702 ], [ 101.459548573086991, 3.62326169038313 ], [ 101.45716569980695, 3.624246735378732 ], [ 101.454837748725254, 3.625354889730177 ], [ 101.452571100594071, 3.626583115616499 ], [ 101.450371968138342, 3.627928046073277 ], [ 101.448246379027253, 3.629385994226612 ], [ 101.446200159352827, 3.630952963403996 ], [ 101.444238917660982, 3.632624658094889 ], [ 101.442368029578816, 3.634396495730317 ], [ 101.440592623080562, 3.636263619249617 ], [ 101.438917564432018, 3.638220910419592 ], [ 101.437347444852506, 3.6402630038695 ], [ 101.435886567930638, 3.642384301803357 ], [ 101.434538937828549, 3.64457898934923 ], [ 101.433308248306645, 3.646841050503332 ], [ 101.432197872599374, 3.649164284625146 ], [ 101.43121085416935, 3.651542323438244 ], [ 101.43034989836552, 3.653968648490334 ], [ 101.429617365007857, 3.656436609024422 ], [ 101.429015261919389, 3.65893944021213 ], [ 101.428545239422874, 3.661470281699196 ], [ 101.428208585817231, 3.664022196412204 ], [ 101.428006223846637, 3.666588189575023 ], [ 101.427938708171183, 3.669161227882777 ], [ 101.428006223846637, 3.671734258780704 ], [ 101.428208585817231, 3.674300229795285 ], [ 101.428545239422874, 3.676852107864284 ], [ 101.429015261919389, 3.679382898613029 ], [ 101.429617365007857, 3.68188566552403 ], [ 101.43034989836552, 3.684353548947249 ], [ 101.43121085416935, 3.686779784899153 ], [ 101.432197872599374, 3.689157723598937 ], [ 101.433308248306645, 3.691480847691178 ], [ 101.434538937828549, 3.693742790104959 ], [ 101.435886567930638, 3.695937351500707 ], [ 101.437347444852506, 3.698058517256755 ], [ 101.438917564432018, 3.700100473949363 ], [ 101.440592623080562, 3.702057625280871 ], [ 101.442368029578816, 3.703924607412632 ], [ 101.444238917660982, 3.705696303660509 ], [ 101.446200159352827, 3.707367858512934 ], [ 101.448246379027253, 3.708934690933032 ], [ 101.450371968138342, 3.710392506908595 ], [ 101.452571100594071, 3.711737311215287 ], [ 101.454837748725254, 3.712965418361326 ], [ 101.45716569980695, 3.71407346268325 ], [ 101.459548573086991, 3.715058407565588 ], [ 101.461979837275393, 3.715917553758854 ], [ 101.464452828445999, 3.716648546773456 ], [ 101.466960768301902, 3.71724938332901 ], [ 101.469496782754291, 3.717718416841659 ], [ 101.472053920763827, 3.718054361934248 ], [ 101.474625173392965, 3.718256297957133 ], [ 101.477203493016958, 3.718323671509894 ], [ 101.479781812640965, 3.718256297957133 ], [ 101.482353065270104, 3.718054361934248 ], [ 101.484910203279625, 3.717718416841659 ], [ 101.487446217732014, 3.71724938332901 ], [ 101.489954157587931, 3.716648546773456 ], [ 101.492427148758523, 3.715917553758854 ], [ 101.494858412946925, 3.715058407565588 ], [ 101.497241286226981, 3.71407346268325 ], [ 101.499569237308663, 3.712965418361326 ], [ 101.50183588543986, 3.711737311215287 ], [ 101.504035017895575, 3.710392506908595 ], [ 101.506160607006677, 3.708934690933032 ], [ 101.508206826681104, 3.707367858512934 ], [ 101.510168068372948, 3.705696303660509 ], [ 101.5120389564551, 3.703924607412632 ], [ 101.513814362953369, 3.702057625280871 ], [ 101.515489421601913, 3.700100473949363 ], [ 101.517059541181425, 3.698058517256755 ], [ 101.518520418103279, 3.695937351500707 ], [ 101.519868048205367, 3.693742790104959 ], [ 101.521098737727272, 3.691480847691178 ], [ 101.522209113434556, 3.689157723598937 ], [ 101.52319613186458, 3.686779784899153 ], [ 101.52405708766841, 3.684353548947249 ], [ 101.524789621026059, 3.68188566552403 ], [ 101.525391724114527, 3.679382898613029 ], [ 101.525861746611056, 3.676852107864284 ], [ 101.526198400216686, 3.674300229795285 ], [ 101.526400762187279, 3.671734258780704 ], [ 101.526468277862747, 3.669161227882777 ] ] ] } },
{ "type": "Feature", "properties": { "state": "Selangor", "parlimen": "P.075 Ulu Selangor", "code_parlimen": "P.075", "dun": "N.08 Kuala Kubu Bharu", "code_dun": "N.08" }, "geometry": { "type": "Polygon", "coordinates": [ [ [ 101.68058157673542, 3.562291565375052 ], [ 101.680514061059952, 3.559718223888111 ], [ 101.680311699089359, 3.557151928590917 ], [ 101.679975045483729, 3.554599713613815 ], [ 101.6795050229872, 3.552068574551623 ], [ 101.678902919898732, 3.54956544928731 ], [ 101.678170386541083, 3.547097198973572 ], [ 101.677309430737253, 3.544670589223862 ], [ 101.676322412307229, 3.542292271564906 ], [ 101.675212036599945, 3.539968765201378 ], [ 101.67398134707804, 3.537706439142807 ], [ 101.672633716975952, 3.535511494741674 ], [ 101.671172840054098, 3.533389948690762 ], [ 101.669602720474586, 3.531347616526345 ], [ 101.667927661826027, 3.52939009668244 ], [ 101.666152255327773, 3.527522755139908 ], [ 101.664281367245621, 3.525750710712727 ], [ 101.662320125553777, 3.524078821011506 ], [ 101.660273905879336, 3.522511669123099 ], [ 101.658148316768248, 3.521053551042562 ], [ 101.655949184312519, 3.519708463892425 ], [ 101.653682536181336, 3.518480094961063 ], [ 101.651354585099654, 3.517371811590824 ], [ 101.648971711819598, 3.516386651943223 ], [ 101.646540447631196, 3.515527316666922 ], [ 101.644067456460604, 3.514796161491181 ], [ 101.641559516604687, 3.514195190765149 ], [ 101.639023502152298, 3.513726051960834 ], [ 101.636466364142777, 3.513390031154773 ], [ 101.633895111513638, 3.5131880495008 ], [ 101.631316791889631, 3.513120660703768 ], [ 101.628738472265638, 3.5131880495008 ], [ 101.6261672196365, 3.513390031154773 ], [ 101.623610081626964, 3.513726051960834 ], [ 101.621074067174575, 3.514195190765149 ], [ 101.618566127318672, 3.514796161491181 ], [ 101.616093136148066, 3.515527316666922 ], [ 101.613661871959664, 3.516386651943223 ], [ 101.611278998679609, 3.517371811590824 ], [ 101.608951047597927, 3.518480094961063 ], [ 101.606684399466744, 3.519708463892425 ], [ 101.604485267011015, 3.521053551042562 ], [ 101.602359677899926, 3.522511669123099 ], [ 101.6003134582255, 3.524078821011506 ], [ 101.598352216533655, 3.525750710712727 ], [ 101.596481328451489, 3.527522755139908 ], [ 101.594705921953235, 3.52939009668244 ], [ 101.593030863304691, 3.531347616526345 ], [ 101.591460743725165, 3.533389948690762 ], [ 101.589999866803311, 3.535511494741674 ], [ 101.588652236701222, 3.537706439142807 ], [ 101.587421547179318, 3.539968765201378 ], [ 101.586311171472047, 3.542292271564906 ], [ 101.585324153042023, 3.544670589223862 ], [ 101.584463197238179, 3.547097198973572 ], [ 101.58373066388053, 3.54956544928731 ], [ 101.583128560792062, 3.552068574551623 ], [ 101.582658538295533, 3.554599713613815 ], [ 101.582321884689904, 3.557151928590917 ], [ 101.58211952271931, 3.559718223888111 ], [ 101.582052007043842, 3.562291565375052 ], [ 101.58211952271931, 3.564864899666866 ], [ 101.582321884689904, 3.567431173457543 ], [ 101.582658538295533, 3.569983352852343 ], [ 101.583128560792062, 3.572514442646317 ], [ 101.58373066388053, 3.575017505496252 ], [ 101.584463197238179, 3.577485680933334 ], [ 101.585324153042023, 3.579912204164438 ], [ 101.586311171472047, 3.582290424610757 ], [ 101.587421547179318, 3.584613824132699 ], [ 101.588652236701222, 3.586876034891315 ], [ 101.589999866803311, 3.589070856797392 ], [ 101.591460743725165, 3.591192274500213 ], [ 101.593030863304691, 3.593234473869704 ], [ 101.594705921953235, 3.595191857926812 ], [ 101.596481328451489, 3.597059062178347 ], [ 101.598352216533655, 3.598830969314544 ], [ 101.6003134582255, 3.600502723228955 ], [ 101.602359677899926, 3.602069742322487 ], [ 101.604485267011015, 3.603527732054945 ], [ 101.606684399466744, 3.604872696710065 ], [ 101.608951047597927, 3.606100950341511 ], [ 101.611278998679609, 3.607209126870214 ], [ 101.613661871959664, 3.608194189305216 ], [ 101.616093136148066, 3.609053438062936 ], [ 101.618566127318672, 3.609784518362059 ], [ 101.621074067174575, 3.610385426673764 ], [ 101.623610081626964, 3.610854516209887 ], [ 101.6261672196365, 3.611190501433671 ], [ 101.628738472265638, 3.611392461581115 ], [ 101.631316791889631, 3.611459843183046 ], [ 101.633895111513638, 3.611392461581115 ], [ 101.636466364142777, 3.611190501433671 ], [ 101.639023502152298, 3.610854516209887 ], [ 101.641559516604687, 3.610385426673764 ], [ 101.644067456460604, 3.609784518362059 ], [ 101.646540447631196, 3.609053438062936 ], [ 101.648971711819598, 3.608194189305216 ], [ 101.651354585099654, 3.607209126870214 ], [ 101.653682536181336, 3.606100950341511 ], [ 101.655949184312519, 3.604872696710065 ], [ 101.658148316768248, 3.603527732054945 ], [ 101.660273905879336, 3.602069742322487 ], [ 101.662320125553777, 3.600502723228955 ], [ 101.664281367245621, 3.598830969314544 ], [ 101.666152255327773, 3.597059062178347 ], [ 101.667927661826027, 3.595191857926812 ], [ 101.669602720474586, 3.593234473869704 ], [ 101.671172840054098, 3.591192274500213 ], [ 101.672633716975952, 3.589070856797392 ], [ 101.67398134707804, 3.586876034891315 ], [ 101.675212036599945, 3.584613824132699 ], [ 101.676322412307229, 3.582290424610757 ], [ 101.677309430737253, 3.579912204164438 ], [ 101.678170386541083, 3.577485680933334 ], [ 101.678902919898732, 3.575017505496252 ], [ 101.6795050229872, 3.572514442646317 ], [ 101.679975045483729, 3.569983352852343 ], [ 101.680311699089359, 3.567431173457543 ], [ 101.680514061059952, 3.564864899666866 ], [ 101.68058157673542, 3.562291565375052 ] ] ] } },
{ "type": "Feature", "properties": { "state": "Selangor", "parlimen": "P.075 Ulu Selangor", "code_parlimen": "P.075", "dun": "N.09 Batang Kali", "code_dun": "N.09" }, "geometry": { "type": "Polygon", "coordinates": [ [ [ 101.67953218324827, 3.411465106118706 ], [ 101.679464667572816, 3.408891351985367 ], [ 101.679262305602222, 3.406324645474704 ], [ 101.678925651996579, 3.403772021840496 ], [ 101.678455629500064, 3.401240477791483 ], [ 101.677853526411596, 3.398736952312186 ], [ 101.677120993053933, 3.396268307641422 ], [ 101.676260037250117, 3.393841310460611 ], [ 101.675273018820093, 3.391462613343429 ], [ 101.674162643112822, 3.389138736517797 ], [ 101.672931953590904, 3.386876049990158 ], [ 101.671584323488815, 3.384680756081052 ], [ 101.670123446566947, 3.382558872420049 ], [ 101.66855332698745, 3.380516215446586 ], [ 101.666878268338905, 3.37855838446193 ], [ 101.665102861840637, 3.376690746276314 ], [ 101.663231973758485, 3.37491842049298 ], [ 101.661270732066626, 3.373246265469988 ], [ 101.6592245123922, 3.371678864997862 ], [ 101.657098923281126, 3.370220515730095 ], [ 101.654899790825382, 3.368875215400596 ], [ 101.652633142694199, 3.367646651860902 ], [ 101.650305191612517, 3.366538192966766 ], [ 101.647922318332476, 3.365552877342334 ], [ 101.64549105414406, 3.364693406046953 ], [ 101.643018062973468, 3.363962135167708 ], [ 101.640510123117565, 3.363361069357938 ], [ 101.637974108665176, 3.362891856339477 ], [ 101.635416970655626, 3.362555782383713 ], [ 101.632845718026502, 3.362353768784045 ], [ 101.630267398402495, 3.362286369329102 ], [ 101.627689078778502, 3.362353768784045 ], [ 101.625117826149364, 3.362555782383713 ], [ 101.622560688139828, 3.362891856339477 ], [ 101.620024673687425, 3.363361069357938 ], [ 101.617516733831522, 3.363962135167708 ], [ 101.61504374266093, 3.364693406046953 ], [ 101.612612478472514, 3.365552877342334 ], [ 101.610229605192472, 3.366538192966766 ], [ 101.607901654110805, 3.367646651860902 ], [ 101.605635005979607, 3.368875215400596 ], [ 101.603435873523864, 3.370220515730095 ], [ 101.60131028441279, 3.371678864997862 ], [ 101.599264064738364, 3.373246265469988 ], [ 101.597302823046505, 3.37491842049298 ], [ 101.595431934964353, 3.376690746276314 ], [ 101.593656528466099, 3.37855838446193 ], [ 101.591981469817554, 3.380516215446586 ], [ 101.590411350238043, 3.382558872420049 ], [ 101.588950473316174, 3.384680756081052 ], [ 101.587602843214086, 3.386876049990158 ], [ 101.586372153692167, 3.389138736517797 ], [ 101.585261777984897, 3.391462613343429 ], [ 101.584274759554873, 3.393841310460611 ], [ 101.583413803751057, 3.396268307641422 ], [ 101.582681270393394, 3.398736952312186 ], [ 101.582079167304926, 3.401240477791483 ], [ 101.581609144808411, 3.403772021840496 ], [ 101.581272491202768, 3.406324645474704 ], [ 101.581070129232174, 3.408891351985367 ], [ 101.58100261355672, 3.411465106118706 ], [ 101.581070129232174, 3.414038853360102 ], [ 101.581272491202768, 3.416605539270414 ], [ 101.581609144808411, 3.419158128821581 ], [ 101.582079167304926, 3.421689625678274 ], [ 101.582681270393394, 3.424193091373029 ], [ 101.583413803751057, 3.426661664322055 ], [ 101.584274759554873, 3.429088578629723 ], [ 101.585261777984897, 3.431467182630314 ], [ 101.586372153692167, 3.433790957116129 ], [ 101.587602843214086, 3.436053533201984 ], [ 101.588950473316174, 3.43824870977735 ], [ 101.590411350238043, 3.440370470498184 ], [ 101.591981469817554, 3.442413000272054 ], [ 101.593656528466099, 3.44437070119126 ], [ 101.595431934964353, 3.446238207870633 ], [ 101.597302823046505, 3.448010402147726 ], [ 101.599264064738364, 3.449682427105293 ], [ 101.60131028441279, 3.451249700377826 ], [ 101.603435873523864, 3.452707926705476 ], [ 101.605635005979607, 3.454053109701259 ], [ 101.607901654110805, 3.455281562799208 ], [ 101.610229605192472, 3.456389919353565 ], [ 101.612612478472514, 3.457375141861444 ], [ 101.61504374266093, 3.45823453028372 ], [ 101.617516733831522, 3.45896572944124 ], [ 101.620024673687425, 3.459566735466506 ], [ 101.622560688139828, 3.460035901292697 ], [ 101.625117826149364, 3.460371941165434 ], [ 101.627689078778502, 3.460573934164776 ], [ 101.630267398402495, 3.460641326727763 ], [ 101.632845718026502, 3.460573934164776 ], [ 101.635416970655626, 3.460371941165434 ], [ 101.637974108665176, 3.460035901292697 ], [ 101.640510123117565, 3.459566735466506 ], [ 101.643018062973468, 3.45896572944124 ], [ 101.64549105414406, 3.45823453028372 ], [ 101.647922318332476, 3.457375141861444 ], [ 101.650305191612517, 3.456389919353565 ], [ 101.652633142694199, 3.455281562799208 ], [ 101.654899790825382, 3.454053109701259 ], [ 101.657098923281126, 3.452707926705476 ], [ 101.6592245123922, 3.451249700377826 ], [ 101.661270732066626, 3.449682427105293 ], [ 101.663231973758485, 3.448010402147726 ], [ 101.665102861840637, 3.446238207870633 ], [ 101.666878268338905, 3.44437070119126 ], [ 101.66855332698745, 3.442413000272054 ], [ 101.670123446566947, 3.440370470498184 ], [ 101.671584323488815, 3.43824870977735 ], [ 101.672931953590904, 3.436053533201984 ], [ 101.674162643112822, 3.433790957116129 ], [ 101.675273018820093, 3.431467182630314 ], [ 101.676260037250117, 3.429088578629723 ], [ 101.677120993053933, 3.426661664322055 ], [ 101.677853526411596, 3.424193091373029 ], [ 101.678455629500064, 3.421689625678274 ], [ 101.678925651996579, 3.419158128821581 ], [ 101.679262305602222, 3.416605539270414 ], [ 101.679464667572816, 3.414038853360102 ], [ 101.67953218324827, 3.411465106118706 ] ] ] } },
{ "type": "Feature", "properties": { "state": "Selangor", "parlimen": "P.076 Kuala Selangor", "code_parlimen": "P.076", "dun": "N.10 Permatang", "code_dun": "N.10" }, "geometry": { "type": "Polygon", "coordinates": [ [ [ 101.36895451511954, 3.468317802565901 ], [ 101.368886999444072, 3.465744201881768 ], [ 101.368684637473478, 3.463177648285877 ], [ 101.368347983867849, 3.460625176614297 ], [ 101.36787796137132, 3.458093783161559 ], [ 101.367275858282852, 3.455590406502629 ], [ 101.366543324925203, 3.453121908472497 ], [ 101.365682369121359, 3.450695055355495 ], [ 101.364695350691349, 3.448316499336128 ], [ 101.363584974984065, 3.445992760261897 ], [ 101.36235428546216, 3.443730207768646 ], [ 101.361006655360072, 3.441535043817067 ], [ 101.359545778438218, 3.439413285688525 ], [ 101.357975658858692, 3.437370749486729 ], [ 101.356300600210147, 3.435413034190626 ], [ 101.354525193711893, 3.433545506302182 ], [ 101.352654305629727, 3.431773285131285 ], [ 101.350693063937882, 3.430101228758236 ], [ 101.34864684426347, 3.428533920712036 ], [ 101.346521255152368, 3.427075657401457 ], [ 101.344322122696653, 3.42573043633325 ], [ 101.342055474565456, 3.424501945149649 ], [ 101.339727523483774, 3.423393551515634 ], [ 101.337344650203718, 3.422408293883452 ], [ 101.334913386015316, 3.421548873159819 ], [ 101.332440394844724, 3.420817645298887 ], [ 101.329932454988807, 3.420216614840944 ], [ 101.327396440536418, 3.419747429414991 ], [ 101.324839302526883, 3.419411375220038 ], [ 101.322268049897758, 3.419209373497618 ], [ 101.319689730273751, 3.419141978005238 ], [ 101.317111410649758, 3.419209373497618 ], [ 101.31454015802062, 3.419411375220038 ], [ 101.311983020011084, 3.419747429414991 ], [ 101.309447005558695, 3.420216614840944 ], [ 101.306939065702778, 3.420817645298887 ], [ 101.304466074532186, 3.421548873159819 ], [ 101.302034810343784, 3.422408293883452 ], [ 101.299651937063729, 3.423393551515634 ], [ 101.297323985982047, 3.424501945149649 ], [ 101.295057337850864, 3.42573043633325 ], [ 101.292858205395135, 3.427075657401457 ], [ 101.290732616284046, 3.428533920712036 ], [ 101.28868639660962, 3.430101228758236 ], [ 101.286725154917775, 3.431773285131285 ], [ 101.284854266835609, 3.433545506302182 ], [ 101.283078860337355, 3.435413034190626 ], [ 101.281403801688811, 3.437370749486729 ], [ 101.279833682109299, 3.439413285688525 ], [ 101.278372805187431, 3.441535043817067 ], [ 101.277025175085342, 3.443730207768646 ], [ 101.275794485563438, 3.445992760261897 ], [ 101.274684109856167, 3.448316499336128 ], [ 101.273697091426143, 3.450695055355495 ], [ 101.272836135622299, 3.453121908472497 ], [ 101.27210360226465, 3.455590406502629 ], [ 101.271501499176182, 3.458093783161559 ], [ 101.271031476679653, 3.460625176614297 ], [ 101.270694823074024, 3.463177648285877 ], [ 101.27049246110343, 3.465744201881768 ], [ 101.270424945427962, 3.468317802565901 ], [ 101.27049246110343, 3.470891396243807 ], [ 101.270694823074024, 3.473457928897705 ], [ 101.271031476679653, 3.476010365920983 ], [ 101.271501499176182, 3.478541711398756 ], [ 101.27210360226465, 3.481045027281676 ], [ 101.272836135622299, 3.483513452400607 ], [ 101.273697091426143, 3.485940221270046 ], [ 101.274684109856167, 3.488318682628548 ], [ 101.275794485563438, 3.490642317665729 ], [ 101.277025175085342, 3.492904757885578 ], [ 101.278372805187431, 3.495099802557514 ], [ 101.279833682109299, 3.497221435707025 ], [ 101.281403801688811, 3.499263842599681 ], [ 101.283078860337355, 3.501221425673294 ], [ 101.284854266835609, 3.503088819874565 ], [ 101.286725154917775, 3.504860907358262 ], [ 101.28868639660962, 3.506532831508835 ], [ 101.290732616284046, 3.508100010245919 ], [ 101.292858205395135, 3.509558148577493 ], [ 101.295057337850864, 3.510903250366095 ], [ 101.297323985982047, 3.51213162927632 ], [ 101.299651937063729, 3.513239918873322 ], [ 101.302034810343784, 3.514225081844691 ], [ 101.304466074532186, 3.5150844183208 ], [ 101.306939065702778, 3.515815573270569 ], [ 101.309447005558695, 3.516416542952526 ], [ 101.311983020011084, 3.51688568040354 ], [ 101.31454015802062, 3.517221699950229 ], [ 101.317111410649758, 3.517423680730656 ], [ 101.319689730273751, 3.517491069216796 ], [ 101.322268049897758, 3.517423680730656 ], [ 101.324839302526883, 3.517221699950229 ], [ 101.327396440536418, 3.51688568040354 ], [ 101.329932454988807, 3.516416542952526 ], [ 101.332440394844724, 3.515815573270569 ], [ 101.334913386015316, 3.5150844183208 ], [ 101.337344650203718, 3.514225081844691 ], [ 101.339727523483774, 3.513239918873322 ], [ 101.342055474565456, 3.51213162927632 ], [ 101.344322122696653, 3.510903250366095 ], [ 101.346521255152368, 3.509558148577493 ], [ 101.34864684426347, 3.508100010245919 ], [ 101.350693063937882, 3.506532831508835 ], [ 101.352654305629727, 3.504860907358262 ], [ 101.354525193711893, 3.503088819874565 ], [ 101.356300600210147, 3.501221425673294 ], [ 101.357975658858692, 3.499263842599681 ], [ 101.359545778438218, 3.497221435707025 ], [ 101.361006655360072, 3.495099802557514 ], [ 101.36235428546216, 3.492904757885578 ], [ 101.363584974984065, 3.490642317665729 ], [ 101.364695350691349, 3.488318682628548 ], [ 101.365682369121359, 3.485940221270046 ], [ 101.366543324925203, 3.483513452400607 ], [ 101.367275858282852, 3.481045027281676 ], [ 101.36787796137132, 3.478541711398756 ], [ 101.368347983867849, 3.476010365920983 ], [ 101.368684637473478, 3.473457928897705 ], [ 101.368886999444072, 3.470891396243807 ], [ 101.36895451511954, 3.468317802565901 ] ] ] } },
{ "type": "Feature", "properties": { "state": "Selangor", "parlimen": "P.076 Kuala Selangor", "code_parlimen": "P.076", "dun": "N.11 Asam Jawa", "code_dun": "N.11" }, "geometry": { "type": "Polygon", "coordinates": [ [ [ 101.39651813082672, 3.333854486581185 ], [ 101.396450615151267, 3.33128052706256 ], [ 101.396248253180673, 3.328713615884984 ], [ 101.39591159957503, 3.32616078886134 ], [ 101.395441577078515, 3.323629043254623 ], [ 101.394839473990032, 3.32112531859744 ], [ 101.394106940632383, 3.318656477668985 ], [ 101.393245984828567, 3.316229287681931 ], [ 101.392258966398543, 3.313850401730727 ], [ 101.391148590691273, 3.31152634055222 ], [ 101.389917901169355, 3.309263474648586 ], [ 101.388570271067266, 3.307068006821801 ], [ 101.387109394145398, 3.304945955167207 ], [ 101.3855392745659, 3.302903136573236 ], [ 101.383864215917356, 3.300945150772344 ], [ 101.382088809419102, 3.29907736498697 ], [ 101.380217921336936, 3.297304899212717 ], [ 101.378256679645091, 3.295632612179098 ], [ 101.37621045997065, 3.294065088026384 ], [ 101.374084870859562, 3.292606623735193 ], [ 101.371885738403833, 3.291261217343317 ], [ 101.36961909027265, 3.290032556982054 ], [ 101.367291139190968, 3.288924010762278 ], [ 101.364908265910927, 3.287938617537961 ], [ 101.36247700172251, 3.287079078572487 ], [ 101.360004010551918, 3.286347750130712 ], [ 101.357496070696016, 3.285746637017061 ], [ 101.354960056243613, 3.285277387077462 ], [ 101.352402918234091, 3.284941286680131 ], [ 101.349831665604938, 3.284739257187753 ], [ 101.347253345980945, 3.284671852430621 ], [ 101.344675026356938, 3.284739257187753 ], [ 101.342103773727814, 3.284941286680131 ], [ 101.339546635718264, 3.285277387077462 ], [ 101.337010621265875, 3.285746637017061 ], [ 101.334502681409973, 3.286347750130712 ], [ 101.332029690239381, 3.287079078572487 ], [ 101.329598426050964, 3.287938617537961 ], [ 101.327215552770923, 3.288924010762278 ], [ 101.324887601689255, 3.290032556982054 ], [ 101.322620953558058, 3.291261217343317 ], [ 101.320421821102315, 3.292606623735193 ], [ 101.318296231991241, 3.294065088026384 ], [ 101.316250012316814, 3.295632612179098 ], [ 101.314288770624955, 3.297304899212717 ], [ 101.312417882542803, 3.29907736498697 ], [ 101.310642476044549, 3.300945150772344 ], [ 101.308967417396005, 3.302903136573236 ], [ 101.307397297816493, 3.304945955167207 ], [ 101.305936420894625, 3.307068006821801 ], [ 101.304588790792536, 3.309263474648586 ], [ 101.303358101270618, 3.31152634055222 ], [ 101.302247725563348, 3.313850401730727 ], [ 101.301260707133324, 3.316229287681931 ], [ 101.300399751329508, 3.318656477668985 ], [ 101.299667217971844, 3.32112531859744 ], [ 101.299065114883376, 3.323629043254623 ], [ 101.298595092386861, 3.32616078886134 ], [ 101.298258438781218, 3.328713615884984 ], [ 101.298056076810624, 3.33128052706256 ], [ 101.29798856113517, 3.333854486581185 ], [ 101.298056076810624, 3.336428439363942 ], [ 101.298258438781218, 3.338995330407678 ], [ 101.298595092386861, 3.341548124120139 ], [ 101.299065114883376, 3.344079823603253 ], [ 101.299667217971844, 3.346583489829779 ], [ 101.300399751329508, 3.349052260660692 ], [ 101.301260707133324, 3.351479369651333 ], [ 101.302247725563348, 3.353858164594667 ], [ 101.303358101270618, 3.356182125750939 ], [ 101.304588790792536, 3.358444883713835 ], [ 101.305936420894625, 3.360640236864017 ], [ 101.307397297816493, 3.362762168362547 ], [ 101.308967417396005, 3.364804862637466 ], [ 101.310642476044549, 3.36676272131838 ], [ 101.312417882542803, 3.368630378575594 ], [ 101.314288770624955, 3.370402715821673 ], [ 101.316250012316814, 3.372074875735327 ], [ 101.318296231991241, 3.373642275569014 ], [ 101.320421821102315, 3.375100619704167 ], [ 101.322620953558058, 3.376445911419477 ], [ 101.324887601689255, 3.377674463840041 ], [ 101.327215552770923, 3.378782910037607 ], [ 101.329598426050964, 3.379768212254092 ], [ 101.332029690239381, 3.380627670223191 ], [ 101.334502681409973, 3.381358928567475 ], [ 101.337010621265875, 3.381959983250495 ], [ 101.339546635718264, 3.38242918706653 ], [ 101.342103773727814, 3.382765254152677 ], [ 101.344675026356938, 3.38296726351124 ], [ 101.347253345980945, 3.383034661532492 ], [ 101.349831665604938, 3.38296726351124 ], [ 101.352402918234091, 3.382765254152677 ], [ 101.354960056243613, 3.38242918706653 ], [ 101.357496070696016, 3.381959983250495 ], [ 101.360004010551918, 3.381358928567475 ], [ 101.36247700172251, 3.380627670223191 ], [ 101.364908265910927, 3.379768212254092 ], [ 101.367291139190968, 3.378782910037607 ], [ 101.36961909027265, 3.377674463840041 ], [ 101.371885738403833, 3.376445911419477 ], [ 101.374084870859562, 3.375100619704167 ], [ 101.37621045997065, 3.373642275569014 ], [ 101.378256679645091, 3.372074875735327 ], [ 101.380217921336936, 3.370402715821673 ], [ 101.382088809419102, 3.368630378575594 ], [ 101.383864215917356, 3.36676272131838 ], [ 101.3855392745659, 3.364804862637466 ], [ 101.387109394145398, 3.362762168362547 ], [ 101.388570271067266, 3.360640236864017 ], [ 101.389917901169355, 3.358444883713835 ], [ 101.391148590691273, 3.356182125750939 ], [ 101.392258966398543, 3.353858164594667 ], [ 101.393245984828567, 3.351479369651333 ], [ 101.394106940632383, 3.349052260660692 ], [ 101.394839473990032, 3.346583489829779 ], [ 101.395441577078515, 3.344079823603253 ], [ 101.39591159957503, 3.341548124120139 ], [ 101.396248253180673, 3.338995330407678 ], [ 101.396450615151267, 3.336428439363942 ], [ 101.39651813082672, 3.333854486581185 ] ] ] } },
{ "type": "Feature", "properties": { "state": "Selangor", "parlimen": "P.076 Kuala Selangor", "code_parlimen": "P.076", "dun": "N.12 Jeram", "code_dun": "N.12" }, "geometry": { "type": "Polygon", "coordinates": [ [ [ 101.444171822005458, 3.247757486973633 ], [ 101.444104306330004, 3.245183305137417 ], [ 101.443901944359396, 3.242616172424118 ], [ 101.443565290753767, 3.240063125251678 ], [ 101.443095268257238, 3.237531161482992 ], [ 101.44249316516877, 3.23502722124378 ], [ 101.441760631811121, 3.232558167897948 ], [ 101.440899676007305, 3.230130769232997 ], [ 101.439912657577267, 3.227751678906778 ], [ 101.438802281869982, 3.225427418206707 ], [ 101.437571592348078, 3.223164358171303 ], [ 101.43622396224599, 3.22096870212321 ], [ 101.434763085324136, 3.218846468661559 ], [ 101.433192965744624, 3.216803475160425 ], [ 101.43151790709608, 3.214845321818536 ], [ 101.429742500597811, 3.212977376304115 ], [ 101.427871612515659, 3.211204759037015 ], [ 101.425910370823814, 3.209532329148389 ], [ 101.423864151149388, 3.207964671156635 ], [ 101.4217385620383, 3.206506082396078 ], [ 101.419539429582571, 3.205160561232995 ], [ 101.417272781451373, 3.203931796101133 ], [ 101.414944830369691, 3.20282315538714 ], [ 101.41256195708965, 3.201837678193419 ], [ 101.410130692901248, 3.200978066003905 ], [ 101.407657701730656, 3.200246675275585 ], [ 101.405149761874725, 3.199645510976211 ], [ 101.40261374742235, 3.19917622108583 ], [ 101.400056609412815, 3.198840092077297 ], [ 101.397485356783676, 3.198638045388195 ], [ 101.394907037159669, 3.198570634893813 ], [ 101.392328717535676, 3.198638045388195 ], [ 101.389757464906538, 3.198840092077297 ], [ 101.387200326897002, 3.19917622108583 ], [ 101.384664312444613, 3.199645510976211 ], [ 101.38215637258871, 3.200246675275585 ], [ 101.379683381418104, 3.200978066003905 ], [ 101.377252117229702, 3.201837678193419 ], [ 101.374869243949661, 3.20282315538714 ], [ 101.372541292867965, 3.203931796101133 ], [ 101.370274644736782, 3.205160561232995 ], [ 101.368075512281052, 3.206506082396078 ], [ 101.365949923169964, 3.207964671156635 ], [ 101.363903703495538, 3.209532329148389 ], [ 101.361942461803693, 3.211204759037015 ], [ 101.360071573721527, 3.212977376304115 ], [ 101.358296167223273, 3.214845321818536 ], [ 101.356621108574728, 3.216803475160425 ], [ 101.355050988995217, 3.218846468661559 ], [ 101.353590112073363, 3.22096870212321 ], [ 101.35224248197126, 3.223164358171303 ], [ 101.351011792449356, 3.225427418206707 ], [ 101.349901416742085, 3.227751678906778 ], [ 101.348914398312061, 3.230130769232997 ], [ 101.348053442508217, 3.232558167897948 ], [ 101.347320909150568, 3.23502722124378 ], [ 101.3467188060621, 3.237531161482992 ], [ 101.346248783565585, 3.240063125251678 ], [ 101.345912129959942, 3.242616172424118 ], [ 101.345709767989348, 3.245183305137417 ], [ 101.345642252313894, 3.247757486973633 ], [ 101.345709767989348, 3.25033166224717 ], [ 101.345912129959942, 3.25289877534432 ], [ 101.346248783565585, 3.255451790062101 ], [ 101.3467188060621, 3.257983708893162 ], [ 101.347320909150568, 3.260487592204135 ], [ 101.348053442508217, 3.262956577254833 ], [ 101.348914398312061, 3.265383897006024 ], [ 101.349901416742085, 3.267762898664433 ], [ 101.351011792449356, 3.270087061914128 ], [ 101.35224248197126, 3.272350016784263 ], [ 101.353590112073363, 3.274545561104419 ], [ 101.355050988995217, 3.276667677499559 ], [ 101.356621108574728, 3.27871054987825 ], [ 101.358296167223273, 3.280668579368767 ], [ 101.360071573721527, 3.282536399659839 ], [ 101.361942461803693, 3.284308891703604 ], [ 101.363903703495538, 3.285981197740884 ], [ 101.365949923169964, 3.287548734610207 ], [ 101.368075512281052, 3.289007206304279 ], [ 101.370274644736782, 3.29035261573945 ], [ 101.372541292867965, 3.291581275706081 ], [ 101.374869243949661, 3.292689818969735 ], [ 101.377252117229702, 3.293675207495686 ], [ 101.379683381418104, 3.294534740771478 ], [ 101.38215637258871, 3.295266063204689 ], [ 101.384664312444613, 3.295867170575862 ], [ 101.387200326897002, 3.296336415528644 ], [ 101.389757464906538, 3.296672512082516 ], [ 101.392328717535676, 3.296874539155509 ], [ 101.394907037159669, 3.296941943087211 ], [ 101.397485356783676, 3.296874539155509 ], [ 101.400056609412815, 3.296672512082516 ], [ 101.40261374742235, 3.296336415528644 ], [ 101.405149761874725, 3.295867170575862 ], [ 101.407657701730656, 3.295266063204689 ], [ 101.410130692901248, 3.294534740771478 ], [ 101.41256195708965, 3.293675207495686 ], [ 101.414944830369691, 3.292689818969735 ], [ 101.417272781451373, 3.291581275706081 ], [ 101.419539429582571, 3.29035261573945 ], [ 101.4217385620383, 3.289007206304279 ], [ 101.423864151149388, 3.287548734610207 ], [ 101.425910370823814, 3.285981197740884 ], [ 101.427871612515659, 3.284308891703604 ], [ 101.429742500597811, 3.282536399659839 ], [ 101.43151790709608, 3.280668579368767 ], [ 101.433192965744624, 3.27871054987825 ], [ 101.434763085324136, 3.276667677499559 ], [ 101.43622396224599, 3.274545561104419 ], [ 101.437571592348078, 3.272350016784263 ], [ 101.438802281869982, 3.270087061914128 ], [ 101.439912657577267, 3.267762898664433 ], [ 101.440899676007305, 3.265383897006024 ], [ 101.441760631811121, 3.262956577254833 ], [ 101.44249316516877, 3.260487592204135 ], [ 101.443095268257238, 3.257983708893162 ], [ 101.443565290753767, 3.255451790062101 ], [ 101.443901944359396, 3.25289877534432 ], [ 101.444104306330004, 3.25033166224717 ], [ 101.444171822005458, 3.247757486973633 ] ] ] } },
{ "type": "Feature", "properties": { "state": "Selangor", "parlimen": "P.077 Selayang", "code_parlimen": "P.077", "dun": "N.13 Rawang", "code_dun": "N.13" }, "geometry": { "type": "Polygon", "coordinates": [ [ [ 101.58937742912822, 3.300234668663412 ], [ 101.589309913452752, 3.297660621640807 ], [ 101.589107551482158, 3.295093623266467 ], [ 101.588770897876529, 3.292540709591397 ], [ 101.58830087538, 3.290008878114767 ], [ 101.587698772291532, 3.287505068602611 ], [ 101.586966238933883, 3.285036144064333 ], [ 101.586105283130053, 3.282608871938844 ], [ 101.585118264700029, 3.280229905542404 ], [ 101.584007888992758, 3.27790576582861 ], [ 101.58277719947084, 3.27564282351079 ], [ 101.581429569368751, 3.273447281595883 ], [ 101.579968692446897, 3.271325158377576 ], [ 101.578398572867385, 3.269282270935498 ], [ 101.576723514218841, 3.267324219185704 ], [ 101.574948107720587, 3.265456370526131 ], [ 101.573077219638421, 3.26368384511943 ], [ 101.571115977946576, 3.262011501853249 ], [ 101.569069758272136, 3.260443925016757 ], [ 101.566944169161047, 3.258985411729847 ], [ 101.564745036705318, 3.257639960159642 ], [ 101.562478388574135, 3.256411258556534 ], [ 101.560150437492453, 3.255302675140006 ], [ 101.557767564212398, 3.254317248861824 ], [ 101.555336300023995, 3.253457681072256 ], [ 101.552863308853404, 3.252726328111801 ], [ 101.550355368997501, 3.252125194849196 ], [ 101.547819354545098, 3.251655929183179 ], [ 101.545262216535576, 3.251319817523211 ], [ 101.542690963906423, 3.251117781261418 ], [ 101.540112644282431, 3.251050374245837 ], [ 101.537534324658424, 3.251117781261418 ], [ 101.534963072029299, 3.251319817523211 ], [ 101.532405934019764, 3.251655929183179 ], [ 101.529869919567375, 3.252125194849196 ], [ 101.527361979711472, 3.252726328111801 ], [ 101.524888988540866, 3.253457681072256 ], [ 101.522457724352464, 3.254317248861824 ], [ 101.520074851072408, 3.255302675140006 ], [ 101.517746899990726, 3.256411258556534 ], [ 101.515480251859543, 3.257639960159642 ], [ 101.513281119403814, 3.258985411729847 ], [ 101.511155530292726, 3.260443925016757 ], [ 101.5091093106183, 3.262011501853249 ], [ 101.507148068926455, 3.26368384511943 ], [ 101.505277180844288, 3.265456370526131 ], [ 101.503501774346034, 3.267324219185704 ], [ 101.50182671569749, 3.269282270935498 ], [ 101.500256596117978, 3.271325158377576 ], [ 101.49879571919611, 3.273447281595883 ], [ 101.497448089094021, 3.27564282351079 ], [ 101.496217399572117, 3.27790576582861 ], [ 101.495107023864833, 3.280229905542404 ], [ 101.494120005434823, 3.282608871938844 ], [ 101.493259049630993, 3.285036144064333 ], [ 101.49252651627333, 3.287505068602611 ], [ 101.491924413184861, 3.290008878114767 ], [ 101.491454390688347, 3.292540709591397 ], [ 101.491117737082703, 3.295093623266467 ], [ 101.49091537511211, 3.297660621640807 ], [ 101.490847859436656, 3.300234668663412 ], [ 101.49091537511211, 3.302808709017755 ], [ 101.491117737082703, 3.305375687460399 ], [ 101.491454390688347, 3.307928568158702 ], [ 101.491924413184861, 3.310460353974793 ], [ 101.49252651627333, 3.3129641056429 ], [ 101.493259049630993, 3.315432960787391 ], [ 101.494120005434823, 3.317860152729621 ], [ 101.495107023864833, 3.320239029031849 ], [ 101.496217399572117, 3.322563069727584 ], [ 101.497448089094021, 3.324825905188348 ], [ 101.49879571919611, 3.327021333577947 ], [ 101.500256596117978, 3.3291433378465 ], [ 101.50182671569749, 3.331186102217625 ], [ 101.503501774346034, 3.333144028123658 ], [ 101.505277180844288, 3.335011749545421 ], [ 101.507148068926455, 3.336784147714312 ], [ 101.5091093106183, 3.338456365136746 ], [ 101.511155530292726, 3.340023818902309 ], [ 101.513281119403814, 3.341482213239491 ], [ 101.515480251859543, 3.342827551284427 ], [ 101.517746899990726, 3.344056146030502 ], [ 101.520074851072408, 3.34516463042901 ], [ 101.522457724352464, 3.346149966613006 ], [ 101.524888988540866, 3.347009454219378 ], [ 101.527361979711472, 3.347740737786072 ], [ 101.529869919567375, 3.348341813204666 ], [ 101.532405934019764, 3.348811033210157 ], [ 101.534963072029299, 3.349147111893396 ], [ 101.537534324658424, 3.349349128223493 ], [ 101.540112644282431, 3.349416528570812 ], [ 101.542690963906423, 3.349349128223493 ], [ 101.545262216535576, 3.349147111893396 ], [ 101.547819354545098, 3.348811033210157 ], [ 101.550355368997501, 3.348341813204666 ], [ 101.552863308853404, 3.347740737786072 ], [ 101.555336300023995, 3.347009454219378 ], [ 101.557767564212398, 3.346149966613006 ], [ 101.560150437492453, 3.34516463042901 ], [ 101.562478388574135, 3.344056146030502 ], [ 101.564745036705318, 3.342827551284427 ], [ 101.566944169161047, 3.341482213239491 ], [ 101.569069758272136, 3.340023818902309 ], [ 101.571115977946576, 3.338456365136746 ], [ 101.573077219638421, 3.336784147714312 ], [ 101.574948107720587, 3.335011749545421 ], [ 101.576723514218841, 3.333144028123658 ], [ 101.578398572867385, 3.331186102217625 ], [ 101.579968692446897, 3.3291433378465 ], [ 101.581429569368751, 3.327021333577947 ], [ 101.58277719947084, 3.324825905188348 ], [ 101.584007888992758, 3.322563069727584 ], [ 101.585118264700029, 3.320239029031849 ], [ 101.586105283130053, 3.317860152729621 ], [ 101.586966238933883, 3.315432960787391 ], [ 101.587698772291532, 3.3129641056429 ], [ 101.58830087538, 3.310460353974793 ], [ 101.588770897876529, 3.307928568158702 ], [ 101.589107551482158, 3.305375687460399 ], [ 101.589309913452752, 3.302808709017755 ], [ 101.58937742912822, 3.300234668663412 ] ] ] } },
{ "type": "Feature", "properties": { "state": "Selangor", "parlimen": "P.077 Selayang", "code_parlimen": "P.077", "dun": "N.14 Gombak", "code_dun": "N.14" }, "geometry": { "type": "Polygon", "coordinates": [ [ [ 101.695652636859677, 3.264781525343145 ], [ 101.695585121184223, 3.26220738700497 ], [ 101.695382759213643, 3.259640297636373 ], [ 101.695046105608, 3.257087293536899 ], [ 101.694576083111485, 3.25455537245211 ], [ 101.693973980023017, 3.252051474391671 ], [ 101.693241446665354, 3.249582462605116 ], [ 101.692380490861524, 3.247155104767482 ], [ 101.6913934724315, 3.244776054426409 ], [ 101.690283096724229, 3.242451832761641 ], [ 101.689052407202325, 3.240188810706755 ], [ 101.687704777100222, 3.237993191482577 ], [ 101.686243900178354, 3.235870993589693 ], [ 101.684673780598857, 3.233828034307192 ], [ 101.682998721950312, 3.231869913742611 ], [ 101.681223315452058, 3.230001999477 ], [ 101.679352427369892, 3.228229411847211 ], [ 101.677391185678047, 3.226557009905878 ], [ 101.675344966003607, 3.224989378097443 ], [ 101.673219376892533, 3.223530813687085 ], [ 101.671020244436789, 3.22218531497681 ], [ 101.668753596305606, 3.220956570341243 ], [ 101.666425645223924, 3.219847948113105 ], [ 101.664042771943883, 3.218862487346211 ], [ 101.661611507755481, 3.218002889481381 ], [ 101.659138516584875, 3.217271510938033 ], [ 101.656630576728972, 3.216670356651974 ], [ 101.654094562276583, 3.216201074577043 ], [ 101.651537424267048, 3.215864951165612 ], [ 101.648966171637909, 3.215662907840646 ], [ 101.646387852013916, 3.215595498468618 ], [ 101.643809532389909, 3.215662907840646 ], [ 101.641238279760771, 3.215864951165612 ], [ 101.638681141751235, 3.216201074577043 ], [ 101.636145127298846, 3.216670356651974 ], [ 101.633637187442943, 3.217271510938033 ], [ 101.631164196272351, 3.218002889481381 ], [ 101.628732932083935, 3.218862487346211 ], [ 101.62635005880388, 3.219847948113105 ], [ 101.624022107722212, 3.220956570341243 ], [ 101.621755459591014, 3.22218531497681 ], [ 101.619556327135285, 3.223530813687085 ], [ 101.617430738024197, 3.224989378097443 ], [ 101.615384518349771, 3.226557009905878 ], [ 101.613423276657926, 3.228229411847211 ], [ 101.61155238857576, 3.230001999477 ], [ 101.609776982077506, 3.231869913742611 ], [ 101.608101923428961, 3.233828034307192 ], [ 101.60653180384945, 3.235870993589693 ], [ 101.605070926927581, 3.237993191482577 ], [ 101.603723296825493, 3.240188810706755 ], [ 101.602492607303589, 3.242451832761641 ], [ 101.601382231596304, 3.244776054426409 ], [ 101.60039521316628, 3.247155104767482 ], [ 101.599534257362464, 3.249582462605116 ], [ 101.598801724004815, 3.252051474391671 ], [ 101.598199620916333, 3.25455537245211 ], [ 101.597729598419818, 3.257087293536899 ], [ 101.597392944814189, 3.259640297636373 ], [ 101.597190582843595, 3.26220738700497 ], [ 101.597123067168127, 3.264781525343145 ], [ 101.597190582843595, 3.267355657084391 ], [ 101.597392944814189, 3.269922726734478 ], [ 101.597729598419818, 3.272475698209883 ], [ 101.598199620916333, 3.275007574122513 ], [ 101.598801724004815, 3.277511414957598 ], [ 101.599534257362464, 3.27998035809258 ], [ 101.60039521316628, 3.282407636604584 ], [ 101.601382231596304, 3.284786597815079 ], [ 101.602492607303589, 3.287110721520874 ], [ 101.603723296825493, 3.289373637861616 ], [ 101.605070926927581, 3.291569144774734 ], [ 101.60653180384945, 3.293691224990123 ], [ 101.608101923428961, 3.295734062518026 ], [ 101.609776982077506, 3.297692058584845 ], [ 101.61155238857576, 3.299559846973554 ], [ 101.613423276657926, 3.301332308726454 ], [ 101.615384518349771, 3.303004586170038 ], [ 101.617430738024197, 3.304572096223888 ], [ 101.619556327135285, 3.306030542956777 ], [ 101.621755459591014, 3.307375929356017 ], [ 101.624022107722212, 3.30860456827749 ], [ 101.62635005880388, 3.309713092546668 ], [ 101.628732932083935, 3.310698464183035 ], [ 101.631164196272351, 3.311557982722273 ], [ 101.633637187442943, 3.312289292614087 ], [ 101.636145127298846, 3.312890389674817 ], [ 101.638681141751235, 3.313359626577615 ], [ 101.641238279760771, 3.313695717365002 ], [ 101.643809532389909, 3.31389774097147 ], [ 101.646387852013916, 3.31396514374657 ], [ 101.648966171637909, 3.31389774097147 ], [ 101.651537424267048, 3.313695717365002 ], [ 101.654094562276583, 3.313359626577615 ], [ 101.656630576728972, 3.312890389674817 ], [ 101.659138516584875, 3.312289292614087 ], [ 101.661611507755481, 3.311557982722273 ], [ 101.664042771943883, 3.310698464183035 ], [ 101.666425645223924, 3.309713092546668 ], [ 101.668753596305606, 3.30860456827749 ], [ 101.671020244436789, 3.307375929356017 ], [ 101.673219376892533, 3.306030542956777 ], [ 101.675344966003607, 3.304572096223888 ], [ 101.677391185678047, 3.303004586170038 ], [ 101.679352427369892, 3.301332308726454 ], [ 101.681223315452058, 3.299559846973554 ], [ 101.682998721950312, 3.297692058584845 ], [ 101.684673780598857, 3.295734062518026 ], [ 101.686243900178354, 3.293691224990123 ], [ 101.687704777100222, 3.291569144774734 ], [ 101.689052407202325, 3.289373637861616 ], [ 101.690283096724229, 3.287110721520874 ], [ 101.6913934724315, 3.284786597815079 ], [ 101.692380490861524, 3.282407636604584 ], [ 101.693241446665354, 3.27998035809258 ], [ 101.693973980023017, 3.277511414957598 ], [ 101.694576083111485, 3.275007574122513 ], [ 101.695046105608, 3.272475698209883 ], [ 101.695382759213643, 3.269922726734478 ], [ 101.695585121184223, 3.267355657084391 ], [ 101.695652636859677, 3.264781525343145 ] ] ] } },
{ "type": "Feature", "properties": { "state": "Selangor", "parlimen": "P.077 Selayang", "code_parlimen": "P.077", "dun": "N.15 Ampang", "code_dun": "N.15" }, "geometry": { "type": "Polygon", "coordinates": [ [ [ 101.824609491127319, 3.231354808865321 ], [ 101.824541975451865, 3.228780585333687 ], [ 101.824339613481271, 3.226213411072103 ], [ 101.824002959875628, 3.223660322612004 ], [ 101.823532937379099, 3.221128317928791 ], [ 101.822930834290631, 3.218624337259398 ], [ 101.822198300932982, 3.216155244077373 ], [ 101.821337345129166, 3.21372780627796 ], [ 101.820350326699128, 3.211348677624697 ], [ 101.819239950991857, 3.209024379508186 ], [ 101.818009261469939, 3.206761283067517 ], [ 101.81666163136785, 3.204565591722913 ], [ 101.815200754445996, 3.202443324167968 ], [ 101.813630634866499, 3.200400297867771 ], [ 101.81195557621794, 3.19844211310844 ], [ 101.810180169719686, 3.196574137641794 ], [ 101.808309281637534, 3.194801491967149 ], [ 101.806348039945675, 3.19312903529095 ], [ 101.804301820271249, 3.191561352202445 ], [ 101.802176231160161, 3.190102740102303 ], [ 101.799977098704431, 3.18875719741829 ], [ 101.797710450573248, 3.187528412640853 ], [ 101.795382499491552, 3.186419754208321 ], [ 101.792999626211511, 3.185434261269645 ], [ 101.790568362023109, 3.184574635350072 ], [ 101.788095370852517, 3.183843232942602 ], [ 101.7855874309966, 3.183242059045599 ], [ 101.783051416544211, 3.182772761664223 ], [ 101.780494278534675, 3.182436627290934 ], [ 101.777923025905537, 3.18223457737736 ], [ 101.775344706281544, 3.182167165807213 ], [ 101.772766386657537, 3.18223457737736 ], [ 101.770195134028413, 3.182436627290934 ], [ 101.767637996018863, 3.182772761664223 ], [ 101.765101981566474, 3.183242059045599 ], [ 101.762594041710571, 3.183843232942602 ], [ 101.760121050539965, 3.184574635350072 ], [ 101.757689786351563, 3.185434261269645 ], [ 101.755306913071522, 3.186419754208321 ], [ 101.752978961989839, 3.187528412640853 ], [ 101.750712313858642, 3.18875719741829 ], [ 101.748513181402913, 3.190102740102303 ], [ 101.746387592291825, 3.191561352202445 ], [ 101.744341372617413, 3.19312903529095 ], [ 101.742380130925554, 3.194801491967149 ], [ 101.740509242843402, 3.196574137641794 ], [ 101.738733836345148, 3.19844211310844 ], [ 101.737058777696603, 3.200400297867771 ], [ 101.735488658117077, 3.202443324167968 ], [ 101.734027781195223, 3.204565591722913 ], [ 101.732680151093135, 3.206761283067517 ], [ 101.731449461571216, 3.209024379508186 ], [ 101.730339085863946, 3.211348677624697 ], [ 101.729352067433922, 3.21372780627796 ], [ 101.728491111630092, 3.216155244077373 ], [ 101.727758578272443, 3.218624337259398 ], [ 101.727156475183975, 3.221128317928791 ], [ 101.726686452687446, 3.223660322612004 ], [ 101.726349799081817, 3.226213411072103 ], [ 101.726147437111209, 3.228780585333687 ], [ 101.726079921435755, 3.231354808865321 ], [ 101.726147437111209, 3.233929025867303 ], [ 101.726349799081817, 3.236496180611387 ], [ 101.726686452687446, 3.239049236780039 ], [ 101.727156475183975, 3.2415811967516 ], [ 101.727758578272443, 3.244085120779055 ], [ 101.728491111630092, 3.246554146009407 ], [ 101.729352067433922, 3.248981505291903 ], [ 101.730339085863946, 3.251360545723272 ], [ 101.731449461571216, 3.253684746879467 ], [ 101.732680151093135, 3.255947738683754 ], [ 101.734027781195223, 3.258143318862297 ], [ 101.735488658117077, 3.260265469939466 ], [ 101.737058777696603, 3.262308375726321 ], [ 101.738733836345148, 3.264266437257122 ], [ 101.740509242843402, 3.266134288130195 ], [ 101.742380130925554, 3.267906809211241 ], [ 101.744341372617413, 3.269579142658935 ], [ 101.746387592291825, 3.271146705234111 ], [ 101.748513181402913, 3.272605200856515 ], [ 101.750712313858642, 3.273950632374492 ], [ 101.752978961989839, 3.275179312515573 ], [ 101.755306913071522, 3.276287873987839 ], [ 101.757689786351563, 3.277273278704646 ], [ 101.760121050539965, 3.278132826107355 ], [ 101.762594041710571, 3.278864160563177 ], [ 101.765101981566474, 3.279465277818254 ], [ 101.767637996018863, 3.279934530488029 ], [ 101.770195134028413, 3.280270632569871 ], [ 101.772766386657537, 3.280472662965983 ], [ 101.775344706281544, 3.280540068006452 ], [ 101.777923025905537, 3.280472662965983 ], [ 101.780494278534675, 3.280270632569871 ], [ 101.783051416544211, 3.279934530488029 ], [ 101.7855874309966, 3.279465277818254 ], [ 101.788095370852517, 3.278864160563177 ], [ 101.790568362023109, 3.278132826107355 ], [ 101.792999626211511, 3.277273278704646 ], [ 101.795382499491552, 3.276287873987839 ], [ 101.797710450573248, 3.275179312515573 ], [ 101.799977098704431, 3.273950632374492 ], [ 101.802176231160161, 3.272605200856515 ], [ 101.804301820271249, 3.271146705234111 ], [ 101.806348039945675, 3.269579142658935 ], [ 101.808309281637534, 3.267906809211241 ], [ 101.810180169719686, 3.266134288130195 ], [ 101.81195557621794, 3.264266437257122 ], [ 101.813630634866499, 3.262308375726321 ], [ 101.815200754445996, 3.260265469939466 ], [ 101.81666163136785, 3.258143318862297 ], [ 101.818009261469939, 3.255947738683754 ], [ 101.819239950991857, 3.253684746879467 ], [ 101.820350326699128, 3.251360545723272 ], [ 101.821337345129166, 3.248981505291903 ], [ 101.822198300932982, 3.246554146009407 ], [ 101.822930834290631, 3.244085120779055 ], [ 101.823532937379099, 3.2415811967516 ], [ 101.824002959875628, 3.239049236780039 ], [ 101.824339613481271, 3.236496180611387 ], [ 101.824541975451865, 3.233929025867303 ], [ 101.824609491127319, 3.231354808865321 ] ] ] } },
{ "type": "Feature", "properties": { "state": "Selangor", "parlimen": "P.078 Ulu Langat", "code_parlimen": "P.078", "dun": "N.16 Dusun Tua", "code_dun": "N.16" }, "geometry": { "type": "Polygon", "coordinates": [ [ [ 101.911621039835708, 3.166538274144648 ], [ 101.91155352416024, 3.16396388791413 ], [ 101.911351162189646, 3.161396551529535 ], [ 101.911014508584017, 3.158843301965016 ], [ 101.910544486087488, 3.156311137634955 ], [ 101.90994238299902, 3.153806999210151 ], [ 101.909209849641371, 3.151337750591912 ], [ 101.908348893837527, 3.148910160096004 ], [ 101.907361875407503, 3.14653088189797 ], [ 101.906251499700232, 3.144206437791124 ], [ 101.905020810178328, 3.141943199306718 ], [ 101.90367318007624, 3.139747370245737 ], [ 101.902212303154371, 3.13762496967011 ], [ 101.90064218357486, 3.13558181539999 ], [ 101.898967124926315, 3.133623508062361 ], [ 101.897191718428061, 3.131755415734871 ], [ 101.895320830345895, 3.129982659226967 ], [ 101.89335958865405, 3.128310098038632 ], [ 101.891313368979624, 3.126742317035478 ], [ 101.889187779868536, 3.125283613876616 ], [ 101.886988647412807, 3.12393798722989 ], [ 101.884721999281624, 3.122709125806747 ], [ 101.882394048199927, 3.121600398246984 ], [ 101.880011174919886, 3.120614843881098 ], [ 101.877579910731484, 3.119755164395449 ], [ 101.875106919560892, 3.119023716423416 ], [ 101.872598979704975, 3.118422505082672 ], [ 101.870062965252586, 3.117953178476362 ], [ 101.86750582724305, 3.117617023173383 ], [ 101.864934574613912, 3.117414960680066 ], [ 101.862356254989919, 3.117347544913012 ], [ 101.859777935365912, 3.117414960680066 ], [ 101.857206682736788, 3.117617023173383 ], [ 101.854649544727252, 3.117953178476362 ], [ 101.852113530274863, 3.118422505082672 ], [ 101.849605590418946, 3.119023716423416 ], [ 101.847132599248354, 3.119755164395449 ], [ 101.844701335059952, 3.120614843881098 ], [ 101.842318461779897, 3.121600398246984 ], [ 101.839990510698215, 3.122709125806747 ], [ 101.837723862567017, 3.12393798722989 ], [ 101.835524730111302, 3.125283613876616 ], [ 101.8333991410002, 3.126742317035478 ], [ 101.831352921325788, 3.128310098038632 ], [ 101.829391679633943, 3.129982659226967 ], [ 101.827520791551777, 3.131755415734871 ], [ 101.825745385053523, 3.133623508062361 ], [ 101.824070326404978, 3.13558181539999 ], [ 101.822500206825453, 3.13762496967011 ], [ 101.821039329903599, 3.139747370245737 ], [ 101.81969169980151, 3.141943199306718 ], [ 101.818461010279606, 3.144206437791124 ], [ 101.817350634572321, 3.14653088189797 ], [ 101.816363616142311, 3.148910160096004 ], [ 101.815502660338467, 3.151337750591912 ], [ 101.814770126980818, 3.153806999210151 ], [ 101.81416802389235, 3.156311137634955 ], [ 101.813698001395821, 3.158843301965016 ], [ 101.813361347790192, 3.161396551529535 ], [ 101.813158985819598, 3.16396388791413 ], [ 101.81309147014413, 3.166538274144648 ], [ 101.813158985819598, 3.169112653975928 ], [ 101.813361347790192, 3.171679971232934 ], [ 101.813698001395821, 3.174233189151036 ], [ 101.81416802389235, 3.176765309662633 ], [ 101.814770126980818, 3.179269392576962 ], [ 101.815502660338467, 3.181738574600925 ], [ 101.816363616142311, 3.184166088148389 ], [ 101.817350634572321, 3.186545279886848 ], [ 101.818461010279606, 3.188869628970272 ], [ 101.81969169980151, 3.191132764908506 ], [ 101.821039329903599, 3.193328485024077 ], [ 101.822500206825453, 3.195450771448681 ], [ 101.824070326404978, 3.197493807612847 ], [ 101.825745385053523, 3.199451994183567 ], [ 101.827520791551777, 3.201319964406344 ], [ 101.829391679633943, 3.203092598809548 ], [ 101.831352921325788, 3.204765039231001 ], [ 101.8333991410002, 3.206332702128213 ], [ 101.835524730111302, 3.207791291136077 ], [ 101.837723862567017, 3.209136808837431 ], [ 101.839990510698215, 3.21036556771444 ], [ 101.842318461779897, 3.211474200250807 ], [ 101.844701335059952, 3.212459668157169 ], [ 101.847132599248354, 3.213319270694399 ], [ 101.849605590418946, 3.214050652072194 ], [ 101.852113530274863, 3.214651807902501 ], [ 101.854649544727252, 3.21512109069036 ], [ 101.857206682736788, 3.215457214346948 ], [ 101.859777935365912, 3.215659257712676 ], [ 101.862356254989919, 3.21572666708048 ], [ 101.864934574613912, 3.215659257712676 ], [ 101.86750582724305, 3.215457214346948 ], [ 101.870062965252586, 3.21512109069036 ], [ 101.872598979704975, 3.214651807902501 ], [ 101.875106919560892, 3.214050652072194 ], [ 101.877579910731484, 3.213319270694399 ], [ 101.880011174919886, 3.212459668157169 ], [ 101.882394048199927, 3.211474200250807 ], [ 101.884721999281624, 3.21036556771444 ], [ 101.886988647412807, 3.209136808837431 ], [ 101.889187779868536, 3.207791291136077 ], [ 101.891313368979624, 3.206332702128213 ], [ 101.89335958865405, 3.204765039231001 ], [ 101.895320830345895, 3.203092598809548 ], [ 101.897191718428061, 3.201319964406344 ], [ 101.898967124926315, 3.199451994183567 ], [ 101.90064218357486, 3.197493807612847 ], [ 101.902212303154371, 3.195450771448681 ], [ 101.90367318007624, 3.193328485024077 ], [ 101.905020810178328, 3.191132764908506 ], [ 101.906251499700232, 3.188869628970272 ], [ 101.907361875407503, 3.186545279886848 ], [ 101.908348893837527, 3.184166088148389 ], [ 101.909209849641371, 3.181738574600925 ], [ 101.90994238299902, 3.179269392576962 ], [ 101.910544486087488, 3.176765309662633 ], [ 101.911014508584017, 3.174233189151036 ], [ 101.911351162189646, 3.171679971232934 ], [ 101.91155352416024, 3.169112653975928 ], [ 101.911621039835708, 3.166538274144648 ] ] ] } },
{ "type": "Feature", "properties": { "state": "Selangor", "parlimen": "P.078 Ulu Langat", "code_parlimen": "P.078", "dun": "N.17 Semenyih", "code_dun": "N.17" }, "geometry": { "type": "Polygon", "coordinates": [ [ [ 101.922211037653057, 2.994384521979109 ], [ 101.922143521977603, 2.991809719614295 ], [ 101.921941160007009, 2.989241968581155 ], [ 101.921604506401366, 2.986688306986171 ], [ 101.921134483904851, 2.98415573436599 ], [ 101.920532380816368, 2.981651192500764 ], [ 101.919799847458719, 2.979181546385286 ], [ 101.918938891654904, 2.97675356540997 ], [ 101.917951873224879, 2.97437390480358 ], [ 101.916841497517609, 2.972049087388301 ], [ 101.915610807995691, 2.969785485697463 ], [ 101.914263177893602, 2.967589304504793 ], [ 101.912802300971734, 2.965466563813129 ], [ 101.911232181392236, 2.963423082349463 ], [ 101.909557122743692, 2.961464461611299 ], [ 101.907781716245424, 2.95959607050847 ], [ 101.905910828163272, 2.957823030642112 ], [ 101.903949586471413, 2.956150202261751 ], [ 101.901903366796986, 2.954582170938474 ], [ 101.899777777685898, 2.953123234991227 ], [ 101.897578645230169, 2.951777393700481 ], [ 101.895311997098986, 2.950548336341786 ], [ 101.892984046017304, 2.949439432069183 ], [ 101.890601172737249, 2.948453720676348 ], [ 101.888169908548846, 2.947593904260823 ], [ 101.885696917378255, 2.946862339814181 ], [ 101.883188977522352, 2.946261032758511 ], [ 101.880652963069949, 2.945791631446951 ], [ 101.878095825060413, 2.945455422643429 ], [ 101.875524572431274, 2.945253327993852 ], [ 101.872946252807282, 2.945185901498736 ], [ 101.870367933183275, 2.945253327993852 ], [ 101.86779668055415, 2.945455422643429 ], [ 101.8652395425446, 2.945791631446951 ], [ 101.862703528092212, 2.946261032758511 ], [ 101.860195588236309, 2.946862339814181 ], [ 101.857722597065703, 2.947593904260823 ], [ 101.8552913328773, 2.948453720676348 ], [ 101.852908459597259, 2.949439432069183 ], [ 101.850580508515591, 2.950548336341786 ], [ 101.848313860384394, 2.951777393700481 ], [ 101.846114727928651, 2.953123234991227 ], [ 101.843989138817577, 2.954582170938474 ], [ 101.84194291914315, 2.956150202261751 ], [ 101.839981677451291, 2.957823030642112 ], [ 101.838110789369139, 2.95959607050847 ], [ 101.836335382870885, 2.961464461611299 ], [ 101.834660324222341, 2.963423082349463 ], [ 101.833090204642829, 2.965466563813129 ], [ 101.831629327720961, 2.967589304504793 ], [ 101.830281697618872, 2.969785485697463 ], [ 101.829051008096954, 2.972049087388301 ], [ 101.827940632389684, 2.97437390480358 ], [ 101.82695361395966, 2.97675356540997 ], [ 101.826092658155844, 2.979181546385286 ], [ 101.825360124798181, 2.981651192500764 ], [ 101.824758021709712, 2.98415573436599 ], [ 101.824287999213198, 2.986688306986171 ], [ 101.823951345607554, 2.989241968581155 ], [ 101.82374898363696, 2.991809719614295 ], [ 101.823681467961507, 2.994384521979109 ], [ 101.82374898363696, 2.99695931829129 ], [ 101.823951345607554, 2.999527051232824 ], [ 101.824287999213198, 3.002080682895468 ], [ 101.824758021709712, 3.004613214070503 ], [ 101.825360124798181, 3.007117703431858 ], [ 101.826092658155844, 3.009587286559986 ], [ 101.82695361395966, 3.012015194754581 ], [ 101.827940632389684, 3.014394773584292 ], [ 101.829051008096954, 3.016719501122871 ], [ 101.830281697618872, 3.018983005821702 ], [ 101.831629327720961, 3.021179083969744 ], [ 101.833090204642829, 3.023301716693116 ], [ 101.834660324222341, 3.025345086447762 ], [ 101.836335382870885, 3.027303592960071 ], [ 101.838110789369139, 3.029171868571731 ], [ 101.839981677451291, 3.030944792946881 ], [ 101.84194291914315, 3.032617507101411 ], [ 101.843989138817577, 3.034185426715682 ], [ 101.846114727928651, 3.035644254694676 ], [ 101.848313860384394, 3.036989992940818 ], [ 101.850580508515591, 3.038218953307544 ], [ 101.852908459597259, 3.039327767703485 ], [ 101.8552913328773, 3.040313397319654 ], [ 101.857722597065703, 3.041173140954495 ], [ 101.860195588236309, 3.041904642413827 ], [ 101.862703528092212, 3.042505896965664 ], [ 101.8652395425446, 3.04297525683209 ], [ 101.86779668055415, 3.043311435703285 ], [ 101.870367933183275, 3.043513512261269 ], [ 101.872946252807282, 3.043580932703752 ], [ 101.875524572431274, 3.043513512261269 ], [ 101.878095825060413, 3.043311435703285 ], [ 101.880652963069949, 3.04297525683209 ], [ 101.883188977522352, 3.042505896965664 ], [ 101.885696917378255, 3.041904642413827 ], [ 101.888169908548846, 3.041173140954495 ], [ 101.890601172737249, 3.040313397319654 ], [ 101.892984046017304, 3.039327767703485 ], [ 101.895311997098986, 3.038218953307544 ], [ 101.897578645230169, 3.036989992940818 ], [ 101.899777777685898, 3.035644254694676 ], [ 101.901903366796986, 3.034185426715682 ], [ 101.903949586471413, 3.032617507101411 ], [ 101.905910828163272, 3.030944792946881 ], [ 101.907781716245424, 3.029171868571731 ], [ 101.909557122743692, 3.027303592960071 ], [ 101.911232181392236, 3.025345086447762 ], [ 101.912802300971734, 3.023301716693116 ], [ 101.914263177893602, 3.021179083969744 ], [ 101.915610807995691, 3.018983005821702 ], [ 101.916841497517609, 3.016719501122871 ], [ 101.917951873224879, 3.014394773584292 ], [ 101.918938891654904, 3.012015194754581 ], [ 101.919799847458719, 3.009587286559986 ], [ 101.920532380816368, 3.007117703431858 ], [ 101.921134483904851, 3.004613214070503 ], [ 101.921604506401366, 3.002080682895468 ], [ 101.921941160007009, 2.999527051232824 ], [ 101.922143521977603, 2.99695931829129 ], [ 101.922211037653057, 2.994384521979109 ] ] ] } },
{ "type": "Feature", "properties": { "state": "Selangor", "parlimen": "P.078 Ulu Langat", "code_parlimen": "P.078", "dun": "N.18 Kajang", "code_dun": "N.18" }, "geometry": { "type": "Polygon", "coordinates": [ [ [ 101.828174811235371, 3.023759338737591 ], [ 101.828107295559917, 3.021184605733614 ], [ 101.827904933589338, 3.018616923812311 ], [ 101.827568279983694, 3.016063330891406 ], [ 101.827098257487179, 3.013530826320541 ], [ 101.826496154398711, 3.01102635169504 ], [ 101.825763621041048, 3.00855677182745 ], [ 101.824902665237218, 3.00612885592917 ], [ 101.823915646807194, 3.003749259053501 ], [ 101.822805271099924, 3.001424503851233 ], [ 101.82157458157802, 2.999160962688793 ], [ 101.820226951475917, 2.996964840177866 ], [ 101.818766074554048, 2.994842156164615 ], [ 101.817195954974551, 2.992798729225008 ], [ 101.815520896326007, 2.990840160711589 ], [ 101.813745489827753, 2.98897181939561 ], [ 101.811874601745586, 2.987198826746419 ], [ 101.809913360053741, 2.985526042888735 ], [ 101.807867140379301, 2.983958053276194 ], [ 101.805741551268227, 2.98249915611791 ], [ 101.803542418812484, 2.981153350592387 ], [ 101.801275770681301, 2.979924325881259 ], [ 101.798947819599618, 2.978815451052985 ], [ 101.796564946319577, 2.977829765824155 ], [ 101.794133682131175, 2.976969972223856 ], [ 101.791660690960569, 2.976238427184068 ], [ 101.789152751104666, 2.975637136076221 ], [ 101.786616736652277, 2.975167747211838 ], [ 101.784059598642742, 2.974831547322406 ], [ 101.781488346013603, 2.974629458030587 ], [ 101.77891002638961, 2.974562033322943 ], [ 101.776331706765603, 2.974629458030587 ], [ 101.773760454136465, 2.974831547322406 ], [ 101.771203316126929, 2.975167747211838 ], [ 101.76866730167454, 2.975637136076221 ], [ 101.766159361818637, 2.976238427184068 ], [ 101.763686370648045, 2.976969972223856 ], [ 101.761255106459629, 2.977829765824155 ], [ 101.758872233179574, 2.978815451052985 ], [ 101.756544282097906, 2.979924325881259 ], [ 101.754277633966709, 2.981153350592387 ], [ 101.752078501510979, 2.98249915611791 ], [ 101.749952912399891, 2.983958053276194 ], [ 101.747906692725465, 2.985526042888735 ], [ 101.74594545103362, 2.987198826746419 ], [ 101.744074562951454, 2.98897181939561 ], [ 101.7422991564532, 2.990840160711589 ], [ 101.740624097804655, 2.992798729225008 ], [ 101.739053978225144, 2.994842156164615 ], [ 101.737593101303275, 2.996964840177866 ], [ 101.736245471201187, 2.999160962688793 ], [ 101.735014781679283, 3.001424503851233 ], [ 101.733904405971998, 3.003749259053501 ], [ 101.732917387541974, 3.00612885592917 ], [ 101.732056431738158, 3.00855677182745 ], [ 101.731323898380509, 3.01102635169504 ], [ 101.730721795292027, 3.013530826320541 ], [ 101.730251772795512, 3.016063330891406 ], [ 101.729915119189883, 3.018616923812311 ], [ 101.729712757219289, 3.021184605733614 ], [ 101.729645241543821, 3.023759338737591 ], [ 101.729712757219289, 3.026334065629764 ], [ 101.729915119189883, 3.028901729282647 ], [ 101.730251772795512, 3.031455291978652 ], [ 101.730721795292027, 3.033987754699296 ], [ 101.731323898380509, 3.036492176307775 ], [ 101.732056431738158, 3.038961692572387 ], [ 101.732917387541974, 3.041389534978621 ], [ 101.733904405971998, 3.04376904927835 ], [ 101.735014781679283, 3.046093713725488 ], [ 101.736245471201187, 3.04835715694795 ], [ 101.737593101303275, 3.050553175407119 ], [ 101.739053978225144, 3.052675750396821 ], [ 101.740624097804655, 3.054719064535614 ], [ 101.7422991564532, 3.056677517706777 ], [ 101.744074562951454, 3.058545742402794 ], [ 101.74594545103362, 3.060318618432025 ], [ 101.747906692725465, 3.061991286947466 ], [ 101.749952912399891, 3.063559163759193 ], [ 101.752078501510979, 3.065017951893966 ], [ 101.754277633966709, 3.066363653367756 ], [ 101.756544282097906, 3.067592580138945 ], [ 101.758872233179574, 3.068701364212127 ], [ 101.761255106459629, 3.069686966865054 ], [ 101.763686370648045, 3.070546686973319 ], [ 101.766159361818637, 3.071278168410182 ], [ 101.76866730167454, 3.071879406501032 ], [ 101.771203316126929, 3.072348753515206 ], [ 101.773760454136465, 3.072684923179776 ], [ 101.776331706765603, 3.072886994203175 ], [ 101.77891002638961, 3.072954412799028 ], [ 101.781488346013603, 3.072886994203175 ], [ 101.784059598642742, 3.072684923179776 ], [ 101.786616736652277, 3.072348753515206 ], [ 101.789152751104666, 3.071879406501032 ], [ 101.791660690960569, 3.071278168410182 ], [ 101.794133682131175, 3.070546686973319 ], [ 101.796564946319577, 3.069686966865054 ], [ 101.798947819599618, 3.068701364212127 ], [ 101.801275770681301, 3.067592580138945 ], [ 101.803542418812484, 3.066363653367756 ], [ 101.805741551268227, 3.065017951893966 ], [ 101.807867140379301, 3.063559163759193 ], [ 101.809913360053741, 3.061991286947466 ], [ 101.811874601745586, 3.060318618432025 ], [ 101.813745489827753, 3.058545742402794 ], [ 101.815520896326007, 3.056677517706777 ], [ 101.817195954974551, 3.054719064535614 ], [ 101.818766074554048, 3.052675750396821 ], [ 101.820226951475917, 3.050553175407119 ], [ 101.82157458157802, 3.04835715694795 ], [ 101.822805271099924, 3.046093713725488 ], [ 101.823915646807194, 3.04376904927835 ], [ 101.824902665237218, 3.041389534978621 ], [ 101.825763621041048, 3.038961692572387 ], [ 101.826496154398711, 3.036492176307775 ], [ 101.827098257487179, 3.033987754699296 ], [ 101.827568279983694, 3.031455291978652 ], [ 101.827904933589338, 3.028901729282647 ], [ 101.828107295559917, 3.026334065629764 ], [ 101.828174811235371, 3.023759338737591 ] ] ] } },
{ "type": "Feature", "properties": { "state": "Selangor", "parlimen": "P.079 Pelabohan Kelang", "code_parlimen": "P.079", "dun": "N.19 Kapar", "code_dun": "N.19" }, "geometry": { "type": "Polygon", "coordinates": [ [ [ 101.447547066851129, 3.149439164078178 ], [ 101.447479551175661, 3.146864735475624 ], [ 101.447277189205082, 3.144297356869394 ], [ 101.446940535599438, 3.141744065348983 ], [ 101.446470513102923, 3.139211859443029 ], [ 101.445868410014455, 3.136707679935356 ], [ 101.445135876656792, 3.134238390838631 ], [ 101.444274920852962, 3.131810760578079 ], [ 101.443287902422938, 3.129431443436583 ], [ 101.442177526715668, 3.127106961312249 ], [ 101.440946837193763, 3.124843685838437 ], [ 101.439599207091675, 3.122647820915278 ], [ 101.438138330169792, 3.120525385700573 ], [ 101.436568210590295, 3.118482198106904 ], [ 101.43489315194175, 3.116523858849953 ], [ 101.433117745443496, 3.11465573609224 ], [ 101.43124685736133, 3.11288295072388 ], [ 101.429285615669485, 3.111210362321269 ], [ 101.427239395995045, 3.109642555821949 ], [ 101.425113806883971, 3.108183828952319 ], [ 101.422914674428227, 3.106838180442664 ], [ 101.420648026297044, 3.105609299061973 ], [ 101.418320075215362, 3.104500553502471 ], [ 101.415937201935321, 3.103514983141881 ], [ 101.413505937746919, 3.102655289708495 ], [ 101.411032946576313, 3.101923829872242 ], [ 101.40852500672041, 3.101322608781813 ], [ 101.405988992268021, 3.100853274565886 ], [ 101.403431854258486, 3.100517113813205 ], [ 101.400860601629347, 3.100315048044362 ], [ 101.398282282005354, 3.100247631184532 ], [ 101.395703962381347, 3.100315048044362 ], [ 101.393132709752209, 3.100517113813205 ], [ 101.390575571742673, 3.100853274565886 ], [ 101.388039557290284, 3.101322608781813 ], [ 101.385531617434381, 3.101923829872242 ], [ 101.383058626263789, 3.102655289708495 ], [ 101.380627362075373, 3.103514983141881 ], [ 101.378244488795318, 3.104500553502471 ], [ 101.37591653771365, 3.105609299061973 ], [ 101.373649889582452, 3.106838180442664 ], [ 101.371450757126723, 3.108183828952319 ], [ 101.369325168015635, 3.109642555821949 ], [ 101.367278948341209, 3.111210362321269 ], [ 101.365317706649364, 3.11288295072388 ], [ 101.363446818567198, 3.11465573609224 ], [ 101.361671412068944, 3.116523858849953 ], [ 101.359996353420399, 3.118482198106904 ], [ 101.358426233840888, 3.120525385700573 ], [ 101.356965356919019, 3.122647820915278 ], [ 101.355617726816931, 3.124843685838437 ], [ 101.354387037295027, 3.127106961312249 ], [ 101.353276661587742, 3.129431443436583 ], [ 101.352289643157732, 3.131810760578079 ], [ 101.351428687353902, 3.134238390838631 ], [ 101.350696153996253, 3.136707679935356 ], [ 101.350094050907771, 3.139211859443029 ], [ 101.349624028411256, 3.141744065348983 ], [ 101.349287374805627, 3.144297356869394 ], [ 101.349085012835033, 3.146864735475624 ], [ 101.349017497159565, 3.149439164078178 ], [ 101.349085012835033, 3.152013586315908 ], [ 101.349287374805627, 3.154580945897395 ], [ 101.349624028411256, 3.157134205941613 ], [ 101.350094050907771, 3.159666368264744 ], [ 101.350696153996253, 3.162170492560506 ], [ 101.351428687353902, 3.164639715421099 ], [ 101.352289643157732, 3.167067269147035 ], [ 101.353276661587742, 3.169446500293953 ], [ 101.354387037295027, 3.171770887905904 ], [ 101.355617726816931, 3.174034061385039 ], [ 101.356965356919019, 3.176229817948724 ], [ 101.358426233840888, 3.178352139626316 ], [ 101.359996353420399, 3.180395209749225 ], [ 101.361671412068944, 3.18235342888875 ], [ 101.363446818567198, 3.184221430198459 ], [ 101.365317706649364, 3.185994094118813 ], [ 101.367278948341209, 3.187666562404024 ], [ 101.369325168015635, 3.189234251432584 ], [ 101.371450757126723, 3.19069286476514 ], [ 101.373649889582452, 3.192038404915333 ], [ 101.37591653771365, 3.193267184301398 ], [ 101.378244488795318, 3.194375835348568 ], [ 101.380627362075373, 3.195361319714606 ], [ 101.383058626263789, 3.196220936613401 ], [ 101.385531617434381, 3.196952330213572 ], [ 101.388039557290284, 3.197553496092103 ], [ 101.390575571742673, 3.198022786725246 ], [ 101.393132709752209, 3.198358916001733 ], [ 101.395703962381347, 3.198560962745847 ], [ 101.398282282005354, 3.198628373240865 ], [ 101.400860601629347, 3.198560962745847 ], [ 101.403431854258486, 3.198358916001733 ], [ 101.405988992268021, 3.198022786725246 ], [ 101.40852500672041, 3.197553496092103 ], [ 101.411032946576313, 3.196952330213572 ], [ 101.413505937746919, 3.196220936613401 ], [ 101.415937201935321, 3.195361319714606 ], [ 101.418320075215362, 3.194375835348568 ], [ 101.420648026297044, 3.193267184301398 ], [ 101.422914674428227, 3.192038404915333 ], [ 101.425113806883971, 3.19069286476514 ], [ 101.427239395995045, 3.189234251432584 ], [ 101.429285615669485, 3.187666562404024 ], [ 101.43124685736133, 3.185994094118813 ], [ 101.433117745443496, 3.184221430198459 ], [ 101.43489315194175, 3.18235342888875 ], [ 101.436568210590295, 3.180395209749225 ], [ 101.438138330169792, 3.178352139626316 ], [ 101.439599207091675, 3.176229817948724 ], [ 101.440946837193763, 3.174034061385039 ], [ 101.442177526715668, 3.171770887905904 ], [ 101.443287902422938, 3.169446500293953 ], [ 101.444274920852962, 3.167067269147035 ], [ 101.445135876656792, 3.164639715421099 ], [ 101.445868410014455, 3.162170492560506 ], [ 101.446470513102923, 3.159666368264744 ], [ 101.446940535599438, 3.157134205941613 ], [ 101.447277189205082, 3.154580945897395 ], [ 101.447479551175661, 3.152013586315908 ], [ 101.447547066851129, 3.149439164078178 ] ] ] } },
{ "type": "Feature", "properties": { "state": "Selangor", "parlimen": "P.079 Pelabohan Kelang", "code_parlimen": "P.079", "dun": "N.20 Sementa", "code_dun": "N.20" }, "geometry": { "type": "Polygon", "coordinates": [ [ [ 101.402143338350058, 3.057118637128553 ], [ 101.402075822674604, 3.054543983714407 ], [ 101.40187346070401, 3.051976381097881 ], [ 101.401536807098367, 3.04942286698018 ], [ 101.401066784601838, 3.046890440496283 ], [ 101.40046468151337, 3.044386043029384 ], [ 101.399732148155721, 3.041916539182955 ], [ 101.398871192351905, 3.039488697962852 ], [ 101.397884173921867, 3.037109174221048 ], [ 101.396773798214596, 3.034784490411584 ], [ 101.395543108692678, 3.032521018709316 ], [ 101.394195478590589, 3.030324963539968 ], [ 101.392734601668735, 3.028202344569798 ], [ 101.391164482089223, 3.026158980201421 ], [ 101.389489423440679, 3.024200471620976 ], [ 101.387714016942411, 3.022332187440672 ], [ 101.385843128860259, 3.020559248978502 ], [ 101.383881887168414, 3.018886516215908 ], [ 101.381835667493988, 3.017318574471719 ], [ 101.379710078382899, 3.015859721828924 ], [ 101.37751094592717, 3.01451395734893 ], [ 101.375244297795987, 3.013284970105563 ], [ 101.372916346714291, 3.012176129069028 ], [ 101.37053347343425, 3.01119047386737 ], [ 101.368102209245848, 3.010330706451128 ], [ 101.365629218075256, 3.009599183683809 ], [ 101.363121278219339, 3.008997910878668 ], [ 101.36058526376695, 3.008528536299466 ], [ 101.358028125757414, 3.008192346640415 ], [ 101.355456873128276, 3.007990263497513 ], [ 101.352878553504283, 3.007922840841287 ], [ 101.350300233880276, 3.007990263497513 ], [ 101.347728981251151, 3.008192346640415 ], [ 101.345171843241602, 3.008528536299466 ], [ 101.342635828789213, 3.008997910878668 ], [ 101.34012788893331, 3.009599183683809 ], [ 101.337654897762704, 3.010330706451128 ], [ 101.335223633574302, 3.01119047386737 ], [ 101.33284076029426, 3.012176129069028 ], [ 101.330512809212578, 3.013284970105563 ], [ 101.328246161081381, 3.01451395734893 ], [ 101.326047028625652, 3.015859721828924 ], [ 101.323921439514564, 3.017318574471719 ], [ 101.321875219840152, 3.018886516215908 ], [ 101.319913978148293, 3.020559248978502 ], [ 101.318043090066141, 3.022332187440672 ], [ 101.316267683567887, 3.024200471620976 ], [ 101.314592624919342, 3.026158980201421 ], [ 101.313022505339816, 3.028202344569798 ], [ 101.311561628417962, 3.030324963539968 ], [ 101.310213998315874, 3.032521018709316 ], [ 101.308983308793955, 3.034784490411584 ], [ 101.307872933086685, 3.037109174221048 ], [ 101.306885914656661, 3.039488697962852 ], [ 101.306024958852831, 3.041916539182955 ], [ 101.305292425495182, 3.044386043029384 ], [ 101.304690322406714, 3.046890440496283 ], [ 101.304220299910185, 3.04942286698018 ], [ 101.303883646304556, 3.051976381097881 ], [ 101.303681284333948, 3.054543983714407 ], [ 101.303613768658494, 3.057118637128553 ], [ 101.303681284333948, 3.059693284363708 ], [ 101.303883646304556, 3.062260868511032 ], [ 101.304220299910185, 3.064814352071643 ], [ 101.304690322406714, 3.067346736245346 ], [ 101.305292425495182, 3.069851080112532 ], [ 101.306024958852831, 3.072320519656963 ], [ 101.306885914656661, 3.074748286577272 ], [ 101.307872933086685, 3.077127726835559 ], [ 101.308983308793955, 3.079452318892433 ], [ 101.310213998315874, 3.081715691578308 ], [ 101.311561628417962, 3.083911641552299 ], [ 101.313022505339816, 3.086034150300677 ], [ 101.314592624919342, 3.088077400628472 ], [ 101.316267683567887, 3.090035792598957 ], [ 101.318043090066141, 3.091903958877561 ], [ 101.319913978148293, 3.093676779438045 ], [ 101.321875219840152, 3.095349395590691 ], [ 101.323921439514564, 3.09691722329431 ], [ 101.326047028625652, 3.098375965715352 ], [ 101.328246161081381, 3.099721625000014 ], [ 101.330512809212578, 3.100950513227001 ], [ 101.33284076029426, 3.102059262510983 ], [ 101.335223633574302, 3.103044834229162 ], [ 101.337654897762704, 3.103904527345663 ], [ 101.34012788893331, 3.104635985811007 ], [ 101.342635828789213, 3.105237205016462 ], [ 101.345171843241602, 3.105706537285495 ], [ 101.347728981251151, 3.106042696387469 ], [ 101.350300233880276, 3.10624476106117 ], [ 101.352878553504283, 3.10631217753843 ], [ 101.355456873128276, 3.10624476106117 ], [ 101.358028125757414, 3.106042696387469 ], [ 101.36058526376695, 3.105706537285495 ], [ 101.363121278219339, 3.105237205016462 ], [ 101.365629218075256, 3.104635985811007 ], [ 101.368102209245848, 3.103904527345663 ], [ 101.37053347343425, 3.103044834229162 ], [ 101.372916346714291, 3.102059262510983 ], [ 101.375244297795987, 3.100950513227001 ], [ 101.37751094592717, 3.099721625000014 ], [ 101.379710078382899, 3.098375965715352 ], [ 101.381835667493988, 3.09691722329431 ], [ 101.383881887168414, 3.095349395590691 ], [ 101.385843128860259, 3.093676779438045 ], [ 101.387714016942411, 3.091903958877561 ], [ 101.389489423440679, 3.090035792598957 ], [ 101.391164482089223, 3.088077400628472 ], [ 101.392734601668735, 3.086034150300677 ], [ 101.394195478590589, 3.083911641552299 ], [ 101.395543108692678, 3.081715691578308 ], [ 101.396773798214596, 3.079452318892433 ], [ 101.397884173921867, 3.077127726835559 ], [ 101.398871192351905, 3.074748286577272 ], [ 101.399732148155721, 3.072320519656963 ], [ 101.40046468151337, 3.069851080112532 ], [ 101.401066784601838, 3.067346736245346 ], [ 101.401536807098367, 3.064814352071643 ], [ 101.40187346070401, 3.062260868511032 ], [ 101.402075822674604, 3.059693284363708 ], [ 101.402143338350058, 3.057118637128553 ] ] ] } },
{ "type": "Feature", "properties": { "state": "Selangor", "parlimen": "P.079 Pelabohan Kelang", "code_parlimen": "P.079", "dun": "N.21 Selat Kelang", "code_dun": "N.21" }, "geometry": { "type": "Polygon", "coordinates": [ [ [ 101.388915728490204, 2.937228525554093 ], [ 101.388848212814736, 2.934653590170099 ], [ 101.388645850844142, 2.932085706597049 ], [ 101.388309197238513, 2.929531913303248 ], [ 101.387839174741984, 2.926999210184017 ], [ 101.387237071653516, 2.924494539373951 ], [ 101.386504538295867, 2.922024766217171 ], [ 101.385643582492023, 2.919596660447385 ], [ 101.384656564061999, 2.917216877629708 ], [ 101.383546188354728, 2.914891940914927 ], [ 101.382315498832824, 2.912628223156349 ], [ 101.380967868730735, 2.910431929438225 ], [ 101.379506991808881, 2.908309080063801 ], [ 101.377936872229355, 2.906265494049502 ], [ 101.376261813580811, 2.904306773170695 ], [ 101.374486407082557, 2.902438286602728 ], [ 101.372615519000391, 2.900665156199426 ], [ 101.370654277308546, 2.898992242449403 ], [ 101.36860805763412, 2.897424131148826 ], [ 101.366482468523031, 2.895965120827119 ], [ 101.364283336067302, 2.894619210960192 ], [ 101.362016687936119, 2.8933900910035 ], [ 101.359688736854437, 2.892281130275059 ], [ 101.357305863574382, 2.891295368716302 ], [ 101.35487459938598, 2.890435508555835 ], [ 101.352401608215388, 2.889703906899476 ], [ 101.349893668359471, 2.889102569266373 ], [ 101.347357653907082, 2.888633144089394 ], [ 101.344800515897546, 2.888296918194602 ], [ 101.342229263268408, 2.888094813272444 ], [ 101.339650943644415, 2.888027383350152 ], [ 101.337072624020408, 2.888094813272444 ], [ 101.334501371391283, 2.888296918194602 ], [ 101.331944233381748, 2.888633144089394 ], [ 101.329408218929359, 2.889102569266373 ], [ 101.326900279073442, 2.889703906899476 ], [ 101.32442728790285, 2.890435508555835 ], [ 101.321996023714448, 2.891295368716302 ], [ 101.319613150434392, 2.892281130275059 ], [ 101.31728519935271, 2.8933900910035 ], [ 101.315018551221527, 2.894619210960192 ], [ 101.312819418765798, 2.895965120827119 ], [ 101.31069382965471, 2.897424131148826 ], [ 101.308647609980284, 2.898992242449403 ], [ 101.306686368288439, 2.900665156199426 ], [ 101.304815480206273, 2.902438286602728 ], [ 101.303040073708019, 2.904306773170695 ], [ 101.301365015059474, 2.906265494049502 ], [ 101.299794895479948, 2.908309080063801 ], [ 101.298334018558094, 2.910431929438225 ], [ 101.296986388456006, 2.912628223156349 ], [ 101.295755698934101, 2.914891940914927 ], [ 101.294645323226817, 2.917216877629708 ], [ 101.293658304796807, 2.919596660447385 ], [ 101.292797348992963, 2.922024766217171 ], [ 101.292064815635314, 2.924494539373951 ], [ 101.291462712546846, 2.926999210184017 ], [ 101.290992690050317, 2.929531913303248 ], [ 101.290656036444688, 2.932085706597049 ], [ 101.290453674474094, 2.934653590170099 ], [ 101.290386158798626, 2.937228525554093 ], [ 101.290453674474094, 2.939803455000565 ], [ 101.290656036444688, 2.94237132082612 ], [ 101.290992690050317, 2.944925084756888 ], [ 101.291462712546846, 2.947457747219266 ], [ 101.292064815635314, 2.949962366524091 ], [ 101.292797348992963, 2.952432077891561 ], [ 101.293658304796807, 2.954860112264917 ], [ 101.294645323226817, 2.957239814861321 ], [ 101.295755698934101, 2.959564663408861 ], [ 101.296986388456006, 2.961828286020243 ], [ 101.298334018558094, 2.96402447865366 ], [ 101.299794895479948, 2.966147222113362 ], [ 101.301365015059474, 2.968190698543354 ], [ 101.303040073708019, 2.970149307368916 ], [ 101.304815480206273, 2.972017680642358 ], [ 101.306686368288439, 2.973790697751134 ], [ 101.308647609980284, 2.975463499447913 ], [ 101.31069382965471, 2.977031501164208 ], [ 101.312819418765798, 2.978490405571218 ], [ 101.315018551221527, 2.979836214353463 ], [ 101.31728519935271, 2.981065239162985 ], [ 101.319613150434392, 2.982174111724223 ], [ 101.321996023714448, 2.983159793061746 ], [ 101.32442728790285, 2.984019581825821 ], [ 101.326900279073442, 2.984751121692895 ], [ 101.329408218929359, 2.985352407820782 ], [ 101.331944233381748, 2.985821792340935 ], [ 101.334501371391283, 2.986157988872706 ], [ 101.337072624020408, 2.986360076047382 ], [ 101.339650943644415, 2.986427500032163 ], [ 101.342229263268408, 2.986360076047382 ], [ 101.344800515897546, 2.986157988872706 ], [ 101.347357653907082, 2.985821792340935 ], [ 101.349893668359471, 2.985352407820782 ], [ 101.352401608215388, 2.984751121692895 ], [ 101.35487459938598, 2.984019581825821 ], [ 101.357305863574382, 2.983159793061746 ], [ 101.359688736854437, 2.982174111724223 ], [ 101.362016687936119, 2.981065239162985 ], [ 101.364283336067302, 2.979836214353463 ], [ 101.366482468523031, 2.978490405571218 ], [ 101.36860805763412, 2.977031501164208 ], [ 101.370654277308546, 2.975463499447913 ], [ 101.372615519000391, 2.973790697751134 ], [ 101.374486407082557, 2.972017680642358 ], [ 101.376261813580811, 2.970149307368916 ], [ 101.377936872229355, 2.968190698543354 ], [ 101.379506991808881, 2.966147222113362 ], [ 101.380967868730735, 2.96402447865366 ], [ 101.382315498832824, 2.961828286020243 ], [ 101.383546188354728, 2.959564663408861 ], [ 101.384656564061999, 2.957239814861321 ], [ 101.385643582492023, 2.954860112264917 ], [ 101.386504538295867, 2.952432077891561 ], [ 101.387237071653516, 2.949962366524091 ], [ 101.387839174741984, 2.947457747219266 ], [ 101.388309197238513, 2.944925084756888 ], [ 101.388645850844142, 2.94237132082612 ], [ 101.388848212814736, 2.939803455000565 ], [ 101.388915728490204, 2.937228525554093 ] ] ] } },
{ "type": "Feature", "properties": { "state": "Selangor", "parlimen": "P.080 Shah Alam", "code_parlimen": "P.080", "dun": "N.22 Bukit Raja", "code_dun": "N.22" }, "geometry": { "type": "Polygon", "coordinates": [ [ [ 101.582247692599637, 3.120705198863607 ], [ 101.582180176924183, 3.118130699573951 ], [ 101.581977814953589, 3.115563250531958 ], [ 101.58164116134796, 3.113009889019497 ], [ 101.581171138851431, 3.110477613755848 ], [ 101.580569035762963, 3.10797336571333 ], [ 101.579836502405314, 3.1055040090904 ], [ 101.57897554660147, 3.103076312494903 ], [ 101.577988528171446, 3.100696930388656 ], [ 101.576878152464175, 3.098372384844647 ], [ 101.575647462942271, 3.096109047666534 ], [ 101.574299832840168, 3.09391312291975 ], [ 101.572838955918314, 3.091790629922051 ], [ 101.571268836338803, 3.089747386740122 ], [ 101.569593777690258, 3.087788994237671 ], [ 101.567818371192004, 3.085920820718623 ], [ 101.565947483109838, 3.084147987207734 ], [ 101.563986241417993, 3.082475353408811 ], [ 101.561940021743567, 3.080907504379344 ], [ 101.559814432632479, 3.0794487379579 ], [ 101.557615300176749, 3.078103052978962 ], [ 101.555348652045566, 3.076874138307392 ], [ 101.55302070096387, 3.075765362722894 ], [ 101.550637827683829, 3.074779765681941 ], [ 101.548206563495427, 3.07392004898276 ], [ 101.545733572324821, 3.073188569356167 ], [ 101.543225632468918, 3.072587332002646 ], [ 101.540689618016529, 3.072117985093367 ], [ 101.538132480006993, 3.071781815250266 ], [ 101.535561227377855, 3.071579744017662 ], [ 101.532982907753862, 3.071512325334981 ], [ 101.530404588129855, 3.071579744017662 ], [ 101.527833335500716, 3.071781815250266 ], [ 101.525276197491181, 3.072117985093367 ], [ 101.522740183038806, 3.072587332002646 ], [ 101.520232243182875, 3.073188569356167 ], [ 101.517759252012283, 3.07392004898276 ], [ 101.515327987823895, 3.074779765681941 ], [ 101.51294511454384, 3.075765362722894 ], [ 101.510617163462157, 3.076874138307392 ], [ 101.50835051533096, 3.078103052978962 ], [ 101.506151382875231, 3.0794487379579 ], [ 101.504025793764143, 3.080907504379344 ], [ 101.501979574089717, 3.082475353408811 ], [ 101.500018332397872, 3.084147987207734 ], [ 101.49814744431572, 3.085920820718623 ], [ 101.496372037817466, 3.087788994237671 ], [ 101.494696979168907, 3.089747386740122 ], [ 101.493126859589395, 3.091790629922051 ], [ 101.491665982667541, 3.09391312291975 ], [ 101.490318352565453, 3.096109047666534 ], [ 101.489087663043549, 3.098372384844647 ], [ 101.487977287336264, 3.100696930388656 ], [ 101.48699026890624, 3.103076312494903 ], [ 101.48612931310241, 3.1055040090904 ], [ 101.485396779744761, 3.10797336571333 ], [ 101.484794676656293, 3.110477613755848 ], [ 101.484324654159764, 3.113009889019497 ], [ 101.483988000554135, 3.115563250531958 ], [ 101.483785638583527, 3.118130699573951 ], [ 101.483718122908073, 3.120705198863607 ], [ 101.483785638583527, 3.123279691846288 ], [ 101.483988000554135, 3.125847122036419 ], [ 101.484324654159764, 3.12840045235872 ], [ 101.484794676656293, 3.130932684435589 ], [ 101.485396779744761, 3.133436877767911 ], [ 101.48612931310241, 3.135906168756621 ], [ 101.48699026890624, 3.138333789513001 ], [ 101.487977287336264, 3.140713086406107 ], [ 101.489087663043549, 3.143037538296597 ], [ 101.490318352565453, 3.145300774406885 ], [ 101.491665982667541, 3.147496591778868 ], [ 101.493126859589395, 3.149618972271214 ], [ 101.494696979168907, 3.151662099049854 ], [ 101.496372037817466, 3.153620372526432 ], [ 101.49814744431572, 3.155488425701077 ], [ 101.500018332397872, 3.157261138867588 ], [ 101.501979574089717, 3.158933653640652 ], [ 101.504025793764143, 3.160501386266843 ], [ 101.506151382875231, 3.161960040182959 ], [ 101.50835051533096, 3.163305617787134 ], [ 101.510617163462157, 3.164534431390905 ], [ 101.51294511454384, 3.165643113321921 ], [ 101.515327987823895, 3.166628625149784 ], [ 101.517759252012283, 3.167488266009874 ], [ 101.520232243182875, 3.168219680002272 ], [ 101.522740183038806, 3.168820862645622 ], [ 101.525276197491181, 3.169290166368159 ], [ 101.527833335500716, 3.169626305021113 ], [ 101.530404588129855, 3.169828357401869 ], [ 101.532982907753862, 3.169895769777562 ], [ 101.535561227377855, 3.169828357401869 ], [ 101.538132480006993, 3.169626305021113 ], [ 101.540689618016529, 3.169290166368159 ], [ 101.543225632468918, 3.168820862645622 ], [ 101.545733572324821, 3.168219680002272 ], [ 101.548206563495427, 3.167488266009874 ], [ 101.550637827683829, 3.166628625149784 ], [ 101.55302070096387, 3.165643113321921 ], [ 101.555348652045566, 3.164534431390905 ], [ 101.557615300176749, 3.163305617787134 ], [ 101.559814432632479, 3.161960040182959 ], [ 101.561940021743567, 3.160501386266843 ], [ 101.563986241417993, 3.158933653640652 ], [ 101.565947483109838, 3.157261138867588 ], [ 101.567818371192004, 3.155488425701077 ], [ 101.569593777690258, 3.153620372526432 ], [ 101.571268836338803, 3.151662099049854 ], [ 101.572838955918314, 3.149618972271214 ], [ 101.574299832840168, 3.147496591778868 ], [ 101.575647462942271, 3.145300774406885 ], [ 101.576878152464175, 3.143037538296597 ], [ 101.577988528171446, 3.140713086406107 ], [ 101.57897554660147, 3.138333789513001 ], [ 101.579836502405314, 3.135906168756621 ], [ 101.580569035762963, 3.133436877767911 ], [ 101.581171138851431, 3.130932684435589 ], [ 101.58164116134796, 3.12840045235872 ], [ 101.581977814953589, 3.125847122036419 ], [ 101.582180176924183, 3.123279691846288 ], [ 101.582247692599637, 3.120705198863607 ] ] ] } },
{ "type": "Feature", "properties": { "state": "Selangor", "parlimen": "P.080 Shah Alam", "code_parlimen": "P.080", "dun": "N.23 Bandar Kelang", "code_dun": "N.23" }, "geometry": { "type": "Polygon", "coordinates": [ [ [ 101.500257547051106, 3.066143333383264 ], [ 101.500190031375638, 3.063568701650578 ], [ 101.499987669405044, 3.061001120637983 ], [ 101.499651015799415, 3.058447627987677 ], [ 101.499180993302886, 3.055915222776208 ], [ 101.498578890214418, 3.053410846328946 ], [ 101.497846356856769, 3.050941363192393 ], [ 101.496985401052925, 3.048513542316467 ], [ 101.495998382622915, 3.046134038498204 ], [ 101.49488800691563, 3.043809374138086 ], [ 101.493657317393726, 3.041545921358758 ], [ 101.492309687291637, 3.039349884535282 ], [ 101.490848810369783, 3.037227283284897 ], [ 101.489278690790258, 3.035183935962984 ], [ 101.487603632141713, 3.033225443710335 ], [ 101.485828225643459, 3.031357175095807 ], [ 101.483957337561293, 3.029584251396155 ], [ 101.481996095869448, 3.027911532553793 ], [ 101.479949876195022, 3.026343603850794 ], [ 101.477824287083934, 3.024884763335772 ], [ 101.475625154628204, 3.02353901003824 ], [ 101.473358506497021, 3.022310033002659 ], [ 101.471030555415339, 3.021201201172405 ], [ 101.468647682135284, 3.02021555415144 ], [ 101.466216417946882, 3.019355793868863 ], [ 101.46374342677629, 3.018624277169534 ], [ 101.461235486920373, 3.018023009350866 ], [ 101.458699472467984, 3.017553638663582 ], [ 101.456142334458448, 3.017217451791753 ], [ 101.453571081829324, 3.0170153703241 ], [ 101.450992762205317, 3.016947948226774 ], [ 101.448414442581324, 3.0170153703241 ], [ 101.445843189952171, 3.017217451791753 ], [ 101.44328605194265, 3.017553638663582 ], [ 101.440750037490261, 3.018023009350866 ], [ 101.438242097634344, 3.018624277169534 ], [ 101.435769106463752, 3.019355793868863 ], [ 101.43333784227535, 3.02021555415144 ], [ 101.430954968995295, 3.021201201172405 ], [ 101.428627017913612, 3.022310033002659 ], [ 101.426360369782429, 3.02353901003824 ], [ 101.4241612373267, 3.024884763335772 ], [ 101.422035648215612, 3.026343603850794 ], [ 101.419989428541172, 3.027911532553793 ], [ 101.418028186849341, 3.029584251396155 ], [ 101.416157298767175, 3.031357175095807 ], [ 101.414381892268921, 3.033225443710335 ], [ 101.412706833620376, 3.035183935962984 ], [ 101.411136714040865, 3.037227283284897 ], [ 101.409675837118996, 3.039349884535282 ], [ 101.408328207016908, 3.041545921358758 ], [ 101.407097517495004, 3.043809374138086 ], [ 101.405987141787733, 3.046134038498204 ], [ 101.405000123357695, 3.048513542316467 ], [ 101.404139167553865, 3.050941363192393 ], [ 101.403406634196216, 3.053410846328946 ], [ 101.402804531107748, 3.055915222776208 ], [ 101.402334508611219, 3.058447627987677 ], [ 101.40199785500559, 3.061001120637983 ], [ 101.401795493034996, 3.063568701650578 ], [ 101.401727977359528, 3.066143333383264 ], [ 101.401795493034996, 3.068717958918818 ], [ 101.40199785500559, 3.071285521407888 ], [ 101.402334508611219, 3.073838983411234 ], [ 101.402804531107748, 3.076371346188099 ], [ 101.403406634196216, 3.07887566887802 ], [ 101.404139167553865, 3.08134508752347 ], [ 101.405000123357695, 3.083772833881112 ], [ 101.405987141787733, 3.086152253970357 ], [ 101.407097517495004, 3.088476826308058 ], [ 101.408328207016908, 3.090740179779796 ], [ 101.409675837118996, 3.092936111098561 ], [ 101.411136714040865, 3.095058601803029 ], [ 101.412706833620376, 3.097101834748991 ], [ 101.414381892268921, 3.099060210048751 ], [ 101.416157298767175, 3.100928360414862 ], [ 101.418028186849341, 3.102701165866109 ], [ 101.419989428541172, 3.104373767755608 ], [ 101.422035648215612, 3.105941582082667 ], [ 101.4241612373267, 3.107400312051799 ], [ 101.426360369782429, 3.108745959844645 ], [ 101.428627017913612, 3.109974837572673 ], [ 101.430954968995295, 3.111083577380549 ], [ 101.43333784227535, 3.112069140672534 ], [ 101.435769106463752, 3.112928826436852 ], [ 101.438242097634344, 3.113660278645105 ], [ 101.440750037490261, 3.11426149270647 ], [ 101.44328605194265, 3.114730820959149 ], [ 101.445843189952171, 3.115066977184057 ], [ 101.448414442581324, 3.115269040128198 ], [ 101.450992762205317, 3.115336456028391 ], [ 101.453571081829324, 3.115269040128198 ], [ 101.456142334458448, 3.115066977184057 ], [ 101.458699472467984, 3.114730820959149 ], [ 101.461235486920373, 3.11426149270647 ], [ 101.46374342677629, 3.113660278645105 ], [ 101.466216417946882, 3.112928826436852 ], [ 101.468647682135284, 3.112069140672534 ], [ 101.471030555415339, 3.111083577380549 ], [ 101.473358506497021, 3.109974837572673 ], [ 101.475625154628204, 3.108745959844645 ], [ 101.477824287083934, 3.107400312051799 ], [ 101.479949876195022, 3.105941582082667 ], [ 101.481996095869448, 3.104373767755608 ], [ 101.483957337561293, 3.102701165866109 ], [ 101.485828225643459, 3.100928360414862 ], [ 101.487603632141713, 3.099060210048751 ], [ 101.489278690790258, 3.097101834748991 ], [ 101.490848810369783, 3.095058601803029 ], [ 101.492309687291637, 3.092936111098561 ], [ 101.493657317393726, 3.090740179779796 ], [ 101.49488800691563, 3.088476826308058 ], [ 101.495998382622915, 3.086152253970357 ], [ 101.496985401052925, 3.083772833881112 ], [ 101.497846356856769, 3.08134508752347 ], [ 101.498578890214418, 3.07887566887802 ], [ 101.499180993302886, 3.076371346188099 ], [ 101.499651015799415, 3.073838983411234 ], [ 101.499987669405044, 3.071285521407888 ], [ 101.500190031375638, 3.068717958918818 ], [ 101.500257547051106, 3.066143333383264 ] ] ] } },
{ "type": "Feature", "properties": { "state": "Selangor", "parlimen": "P.080 Shah Alam", "code_parlimen": "P.080", "dun": "N.24 Kampong Jawa", "code_dun": "N.24" }, "geometry": { "type": "Polygon", "coordinates": [ [ [ 101.565423214885229, 2.992344560223702 ], [ 101.565355699209775, 2.989769753067191 ], [ 101.565153337239181, 2.98720199725958 ], [ 101.564816683633538, 2.98464833092038 ], [ 101.564346661137023, 2.982115753599173 ], [ 101.563744558048555, 2.979611207088874 ], [ 101.563012024690892, 2.977141556396845 ], [ 101.562151068887076, 2.974713570925891 ], [ 101.561164050457052, 2.972333905916888 ], [ 101.560053674749781, 2.970009084203866 ], [ 101.558822985227863, 2.967745478331667 ], [ 101.557475355125774, 2.965549293085227 ], [ 101.556014478203906, 2.963426548478199 ], [ 101.554444358624394, 2.961383063248006 ], [ 101.55276929997585, 2.959424438902176 ], [ 101.550993893477596, 2.957556044360073 ], [ 101.549123005395444, 2.955783001232006 ], [ 101.547161763703585, 2.954110169776049 ], [ 101.545115544029159, 2.952542135571431 ], [ 101.542989954918085, 2.951083196944681 ], [ 101.540790822462341, 2.949737353183331 ], [ 101.538524174331144, 2.948508293569406 ], [ 101.536196223249476, 2.947399387262827 ], [ 101.533813349969435, 2.946413674062635 ], [ 101.531382085781019, 2.945553856071069 ], [ 101.528909094610427, 2.944822290283835 ], [ 101.526401154754524, 2.944220982126523 ], [ 101.523865140302121, 2.943751579955157 ], [ 101.521308002292585, 2.943415370535854 ], [ 101.518736749663447, 2.943213275516188 ], [ 101.516158430039454, 2.94314584889759 ], [ 101.513580110415447, 2.943213275516188 ], [ 101.511008857786322, 2.943415370535854 ], [ 101.508451719776772, 2.943751579955157 ], [ 101.505915705324384, 2.944220982126523 ], [ 101.503407765468481, 2.944822290283835 ], [ 101.500934774297889, 2.945553856071069 ], [ 101.498503510109472, 2.946413674062635 ], [ 101.496120636829431, 2.947399387262827 ], [ 101.493792685747749, 2.948508293569406 ], [ 101.491526037616566, 2.949737353183331 ], [ 101.489326905160823, 2.951083196944681 ], [ 101.487201316049749, 2.952542135571431 ], [ 101.485155096375323, 2.954110169776049 ], [ 101.483193854683464, 2.955783001232006 ], [ 101.481322966601311, 2.957556044360073 ], [ 101.479547560103043, 2.959424438902176 ], [ 101.477872501454499, 2.961383063248006 ], [ 101.476302381875001, 2.963426548478199 ], [ 101.474841504953133, 2.965549293085227 ], [ 101.473493874851044, 2.967745478331667 ], [ 101.472263185329126, 2.970009084203866 ], [ 101.471152809621856, 2.972333905916888 ], [ 101.470165791191832, 2.974713570925891 ], [ 101.469304835388016, 2.977141556396845 ], [ 101.468572302030353, 2.979611207088874 ], [ 101.467970198941885, 2.982115753599173 ], [ 101.46750017644537, 2.98464833092038 ], [ 101.467163522839726, 2.98720199725958 ], [ 101.466961160869133, 2.989769753067191 ], [ 101.466893645193679, 2.992344560223702 ], [ 101.466961160869133, 2.994919361331688 ], [ 101.467163522839726, 2.99748709905997 ], [ 101.46750017644537, 3.000040735487135 ], [ 101.467970198941885, 3.002573271391337 ], [ 101.468572302030353, 3.005077765433412 ], [ 101.469304835388016, 3.007547353180839 ], [ 101.470165791191832, 3.009975265920471 ], [ 101.471152809621856, 3.012354849208302 ], [ 101.472263185329126, 3.014679581105641 ], [ 101.473493874851044, 3.016943090051657 ], [ 101.474841504953133, 3.019139172323415 ], [ 101.476302381875001, 3.021261809035432 ], [ 101.477872501454499, 3.023305182632442 ], [ 101.479547560103043, 3.025263692829958 ], [ 101.481322966601311, 3.027131971959261 ], [ 101.483193854683464, 3.028904899674553 ], [ 101.485155096375323, 3.030577616982197 ], [ 101.487201316049749, 3.032145539553645 ], [ 101.489326905160823, 3.033604370285409 ], [ 101.491526037616566, 3.034950111072102 ], [ 101.493792685747749, 3.036179073759908 ], [ 101.496120636829431, 3.037287890250817 ], [ 101.498503510109472, 3.038273521729862 ], [ 101.500934774297889, 3.039133266990145 ], [ 101.503407765468481, 3.039864769832815 ], [ 101.505915705324384, 3.040466025521928 ], [ 101.508451719776772, 3.040935386276314 ], [ 101.511008857786322, 3.041271565783582 ], [ 101.513580110415447, 3.041473642723957 ], [ 101.516158430039454, 3.041541063294019 ], [ 101.518736749663447, 3.041473642723957 ], [ 101.521308002292585, 3.041271565783582 ], [ 101.523865140302121, 3.040935386276314 ], [ 101.526401154754524, 3.040466025521928 ], [ 101.528909094610427, 3.039864769832815 ], [ 101.531382085781019, 3.039133266990145 ], [ 101.533813349969435, 3.038273521729862 ], [ 101.536196223249476, 3.037287890250817 ], [ 101.538524174331144, 3.036179073759908 ], [ 101.540790822462341, 3.034950111072102 ], [ 101.542989954918085, 3.033604370285409 ], [ 101.545115544029159, 3.032145539553645 ], [ 101.547161763703585, 3.030577616982197 ], [ 101.549123005395444, 3.028904899674553 ], [ 101.550993893477596, 3.027131971959261 ], [ 101.55276929997585, 3.025263692829958 ], [ 101.554444358624394, 3.023305182632442 ], [ 101.556014478203906, 3.021261809035432 ], [ 101.557475355125774, 3.019139172323415 ], [ 101.558822985227863, 3.016943090051657 ], [ 101.560053674749781, 3.014679581105641 ], [ 101.561164050457052, 3.012354849208302 ], [ 101.562151068887076, 3.009975265920471 ], [ 101.563012024690892, 3.007547353180839 ], [ 101.563744558048555, 3.005077765433412 ], [ 101.564346661137023, 3.002573271391337 ], [ 101.564816683633538, 3.000040735487135 ], [ 101.565153337239181, 2.99748709905997 ], [ 101.565355699209775, 2.994919361331688 ], [ 101.565423214885229, 2.992344560223702 ] ] ] } },
{ "type": "Feature", "properties": { "state": "Selangor", "parlimen": "P.081 Petaling", "code_parlimen": "P.081", "dun": "N.25 Petaling Jaya", "code_dun": "N.25" }, "geometry": { "type": "Polygon", "coordinates": [ [ [ 101.691124258937251, 3.153062924786746 ], [ 101.691056743261797, 3.15048850514482 ], [ 101.690854381291189, 3.147921135467399 ], [ 101.69051772768556, 3.145367852819577 ], [ 101.690047705189045, 3.142835655705834 ], [ 101.689445602100562, 3.140331484886102 ], [ 101.688713068742913, 3.137862204349495 ], [ 101.687852112939098, 3.135434582498076 ], [ 101.686865094509074, 3.133055273592041 ], [ 101.685754718801789, 3.130730799507361 ], [ 101.684524029279885, 3.128467531855754 ], [ 101.683176399177796, 3.126271674516423 ], [ 101.681715522255928, 3.124149246626892 ], [ 101.680145402676416, 3.122106066080162 ], [ 101.678470344027872, 3.120147733573213 ], [ 101.676694937529618, 3.118279617250589 ], [ 101.674824049447466, 3.116506837985345 ], [ 101.672862807755607, 3.114834255337731 ], [ 101.67081658808118, 3.113266454230075 ], [ 101.668690998970092, 3.111807732374538 ], [ 101.666491866514363, 3.110462088488227 ], [ 101.664225218383166, 3.109233211327928 ], [ 101.661897267301498, 3.108124469574812 ], [ 101.659514394021443, 3.107138902596589 ], [ 101.65708312983304, 3.10627921211271 ], [ 101.654610138662449, 3.105547754785368 ], [ 101.652102198806531, 3.104946535756689 ], [ 101.649566184354143, 3.104477203149944 ], [ 101.647009046344607, 3.104141043549705 ], [ 101.644437793715468, 3.103938978473536 ], [ 101.641859474091476, 3.103871561844793 ], [ 101.639281154467469, 3.103938978473536 ], [ 101.63670990183833, 3.104141043549705 ], [ 101.634152763828794, 3.104477203149944 ], [ 101.631616749376406, 3.104946535756689 ], [ 101.629108809520503, 3.105547754785368 ], [ 101.626635818349911, 3.10627921211271 ], [ 101.624204554161494, 3.107138902596589 ], [ 101.621821680881453, 3.108124469574812 ], [ 101.619493729799771, 3.109233211327928 ], [ 101.617227081668588, 3.110462088488227 ], [ 101.615027949212845, 3.111807732374538 ], [ 101.612902360101771, 3.113266454230075 ], [ 101.61085614042733, 3.114834255337731 ], [ 101.608894898735485, 3.116506837985345 ], [ 101.607024010653319, 3.118279617250589 ], [ 101.605248604155065, 3.120147733573213 ], [ 101.603573545506521, 3.122106066080162 ], [ 101.602003425927023, 3.124149246626892 ], [ 101.600542549005155, 3.126271674516423 ], [ 101.599194918903052, 3.128467531855754 ], [ 101.597964229381148, 3.130730799507361 ], [ 101.596853853673878, 3.133055273592041 ], [ 101.595866835243854, 3.135434582498076 ], [ 101.595005879440023, 3.137862204349495 ], [ 101.594273346082375, 3.140331484886102 ], [ 101.593671242993892, 3.142835655705834 ], [ 101.593201220497377, 3.145367852819577 ], [ 101.592864566891748, 3.147921135467399 ], [ 101.592662204921155, 3.15048850514482 ], [ 101.592594689245701, 3.153062924786746 ], [ 101.592662204921155, 3.155637338056559 ], [ 101.592864566891748, 3.158204688687444 ], [ 101.593201220497377, 3.160757939823004 ], [ 101.593671242993892, 3.163290093303977 ], [ 101.594273346082375, 3.165794208848519 ], [ 101.595005879440023, 3.168263423073105 ], [ 101.595866835243854, 3.170690968302188 ], [ 101.596853853673878, 3.173070191115086 ], [ 101.597964229381148, 3.175394570579105 ], [ 101.599194918903052, 3.177657736119143 ], [ 101.600542549005155, 3.179853484974817 ], [ 101.602003425927023, 3.181975799197151 ], [ 101.603573545506521, 3.184018862138482 ], [ 101.605248604155065, 3.185977074390376 ], [ 101.607024010653319, 3.187845069125802 ], [ 101.608894898735485, 3.189617726803872 ], [ 101.61085614042733, 3.191290189196432 ], [ 101.612902360101771, 3.192857872698727 ], [ 101.615027949212845, 3.194316480887067 ], [ 101.617227081668588, 3.195662016289759 ], [ 101.619493729799771, 3.196890791338541 ], [ 101.621821680881453, 3.197999438471007 ], [ 101.624204554161494, 3.198984919356131 ], [ 101.626635818349911, 3.199844533217726 ], [ 101.629108809520503, 3.200575924233085 ], [ 101.631616749376406, 3.201177087986587 ], [ 101.634152763828794, 3.201646376960599 ], [ 101.63670990183833, 3.201982505048577 ], [ 101.639281154467469, 3.202184551078223 ], [ 101.641859474091476, 3.202251961334853 ], [ 101.644437793715468, 3.202184551078223 ], [ 101.647009046344607, 3.201982505048577 ], [ 101.649566184354143, 3.201646376960599 ], [ 101.652102198806531, 3.201177087986587 ], [ 101.654610138662449, 3.200575924233085 ], [ 101.65708312983304, 3.199844533217726 ], [ 101.659514394021443, 3.198984919356131 ], [ 101.661897267301498, 3.197999438471007 ], [ 101.664225218383166, 3.196890791338541 ], [ 101.666491866514363, 3.195662016289759 ], [ 101.668690998970092, 3.194316480887067 ], [ 101.67081658808118, 3.192857872698727 ], [ 101.672862807755607, 3.191290189196432 ], [ 101.674824049447466, 3.189617726803872 ], [ 101.676694937529618, 3.187845069125802 ], [ 101.678470344027872, 3.185977074390376 ], [ 101.680145402676416, 3.184018862138482 ], [ 101.681715522255928, 3.181975799197151 ], [ 101.683176399177796, 3.179853484974817 ], [ 101.684524029279885, 3.177657736119143 ], [ 101.685754718801789, 3.175394570579105 ], [ 101.686865094509074, 3.173070191115086 ], [ 101.687852112939098, 3.170690968302188 ], [ 101.688713068742913, 3.168263423073105 ], [ 101.689445602100562, 3.165794208848519 ], [ 101.690047705189045, 3.163290093303977 ], [ 101.69051772768556, 3.160757939823004 ], [ 101.690854381291189, 3.158204688687444 ], [ 101.691056743261797, 3.155637338056559 ], [ 101.691124258937251, 3.153062924786746 ] ] ] } },
{ "type": "Feature", "properties": { "state": "Selangor", "parlimen": "P.081 Petaling", "code_parlimen": "P.081", "dun": "N.26 Sungai Way", "code_dun": "N.26" }, "geometry": { "type": "Polygon", "coordinates": [ [ [ 101.6596536592604, 3.059831629256084 ], [ 101.659586143584946, 3.057256982353093 ], [ 101.659383781614338, 3.054689386224404 ], [ 101.659047128008709, 3.052135878553547 ], [ 101.658577105512194, 3.049603458457934 ], [ 101.657975002423711, 3.047099067303393 ], [ 101.657242469066063, 3.044629569676296 ], [ 101.656381513262247, 3.042201734565709 ], [ 101.655394494832223, 3.039822216807075 ], [ 101.654284119124952, 3.037497538838394 ], [ 101.653053429603034, 3.035234072818811 ], [ 101.651705799500945, 3.033038023158832 ], [ 101.650244922579077, 3.030915409510035 ], [ 101.648674802999565, 3.028872050260812 ], [ 101.646999744351021, 3.026913546583713 ], [ 101.645224337852767, 3.025045267077896 ], [ 101.643353449770615, 3.023272333048974 ], [ 101.641392208078756, 3.02159960446671 ], [ 101.63934598840433, 3.020031666638852 ], [ 101.637220399293241, 3.018572817638085 ], [ 101.635021266837512, 3.017227056516235 ], [ 101.632754618706315, 3.015998072338325 ], [ 101.630426667624647, 3.014889234066469 ], [ 101.628043794344592, 3.01390358132151 ], [ 101.625612530156189, 3.013043816047535 ], [ 101.623139538985598, 3.012312295102459 ], [ 101.62063159912968, 3.011711023794773 ], [ 101.618095584677292, 3.011241650384337 ], [ 101.615538446667756, 3.010905461562293 ], [ 101.612967194038617, 3.010703378922491 ], [ 101.61038887441461, 3.010635956434097 ], [ 101.607810554790618, 3.010703378922491 ], [ 101.605239302161479, 3.010905461562293 ], [ 101.602682164151943, 3.011241650384337 ], [ 101.600146149699555, 3.011711023794773 ], [ 101.597638209843652, 3.012312295102459 ], [ 101.595165218673046, 3.013043816047535 ], [ 101.592733954484643, 3.01390358132151 ], [ 101.590351081204602, 3.014889234066469 ], [ 101.58802313012292, 3.015998072338325 ], [ 101.585756481991737, 3.017227056516235 ], [ 101.583557349535994, 3.018572817638085 ], [ 101.58143176042492, 3.020031666638852 ], [ 101.579385540750479, 3.02159960446671 ], [ 101.577424299058634, 3.023272333048974 ], [ 101.575553410976468, 3.025045267077896 ], [ 101.573778004478214, 3.026913546583713 ], [ 101.57210294582967, 3.028872050260812 ], [ 101.570532826250172, 3.030915409510035 ], [ 101.569071949328304, 3.033038023158832 ], [ 101.567724319226201, 3.035234072818811 ], [ 101.566493629704297, 3.037497538838394 ], [ 101.565383253997027, 3.039822216807075 ], [ 101.564396235567003, 3.042201734565709 ], [ 101.563535279763187, 3.044629569676296 ], [ 101.562802746405509, 3.047099067303393 ], [ 101.562200643317041, 3.049603458457934 ], [ 101.561730620820526, 3.052135878553547 ], [ 101.561393967214883, 3.054689386224404 ], [ 101.561191605244304, 3.057256982353093 ], [ 101.56112408956885, 3.059831629256084 ], [ 101.561191605244304, 3.062406269974665 ], [ 101.561393967214883, 3.064973847617805 ], [ 101.561730620820526, 3.067527324704562 ], [ 101.562200643317041, 3.070059702452578 ], [ 101.562802746405509, 3.072564039960016 ], [ 101.563535279763187, 3.075033473228258 ], [ 101.564396235567003, 3.077461233973381 ], [ 101.565383253997027, 3.079840668174683 ], [ 101.566493629704297, 3.082165254309657 ], [ 101.567724319226201, 3.084428621225306 ], [ 101.569071949328304, 3.086624565596928 ], [ 101.570532826250172, 3.088747068926506 ], [ 101.57210294582967, 3.090790314034311 ], [ 101.573778004478214, 3.092748700998373 ], [ 101.575553410976468, 3.09461686249827 ], [ 101.577424299058634, 3.096389678521248 ], [ 101.579385540750479, 3.098062290390489 ], [ 101.58143176042492, 3.099630114076953 ], [ 101.583557349535994, 3.101088852758528 ], [ 101.585756481991737, 3.102434508592046 ], [ 101.58802313012292, 3.103663393666048 ], [ 101.590351081204602, 3.104772140104235 ], [ 101.592733954484643, 3.105757709291913 ], [ 101.595165218673046, 3.106617400200447 ], [ 101.597638209843652, 3.107348856786694 ], [ 101.600146149699555, 3.107950074447316 ], [ 101.602682164151943, 3.108419405510181 ], [ 101.605239302161479, 3.108755563748137 ], [ 101.607810554790618, 3.108957627902429 ], [ 101.61038887441461, 3.109025044206386 ], [ 101.612967194038617, 3.108957627902429 ], [ 101.615538446667756, 3.108755563748137 ], [ 101.618095584677292, 3.108419405510181 ], [ 101.62063159912968, 3.107950074447316 ], [ 101.623139538985598, 3.107348856786694 ], [ 101.625612530156189, 3.106617400200447 ], [ 101.628043794344592, 3.105757709291913 ], [ 101.630426667624647, 3.104772140104235 ], [ 101.632754618706315, 3.103663393666048 ], [ 101.635021266837512, 3.102434508592046 ], [ 101.637220399293241, 3.101088852758528 ], [ 101.63934598840433, 3.099630114076953 ], [ 101.641392208078756, 3.098062290390489 ], [ 101.643353449770615, 3.096389678521248 ], [ 101.645224337852767, 3.09461686249827 ], [ 101.646999744351021, 3.092748700998373 ], [ 101.648674802999565, 3.090790314034311 ], [ 101.650244922579077, 3.088747068926506 ], [ 101.651705799500945, 3.086624565596928 ], [ 101.653053429603034, 3.084428621225306 ], [ 101.654284119124952, 3.082165254309657 ], [ 101.655394494832223, 3.079840668174683 ], [ 101.656381513262247, 3.077461233973381 ], [ 101.657242469066063, 3.075033473228258 ], [ 101.657975002423711, 3.072564039960016 ], [ 101.658577105512194, 3.070059702452578 ], [ 101.659047128008709, 3.067527324704562 ], [ 101.659383781614338, 3.064973847617805 ], [ 101.659586143584946, 3.062406269974665 ], [ 101.6596536592604, 3.059831629256084 ] ] ] } },
{ "type": "Feature", "properties": { "state": "Selangor", "parlimen": "P.081 Petaling", "code_parlimen": "P.081", "dun": "N.27 Serdang", "code_dun": "N.27" }, "geometry": { "type": "Polygon", "coordinates": [ [ [ 101.73134886831599, 2.992339832697565 ], [ 101.731281352640522, 2.989765025529935 ], [ 101.731078990669928, 2.987197269711269 ], [ 101.730742337064299, 2.984643603361088 ], [ 101.73027231456777, 2.982111026028979 ], [ 101.729670211479302, 2.979606479507917 ], [ 101.728937678121653, 2.977136828805291 ], [ 101.728076722317823, 2.97470884332393 ], [ 101.727089703887799, 2.972329178304711 ], [ 101.725979328180514, 2.97000435658174 ], [ 101.72474863865861, 2.96774075069986 ], [ 101.723401008556522, 2.965544565444018 ], [ 101.721940131634668, 2.963421820827931 ], [ 101.720370012055156, 2.961378335589011 ], [ 101.718694953406612, 2.95941971123481 ], [ 101.716919546908343, 2.957551316684756 ], [ 101.715048658826191, 2.955778273549118 ], [ 101.713087417134346, 2.954105442086037 ], [ 101.711041197459906, 2.952537407874753 ], [ 101.708915608348818, 2.951078469241794 ], [ 101.706716475893089, 2.94973262547472 ], [ 101.704449827761906, 2.948503565855554 ], [ 101.702121876680224, 2.947394659544279 ], [ 101.699739003400168, 2.946408946339901 ], [ 101.697307739211766, 2.945549128344684 ], [ 101.694834748041174, 2.944817562554347 ], [ 101.692326808185257, 2.94421625439449 ], [ 101.689790793732868, 2.943746852221114 ], [ 101.687233655723347, 2.943410642800386 ], [ 101.684662403094208, 2.943208547779868 ], [ 101.682084083470201, 2.943141121160977 ], [ 101.679505763846208, 2.943208547779868 ], [ 101.67693451121707, 2.943410642800386 ], [ 101.674377373207534, 2.943746852221114 ], [ 101.671841358755145, 2.94421625439449 ], [ 101.669333418899242, 2.944817562554347 ], [ 101.666860427728636, 2.945549128344684 ], [ 101.664429163540234, 2.946408946339901 ], [ 101.662046290260179, 2.947394659544279 ], [ 101.659718339178497, 2.948503565855554 ], [ 101.657451691047314, 2.94973262547472 ], [ 101.655252558591584, 2.951078469241794 ], [ 101.653126969480496, 2.952537407874753 ], [ 101.65108074980607, 2.954105442086037 ], [ 101.649119508114225, 2.955778273549118 ], [ 101.647248620032059, 2.957551316684756 ], [ 101.645473213533805, 2.95941971123481 ], [ 101.64379815488526, 2.961378335589011 ], [ 101.642228035305735, 2.963421820827931 ], [ 101.640767158383881, 2.965544565444018 ], [ 101.639419528281792, 2.96774075069986 ], [ 101.638188838759888, 2.97000435658174 ], [ 101.637078463052617, 2.972329178304711 ], [ 101.636091444622593, 2.97470884332393 ], [ 101.635230488818763, 2.977136828805291 ], [ 101.6344979554611, 2.979606479507917 ], [ 101.633895852372632, 2.982111026028979 ], [ 101.633425829876117, 2.984643603361088 ], [ 101.633089176270474, 2.987197269711269 ], [ 101.63288681429988, 2.989765025529935 ], [ 101.632819298624426, 2.992339832697565 ], [ 101.63288681429988, 2.994914633816657 ], [ 101.633089176270474, 2.99748237155602 ], [ 101.633425829876117, 3.000036007994229 ], [ 101.633895852372632, 3.002568543909384 ], [ 101.6344979554611, 3.005073037962299 ], [ 101.635230488818763, 3.007542625720425 ], [ 101.636091444622593, 3.009970538470591 ], [ 101.637078463052617, 3.01235012176874 ], [ 101.638188838759888, 3.014674853676181 ], [ 101.639419528281792, 3.016938362632044 ], [ 101.640767158383881, 3.019134444913356 ], [ 101.642228035305735, 3.021257081634622 ], [ 101.64379815488526, 3.023300455240525 ], [ 101.645473213533805, 3.025258965446577 ], [ 101.647248620032059, 3.027127244584022 ], [ 101.649119508114225, 3.028900172307063 ], [ 101.65108074980607, 3.030572889622008 ], [ 101.653126969480496, 3.032140812200302 ], [ 101.655252558591584, 3.033599642938439 ], [ 101.657451691047314, 3.034945383731023 ], [ 101.659718339178497, 3.03617434642421 ], [ 101.662046290260179, 3.037283162919979 ], [ 101.664429163540234, 3.038268794403337 ], [ 101.666860427728636, 3.039128539667373 ], [ 101.669333418899242, 3.039860042513261 ], [ 101.671841358755145, 3.040461298205008 ], [ 101.674377373207534, 3.040930658961443 ], [ 101.67693451121707, 3.041266838470199 ], [ 101.679505763846208, 3.04146891541144 ], [ 101.682084083470201, 3.041536335981806 ], [ 101.684662403094208, 3.04146891541144 ], [ 101.687233655723347, 3.041266838470199 ], [ 101.689790793732868, 3.040930658961443 ], [ 101.692326808185257, 3.040461298205008 ], [ 101.694834748041174, 3.039860042513261 ], [ 101.697307739211766, 3.039128539667373 ], [ 101.699739003400168, 3.038268794403337 ], [ 101.702121876680224, 3.037283162919979 ], [ 101.704449827761906, 3.03617434642421 ], [ 101.706716475893089, 3.034945383731023 ], [ 101.708915608348818, 3.033599642938439 ], [ 101.711041197459906, 3.032140812200302 ], [ 101.713087417134346, 3.030572889622008 ], [ 101.715048658826191, 3.028900172307063 ], [ 101.716919546908343, 3.027127244584022 ], [ 101.718694953406612, 3.025258965446577 ], [ 101.720370012055156, 3.023300455240525 ], [ 101.721940131634668, 3.021257081634622 ], [ 101.723401008556522, 3.019134444913356 ], [ 101.72474863865861, 3.016938362632044 ], [ 101.725979328180514, 3.014674853676181 ], [ 101.727089703887799, 3.01235012176874 ], [ 101.728076722317823, 3.009970538470591 ], [ 101.728937678121653, 3.007542625720425 ], [ 101.729670211479302, 3.005073037962299 ], [ 101.73027231456777, 3.002568543909384 ], [ 101.730742337064299, 3.000036007994229 ], [ 101.731078990669928, 2.99748237155602 ], [ 101.731281352640522, 2.994914633816657 ], [ 101.73134886831599, 2.992339832697565 ] ] ] } },
{ "type": "Feature", "properties": { "state": "Selangor", "parlimen": "P.082 Kuala Langat", "code_parlimen": "P.082", "dun": "N.28 Panglima Garang", "code_dun": "N.28" }, "geometry": { "type": "Polygon", "coordinates": [ [ [ 101.508438843687102, 2.912071783441957 ], [ 101.508371328011648, 2.909496790322778 ], [ 101.508168966041055, 2.906928849223239 ], [ 101.507832312435411, 2.904374998768738 ], [ 101.507362289938897, 2.901842239010215 ], [ 101.506760186850428, 2.899337512236114 ], [ 101.506027653492765, 2.896867683942091 ], [ 101.505166697688949, 2.894439524010868 ], [ 101.504179679258925, 2.892059688153497 ], [ 101.503069303551655, 2.88973469966332 ], [ 101.501838614029737, 2.887470931532452 ], [ 101.500490983927648, 2.885274588979913 ], [ 101.49903010700578, 2.883151692439237 ], [ 101.497459987426268, 2.881108061052405 ], [ 101.495784928777724, 2.879149296715313 ], [ 101.49400952227947, 2.87728076871851 ], [ 101.492138634197318, 2.87550759902537 ], [ 101.490177392505458, 2.873834648228259 ], [ 101.488131172831032, 2.872266502220935 ], [ 101.486005583719958, 2.870807459624142 ], [ 101.483806451264215, 2.869461519998496 ], [ 101.481539803133018, 2.868232372877499 ], [ 101.47921185205135, 2.86712338765029 ], [ 101.476828978771309, 2.866137604322327 ], [ 101.474397714582892, 2.865277725179114 ], [ 101.4719247234123, 2.86454610737597 ], [ 101.469416783556397, 2.863944756474153 ], [ 101.466880769103994, 2.863475320941058 ], [ 101.464323631094459, 2.863139087629747 ], [ 101.46175237846532, 2.86293697824994 ], [ 101.459174058841327, 2.862869546840485 ], [ 101.45659573921732, 2.86293697824994 ], [ 101.454024486588196, 2.863139087629747 ], [ 101.451467348578646, 2.863475320941058 ], [ 101.448931334126257, 2.863944756474153 ], [ 101.446423394270354, 2.86454610737597 ], [ 101.443950403099763, 2.865277725179114 ], [ 101.441519138911346, 2.866137604322327 ], [ 101.439136265631305, 2.86712338765029 ], [ 101.436808314549623, 2.868232372877499 ], [ 101.43454166641844, 2.869461519998496 ], [ 101.432342533962697, 2.870807459624142 ], [ 101.430216944851622, 2.872266502220935 ], [ 101.428170725177196, 2.873834648228259 ], [ 101.426209483485337, 2.87550759902537 ], [ 101.424338595403185, 2.87728076871851 ], [ 101.422563188904931, 2.879149296715313 ], [ 101.420888130256373, 2.881108061052405 ], [ 101.419318010676875, 2.883151692439237 ], [ 101.417857133755007, 2.885274588979913 ], [ 101.416509503652918, 2.887470931532452 ], [ 101.415278814131, 2.88973469966332 ], [ 101.414168438423729, 2.892059688153497 ], [ 101.413181419993705, 2.894439524010868 ], [ 101.412320464189889, 2.896867683942091 ], [ 101.411587930832226, 2.899337512236114 ], [ 101.410985827743758, 2.901842239010215 ], [ 101.410515805247243, 2.904374998768738 ], [ 101.4101791516416, 2.906928849223239 ], [ 101.409976789671006, 2.909496790322778 ], [ 101.409909273995552, 2.912071783441957 ], [ 101.409976789671006, 2.914646770674311 ], [ 101.4101791516416, 2.917214694177812 ], [ 101.410515805247243, 2.919768515519896 ], [ 101.410985827743758, 2.922301234968577 ], [ 101.411587930832226, 2.924805910677053 ], [ 101.412320464189889, 2.927275677709128 ], [ 101.413181419993705, 2.929703766853315 ], [ 101.414168438423729, 2.932083523174109 ], [ 101.415278814131, 2.934408424249579 ], [ 101.416509503652918, 2.936672098045322 ], [ 101.417857133755007, 2.938868340375937 ], [ 101.419318010676875, 2.940991131905893 ], [ 101.420888130256373, 2.943034654643743 ], [ 101.422563188904931, 2.944993307883971 ], [ 101.424338595403185, 2.946861723553226 ], [ 101.426209483485337, 2.948634780918818 ], [ 101.428170725177196, 2.950307620619078 ], [ 101.430216944851622, 2.951875657977432 ], [ 101.432342533962697, 2.953334595563543 ], [ 101.43454166641844, 2.954680434967265 ], [ 101.436808314549623, 2.955909487753201 ], [ 101.439136265631305, 2.957018385565727 ], [ 101.441519138911346, 2.958004089357152 ], [ 101.443950403099763, 2.958863897713342 ], [ 101.446423394270354, 2.959595454254588 ], [ 101.448931334126257, 2.960196754090794 ], [ 101.451467348578646, 2.960666149314072 ], [ 101.454024486588196, 2.961002353512991 ], [ 101.45659573921732, 2.961204445296786 ], [ 101.459174058841327, 2.961271870819404 ], [ 101.46175237846532, 2.961204445296786 ], [ 101.464323631094459, 2.961002353512991 ], [ 101.466880769103994, 2.960666149314072 ], [ 101.469416783556397, 2.960196754090794 ], [ 101.4719247234123, 2.959595454254588 ], [ 101.474397714582892, 2.958863897713342 ], [ 101.476828978771309, 2.958004089357152 ], [ 101.47921185205135, 2.957018385565727 ], [ 101.481539803133018, 2.955909487753201 ], [ 101.483806451264215, 2.954680434967265 ], [ 101.486005583719958, 2.953334595563543 ], [ 101.488131172831032, 2.951875657977432 ], [ 101.490177392505458, 2.950307620619078 ], [ 101.492138634197318, 2.948634780918818 ], [ 101.49400952227947, 2.946861723553226 ], [ 101.495784928777724, 2.944993307883971 ], [ 101.497459987426268, 2.943034654643743 ], [ 101.49903010700578, 2.940991131905893 ], [ 101.500490983927648, 2.938868340375937 ], [ 101.501838614029737, 2.936672098045322 ], [ 101.503069303551655, 2.934408424249579 ], [ 101.504179679258925, 2.932083523174109 ], [ 101.505166697688949, 2.929703766853315 ], [ 101.506027653492765, 2.927275677709128 ], [ 101.506760186850428, 2.924805910677053 ], [ 101.507362289938897, 2.922301234968577 ], [ 101.507832312435411, 2.919768515519896 ], [ 101.508168966041055, 2.917214694177812 ], [ 101.508371328011648, 2.914646770674311 ], [ 101.508438843687102, 2.912071783441957 ] ] ] } },
{ "type": "Feature", "properties": { "state": "Selangor", "parlimen": "P.082 Kuala Langat", "code_parlimen": "P.082", "dun": "N.29 Banting", "code_dun": "N.29" }, "geometry": { "type": "Polygon", "coordinates": [ [ [ 101.616471838351089, 2.856681231149298 ], [ 101.616404322675635, 2.854106112657577 ], [ 101.616201960705041, 2.851538046640291 ], [ 101.615865307099398, 2.848984072063828 ], [ 101.615395284602883, 2.846451189317099 ], [ 101.614793181514415, 2.843946341022489 ], [ 101.614060648156752, 2.841476393004792 ], [ 101.613199692352936, 2.839048115470066 ], [ 101.612212673922912, 2.836668164446223 ], [ 101.611102298215641, 2.83434306353607 ], [ 101.609871608693723, 2.832079186033077 ], [ 101.608523978591634, 2.829882737448669 ], [ 101.607063101669766, 2.827759738499196 ], [ 101.605492982090269, 2.825716008599173 ], [ 101.603817923441724, 2.823757149906054 ], [ 101.60204251694347, 2.821888531960353 ], [ 101.600171628861304, 2.820115276963261 ], [ 101.598210387169459, 2.818442245732161 ], [ 101.596164167495019, 2.816874024372675 ], [ 101.59403857838393, 2.815414911703568 ], [ 101.591839445928201, 2.814068907469406 ], [ 101.589572797797018, 2.812839701372911 ], [ 101.587244846715336, 2.811730662957552 ], [ 101.584861973435281, 2.810744832367769 ], [ 101.582430709246879, 2.809884912012404 ], [ 101.579957718076287, 2.809153259154217 ], [ 101.577449778220384, 2.808551879445772 ], [ 101.574913763767981, 2.808082421429477 ], [ 101.572356625758459, 2.807746172016836 ], [ 101.569785373129307, 2.807544052959479 ], [ 101.567207053505314, 2.807476618321366 ], [ 101.564628733881307, 2.807544052959479 ], [ 101.562057481252182, 2.807746172016836 ], [ 101.559500343242632, 2.808082421429477 ], [ 101.556964328790258, 2.808551879445772 ], [ 101.554456388934341, 2.809153259154217 ], [ 101.551983397763735, 2.809884912012404 ], [ 101.549552133575332, 2.810744832367769 ], [ 101.547169260295291, 2.811730662957552 ], [ 101.544841309213624, 2.812839701372911 ], [ 101.542574661082426, 2.814068907469406 ], [ 101.540375528626683, 2.815414911703568 ], [ 101.538249939515609, 2.816874024372675 ], [ 101.536203719841183, 2.818442245732161 ], [ 101.534242478149324, 2.820115276963261 ], [ 101.532371590067171, 2.821888531960353 ], [ 101.530596183568917, 2.823757149906054 ], [ 101.528921124920373, 2.825716008599173 ], [ 101.527351005340861, 2.827759738499196 ], [ 101.525890128418993, 2.829882737448669 ], [ 101.524542498316904, 2.832079186033077 ], [ 101.523311808794986, 2.83434306353607 ], [ 101.522201433087716, 2.836668164446223 ], [ 101.521214414657692, 2.839048115470066 ], [ 101.520353458853876, 2.841476393004792 ], [ 101.519620925496213, 2.843946341022489 ], [ 101.519018822407745, 2.846451189317099 ], [ 101.51854879991123, 2.848984072063828 ], [ 101.518212146305586, 2.851538046640291 ], [ 101.518009784334993, 2.854106112657577 ], [ 101.517942268659539, 2.856681231149298 ], [ 101.518009784334993, 2.859256343865781 ], [ 101.518212146305586, 2.861824392620633 ], [ 101.51854879991123, 2.864378338636566 ], [ 101.519018822407745, 2.866911181837615 ], [ 101.519620925496213, 2.869415980034659 ], [ 101.520353458853876, 2.871885867951793 ], [ 101.521214414657692, 2.874314076041398 ], [ 101.522201433087716, 2.876693949036464 ], [ 101.523311808794986, 2.879018964189041 ], [ 101.524542498316904, 2.881282749145272 ], [ 101.525890128418993, 2.883479099407692 ], [ 101.527351005340861, 2.885601995337154 ], [ 101.528921124920373, 2.887645618647884 ], [ 101.530596183568917, 2.889604368350238 ], [ 101.532371590067171, 2.891472876097824 ], [ 101.534242478149324, 2.893246020896813 ], [ 101.536203719841183, 2.894918943137148 ], [ 101.538249939515609, 2.896487057907367 ], [ 101.540375528626683, 2.897946067556489 ], [ 101.542574661082426, 2.899291973468688 ], [ 101.544841309213624, 2.900521087018446 ], [ 101.547169260295291, 2.90163003967628 ], [ 101.549552133575332, 2.902615792237312 ], [ 101.551983397763735, 2.903475643147606 ], [ 101.554456388934341, 2.904207235905244 ], [ 101.556964328790258, 2.904808565516148 ], [ 101.559500343242632, 2.905277983986787 ], [ 101.562057481252182, 2.905614204838912 ], [ 101.564628733881307, 2.90581630663386 ], [ 101.567207053505314, 2.905883735496734 ], [ 101.569785373129307, 2.90581630663386 ], [ 101.572356625758459, 2.905614204838912 ], [ 101.574913763767981, 2.905277983986787 ], [ 101.577449778220384, 2.904808565516148 ], [ 101.579957718076287, 2.904207235905244 ], [ 101.582430709246879, 2.903475643147606 ], [ 101.584861973435281, 2.902615792237312 ], [ 101.587244846715336, 2.90163003967628 ], [ 101.589572797797018, 2.900521087018446 ], [ 101.591839445928201, 2.899291973468688 ], [ 101.59403857838393, 2.897946067556489 ], [ 101.596164167495019, 2.896487057907367 ], [ 101.598210387169459, 2.894918943137148 ], [ 101.600171628861304, 2.893246020896813 ], [ 101.60204251694347, 2.891472876097824 ], [ 101.603817923441724, 2.889604368350238 ], [ 101.605492982090269, 2.887645618647884 ], [ 101.607063101669766, 2.885601995337154 ], [ 101.608523978591634, 2.883479099407692 ], [ 101.609871608693723, 2.881282749145272 ], [ 101.611102298215641, 2.879018964189041 ], [ 101.612212673922912, 2.876693949036464 ], [ 101.613199692352936, 2.874314076041398 ], [ 101.614060648156752, 2.871885867951793 ], [ 101.614793181514415, 2.869415980034659 ], [ 101.615395284602883, 2.866911181837615 ], [ 101.615865307099398, 2.864378338636566 ], [ 101.616201960705041, 2.861824392620633 ], [ 101.616404322675635, 2.859256343865781 ], [ 101.616471838351089, 2.856681231149298 ] ] ] } },
{ "type": "Feature", "properties": { "state": "Selangor", "parlimen": "P.082 Kuala Langat", "code_parlimen": "P.082", "dun": "N.30 Morib", "code_dun": "N.30" }, "geometry": { "type": "Polygon", "coordinates": [ [ [ 101.504924373118044, 2.813727820806391 ], [ 101.50485685744259, 2.811152606749484 ], [ 101.504654495471982, 2.808584445515169 ], [ 101.504317841866353, 2.806030376329749 ], [ 101.503847819369838, 2.803497399839655 ], [ 101.503245716281356, 2.80099245892181 ], [ 101.502513182923707, 2.798522419651811 ], [ 101.501652227119891, 2.796094052482134 ], [ 101.500665208689867, 2.793714013682068 ], [ 101.499554832982582, 2.791388827090227 ], [ 101.498324143460678, 2.789124866229641 ], [ 101.49697651335859, 2.786928336834514 ], [ 101.495515636436721, 2.784805259836646 ], [ 101.49394551685721, 2.782761454858154 ], [ 101.492270458208665, 2.780802524255671 ], [ 101.490495051710411, 2.778933837760136 ], [ 101.488624163628259, 2.777160517753817 ], [ 101.4866629219364, 2.775487425225515 ], [ 101.484616702261974, 2.773919146442158 ], [ 101.482491113150886, 2.772459980373344 ], [ 101.480291980695156, 2.771113926903636 ], [ 101.478025332563959, 2.769884675864669 ], [ 101.475697381482291, 2.768775596917416 ], [ 101.473314508202236, 2.767789730312087 ], [ 101.470883244013834, 2.76692977855148 ], [ 101.468410252843242, 2.766198098980144 ], [ 101.465902312987325, 2.765596697320161 ], [ 101.463366298534936, 2.765127222170993 ], [ 101.4608091605254, 2.764790960488726 ], [ 101.458237907896262, 2.764588834056808 ], [ 101.455659588272255, 2.764521396958384 ], [ 101.453081268648262, 2.764588834056808 ], [ 101.450510016019123, 2.764790960488726 ], [ 101.447952878009588, 2.765127222170993 ], [ 101.445416863557199, 2.765596697320161 ], [ 101.442908923701296, 2.766198098980144 ], [ 101.44043593253069, 2.76692977855148 ], [ 101.438004668342288, 2.767789730312087 ], [ 101.435621795062247, 2.768775596917416 ], [ 101.433293843980564, 2.769884675864669 ], [ 101.431027195849381, 2.771113926903636 ], [ 101.428828063393638, 2.772459980373344 ], [ 101.426702474282564, 2.773919146442158 ], [ 101.424656254608124, 2.775487425225515 ], [ 101.422695012916279, 2.777160517753817 ], [ 101.420824124834112, 2.778933837760136 ], [ 101.419048718335858, 2.780802524255671 ], [ 101.417373659687314, 2.782761454858154 ], [ 101.415803540107817, 2.784805259836646 ], [ 101.414342663185948, 2.786928336834514 ], [ 101.412995033083845, 2.789124866229641 ], [ 101.411764343561941, 2.791388827090227 ], [ 101.410653967854671, 2.793714013682068 ], [ 101.409666949424647, 2.796094052482134 ], [ 101.408805993620817, 2.798522419651811 ], [ 101.408073460263154, 2.80099245892181 ], [ 101.407471357174686, 2.803497399839655 ], [ 101.407001334678171, 2.806030376329749 ], [ 101.406664681072527, 2.808584445515169 ], [ 101.406462319101948, 2.811152606749484 ], [ 101.406394803426494, 2.813727820806391 ], [ 101.406462319101948, 2.816303029174595 ], [ 101.406664681072527, 2.818871173405181 ], [ 101.407001334678171, 2.82142521445815 ], [ 101.407471357174686, 2.823958151995239 ], [ 101.408073460263154, 2.826463043566346 ], [ 101.408805993620817, 2.828933023636515 ], [ 101.409666949424647, 2.831361322401889 ], [ 101.410653967854671, 2.833741284342617 ], [ 101.411764343561941, 2.83606638646217 ], [ 101.412995033083845, 2.83833025616302 ], [ 101.414342663185948, 2.840526688709736 ], [ 101.415803540107817, 2.842649664231599 ], [ 101.417373659687314, 2.844693364218315 ], [ 101.419048718335858, 2.846652187463503 ], [ 101.420824124834112, 2.848520765412508 ], [ 101.422695012916279, 2.850293976872297 ], [ 101.424656254608124, 2.851966962043317 ], [ 101.426702474282564, 2.853535135834897 ], [ 101.428828063393638, 2.854994200427732 ], [ 101.431027195849381, 2.856340157049067 ], [ 101.433293843980564, 2.857569316928324 ], [ 101.435621795062247, 2.85867831140334 ], [ 101.438004668342288, 2.859664101149343 ], [ 101.44043593253069, 2.860523984505685 ], [ 101.442908923701296, 2.861255604877229 ], [ 101.445416863557199, 2.861856957190499 ], [ 101.447952878009588, 2.862326393386688 ], [ 101.450510016019123, 2.862662626936503 ], [ 101.453081268648262, 2.862864736364706 ], [ 101.455659588272255, 2.862932167774454 ], [ 101.458237907896262, 2.862864736364706 ], [ 101.4608091605254, 2.862662626936503 ], [ 101.463366298534936, 2.862326393386688 ], [ 101.465902312987325, 2.861856957190499 ], [ 101.468410252843242, 2.861255604877229 ], [ 101.470883244013834, 2.860523984505685 ], [ 101.473314508202236, 2.859664101149343 ], [ 101.475697381482291, 2.85867831140334 ], [ 101.478025332563959, 2.857569316928324 ], [ 101.480291980695156, 2.856340157049067 ], [ 101.482491113150886, 2.854994200427732 ], [ 101.484616702261974, 2.853535135834897 ], [ 101.4866629219364, 2.851966962043317 ], [ 101.488624163628259, 2.850293976872297 ], [ 101.490495051710411, 2.848520765412508 ], [ 101.492270458208665, 2.846652187463503 ], [ 101.49394551685721, 2.844693364218315 ], [ 101.495515636436721, 2.842649664231599 ], [ 101.49697651335859, 2.840526688709736 ], [ 101.498324143460678, 2.83833025616302 ], [ 101.499554832982582, 2.83606638646217 ], [ 101.500665208689867, 2.833741284342617 ], [ 101.501652227119891, 2.831361322401889 ], [ 101.502513182923707, 2.828933023636515 ], [ 101.503245716281356, 2.826463043566346 ], [ 101.503847819369838, 2.823958151995239 ], [ 101.504317841866353, 2.82142521445815 ], [ 101.504654495471982, 2.818871173405181 ], [ 101.50485685744259, 2.816303029174595 ], [ 101.504924373118044, 2.813727820806391 ] ] ] } },
{ "type": "Feature", "properties": { "state": "Selangor", "parlimen": "P.083 Sepang", "code_parlimen": "P.083", "dun": "N.31 Dengkil", "code_dun": "N.31" }, "geometry": { "type": "Polygon", "coordinates": [ [ [ 101.747429321365445, 2.895259608103256 ], [ 101.747361805690005, 2.892684576676535 ], [ 101.747159443719397, 2.890116597408216 ], [ 101.746822790113754, 2.887562709027852 ], [ 101.746352767617239, 2.88502991168965 ], [ 101.745750664528771, 2.882525147784126 ], [ 101.745018131171122, 2.880055282907502 ], [ 101.744157175367292, 2.877627087041303 ], [ 101.743170156937268, 2.875247215993424 ], [ 101.742059781229997, 2.872922193151767 ], [ 101.740829091708079, 2.87065839160056 ], [ 101.73948146160599, 2.868462016648181 ], [ 101.738020584684136, 2.866339088814587 ], [ 101.73645046510461, 2.864295427325076 ], [ 101.734775406456066, 2.862336634155468 ], [ 101.732999999957812, 2.860468078672705 ], [ 101.73112911187566, 2.858694882912872 ], [ 101.729167870183801, 2.857021907537109 ], [ 101.727121650509375, 2.85545373850393 ], [ 101.724996061398301, 2.853994674494587 ], [ 101.722796928942572, 2.852648715125941 ], [ 101.720530280811374, 2.851419549983222 ], [ 101.718202329729692, 2.850310548502754 ], [ 101.715819456449651, 2.849324750732452 ], [ 101.713388192261249, 2.848464858995553 ], [ 101.710915201090643, 2.847733230480199 ], [ 101.70840726123474, 2.847131870775561 ], [ 101.705871246782351, 2.846662428371959 ], [ 101.703314108772801, 2.846326190140342 ], [ 101.700742856143677, 2.84612407780323 ], [ 101.69816453651967, 2.846056645407154 ], [ 101.695586216895677, 2.84612407780323 ], [ 101.693014964266524, 2.846326190140342 ], [ 101.690457826257003, 2.846662428371959 ], [ 101.687921811804614, 2.847131870775561 ], [ 101.685413871948697, 2.847733230480199 ], [ 101.682940880778105, 2.848464858995553 ], [ 101.680509616589703, 2.849324750732452 ], [ 101.678126743309647, 2.850310548502754 ], [ 101.675798792227965, 2.851419549983222 ], [ 101.673532144096782, 2.852648715125941 ], [ 101.671333011641053, 2.853994674494587 ], [ 101.669207422529965, 2.85545373850393 ], [ 101.667161202855524, 2.857021907537109 ], [ 101.66519996116368, 2.858694882912872 ], [ 101.663329073081528, 2.860468078672705 ], [ 101.661553666583259, 2.862336634155468 ], [ 101.659878607934715, 2.864295427325076 ], [ 101.658308488355217, 2.866339088814587 ], [ 101.656847611433349, 2.868462016648181 ], [ 101.655499981331275, 2.87065839160056 ], [ 101.654269291809356, 2.872922193151767 ], [ 101.653158916102086, 2.875247215993424 ], [ 101.652171897672048, 2.877627087041303 ], [ 101.651310941868232, 2.880055282907502 ], [ 101.650578408510583, 2.882525147784126 ], [ 101.649976305422115, 2.88502991168965 ], [ 101.649506282925586, 2.887562709027852 ], [ 101.649169629319942, 2.890116597408216 ], [ 101.648967267349349, 2.892684576676535 ], [ 101.648899751673895, 2.895259608103256 ], [ 101.648967267349349, 2.897834633677006 ], [ 101.649169629319942, 2.900402595450544 ], [ 101.649506282925586, 2.902956454886003 ], [ 101.649976305422115, 2.905489212146277 ], [ 101.650578408510583, 2.907993925279984 ], [ 101.651310941868232, 2.91046372924714 ], [ 101.652171897672048, 2.912891854733567 ], [ 101.653158916102086, 2.915271646702488 ], [ 101.654269291809356, 2.917596582632372 ], [ 101.655499981331275, 2.919860290391235 ], [ 101.656847611433349, 2.922056565698312 ], [ 101.658308488355217, 2.924179389125376 ], [ 101.659878607934715, 2.926222942591024 ], [ 101.661553666583259, 2.928181625302971 ], [ 101.663329073081528, 2.930050069104461 ], [ 101.66519996116368, 2.931823153183023 ], [ 101.667161202855524, 2.93349601810115 ], [ 101.669207422529965, 2.935064079110478 ], [ 101.671333011641053, 2.936523038713304 ], [ 101.673532144096782, 2.937868898436675 ], [ 101.675798792227965, 2.939097969787075 ], [ 101.678126743309647, 2.94020688435582 ], [ 101.680509616589703, 2.941192603047176 ], [ 101.682940880778105, 2.942052424404354 ], [ 101.685413871948697, 2.94278399201028 ], [ 101.687921811804614, 2.943385300943126 ], [ 101.690457826257003, 2.943854703268812 ], [ 101.693014964266524, 2.944190912555536 ], [ 101.695586216895677, 2.944393007397868 ], [ 101.69816453651967, 2.944460433940985 ], [ 101.700742856143677, 2.944393007397868 ], [ 101.703314108772801, 2.944190912555536 ], [ 101.705871246782351, 2.943854703268812 ], [ 101.70840726123474, 2.943385300943126 ], [ 101.710915201090643, 2.94278399201028 ], [ 101.713388192261249, 2.942052424404354 ], [ 101.715819456449651, 2.941192603047176 ], [ 101.718202329729692, 2.94020688435582 ], [ 101.720530280811374, 2.939097969787075 ], [ 101.722796928942572, 2.937868898436675 ], [ 101.724996061398301, 2.936523038713304 ], [ 101.727121650509375, 2.935064079110478 ], [ 101.729167870183801, 2.93349601810115 ], [ 101.73112911187566, 2.931823153183023 ], [ 101.732999999957812, 2.930050069104461 ], [ 101.734775406456066, 2.928181625302971 ], [ 101.73645046510461, 2.926222942591024 ], [ 101.738020584684136, 2.924179389125376 ], [ 101.73948146160599, 2.922056565698312 ], [ 101.740829091708079, 2.919860290391235 ], [ 101.742059781229997, 2.917596582632372 ], [ 101.743170156937268, 2.915271646702488 ], [ 101.744157175367292, 2.912891854733567 ], [ 101.745018131171122, 2.91046372924714 ], [ 101.745750664528771, 2.907993925279984 ], [ 101.746352767617239, 2.905489212146277 ], [ 101.746822790113754, 2.902956454886003 ], [ 101.747159443719397, 2.900402595450544 ], [ 101.747361805690005, 2.897834633677006 ], [ 101.747429321365445, 2.895259608103256 ] ] ] } },
{ "type": "Feature", "properties": { "state": "Selangor", "parlimen": "P.083 Sepang", "code_parlimen": "P.083", "dun": "N.32 Sungai Pelek", "code_dun": "N.32" }, "geometry": { "type": "Polygon", "coordinates": [ [ [ 101.726483772712712, 2.711592421789317 ], [ 101.726416257037243, 2.709016986308249 ], [ 101.72621389506665, 2.706448604461679 ], [ 101.725877241461021, 2.703894316078092 ], [ 101.725407218964506, 2.701361122400553 ], [ 101.724805115876023, 2.698855966895493 ], [ 101.724072582518374, 2.696385716219316 ], [ 101.723211626714559, 2.693957141395167 ], [ 101.722224608284534, 2.691576899251337 ], [ 101.72111423257725, 2.689251514172389 ], [ 101.719883543055346, 2.686987360212797 ], [ 101.718535912953257, 2.684790643622498 ], [ 101.717075036031389, 2.682667385832004 ], [ 101.715504916451877, 2.680623406943849 ], [ 101.713829857803333, 2.678664309775768 ], [ 101.712054451305079, 2.676795464499259 ], [ 101.710183563222913, 2.675021993915685 ], [ 101.708222321531068, 2.673348759410425 ], [ 101.706176101856641, 2.671780347623573 ], [ 101.704050512745553, 2.670321057873688 ], [ 101.701851380289824, 2.668974890369262 ], [ 101.699584732158627, 2.667745535240079 ], [ 101.697256781076959, 2.666636362418842 ], [ 101.694873907796904, 2.665650412400554 ], [ 101.692442643608487, 2.664790387905165 ], [ 101.689969652437895, 2.664058646466443 ], [ 101.687461712581992, 2.663457193967226 ], [ 101.684925698129604, 2.662987679139024 ], [ 101.682368560120068, 2.662651389040829 ], [ 101.679797307490929, 2.662449245529841 ], [ 101.677218987866922, 2.662381802733466 ], [ 101.67464066824293, 2.662449245529841 ], [ 101.672069415613791, 2.662651389040829 ], [ 101.669512277604255, 2.662987679139024 ], [ 101.666976263151867, 2.663457193967226 ], [ 101.664468323295964, 2.664058646466443 ], [ 101.661995332125358, 2.664790387905165 ], [ 101.659564067936955, 2.665650412400554 ], [ 101.657181194656914, 2.666636362418842 ], [ 101.654853243575232, 2.667745535240079 ], [ 101.652586595444049, 2.668974890369262 ], [ 101.650387462988306, 2.670321057873688 ], [ 101.648261873877232, 2.671780347623573 ], [ 101.646215654202791, 2.673348759410425 ], [ 101.644254412510946, 2.675021993915685 ], [ 101.64238352442878, 2.676795464499259 ], [ 101.640608117930526, 2.678664309775768 ], [ 101.638933059281982, 2.680623406943849 ], [ 101.637362939702484, 2.682667385832004 ], [ 101.635902062780616, 2.684790643622498 ], [ 101.634554432678513, 2.686987360212797 ], [ 101.633323743156609, 2.689251514172389 ], [ 101.632213367449339, 2.691576899251337 ], [ 101.631226349019315, 2.693957141395167 ], [ 101.630365393215484, 2.696385716219316 ], [ 101.629632859857821, 2.698855966895493 ], [ 101.629030756769353, 2.701361122400553 ], [ 101.628560734272838, 2.703894316078092 ], [ 101.628224080667195, 2.706448604461679 ], [ 101.628021718696615, 2.709016986308249 ], [ 101.627954203021162, 2.711592421789317 ], [ 101.628021718696615, 2.714167851787578 ], [ 101.628224080667195, 2.716736217245755 ], [ 101.628560734272838, 2.719290478514936 ], [ 101.629030756769353, 2.721823634649132 ], [ 101.629632859857821, 2.724328742593233 ], [ 101.630365393215484, 2.726798936211938 ], [ 101.631226349019315, 2.729227445107221 ], [ 101.632213367449339, 2.731607613173121 ], [ 101.633323743156609, 2.733932916836714 ], [ 101.634554432678513, 2.736196982935506 ], [ 101.635902062780616, 2.738393606182186 ], [ 101.637362939702484, 2.740516766168944 ], [ 101.638933059281982, 2.742560643864788 ], [ 101.640608117930526, 2.744519637560672 ], [ 101.64238352442878, 2.746388378218789 ], [ 101.644254412510946, 2.748161744183958 ], [ 101.646215654202791, 2.749834875217047 ], [ 101.648261873877232, 2.7514031858116 ], [ 101.650387462988306, 2.752862377757762 ], [ 101.652586595444049, 2.754208451918608 ], [ 101.654853243575232, 2.755437719187016 ], [ 101.657181194656914, 2.756546810592909 ], [ 101.659564067936955, 2.757532686533319 ], [ 101.661995332125358, 2.758392645099867 ], [ 101.664468323295964, 2.759124329481143 ], [ 101.666976263151867, 2.759725734419427 ], [ 101.669512277604255, 2.760195211704311 ], [ 101.672069415613791, 2.760531474688111 ], [ 101.67464066824293, 2.760733601810732 ], [ 101.677218987866922, 2.760801039124289 ], [ 101.679797307490929, 2.760733601810732 ], [ 101.682368560120068, 2.760531474688111 ], [ 101.684925698129604, 2.760195211704311 ], [ 101.687461712581992, 2.759725734419427 ], [ 101.689969652437895, 2.759124329481143 ], [ 101.692442643608487, 2.758392645099867 ], [ 101.694873907796904, 2.757532686533319 ], [ 101.697256781076959, 2.756546810592909 ], [ 101.699584732158627, 2.755437719187016 ], [ 101.701851380289824, 2.754208451918608 ], [ 101.704050512745553, 2.752862377757762 ], [ 101.706176101856641, 2.7514031858116 ], [ 101.708222321531068, 2.749834875217047 ], [ 101.710183563222913, 2.748161744183958 ], [ 101.712054451305079, 2.746388378218789 ], [ 101.713829857803333, 2.744519637560672 ], [ 101.715504916451877, 2.742560643864788 ], [ 101.717075036031389, 2.740516766168944 ], [ 101.718535912953257, 2.738393606182186 ], [ 101.719883543055346, 2.736196982935506 ], [ 101.72111423257725, 2.733932916836714 ], [ 101.722224608284534, 2.731607613173121 ], [ 101.723211626714559, 2.729227445107221 ], [ 101.724072582518374, 2.726798936211938 ], [ 101.724805115876023, 2.724328742593233 ], [ 101.725407218964506, 2.721823634649132 ], [ 101.725877241461021, 2.719290478514936 ], [ 101.72621389506665, 2.716736217245755 ], [ 101.726416257037243, 2.714167851787578 ], [ 101.726483772712712, 2.711592421789317 ] ] ] } },
{ "type": "Feature", "properties": { "state": "Selangor", "parlimen": "P.083 Sepang", "code_parlimen": "P.083", "dun": "N.33 Batu Laut", "code_dun": "N.33" }, "geometry": { "type": "Polygon", "coordinates": [ [ [ 101.579532380399371, 2.721292352744878 ], [ 101.579464864723917, 2.718716937941042 ], [ 101.579262502753323, 2.716148576695574 ], [ 101.57892584914768, 2.7135943087807 ], [ 101.578455826651165, 2.711061135383789 ], [ 101.577853723562697, 2.708555999916249 ], [ 101.577121190205034, 2.706085768980249 ], [ 101.576260234401218, 2.703657213545652 ], [ 101.575273215971194, 2.701276990388589 ], [ 101.574162840263909, 2.698951623842643 ], [ 101.572932150742005, 2.696687487912713 ], [ 101.571584520639917, 2.694490788800592 ], [ 101.570123643718048, 2.692367547890218 ], [ 101.568553524138537, 2.690323585239354 ], [ 101.566878465489992, 2.688364503622672 ], [ 101.565103058991738, 2.686495673170575 ], [ 101.563232170909572, 2.684722216645295 ], [ 101.561270929217727, 2.683048995395263 ], [ 101.559224709543301, 2.68148059602573 ], [ 101.557099120432213, 2.680021317822695 ], [ 101.554899987976484, 2.678675160964439 ], [ 101.552633339845286, 2.677445815552944 ], [ 101.550305388763618, 2.676336651495561 ], [ 101.547922515483563, 2.675350709264453 ], [ 101.545491251295161, 2.67449069155932 ], [ 101.543018260124555, 2.673758955896282 ], [ 101.540510320268652, 2.673157508143203 ], [ 101.537974305816277, 2.67268799701924 ], [ 101.535417167806727, 2.672351709573819 ], [ 101.532845915177603, 2.672149567657243 ], [ 101.530267595553596, 2.672082125392796 ], [ 101.527689275929603, 2.672149567657243 ], [ 101.52511802330045, 2.672351709573819 ], [ 101.522560885290929, 2.67268799701924 ], [ 101.520024870838526, 2.673157508143203 ], [ 101.517516930982623, 2.673758955896282 ], [ 101.515043939812031, 2.67449069155932 ], [ 101.512612675623629, 2.675350709264453 ], [ 101.510229802343574, 2.676336651495561 ], [ 101.507901851261892, 2.677445815552944 ], [ 101.505635203130709, 2.678675160964439 ], [ 101.503436070674979, 2.680021317822695 ], [ 101.501310481563891, 2.68148059602573 ], [ 101.499264261889451, 2.683048995395263 ], [ 101.497303020197606, 2.684722216645295 ], [ 101.49543213211544, 2.686495673170575 ], [ 101.493656725617186, 2.688364503622672 ], [ 101.491981666968641, 2.690323585239354 ], [ 101.490411547389144, 2.692367547890218 ], [ 101.488950670467275, 2.694490788800592 ], [ 101.487603040365187, 2.696687487912713 ], [ 101.486372350843268, 2.698951623842643 ], [ 101.485261975135998, 2.701276990388589 ], [ 101.484274956705974, 2.703657213545652 ], [ 101.483414000902144, 2.706085768980249 ], [ 101.482681467544495, 2.708555999916249 ], [ 101.482079364456027, 2.711061135383789 ], [ 101.481609341959498, 2.7135943087807 ], [ 101.481272688353869, 2.716148576695574 ], [ 101.481070326383275, 2.718716937941042 ], [ 101.481002810707821, 2.721292352744878 ], [ 101.481070326383275, 2.723867762046329 ], [ 101.481272688353869, 2.726436106844971 ], [ 101.481609341959498, 2.728990347548736 ], [ 101.482079364456027, 2.731523483268389 ], [ 101.482681467544495, 2.734028571005358 ], [ 101.483414000902144, 2.736498744680394 ], [ 101.484274956705974, 2.738927233950981 ], [ 101.485261975135998, 2.741307382765925 ], [ 101.486372350843268, 2.743632667606155 ], [ 101.487603040365187, 2.745896715361937 ], [ 101.488950670467275, 2.748093320797537 ], [ 101.490411547389144, 2.750216463555332 ], [ 101.491981666968641, 2.752260324653006 ], [ 101.493656725617186, 2.754219302428472 ], [ 101.49543213211544, 2.756088027889046 ], [ 101.497303020197606, 2.757861379422792 ], [ 101.499264261889451, 2.759534496831631 ], [ 101.501310481563891, 2.761102794647974 ], [ 101.503436070674979, 2.762561974698468 ], [ 101.505635203130709, 2.763908037880229 ], [ 101.507901851261892, 2.765137295117601 ], [ 101.510229802343574, 2.766246377469282 ], [ 101.512612675623629, 2.767232245358321 ], [ 101.515043939812031, 2.76809219689947 ], [ 101.517516930982623, 2.76882387530157 ], [ 101.520024870838526, 2.769425275324102 ], [ 101.522560885290929, 2.769894748770846 ], [ 101.52511802330045, 2.770231009005171 ], [ 101.527689275929603, 2.770433134474921 ], [ 101.530267595553596, 2.770500571236995 ], [ 101.532845915177603, 2.770433134474921 ], [ 101.535417167806727, 2.770231009005171 ], [ 101.537974305816277, 2.769894748770846 ], [ 101.540510320268652, 2.769425275324102 ], [ 101.543018260124555, 2.76882387530157 ], [ 101.545491251295161, 2.76809219689947 ], [ 101.547922515483563, 2.767232245358321 ], [ 101.550305388763618, 2.766246377469282 ], [ 101.552633339845286, 2.765137295117601 ], [ 101.554899987976484, 2.763908037880229 ], [ 101.557099120432213, 2.762561974698468 ], [ 101.559224709543301, 2.761102794647974 ], [ 101.561270929217727, 2.759534496831631 ], [ 101.563232170909572, 2.757861379422792 ], [ 101.565103058991738, 2.756088027889046 ], [ 101.566878465489992, 2.754219302428472 ], [ 101.568553524138537, 2.752260324653006 ], [ 101.570123643718048, 2.750216463555332 ], [ 101.571584520639917, 2.748093320797537 ], [ 101.572932150742005, 2.745896715361937 ], [ 101.574162840263909, 2.743632667606155 ], [ 101.575273215971194, 2.741307382765925 ], [ 101.576260234401218, 2.738927233950981 ], [ 101.577121190205034, 2.736498744680394 ], [ 101.577853723562697, 2.734028571005358 ], [ 101.578455826651165, 2.731523483268389 ], [ 101.57892584914768, 2.728990347548736 ], [ 101.579262502753323, 2.726436106844971 ], [ 101.579464864723917, 2.723867762046329 ], [ 101.579532380399371, 2.721292352744878 ] ] ] } }
]
}
