<?xml version="1.0" encoding="UTF-8"?>
<kml xmlns="http://www.opengis.net/kml/2.2">
  <Document id="root_doc">
    <Schema id="TRG_SE_15" name="TRG_SE_15">
      <SimpleField name="state" type="string"/>
      <SimpleField name="parlimen" type="string"/>
      <SimpleField name="code_parlimen" type="string"/>
      <SimpleField name="dun" type="string"/>
      <SimpleField name="code_dun" type="string"/>
    </Schema>
    <Schema id="TRG_SE-15.schema">
      <SimpleField name="state" type="string"/>
      <SimpleField name="parlimen" type="string"/>
      <SimpleField name="code_parlimen" type="string"/>
      <SimpleField name="dun" type="string"/>
      <SimpleField name="code_dun" type="string"/>
    </Schema>
    <Schema id="TRG_SE-15.schema">
      <SimpleField name="state" type="string"/>
      <SimpleField name="parlimen" type="string"/>
      <SimpleField name="code_parlimen" type="string"/>
      <SimpleField name="dun" type="string"/>
      <SimpleField name="code_dun" type="string"/>
    </Schema>
    <Schema id="TRG_SE-15.schema">
      <SimpleField name="state" type="string"/>
      <SimpleField name="parlimen" type="string"/>
      <SimpleField name="code_parlimen" type="string"/>
      <SimpleField name="dun" type="string"/>
      <SimpleField name="code_dun" type="string"/>
    </Schema>
    <Schema id="TRG_SE-15.schema">
      <SimpleField name="state" type="string"/>
      <SimpleField name="parlimen" type="string"/>
      <SimpleField name="code_parlimen" type="string"/>
      <SimpleField name="dun" type="string"/>
      <SimpleField name="code_dun" type="string"/>
    </Schema>
    <Folder>
      <name>TRG_SE_15</name>
      <Placemark id="TRG_SE_15.1">
        <name>Terengganu</name>
        <description>P.033 Besut</description>
        <Style>
          <LineStyle>
            <color>ff0000ff</color>
          </LineStyle>
          <PolyStyle>
            <fill>0</fill>
          </PolyStyle>
        </Style>
        <ExtendedData>
          <SchemaData schemaUrl="#TRG_SE_15">
            <SimpleData name="state">P.033</SimpleData>
            <SimpleData name="parlimen">N.01 Kuala Besut</SimpleData>
            <SimpleData name="code_parlimen">N.01</SimpleData>
          </SchemaData>
        </ExtendedData>
        <Polygon>
          <outerBoundaryIs>
            <LinearRing>
              <coordinates>
                102.605662000156,5.83895625941414,0
                102.605594677964,5.83639866136979,0
                102.605392895913,5.83384806190181,0
                102.605057207075,5.83131145217428,0
                102.604588531548,5.82879578509997,0
                102.60398815394,5.82630795628013,0
                102.603257719844,5.82385478510048,0
                102.602399231329,5.82144299603503,0
                102.601415041452,5.81907920020927,0
                102.600307847811,5.8167698772731,0
                102.599080685144,5.8145213576335,0
                102.597736917021,5.81233980509538,0
                102.596280226615,5.81023119995868,0
                102.594714606614,5.8082013226178,0
                102.593044348275,5.80625573770864,0
                102.591274029658,5.80439977884658,0
                102.589408503084,5.80263853399768,0
                102.587452881831,5.80097683152289,0
                102.585412526122,5.79941922693396,0
                102.58329302843,5.79796999039724,0
                102.581100198151,5.79663309501991,0
                102.578840045679,5.79541220595073,0
                102.576518765936,5.79431067032526,0
                102.574142721389,5.79333150808328,0
                102.57171842461,5.79247740368375,0
                102.569252520427,5.79175069873982,0
                102.566751767714,5.79115338559448,0
                102.56422302086,5.79068710185428,0
                102.561673210983,5.79035312589628,0
                102.559109326935,5.79015237336062,0
                102.556538396145,5.7900853946382,0
                102.553967465355,5.79015237336062,0
                102.551403581308,5.79035312589628,0
                102.548853771431,5.79068710185428,0
                102.546325024576,5.79115338559448,0
                102.543824271863,5.79175069873982,0
                102.541358367681,5.79247740368375,0
                102.538934070902,5.79333150808328,0
                102.536558026354,5.79431067032526,0
                102.534236746612,5.79541220595073,0
                102.53197659414,5.79663309501991,0
                102.529783763861,5.79796999039724,0
                102.527664266168,5.79941922693396,0
                102.52562391046,5.80097683152289,0
                102.523668289207,5.80263853399768,0
                102.521802762633,5.80439977884658,0
                102.520032444016,5.80625573770864,0
                102.518362185676,5.8082013226178,0
                102.516796565676,5.81023119995868,0
                102.51533987527,5.81233980509538,0
                102.513996107147,5.8145213576335,0
                102.51276894448,5.8167698772731,0
                102.511661750838,5.81907920020927,0
                102.510677560962,5.82144299603503,0
                102.509819072447,5.82385478510048,0
                102.509088638351,5.82630795628013,0
                102.508488260743,5.82879578509997,0
                102.508019585216,5.83131145217428,0
                102.507683896377,5.83384806190181,0
                102.507482114327,5.83639866136979,0
                102.507414792135,5.83895625941414,0
                102.507482114327,5.84151384578341,0
                102.507683896377,5.84406441035409,0
                102.508019585216,5.84660096234441,0
                102.508488260743,5.84911654947421,0
                102.509088638351,5.85160427701812,0
                102.509819072447,5.85405732670002,0
                102.510677560962,5.85646897537706,0
                102.511661750838,5.85883261346187,0
                102.51276894448,5.86114176303279,0
                102.513996107147,5.86339009558228,0
                102.51533987527,5.86557144935521,0
                102.516796565676,5.86767984622938,0
                102.518362185676,5.86970950809213,0
                102.520032444016,5.87165487266844,0
                102.521802762633,5.87351060875686,0
                102.523668289207,5.87527163083214,0
                102.52562391046,5.87693311297407,0
                102.527664266168,5.87849050208492,0
                102.529783763861,5.87993953035914,0
                102.53197659414,5.88127622697134,0
                102.534236746612,5.88249692895047,0
                102.536558026354,5.88359829121077,0
                102.538934070902,5.88457729571186,0
                102.541358367681,5.88543125972304,0
                102.543824271863,5.88615784316928,0
                102.546325024576,5.88675505503874,0
                102.548853771431,5.88722125883449,0
                102.551403581308,5.88755517705531,0
                102.553967465355,5.88775589469369,0
                102.556538396145,5.88782286174104,0
                102.559109326935,5.88775589469369,0
                102.561673210983,5.88755517705531,0
                102.56422302086,5.88722125883449,0
                102.566751767714,5.88675505503874,0
                102.569252520427,5.88615784316928,0
                102.57171842461,5.88543125972304,0
                102.574142721389,5.88457729571186,0
                102.576518765936,5.88359829121077,0
                102.578840045679,5.88249692895047,0
                102.581100198151,5.88127622697134,0
                102.58329302843,5.87993953035914,0
                102.585412526122,5.87849050208492,0
                102.587452881831,5.87693311297407,0
                102.589408503084,5.87527163083214,0
                102.591274029658,5.87351060875686,0
                102.593044348275,5.87165487266844,0
                102.594714606614,5.86970950809213,0
                102.596280226615,5.86767984622938,0
                102.597736917021,5.86557144935521,0
                102.599080685144,5.86339009558228,0
                102.600307847811,5.86114176303279,0
                102.601415041452,5.85883261346187,0
                102.602399231329,5.85646897537706,0
                102.603257719844,5.85405732670002,0
                102.60398815394,5.85160427701812,0
                102.604588531548,5.84911654947421,0
                102.605057207075,5.84660096234441,0
                102.605392895913,5.84406441035409,0
                102.605594677964,5.84151384578341,0
                102.605662000156,5.83895625941414,0
              </coordinates>
            </LinearRing>
          </outerBoundaryIs>
        </Polygon>
      </Placemark>
      <Placemark id="TRG_SE_15.2">
        <name>Terengganu</name>
        <description>P.033 Besut</description>
        <Style>
          <LineStyle>
            <color>ff0000ff</color>
          </LineStyle>
          <PolyStyle>
            <fill>0</fill>
          </PolyStyle>
        </Style>
        <ExtendedData>
          <SchemaData schemaUrl="#TRG_SE_15">
            <SimpleData name="state">P.033</SimpleData>
            <SimpleData name="parlimen">N.02 Kota Putera</SimpleData>
            <SimpleData name="code_parlimen">N.02</SimpleData>
          </SchemaData>
        </ExtendedData>
        <Polygon>
          <outerBoundaryIs>
            <LinearRing>
              <coordinates>
                102.655626021185,5.75479506445133,0
                102.655558698993,5.75223708506443,0
                102.655356916943,5.74968610546446,0
                102.655021228104,5.74714911785536,0
                102.654552552577,5.74463307618228,0
                102.653952174969,5.74214487706859,0
                102.653221740873,5.739691340909,0
                102.652363252358,5.73727919317084,0
                102.651379062482,5.73491504595448,0
                102.65027186884,5.73260537986378,0
                102.649044706173,5.73035652623613,0
                102.64770093805,5.72817464978094,0
                102.646244247644,5.72606573167442,0
                102.644678627644,5.7240355531566,0
                102.643008369304,5.7220896796763,0
                102.641238050687,5.72023344562701,0
                102.639372524113,5.71847193971602,0
                102.63741690286,5.71680999100684,0
                102.635376547151,5.71525215567323,0
                102.633257049459,5.71380270450145,0
                102.63106421918,5.71246561117478,0
                102.628804066708,5.71124454137293,0
                102.626482786966,5.71014284271593,0
                102.624106742418,5.70916353558027,0
                102.621682445639,5.70830930481284,0
                102.619216541457,5.70758249236497,0
                102.616715788743,5.7069850908672,0
                102.614187041889,5.70651873816233,0
                102.611637232012,5.70618471281178,0
                102.609073347964,5.70598393058769,0
                102.606502417175,5.70591694196031,0
                102.603931486384,5.70598393058769,0
                102.601367602337,5.70618471281178,0
                102.59881779246,5.70651873816233,0
                102.596289045606,5.7069850908672,0
                102.593788292892,5.70758249236497,0
                102.59132238871,5.70830930481284,0
                102.588898091931,5.70916353558027,0
                102.586522047383,5.71014284271593,0
                102.584200767641,5.71124454137293,0
                102.581940615169,5.71246561117478,0
                102.57974778489,5.71380270450145,0
                102.577628287198,5.71525215567323,0
                102.575587931489,5.71680999100684,0
                102.573632310236,5.71847193971602,0
                102.571766783662,5.72023344562701,0
                102.569996465045,5.7220896796763,0
                102.568326206705,5.7240355531566,0
                102.566760586705,5.72606573167442,0
                102.565303896299,5.72817464978094,0
                102.563960128176,5.73035652623613,0
                102.562732965509,5.73260537986378,0
                102.561625771867,5.73491504595448,0
                102.560641581991,5.73727919317084,0
                102.559783093476,5.739691340909,0
                102.55905265938,5.74214487706859,0
                102.558452281772,5.74463307618228,0
                102.557983606245,5.74714911785536,0
                102.557647917406,5.74968610546446,0
                102.557446135356,5.75223708506443,0
                102.557378813164,5.75479506445133,0
                102.557446135356,5.75735303232914,0
                102.557647917406,5.75990397752799,0
                102.557983606245,5.76244090822079,0
                102.558452281772,5.76495687108599,0
                102.55905265938,5.76744497036369,0
                102.559783093476,5.76989838675297,0
                102.560641581991,5.77231039609874,0
                102.561625771867,5.7746743878169,0
                102.562732965509,5.77698388300723,0
                102.563960128176,5.7792325522048,0
                102.565303896299,5.78141423272082,0
                102.566760586705,5.78352294552586,0
                102.568326206705,5.7855529116292,0
                102.569996465045,5.7874985679093,0
                102.571766783662,5.78935458235233,0
                102.573632310236,5.79111586865707,0
                102.575587931489,5.79277760016606,0
                102.577628287198,5.79433522308523,0
                102.57974778489,5.79578446895558,0
                102.581940615169,5.79712136634314,0
                102.584200767641,5.79834225171495,0
                102.586522047383,5.79944377947168,0
                102.588898091931,5.80042293110919,0
                102.59132238871,5.80127702348429,0
                102.593788292892,5.80200371616191,0
                102.596289045606,5.80260101782373,0
                102.59881779246,5.80306729172078,0
                102.601367602337,5.80340126015507,0
                102.603931486384,5.80360200797803,0
                102.606502417175,5.80366898509634,0
                102.609073347964,5.80360200797803,0
                102.611637232012,5.80340126015507,0
                102.614187041889,5.80306729172078,0
                102.616715788743,5.80260101782373,0
                102.619216541457,5.80200371616191,0
                102.621682445639,5.80127702348429,0
                102.624106742418,5.80042293110919,0
                102.626482786966,5.79944377947168,0
                102.628804066708,5.79834225171495,0
                102.63106421918,5.79712136634314,0
                102.633257049459,5.79578446895558,0
                102.635376547151,5.79433522308523,0
                102.63741690286,5.79277760016606,0
                102.639372524113,5.79111586865707,0
                102.641238050687,5.78935458235233,0
                102.643008369304,5.7874985679093,0
                102.644678627644,5.7855529116292,0
                102.646244247644,5.78352294552586,0
                102.64770093805,5.78141423272082,0
                102.649044706173,5.7792325522048,0
                102.65027186884,5.77698388300723,0
                102.651379062482,5.7746743878169,0
                102.652363252358,5.77231039609874,0
                102.653221740873,5.76989838675297,0
                102.653952174969,5.76744497036369,0
                102.654552552577,5.76495687108599,0
                102.655021228104,5.76244090822079,0
                102.655356916943,5.75990397752799,0
                102.655558698993,5.75735303232914,0
                102.655626021185,5.75479506445133,0
              </coordinates>
            </LinearRing>
          </outerBoundaryIs>
        </Polygon>
      </Placemark>
      <Placemark id="TRG_SE_15.3">
        <name>Terengganu</name>
        <description>P.033 Besut</description>
        <Style>
          <LineStyle>
            <color>ff0000ff</color>
          </LineStyle>
          <PolyStyle>
            <fill>0</fill>
          </PolyStyle>
        </Style>
        <ExtendedData>
          <SchemaData schemaUrl="#TRG_SE_15">
            <SimpleData name="state">P.033</SimpleData>
            <SimpleData name="parlimen">N.03 Jertih</SimpleData>
            <SimpleData name="code_parlimen">N.03</SimpleData>
          </SchemaData>
        </ExtendedData>
        <Polygon>
          <outerBoundaryIs>
            <LinearRing>
              <coordinates>
                102.535826753078,5.73471522357007,0
                102.535759430886,5.73215715401493,0
                102.535557648836,5.72960608453331,0
                102.535221959997,5.72706900757505,0
                102.53475328447,5.72455287732939,0
                102.534152906862,5.72206459066133,0
                102.533422472766,5.71961096820417,0
                102.532563984251,5.71719873566009,0
                102.531579794375,5.71483450535994,0
                102.530472600733,5.71252475813311,0
                102.529245438066,5.71027582553696,0
                102.527901669943,5.70809387249477,0
                102.526444979537,5.70598488038984,0
                102.524879359537,5.70395463066216,0
                102.523209101197,5.70200868895273,0
                102.52143878258,5.70015238983894,0
                102.519573256006,5.69839082220337,0
                102.517617634753,5.69672881527555,0
                102.515577279045,5.69517092538579,0
                102.513457781353,5.69372142346684,0
                102.511264951073,5.69238428333821,0
                102.509004798602,5.69116317080511,0
                102.506683518859,5.69006143360204,0
                102.504307474311,5.6890820922088,0
                102.501883177532,5.68822783156391,0
                102.49941727335,5.68750099369865,0
                102.496916520637,5.68690357131156,0
                102.494387773782,5.68643720230126,0
                102.491837963905,5.68610316527275,0
                102.489274079858,5.68590237602939,0
                102.486703149068,5.68583538506017,0
                102.484132218278,5.68590237602939,0
                102.48156833423,5.68610316527275,0
                102.479018524353,5.68643720230126,0
                102.476489777499,5.68690357131156,0
                102.473989024786,5.68750099369865,0
                102.471523120603,5.68822783156391,0
                102.469098823824,5.6890820922088,0
                102.466722779277,5.69006143360204,0
                102.464401499534,5.69116317080511,0
                102.462141347062,5.69238428333821,0
                102.459948516783,5.69372142346684,0
                102.457829019091,5.69517092538579,0
                102.455788663382,5.69672881527555,0
                102.453833042129,5.69839082220337,0
                102.451967515555,5.70015238983894,0
                102.450197196938,5.70200868895273,0
                102.448526938599,5.70395463066216,0
                102.446961318598,5.70598488038984,0
                102.445504628192,5.70809387249477,0
                102.444160860069,5.71027582553696,0
                102.442933697403,5.71252475813311,0
                102.441826503761,5.71483450535994,0
                102.440842313884,5.71719873566009,0
                102.439983825369,5.71961096820417,0
                102.439253391273,5.72206459066133,0
                102.438653013665,5.72455287732939,0
                102.438184338138,5.72706900757505,0
                102.4378486493,5.72960608453331,0
                102.437646867249,5.73215715401493,0
                102.437579545057,5.73471522357007,0
                102.437646867249,5.73727328165574,0
                102.4378486493,5.73982431685465,0
                102.438184338138,5.74236133709254,0
                102.438653013665,5.74487738880162,0
                102.439253391273,5.74736557597736,0
                102.439983825369,5.7498190790765,0
                102.440842313884,5.7522311737046,0
                102.441826503761,5.75459524904183,0
                102.442933697403,5.75690482595661,0
                102.444160860069,5.75915357475757,0
                102.445504628192,5.76133533253511,0
                102.446961318598,5.76344412004529,0
                102.448526938599,5.76547415808971,0
                102.450197196938,5.76741988334664,0
                102.451967515555,5.76927596361013,0
                102.453833042129,5.77103731239543,0
                102.455788663382,5.77269910287074,0
                102.457829019091,5.77425678107728,0
                102.459948516783,5.77570607840153,0
                102.462141347062,5.77704302326556,0
                102.464401499534,5.77826395200352,0
                102.466722779277,5.77936551889461,0
                102.469098823824,5.78034470532502,0
                102.471523120603,5.78119882805398,0
                102.473989024786,5.78192554656129,0
                102.476489777499,5.7825228694561,0
                102.479018524353,5.78298915992988,0
                102.48156833423,5.78332314023804,0
                102.484132218278,5.78352389519871,0
                102.486703149068,5.78359087469847,0
                102.489274079858,5.78352389519871,0
                102.491837963905,5.78332314023804,0
                102.494387773782,5.78298915992988,0
                102.496916520637,5.7825228694561,0
                102.49941727335,5.78192554656129,0
                102.501883177532,5.78119882805398,0
                102.504307474311,5.78034470532502,0
                102.506683518859,5.77936551889461,0
                102.509004798602,5.77826395200352,0
                102.511264951073,5.77704302326556,0
                102.513457781353,5.77570607840153,0
                102.515577279045,5.77425678107728,0
                102.517617634753,5.77269910287074,0
                102.519573256006,5.77103731239543,0
                102.52143878258,5.76927596361013,0
                102.523209101197,5.76741988334664,0
                102.524879359537,5.76547415808971,0
                102.526444979537,5.76344412004529,0
                102.527901669943,5.76133533253511,0
                102.529245438066,5.75915357475757,0
                102.530472600733,5.75690482595661,0
                102.531579794375,5.75459524904183,0
                102.532563984251,5.7522311737046,0
                102.533422472766,5.7498190790765,0
                102.534152906862,5.74736557597736,0
                102.53475328447,5.74487738880162,0
                102.535221959997,5.74236133709254,0
                102.535557648836,5.73982431685465,0
                102.535759430886,5.73727328165574,0
                102.535826753078,5.73471522357007,0
              </coordinates>
            </LinearRing>
          </outerBoundaryIs>
        </Polygon>
      </Placemark>
      <Placemark id="TRG_SE_15.4">
        <name>Terengganu</name>
        <description>P.033 Besut</description>
        <Style>
          <LineStyle>
            <color>ff0000ff</color>
          </LineStyle>
          <PolyStyle>
            <fill>0</fill>
          </PolyStyle>
        </Style>
        <ExtendedData>
          <SchemaData schemaUrl="#TRG_SE_15">
            <SimpleData name="state">P.033</SimpleData>
            <SimpleData name="parlimen">N.04 Hulu Besut</SimpleData>
            <SimpleData name="code_parlimen">N.04</SimpleData>
          </SchemaData>
        </ExtendedData>
        <Polygon>
          <outerBoundaryIs>
            <LinearRing>
              <coordinates>
                102.539579935081,5.52518245714234,0
                102.539512612889,5.52262346543044,0
                102.539310830839,5.52007147673169,0
                102.538975142,5.51753348601037,0
                102.538506466473,5.51501644995188,0
                102.537906088865,5.51252726789238,0
                102.537175654769,5.51007276290462,0
                102.536317166254,5.50765966309206,0
                102.535332976378,5.50529458314225,0
                102.534225782736,5.50298400619045,0
                102.532998620069,5.50073426604298,0
                102.531654851946,5.49855152980935,0
                102.53019816154,5.49644178099061,0
                102.52863254154,5.4944108030705,0
                102.5269622832,5.49246416365458,0
                102.525191964583,5.49060719920055,0
                102.523326438009,5.48884500038219,0
                102.521370816756,5.48718239812662,0
                102.519330461047,5.48562395036382,0
                102.517210963355,5.48417392952424,0
                102.515018133076,5.48283631081942,0
                102.512757980604,5.48161476133734,0
                102.510436700862,5.48051262998293,0
                102.508060656314,5.47953293829106,0
                102.505636359535,5.47867837213746,0
                102.503170455353,5.47795127437031,0
                102.500669702639,5.47735363838284,0
                102.498140955785,5.47688710264437,0
                102.495591145908,5.47655294620529,0
                102.49302726186,5.4763520851878,0
                102.49045633107,5.47628507027256,0
                102.48788540028,5.4763520851878,0
                102.485321516233,5.47655294620529,0
                102.482771706356,5.47688710264437,0
                102.480242959502,5.47735363838284,0
                102.477742206788,5.47795127437031,0
                102.475276302606,5.47867837213746,0
                102.472852005827,5.47953293829106,0
                102.470475961279,5.48051262998293,0
                102.468154681537,5.48161476133734,0
                102.465894529065,5.48283631081942,0
                102.463701698786,5.48417392952424,0
                102.461582201094,5.48562395036382,0
                102.459541845385,5.48718239812662,0
                102.457586224132,5.48884500038219,0
                102.455720697558,5.49060719920055,0
                102.453950378941,5.49246416365458,0
                102.452280120601,5.4944108030705,0
                102.450714500601,5.49644178099061,0
                102.449257810195,5.49855152980935,0
                102.447914042072,5.50073426604298,0
                102.446686879405,5.50298400619045,0
                102.445579685763,5.50529458314225,0
                102.444595495887,5.50765966309206,0
                102.443737007372,5.51007276290462,0
                102.443006573276,5.51252726789238,0
                102.442406195668,5.51501644995188,0
                102.441937520141,5.51753348601037,0
                102.441601831302,5.52007147673169,0
                102.441400049252,5.52262346543044,0
                102.44133272706,5.52518245714234,0
                102.441400049252,5.52774143779855,0
                102.441601831302,5.53029339345132,0
                102.441937520141,5.53283132949844,0
                102.442406195668,5.53534828985353,0
                102.443006573276,5.53783737600986,0
                102.443737007372,5.54029176594541,0
                102.444595495887,5.54270473281727,0
                102.445579685763,5.54506966339439,0
                102.446686879405,5.54738007617811,0
                102.447914042072,5.54962963916071,0
                102.449257810195,5.5518121871738,0
                102.450714500601,5.5539217387785,0
                102.452280120601,5.55595251265175,0
                102.453950378941,5.55789894342362,0
                102.455720697558,5.55975569692231,0
                102.457586224132,5.56151768478536,0
                102.459541845385,5.56318007839688,0
                102.461582201094,5.56473832211287,0
                102.463701698786,5.56618814573844,0
                102.465894529065,5.56752557622277,0
                102.468154681537,5.56874694854005,0
                102.470475961279,5.56984891572643,0
                102.472852005827,5.57082845804569,0
                102.475276302606,5.57168289125865,0
                102.477742206788,5.57240987397365,0
                102.480242959502,5.57300741405801,0
                102.482771706356,5.57347387409311,0
                102.485321516233,5.57380797585803,0
                102.48788540028,5.57400880382955,0
                102.49045633107,5.5740758076891,0
                102.49302726186,5.57400880382955,0
                102.495591145908,5.57380797585803,0
                102.498140955785,5.57347387409311,0
                102.500669702639,5.57300741405801,0
                102.503170455353,5.57240987397365,0
                102.505636359535,5.57168289125865,0
                102.508060656314,5.57082845804569,0
                102.510436700862,5.56984891572643,0
                102.512757980604,5.56874694854005,0
                102.515018133076,5.56752557622277,0
                102.517210963355,5.56618814573844,0
                102.519330461047,5.56473832211287,0
                102.521370816756,5.56318007839688,0
                102.523326438009,5.56151768478536,0
                102.525191964583,5.55975569692231,0
                102.5269622832,5.55789894342362,0
                102.52863254154,5.55595251265175,0
                102.53019816154,5.5539217387785,0
                102.531654851946,5.5518121871738,0
                102.532998620069,5.54962963916071,0
                102.534225782736,5.54738007617811,0
                102.535332976378,5.54506966339439,0
                102.536317166254,5.54270473281727,0
                102.537175654769,5.54029176594541,0
                102.537906088865,5.53783737600986,0
                102.538506466473,5.53534828985353,0
                102.538975142,5.53283132949844,0
                102.539310830839,5.53029339345132,0
                102.539512612889,5.52774143779855,0
                102.539579935081,5.52518245714234,0
              </coordinates>
            </LinearRing>
          </outerBoundaryIs>
        </Polygon>
      </Placemark>
      <Placemark id="TRG_SE_15.5">
        <name>Terengganu</name>
        <description>P.034 Setiu</description>
        <Style>
          <LineStyle>
            <color>ff0000ff</color>
          </LineStyle>
          <PolyStyle>
            <fill>0</fill>
          </PolyStyle>
        </Style>
        <ExtendedData>
          <SchemaData schemaUrl="#TRG_SE_15">
            <SimpleData name="state">P.034</SimpleData>
            <SimpleData name="parlimen">N.05 Jabi</SimpleData>
            <SimpleData name="code_parlimen">N.05</SimpleData>
          </SchemaData>
        </ExtendedData>
        <Polygon>
          <outerBoundaryIs>
            <LinearRing>
              <coordinates>
                102.644294462728,5.65768712220072,0
                102.644227140536,5.65512870966644,0
                102.644025358486,5.65257729829718,0
                102.643689669647,5.650039881478,0
                102.64322099412,5.64752341432659,0
                102.642620616512,5.64503479462712,0
                102.641890182416,5.64258084392029,0
                102.641031693901,5.64016828880147,0
                102.640047504025,5.6378037424782,0
                102.638940310383,5.63549368663759,0
                102.637713147716,5.63324445367363,0
                102.636369379593,5.6310622093229,0
                102.634912689187,5.62895293575649,0
                102.633347069187,5.62692241517475,0
                102.631676810847,5.62497621394949,0
                102.62990649223,5.62311966735772,0
                102.628040965656,5.62135786494833,0
                102.626085344403,5.61969563658248,0
                102.624044988695,5.61813753918562,0
                102.621925491002,5.61668784424774,0
                102.619732660723,5.61535052610625,0
                102.617472508251,5.61412925104365,0
                102.615151228509,5.61302736722991,0
                102.612775183961,5.61204789553739,0
                102.610350887182,5.61119352125336,0
                102.607884983,5.61046658671302,0
                102.605384230286,5.60986908487339,0
                102.602855483432,5.60940265384546,0
                102.600305673555,5.60906857239995,0
                102.597741789508,5.60886775645882,0
                102.595170858718,5.6088007565824,0
                102.592599927928,5.60886775645882,0
                102.59003604388,5.60906857239995,0
                102.587486234003,5.60940265384546,0
                102.584957487149,5.60986908487339,0
                102.582456734436,5.61046658671302,0
                102.579990830253,5.61119352125336,0
                102.577566533474,5.61204789553739,0
                102.575190488926,5.61302736722991,0
                102.572869209184,5.61412925104365,0
                102.570609056712,5.61535052610625,0
                102.568416226433,5.61668784424774,0
                102.566296728741,5.61813753918562,0
                102.564256373032,5.61969563658248,0
                102.562300751779,5.62135786494833,0
                102.560435225205,5.62311966735772,0
                102.558664906588,5.62497621394949,0
                102.556994648248,5.62692241517475,0
                102.555429028248,5.62895293575649,0
                102.553972337842,5.6310622093229,0
                102.552628569719,5.63324445367363,0
                102.551401407052,5.63549368663759,0
                102.550294213411,5.6378037424782,0
                102.549310023534,5.64016828880147,0
                102.548451535019,5.64258084392029,0
                102.547721100923,5.64503479462712,0
                102.547120723315,5.64752341432659,0
                102.546652047788,5.650039881478,0
                102.54631635895,5.65257729829718,0
                102.546114576899,5.65512870966644,0
                102.546047254707,5.65768712220072,0
                102.546114576899,5.66024552341757,0
                102.54631635895,5.66279690095854,0
                102.546652047788,5.66533426180922,0
                102.547120723315,5.6678506514651,0
                102.547721100923,5.67033917299108,0
                102.548451535019,5.67279300592206,0
                102.549310023534,5.67520542495306,0
                102.550294213411,5.67756981836754,0
                102.551401407052,5.67987970615368,0
                102.552628569719,5.68212875775875,0
                102.553972337842,5.6843108094332,0
                102.555429028248,5.68641988111688,0
                102.556994648248,5.68845019282136,0
                102.558664906588,5.6903961804633,0
                102.560435225205,5.69225251110579,0
                102.562300751779,5.69401409756589,0
                102.564256373032,5.69567611234845,0
                102.566296728741,5.69723400086808,0
                102.568416226433,5.69868349392328,0
                102.570609056712,5.70002061938853,0
                102.572869209184,5.7012417130923,0
                102.575190488926,5.70234342885165,0
                102.577566533474,5.70332274763544,0
                102.579990830253,5.70417698583171,0
                102.582456734436,5.70490380259626,0
                102.584957487149,5.70550120626244,0
                102.587486234003,5.7059675597949,0
                102.59003604388,5.70630158527194,0
                102.592599927928,5.7065023673848,0
                102.595170858718,5.70656935594378,0
                102.597741789508,5.7065023673848,0
                102.600305673555,5.70630158527194,0
                102.602855483432,5.7059675597949,0
                102.605384230286,5.70550120626244,0
                102.607884983,5.70490380259626,0
                102.610350887182,5.70417698583171,0
                102.612775183961,5.70332274763544,0
                102.615151228509,5.70234342885165,0
                102.617472508251,5.7012417130923,0
                102.619732660723,5.70002061938853,0
                102.621925491002,5.69868349392328,0
                102.624044988695,5.69723400086808,0
                102.626085344403,5.69567611234845,0
                102.628040965656,5.69401409756589,0
                102.62990649223,5.69225251110579,0
                102.631676810847,5.6903961804633,0
                102.633347069187,5.68845019282136,0
                102.634912689187,5.68641988111688,0
                102.636369379593,5.6843108094332,0
                102.637713147716,5.68212875775875,0
                102.638940310383,5.67987970615368,0
                102.640047504025,5.67756981836754,0
                102.641031693901,5.67520542495306,0
                102.641890182416,5.67279300592206,0
                102.642620616512,5.67033917299108,0
                102.64322099412,5.6678506514651,0
                102.643689669647,5.66533426180922,0
                102.644025358486,5.66279690095854,0
                102.644227140536,5.66024552341757,0
                102.644294462728,5.65768712220072,0
              </coordinates>
            </LinearRing>
          </outerBoundaryIs>
        </Polygon>
      </Placemark>
      <Placemark id="TRG_SE_15.6">
        <name>Terengganu</name>
        <description>P.034 Setiu</description>
        <Style>
          <LineStyle>
            <color>ff0000ff</color>
          </LineStyle>
          <PolyStyle>
            <fill>0</fill>
          </PolyStyle>
        </Style>
        <ExtendedData>
          <SchemaData schemaUrl="#TRG_SE_15">
            <SimpleData name="state">P.034</SimpleData>
            <SimpleData name="parlimen">N.06 Permaisuri</SimpleData>
            <SimpleData name="code_parlimen">N.06</SimpleData>
          </SchemaData>
        </ExtendedData>
        <Polygon>
          <outerBoundaryIs>
            <LinearRing>
              <coordinates>
                102.800316513021,5.53825487294205,0
                102.800249190829,5.53569593776119,0
                102.800047408779,5.5331440054128,0
                102.79971171994,5.53060607070703,0
                102.799243044413,5.52808909017627,0
                102.798642666805,5.52559996300521,0
                102.797912232709,5.52314551211708,0
                102.797053744194,5.52073246546815,0
                102.796069554318,5.51836743760153,0
                102.794962360676,5.51605691151116,0
                102.79373519801,5.51380722086553,0
                102.792391429886,5.51162453264016,0
                102.79093473948,5.50951483020632,0
                102.78936911948,5.50748389692252,0
                102.78769886114,5.50553730027392,0
                102.785928542523,5.50368037660301,0
                102.784063015949,5.5019182164738,0
                102.782107394697,5.50025565070939,0
                102.780067038988,5.49869723714175,0
                102.777947541296,5.49724724810957,0
                102.775754711016,5.49590965873908,0
                102.773494558545,5.49468813603969,0
                102.771173278802,5.4935860288446,0
                102.768797234254,5.49260635862404,0
                102.766372937475,5.49175181119633,0
                102.763907033293,5.49102472935961,0
                102.76140628058,5.49042710646451,0
                102.758877533725,5.48996058094546,0
                102.756327723848,5.48962643182547,0
                102.753763839801,5.48942557520729,0
                102.751192909011,5.48935856175978,0
                102.748621978221,5.48942557520729,0
                102.746058094173,5.48962643182547,0
                102.743508284297,5.48996058094546,0
                102.740979537442,5.49042710646451,0
                102.738478784729,5.49102472935961,0
                102.736012880547,5.49175181119633,0
                102.733588583767,5.49260635862404,0
                102.73121253922,5.4935860288446,0
                102.728891259477,5.49468813603969,0
                102.726631107005,5.49590965873908,0
                102.724438276726,5.49724724810957,0
                102.722318779034,5.49869723714175,0
                102.720278423325,5.50025565070939,0
                102.718322802073,5.5019182164738,0
                102.716457275499,5.50368037660301,0
                102.714686956881,5.50553730027392,0
                102.713016698542,5.50748389692252,0
                102.711451078541,5.50951483020632,0
                102.709994388136,5.51162453264016,0
                102.708650620012,5.51380722086553,0
                102.707423457346,5.51605691151116,0
                102.706316263704,5.51836743760153,0
                102.705332073827,5.52073246546815,0
                102.704473585312,5.52314551211708,0
                102.703743151216,5.52559996300521,0
                102.703142773608,5.52808909017627,0
                102.702674098081,5.53060607070703,0
                102.702338409243,5.5331440054128,0
                102.702136627192,5.53569593776119,0
                102.702069305,5.53825487294205,0
                102.702136627192,5.5408137970414,0
                102.702338409243,5.5433656962666,0
                102.702674098081,5.54590357617041,0
                102.703142773608,5.5484204808209,0
                102.703743151216,5.55090951186472,0
                102.704473585312,5.55336384743181,0
                102.705332073827,5.55577676082943,0
                102.706316263704,5.55814163897436,0
                102.707423457346,5.56045200051308,0
                102.708650620012,5.56270151357992,0
                102.709994388136,5.56488401314498,0
                102.711451078541,5.56699351790397,0
                102.713016698542,5.56902424666417,0
                102.714686956881,5.57097063418123,0
                102.716457275499,5.57282734640392,0
                102.718322802073,5.57458929508494,0
                102.720278423325,5.57625165171781,0
                102.722318779034,5.57780986076189,0
                102.724438276726,5.57925965211927,0
                102.726631107005,5.5805970528295,0
                102.728891259477,5.58181839795017,0
                102.73121253922,5.58292034059366,0
                102.733588583767,5.58389986109259,0
                102.736012880547,5.58475427526905,0
                102.738478784729,5.5854812417848,0
                102.740979537442,5.5860787685527,0
                102.743508284297,5.58654521819155,0
                102.746058094173,5.58687931250961,0
                102.748621978221,5.58708013600463,0
                102.751192909011,5.5871471383706,0
                102.753763839801,5.58708013600463,0
                102.756327723848,5.58687931250961,0
                102.758877533725,5.58654521819155,0
                102.76140628058,5.5860787685527,0
                102.763907033293,5.5854812417848,0
                102.766372937475,5.58475427526905,0
                102.768797234254,5.58389986109259,0
                102.771173278802,5.58292034059366,0
                102.773494558545,5.58181839795017,0
                102.775754711016,5.5805970528295,0
                102.777947541296,5.57925965211927,0
                102.780067038988,5.57780986076189,0
                102.782107394697,5.57625165171781,0
                102.784063015949,5.57458929508494,0
                102.785928542523,5.57282734640392,0
                102.78769886114,5.57097063418123,0
                102.78936911948,5.56902424666417,0
                102.79093473948,5.56699351790397,0
                102.792391429886,5.56488401314498,0
                102.79373519801,5.56270151357992,0
                102.794962360676,5.56045200051308,0
                102.796069554318,5.55814163897436,0
                102.797053744194,5.55577676082943,0
                102.797912232709,5.55336384743181,0
                102.798642666805,5.55090951186472,0
                102.799243044413,5.5484204808209,0
                102.79971171994,5.54590357617041,0
                102.800047408779,5.5433656962666,0
                102.800249190829,5.5408137970414,0
                102.800316513021,5.53825487294205,0
              </coordinates>
            </LinearRing>
          </outerBoundaryIs>
        </Polygon>
      </Placemark>
      <Placemark id="TRG_SE_15.7">
        <name>Terengganu</name>
        <description>P.038 Hulu Terengganu</description>
        <Style>
          <LineStyle>
            <color>ff0000ff</color>
          </LineStyle>
          <PolyStyle>
            <fill>0</fill>
          </PolyStyle>
        </Style>
        <ExtendedData>
          <SchemaData schemaUrl="#TRG_SE_15">
            <SimpleData name="state">P.038</SimpleData>
            <SimpleData name="parlimen">N.21 Telemung</SimpleData>
            <SimpleData name="code_parlimen">N.21</SimpleData>
          </SchemaData>
        </ExtendedData>
        <Polygon>
          <outerBoundaryIs>
            <LinearRing>
              <coordinates>
                102.768569014333,5.06407441543154,0
                102.768501692141,5.06151351492128,0
                102.76829991009,5.0589596235649,0
                102.767964221252,5.05641974153058,0
                102.767495545725,5.05390083066912,0
                102.766895168117,5.05140979542974,0
                102.766164734021,5.04895346393217,0
                102.765306245506,5.04653856924713,0
                102.764322055629,5.04417173093678,0
                102.763214861987,5.04185943690525,0
                102.761987699321,5.03960802560964,0
                102.760643931197,5.03742366867986,0
                102.759187240792,5.03531235399535,0
                102.757621620791,5.03327986926494,0
                102.755951362452,5.03133178615503,0
                102.754181043835,5.02947344500966,0
                102.75231551726,5.02770994020444,0
                102.750359896008,5.02604610617461,0
                102.748319540299,5.02448650415558,0
                102.746200042607,5.02303540967236,0
                102.744007212328,5.02169680081234,0
                102.741747059856,5.02047434731364,0
                102.739425780113,5.01937140049896,0
                102.737049735566,5.01839098408256,0
                102.734625438787,5.01753578587597,0
                102.732159534604,5.0168081504147,0
                102.729658781891,5.01621007252668,0
                102.727130035037,5.01574319185998,0
                102.72458022516,5.01540878838469,0
                102.722016341112,5.01520777888161,0
                102.719445410322,5.01514071442716,0
                102.716874479532,5.01520777888161,0
                102.714310595485,5.01540878838469,0
                102.711760785608,5.01574319185998,0
                102.709232038753,5.01621007252668,0
                102.70673128604,5.0168081504147,0
                102.704265381858,5.01753578587597,0
                102.701841085079,5.01839098408256,0
                102.699465040531,5.01937140049896,0
                102.697143760788,5.02047434731364,0
                102.694883608317,5.02169680081234,0
                102.692690778037,5.02303540967236,0
                102.690571280345,5.02448650415558,0
                102.688530924636,5.02604610617461,0
                102.686575303384,5.02770994020444,0
                102.68470977681,5.02947344500966,0
                102.682939458193,5.03133178615503,0
                102.681269199853,5.03327986926494,0
                102.679703579853,5.03531235399535,0
                102.678246889447,5.03742366867986,0
                102.676903121324,5.03960802560964,0
                102.675675958657,5.04185943690525,0
                102.674568765015,5.04417173093678,0
                102.673584575139,5.04653856924713,0
                102.672726086624,5.04895346393217,0
                102.671995652528,5.05140979542974,0
                102.67139527492,5.05390083066912,0
                102.670926599393,5.05641974153058,0
                102.670590910554,5.0589596235649,0
                102.670389128504,5.06151351492128,0
                102.670321806312,5.06407441543154,0
                102.670389128504,5.06663530579867,0
                102.670590910554,5.06918916683681,0
                102.670926599393,5.07172899870999,0
                102.67139527492,5.07424784011693,0
                102.671995652528,5.07673878736941,0
                102.672726086624,5.07919501331169,0
                102.673584575139,5.08160978602953,0
                102.674568765015,5.08397648729706,0
                102.675675958657,5.08628863071163,0
                102.676903121324,5.08853987946637,0
                102.678246889447,5.09072406371215,0
                102.679703579853,5.09283519746151,0
                102.681269199853,5.09486749498798,0
                102.682939458193,5.09681538667622,0
                102.68470977681,5.09867353427943,0
                102.686575303384,5.10043684554249,0
                102.688530924636,5.10210048815066,0
                102.690571280345,5.10365990296579,0
                102.692690778037,5.10511081651391,0
                102.694883608317,5.10644925268996,0
                102.697143760788,5.10767154364782,0
                102.699465040531,5.10877433984563,0
                102.701841085079,5.10975461921926,0
                102.704265381858,5.11060969545872,0
                102.70673128604,5.11133722536475,0
                102.709232038753,5.1119352152659,0
                102.711760785608,5.11240202647814,0
                102.714310595485,5.11273637979229,0
                102.716874479532,5.11293735897717,0
                102.719445410322,5.11300441328851,0
                102.722016341112,5.11293735897717,0
                102.72458022516,5.11273637979229,0
                102.727130035037,5.11240202647814,0
                102.729658781891,5.1119352152659,0
                102.732159534604,5.11133722536475,0
                102.734625438787,5.11060969545872,0
                102.737049735566,5.10975461921926,0
                102.739425780113,5.10877433984563,0
                102.741747059856,5.10767154364782,0
                102.744007212328,5.10644925268996,0
                102.746200042607,5.10511081651391,0
                102.748319540299,5.10365990296579,0
                102.750359896008,5.10210048815066,0
                102.75231551726,5.10043684554249,0
                102.754181043835,5.09867353427943,0
                102.755951362452,5.09681538667622,0
                102.757621620791,5.09486749498798,0
                102.759187240792,5.09283519746151,0
                102.760643931197,5.09072406371215,0
                102.761987699321,5.08853987946637,0
                102.763214861987,5.08628863071163,0
                102.764322055629,5.08397648729706,0
                102.765306245506,5.08160978602953,0
                102.766164734021,5.07919501331169,0
                102.766895168117,5.07673878736941,0
                102.767495545725,5.07424784011693,0
                102.767964221252,5.07172899870999,0
                102.76829991009,5.06918916683681,0
                102.768501692141,5.06663530579867,0
                102.768569014333,5.06407441543154,0
              </coordinates>
            </LinearRing>
          </outerBoundaryIs>
        </Polygon>
      </Placemark>
      <Placemark id="TRG_SE_15.8">
        <name>Terengganu</name>
        <description>P.034 Setiu</description>
        <Style>
          <LineStyle>
            <color>ff0000ff</color>
          </LineStyle>
          <PolyStyle>
            <fill>0</fill>
          </PolyStyle>
        </Style>
        <ExtendedData>
          <SchemaData schemaUrl="#TRG_SE_15">
            <SimpleData name="state">P.034</SimpleData>
            <SimpleData name="parlimen">N.07 Langkap</SimpleData>
            <SimpleData name="code_parlimen">N.07</SimpleData>
          </SchemaData>
        </ExtendedData>
        <Polygon>
          <outerBoundaryIs>
            <LinearRing>
              <coordinates>
                102.879286039603,5.35121378931503,0
                102.879218717411,5.3486540579676,0
                102.879016935361,5.34610133200317,0
                102.878681246522,5.34356260840262,0
                102.878212570995,5.34104484585313,0
                102.877612193387,5.33855494567245,0
                102.876881759291,5.33609973288942,0
                102.876023270776,5.33368593753281,0
                102.8750390809,5.33132017617959,0
                102.873931887258,5.32900893381364,0
                102.872704724591,5.32675854604416,0
                102.871360956468,5.32457518173309,0
                102.869904266062,5.32246482607894,0
                102.868338646062,5.32043326420356,0
                102.866668387722,5.31848606528697,0
                102.864898069105,5.31662856729381,0
                102.863032542531,5.31486586233322,0
                102.861076921279,5.31320278269272,0
                102.85903656557,5.31164388758405,0
                102.856917067878,5.31019345063776,0
                102.854724237598,5.30885544818065,0
                102.852464085127,5.30763354832851,0
                102.850142805384,5.30653110092396,0
                102.847766760836,5.30555112834713,0
                102.845342464057,5.30469631722456,0
                102.842876559875,5.30396901105889,0
                102.840375807162,5.3033712037998,0
                102.837847060307,5.30290453437384,0
                102.83529725043,5.30257028218812,0
                102.832733366383,5.30236936362029,0
                102.830162435593,5.30230232950453,0
                102.827591504803,5.30236936362029,0
                102.825027620755,5.30257028218812,0
                102.822477810878,5.30290453437384,0
                102.819949064024,5.3033712037998,0
                102.817448311311,5.30396901105889,0
                102.814982407128,5.30469631722456,0
                102.812558110349,5.30555112834713,0
                102.810182065802,5.30653110092396,0
                102.807860786059,5.30763354832851,0
                102.805600633587,5.30885544818065,0
                102.803407803308,5.31019345063776,0
                102.801288305616,5.31164388758405,0
                102.799247949907,5.31320278269272,0
                102.797292328655,5.31486586233322,0
                102.79542680208,5.31662856729381,0
                102.793656483463,5.31848606528697,0
                102.791986225124,5.32043326420356,0
                102.790420605123,5.32246482607894,0
                102.788963914718,5.32457518173309,0
                102.787620146594,5.32675854604416,0
                102.786392983928,5.32900893381364,0
                102.785285790286,5.33132017617959,0
                102.784301600409,5.33368593753281,0
                102.783443111894,5.33609973288942,0
                102.782712677798,5.33855494567245,0
                102.78211230019,5.34104484585313,0
                102.781643624663,5.34356260840262,0
                102.781307935825,5.34610133200317,0
                102.781106153774,5.3486540579676,0
                102.781038831582,5.35121378931503,0
                102.781106153774,5.35377350995075,0
                102.781307935825,5.35632620389737,0
                102.781643624663,5.35886487452482,0
                102.78211230019,5.3613825637263,0
                102.782712677798,5.36387237098767,0
                102.783443111894,5.36632747229816,0
                102.784301600409,5.36874113885031,0
                102.785285790286,5.37110675547834,0
                102.786392983928,5.37341783878402,0
                102.787620146594,5.37566805490084,0
                102.788963914718,5.37785123684755,0
                102.790420605123,5.37996140142364,0
                102.791986225124,5.38199276560077,0
                102.793656483463,5.3839397623649,0
                102.79542680208,5.38579705596628,0
                102.797292328655,5.38755955653507,0
                102.799247949907,5.38922243402316,0
                102.801288305616,5.39078113143359,0
                102.803407803308,5.39223137730187,0
                102.805600633587,5.39356919739466,0
                102.807860786059,5.3947909255942,0
                102.810182065802,5.39589321393855,0
                102.812558110349,5.39687304179023,0
                102.814982407128,5.3977277241084,0
                102.817448311311,5.39845491880158,0
                102.819949064024,5.39905263314142,0
                102.822477810878,5.39951922921941,0
                102.825027620755,5.39985342843206,0
                102.827591504803,5.4000543149821,0
                102.830162435593,5.40012133838615,0
                102.832733366383,5.4000543149821,0
                102.83529725043,5.39985342843206,0
                102.837847060307,5.39951922921941,0
                102.840375807162,5.39905263314142,0
                102.842876559875,5.39845491880158,0
                102.845342464057,5.3977277241084,0
                102.847766760836,5.39687304179023,0
                102.850142805384,5.39589321393855,0
                102.852464085127,5.3947909255942,0
                102.854724237598,5.39356919739466,0
                102.856917067878,5.39223137730187,0
                102.85903656557,5.39078113143359,0
                102.861076921279,5.38922243402316,0
                102.863032542531,5.38755955653507,0
                102.864898069105,5.38579705596628,0
                102.866668387722,5.3839397623649,0
                102.868338646062,5.38199276560077,0
                102.869904266062,5.37996140142364,0
                102.871360956468,5.37785123684755,0
                102.872704724591,5.37566805490084,0
                102.873931887258,5.37341783878402,0
                102.8750390809,5.37110675547834,0
                102.876023270776,5.36874113885031,0
                102.876881759291,5.36632747229816,0
                102.877612193387,5.36387237098767,0
                102.878212570995,5.3613825637263,0
                102.878681246522,5.35886487452482,0
                102.879016935361,5.35632620389737,0
                102.879218717411,5.35377350995075,0
                102.879286039603,5.35121378931503,0
              </coordinates>
            </LinearRing>
          </outerBoundaryIs>
        </Polygon>
      </Placemark>
      <Placemark id="TRG_SE_15.9">
        <name>Terengganu</name>
        <description>P.034 Setiu</description>
        <Style>
          <LineStyle>
            <color>ff0000ff</color>
          </LineStyle>
          <PolyStyle>
            <fill>0</fill>
          </PolyStyle>
        </Style>
        <ExtendedData>
          <SchemaData schemaUrl="#TRG_SE_15">
            <SimpleData name="state">P.034</SimpleData>
            <SimpleData name="parlimen">N.08 Batu Rakit</SimpleData>
            <SimpleData name="code_parlimen">N.08</SimpleData>
          </SchemaData>
        </ExtendedData>
        <Polygon>
          <outerBoundaryIs>
            <LinearRing>
              <coordinates>
                103.059290275283,5.50263241174399,0
                103.059222953091,5.50007332282859,0
                103.05902117104,5.49752123723714,0
                103.058685482201,5.49498315019897,0
                103.058216806674,5.49246601866257,0
                103.057616429066,5.48997674222453,0
                103.05688599497,5.48752214421472,0
                103.056027506455,5.48510895298965,0
                103.055043316579,5.48274378348522,0
                103.053936122937,5.48043311907966,0
                103.052708960271,5.47818329381633,0
                103.051365192147,5.47600047503507,0
                103.049908501741,5.47389064646006,0
                103.048342881741,5.47185959179042,0
                103.046672623401,5.46991287883866,0
                103.044902304784,5.46805584426059,0
                103.04303677821,5.4662935789187,0
                103.041081156958,5.46463091391897,0
                103.039040801249,5.4630724073599,0
                103.036921303557,5.46162233182969,0
                103.034728473277,5.46028466268655,0
                103.032468320806,5.45906306715356,0
                103.030147041063,5.45796089425896,0
                103.027770996515,5.45698116564875,0
                103.025346699736,5.45612656729736,0
                103.022880795554,5.45539944213908,0
                103.020380042841,5.45480178364023,0
                103.017851295986,5.45433523033032,0
                103.015301486109,5.45400106130659,0
                103.012737602062,5.45380019272485,0
                103.010166671272,5.45373317528595,0
                103.007595740482,5.45380019272485,0
                103.005031856434,5.45400106130659,0
                103.002482046558,5.45433523033032,0
                102.999953299703,5.45480178364023,0
                102.99745254699,5.45539944213908,0
                102.994986642808,5.45612656729736,0
                102.992562346028,5.45698116564875,0
                102.990186301481,5.45796089425896,0
                102.987865021738,5.45906306715356,0
                102.985604869267,5.46028466268655,0
                102.983412038987,5.46162233182969,0
                102.981292541295,5.4630724073599,0
                102.979252185586,5.46463091391897,0
                102.977296564334,5.4662935789187,0
                102.97543103776,5.46805584426059,0
                102.973660719143,5.46991287883866,0
                102.971990460803,5.47185959179042,0
                102.970424840802,5.47389064646006,0
                102.968968150397,5.47600047503507,0
                102.967624382273,5.47818329381633,0
                102.966397219607,5.48043311907966,0
                102.965290025965,5.48274378348522,0
                102.964305836088,5.48510895298965,0
                102.963447347574,5.48752214421472,0
                102.962716913478,5.48997674222453,0
                102.962116535869,5.49246601866257,0
                102.961647860342,5.49498315019897,0
                102.961312171504,5.49752123723714,0
                102.961110389453,5.50007332282859,0
                102.961043067261,5.50263241174399,0
                102.961110389453,5.50519148964826,0
                102.961312171504,5.50774354232692,0
                102.961647860342,5.51028157491128,0
                102.962116535869,5.51279863104944,0
                102.962716913478,5.51528781197088,0
                102.963447347574,5.51774229539225,0
                102.964305836088,5.52015535421249,0
                102.965290025965,5.52252037494635,0
                102.966397219607,5.52483087584555,0
                102.967624382273,5.52708052465816,0
                102.968968150397,5.52926315597758,0
                102.970424840802,5.53137278813348,0
                102.971990460803,5.53340363957877,0
                102.973660719143,5.5353501447275,0
                102.97543103776,5.53720696920056,0
                102.977296564334,5.53896902443748,0
                102.979252185586,5.54063148163418,0
                102.981292541295,5.54218978496895,0
                102.983412038987,5.54363966408008,0
                102.985604869267,5.54497714576145,0
                102.987865021738,5.54619856484377,0
                102.990186301481,5.54730057423208,0
                102.992562346028,5.5482801540718,0
                102.994986642808,5.54913462001838,0
                102.99745254699,5.54986163058829,0
                102.999953299703,5.5504591935706,0
                103.002482046558,5.55092567148231,0
                103.005031856434,5.55125978605226,0
                103.007595740482,5.55146062172124,0
                103.010166671272,5.55152762814901,0
                103.012737602062,5.55146062172124,0
                103.015301486109,5.55125978605226,0
                103.017851295986,5.55092567148231,0
                103.020380042841,5.5504591935706,0
                103.022880795554,5.54986163058829,0
                103.025346699736,5.54913462001838,0
                103.027770996515,5.5482801540718,0
                103.030147041063,5.54730057423208,0
                103.032468320806,5.54619856484377,0
                103.034728473277,5.54497714576145,0
                103.036921303557,5.54363966408008,0
                103.039040801249,5.54218978496895,0
                103.041081156958,5.54063148163418,0
                103.04303677821,5.53896902443748,0
                103.044902304784,5.53720696920056,0
                103.046672623401,5.5353501447275,0
                103.048342881741,5.53340363957877,0
                103.049908501741,5.53137278813348,0
                103.051365192147,5.52926315597758,0
                103.052708960271,5.52708052465816,0
                103.053936122937,5.52483087584555,0
                103.055043316579,5.52252037494635,0
                103.056027506455,5.52015535421249,0
                103.05688599497,5.51774229539225,0
                103.057616429066,5.51528781197088,0
                103.058216806674,5.51279863104944,0
                103.058685482201,5.51028157491128,0
                103.05902117104,5.50774354232692,0
                103.059222953091,5.50519148964826,0
                103.059290275283,5.50263241174399,0
              </coordinates>
            </LinearRing>
          </outerBoundaryIs>
        </Polygon>
      </Placemark>
      <Placemark id="TRG_SE_15.10">
        <name>Terengganu</name>
        <description>P.035 Kuala Nerus</description>
        <Style>
          <LineStyle>
            <color>ff0000ff</color>
          </LineStyle>
          <PolyStyle>
            <fill>0</fill>
          </PolyStyle>
        </Style>
        <ExtendedData>
          <SchemaData schemaUrl="#TRG_SE_15">
            <SimpleData name="state">P.035</SimpleData>
            <SimpleData name="parlimen">N.09 Tepuh</SimpleData>
            <SimpleData name="code_parlimen">N.09</SimpleData>
          </SchemaData>
        </ExtendedData>
        <Polygon>
          <outerBoundaryIs>
            <LinearRing>
              <coordinates>
                102.99670955864,5.39740956845212,0
                102.996642236448,5.39485003120712,0
                102.996440454397,5.39229749872211,0
                102.996104765559,5.38975896744876,0
                102.995636090032,5.38724139554895,0
                102.995035712424,5.38475168382043,0
                102.994305278327,5.38229665677877,0
                102.993446789813,5.37988304394753,0
                102.992462599936,5.37751746140794,0
                102.991355406294,5.37520639365879,0
                102.990128243628,5.37295617583626,0
                102.988784475504,5.37077297634249,0
                102.987327785099,5.36866277993062,0
                102.985762165098,5.36663137129275,0
                102.984091906759,5.36468431919579,0
                102.982321588141,5.36282696120904,0
                102.980456061567,5.36106438906508,0
                102.978500440315,5.35940143469453,0
                102.976460084606,5.35784265697288,0
                102.974340586914,5.35639232921584,0
                102.972147756635,5.35505442745763,0
                102.969887604163,5.35383261954444,0
                102.96756632442,5.35273025507288,0
                102.965190279873,5.35175035620137,0
                102.962765983093,5.35089560935948,0
                102.960300078911,5.35016835787819,0
                102.957799326198,5.34957059556121,0
                102.955270579343,5.34910396121514,0
                102.952720769467,5.34876973415352,0
                102.950156885419,5.34856883068701,0
                102.947585954629,5.3485018016095,0
                102.945015023839,5.34856883068701,0
                102.942451139792,5.34876973415352,0
                102.939901329915,5.34910396121514,0
                102.93737258306,5.34957059556121,0
                102.934871830347,5.35016835787819,0
                102.932405926165,5.35089560935948,0
                102.929981629386,5.35175035620137,0
                102.927605584838,5.35273025507288,0
                102.925284305095,5.35383261954444,0
                102.923024152624,5.35505442745763,0
                102.920831322344,5.35639232921584,0
                102.918711824652,5.35784265697288,0
                102.916671468943,5.35940143469453,0
                102.914715847691,5.36106438906508,0
                102.912850321117,5.36282696120904,0
                102.9110800025,5.36468431919579,0
                102.90940974416,5.36663137129275,0
                102.90784412416,5.36866277993062,0
                102.906387433754,5.37077297634249,0
                102.90504366563,5.37295617583626,0
                102.903816502964,5.37520639365879,0
                102.902709309322,5.37751746140794,0
                102.901725119446,5.37988304394753,0
                102.900866630931,5.38229665677877,0
                102.900136196835,5.38475168382043,0
                102.899535819227,5.38724139554895,0
                102.8990671437,5.38975896744876,0
                102.898731454861,5.39229749872211,0
                102.898529672811,5.39485003120712,0
                102.898462350618,5.39740956845212,0
                102.898529672811,5.39996909489401,0
                102.898731454861,5.40252159508808,0
                102.8990671437,5.40506007293642,0
                102.899535819227,5.40757757086251,0
                102.900136196835,5.41006718887905,0
                102.900866630931,5.4125221034972,0
                102.901725119446,5.41493558642517,0
                102.902709309322,5.41730102300495,0
                102.903816502964,5.41961193033692,0
                102.90504366563,5.42186197504246,0
                102.906387433754,5.42404499061614,0
                102.90784412416,5.42615499431989,0
                102.90940974416,5.42818620357298,0
                102.9110800025,5.43013305179295,0
                102.912850321117,5.43199020364429,0
                102.914715847691,5.43375256965282,0
                102.916671468943,5.43541532014642,0
                102.918711824652,5.43697389848332,0
                102.920831322344,5.43842403353229,0
                102.923024152624,5.43976175137046,0
                102.925284305095,5.44098338616673,0
                102.927605584838,5.44208559022116,0
                102.929981629386,5.44306534313291,0
                102.932405926165,5.44391996007158,0
                102.934871830347,5.44464709912943,0
                102.93737258306,5.44524476773448,0
                102.939901329915,5.44571132810687,0
                102.942451139792,5.44604550174351,0
                102.945015023839,5.4462463729191,0
                102.947585954629,5.44631339119351,0
                102.950156885419,5.4462463729191,0
                102.952720769467,5.44604550174351,0
                102.955270579343,5.44571132810687,0
                102.957799326198,5.44524476773448,0
                102.960300078911,5.44464709912943,0
                102.962765983093,5.44391996007158,0
                102.965190279873,5.44306534313291,0
                102.96756632442,5.44208559022116,0
                102.969887604163,5.44098338616673,0
                102.972147756635,5.43976175137046,0
                102.974340586914,5.43842403353229,0
                102.976460084606,5.43697389848332,0
                102.978500440315,5.43541532014642,0
                102.980456061567,5.43375256965282,0
                102.982321588141,5.43199020364429,0
                102.984091906759,5.43013305179296,0
                102.985762165098,5.42818620357298,0
                102.987327785099,5.42615499431989,0
                102.988784475504,5.42404499061614,0
                102.990128243628,5.42186197504246,0
                102.991355406294,5.41961193033692,0
                102.992462599936,5.41730102300495,0
                102.993446789813,5.41493558642517,0
                102.994305278327,5.4125221034972,0
                102.995035712424,5.41006718887905,0
                102.995636090032,5.40757757086251,0
                102.996104765559,5.40506007293642,0
                102.996440454397,5.40252159508808,0
                102.996642236448,5.39996909489401,0
                102.99670955864,5.39740956845212,0
              </coordinates>
            </LinearRing>
          </outerBoundaryIs>
        </Polygon>
      </Placemark>
      <Placemark id="TRG_SE_15.11">
        <name>Terengganu</name>
        <description>P.035 Kuala Nerus</description>
        <Style>
          <LineStyle>
            <color>ff0000ff</color>
          </LineStyle>
          <PolyStyle>
            <fill>0</fill>
          </PolyStyle>
        </Style>
        <ExtendedData>
          <SchemaData schemaUrl="#TRG_SE_15">
            <SimpleData name="state">P.035</SimpleData>
            <SimpleData name="parlimen">N.10 Buluh Gading</SimpleData>
            <SimpleData name="code_parlimen">N.10</SimpleData>
          </SchemaData>
        </ExtendedData>
        <Polygon>
          <outerBoundaryIs>
            <LinearRing>
              <coordinates>
                103.021007589042,5.28958686155847,0
                103.02094026685,5.28702687386161,0
                103.0207384848,5.28447389237185,0
                103.020402795961,5.28193491476894,0
                103.019934120434,5.27941690043378,0
                103.019333742826,5.27692675137084,0
                103.01860330873,5.27447129328676,0
                103.017744820215,5.27205725687743,0
                103.016760630339,5.26969125937459,0
                103.015653436697,5.26737978640255,0
                103.01442627403,5.26512917419517,0
                103.013082505907,5.26294559222153,0
                103.011625815501,5.26083502626821,0
                103.010060195501,5.25880326202454,0
                103.008389937161,5.25685586921599,0
                103.006619618544,5.25499818632914,0
                103.00475409197,5.25323530597041,0
                103.002798470717,5.25157206089847,0
                103.000758115008,5.25001301076906,0
                102.998638617316,5.24856242962839,0
                102.996445787037,5.24722429418953,0
                102.994185634565,5.24600227292426,0
                102.991864354823,5.24489971599992,0
                102.989488310275,5.24391964608941,0
                102.987064013496,5.24306475007928,0
                102.984598109314,5.2423373716988,0
                102.9820973566,5.2417395050904,0
                102.979568609746,5.24127278933894,0
                102.977018799869,5.24093850397507,0
                102.974454915822,5.24073756546491,0
                102.971883985032,5.2406705246958,0
                102.969313054242,5.24073756546491,0
                102.966749170194,5.24093850397507,0
                102.964199360317,5.24127278933894,0
                102.961670613463,5.2417395050904,0
                102.959169860749,5.2423373716988,0
                102.956703956567,5.24306475007928,0
                102.954279659788,5.24391964608941,0
                102.95190361524,5.24489971599992,0
                102.949582335498,5.24600227292426,0
                102.947322183026,5.24722429418953,0
                102.945129352747,5.24856242962839,0
                102.943009855055,5.25001301076906,0
                102.940969499346,5.25157206089847,0
                102.939013878093,5.25323530597041,0
                102.937148351519,5.25499818632914,0
                102.935378032902,5.25685586921599,0
                102.933707774562,5.25880326202454,0
                102.932142154562,5.26083502626821,0
                102.930685464156,5.26294559222153,0
                102.929341696033,5.26512917419517,0
                102.928114533366,5.26737978640255,0
                102.927007339725,5.26969125937459,0
                102.926023149848,5.27205725687743,0
                102.925164661333,5.27447129328676,0
                102.924434227237,5.27692675137084,0
                102.923833849629,5.27941690043378,0
                102.923365174102,5.28193491476894,0
                102.923029485263,5.28447389237185,0
                102.922827703213,5.28702687386161,0
                102.922760381021,5.28958686155847,0
                102.922827703213,5.29214683866554,0
                102.923029485263,5.29469978850199,0
                102.923365174102,5.29723871373489,0
                102.923833849629,5.29975665555704,0
                102.924434227237,5.30224671275854,0
                102.925164661333,5.30470206063914,0
                102.926023149848,5.30711596971035,0
                102.927007339725,5.30948182413563,0
                102.928114533366,5.31179313985823,0
                102.929341696033,5.31404358236714,0
                102.930685464156,5.31622698405253,0
                102.932142154562,5.31833736110312,0
                102.933707774562,5.32036892989921,0
                102.935378032902,5.32231612285673,0
                102.937148351519,5.32417360367868,0
                102.939013878093,5.32593628197252,0
                102.940969499346,5.32759932719344,0
                102.943009855055,5.32915818187532,0
                102.945129352747,5.3306085741133,0
                102.947322183026,5.33194652926395,0
                102.949582335498,5.33316838083082,0
                102.95190361524,5.33427078050577,0
                102.954279659788,5.33525070733877,0
                102.956703956567,5.33610547601086,0
                102.959169860749,5.33683274418789,0
                102.961670613463,5.33743051893489,0
                102.964199360317,5.33789716217341,0
                102.966749170194,5.33823139516728,0
                102.969313054242,5.33843230202416,0
                102.971883985032,5.33849933220351,0
                102.974454915822,5.33843230202416,0
                102.977018799869,5.33823139516728,0
                102.979568609746,5.33789716217341,0
                102.9820973566,5.33743051893489,0
                102.984598109314,5.33683274418789,0
                102.987064013496,5.33610547601086,0
                102.989488310275,5.33525070733877,0
                102.991864354823,5.33427078050577,0
                102.994185634565,5.33316838083082,0
                102.996445787037,5.33194652926395,0
                102.998638617316,5.3306085741133,0
                103.000758115008,5.32915818187532,0
                103.002798470717,5.32759932719344,0
                103.00475409197,5.32593628197252,0
                103.006619618544,5.32417360367868,0
                103.008389937161,5.32231612285673,0
                103.010060195501,5.32036892989921,0
                103.011625815501,5.31833736110312,0
                103.013082505907,5.31622698405253,0
                103.01442627403,5.31404358236714,0
                103.015653436697,5.31179313985823,0
                103.016760630339,5.30948182413563,0
                103.017744820215,5.30711596971035,0
                103.01860330873,5.30470206063914,0
                103.019333742826,5.30224671275854,0
                103.019934120434,5.29975665555704,0
                103.020402795961,5.29723871373489,0
                103.0207384848,5.29469978850199,0
                103.02094026685,5.29214683866554,0
                103.021007589042,5.28958686155847,0
              </coordinates>
            </LinearRing>
          </outerBoundaryIs>
        </Polygon>
      </Placemark>
      <Placemark id="TRG_SE_15.12">
        <name>Terengganu</name>
        <description>P.035 Kuala Nerus</description>
        <Style>
          <LineStyle>
            <color>ff0000ff</color>
          </LineStyle>
          <PolyStyle>
            <fill>0</fill>
          </PolyStyle>
        </Style>
        <ExtendedData>
          <SchemaData schemaUrl="#TRG_SE_15">
            <SimpleData name="state">P.035</SimpleData>
            <SimpleData name="parlimen">N.11 Seberang Takir</SimpleData>
            <SimpleData name="code_parlimen">N.11</SimpleData>
          </SchemaData>
        </ExtendedData>
        <Polygon>
          <outerBoundaryIs>
            <LinearRing>
              <coordinates>
                103.164749553957,5.43835613829498,0
                103.164682231765,5.43579677448766,0
                103.164480449715,5.43324441488432,0
                103.164144760876,5.43070605546373,0
                103.163676085349,5.42818865391843,0
                103.163075707741,5.42569911058147,0
                103.162345273645,5.42324424950978,0
                103.16148678513,5.42083079977545,0
                103.160502595253,5.41846537701667,0
                103.159395401612,5.4161544652988,0
                103.158168238945,5.41390439933528,0
                103.156824470822,5.41172134711732,0
                103.155367780416,5.40961129300008,0
                103.153802160416,5.40758002129155,0
                103.152131902076,5.40563310038949,0
                103.150361583459,5.40377586750988,0
                103.148496056885,5.4020134140487,0
                103.146540435632,5.40035057161765,0
                103.144500079923,5.39879189879166,0
                103.142380582231,5.3973416686051,0
                103.140187751952,5.39600385683067,0
                103.13792759948,5.39478213107358,0
                103.135606319738,5.3936798407106,0
                103.13323027519,5.39270000770196,0
                103.130805978411,5.3918453183012,0
                103.128340074229,5.39111811568586,0
                103.125839321515,5.39052039352916,0
                103.123310574661,5.39005379053053,0
                103.120760764784,5.38971958591987,0
                103.118196880736,5.38951869594792,0
                103.115625949946,5.38945167137259,0
                103.113055019156,5.38951869594792,0
                103.110491135109,5.38971958591987,0
                103.107941325232,5.39005379053053,0
                103.105412578378,5.39052039352916,0
                103.102911825664,5.39111811568586,0
                103.100445921482,5.3918453183012,0
                103.098021624703,5.39270000770196,0
                103.095645580155,5.3936798407106,0
                103.093324300413,5.39478213107358,0
                103.091064147941,5.39600385683067,0
                103.088871317662,5.3973416686051,0
                103.08675181997,5.39879189879166,0
                103.084711464261,5.40035057161765,0
                103.082755843008,5.4020134140487,0
                103.080890316434,5.40377586750988,0
                103.079119997817,5.40563310038949,0
                103.077449739477,5.40758002129155,0
                103.075884119477,5.40961129300008,0
                103.074427429071,5.41172134711732,0
                103.073083660948,5.41390439933528,0
                103.071856498281,5.4161544652988,0
                103.070749304639,5.41846537701667,0
                103.069765114763,5.42083079977545,0
                103.068906626248,5.42324424950978,0
                103.068176192152,5.42569911058147,0
                103.067575814544,5.42818865391843,0
                103.067107139017,5.43070605546373,0
                103.066771450178,5.43324441488432,0
                103.066569668128,5.43579677448766,0
                103.066502345936,5.43835613829498,0
                103.066569668128,5.44091549121821,0
                103.066771450178,5.44346781828857,0
                103.067107139017,5.4460061238837,0
                103.067575814544,5.44852345090083,0
                103.068176192152,5.45101289982341,0
                103.068906626248,5.45346764762894,0
                103.069765114763,5.45588096648633,0
                103.070749304639,5.45824624219126,0
                103.071856498281,5.46055699228958,0
                103.073083660948,5.46280688383854,0
                103.074427429071,5.46498975075786,0
                103.075884119477,5.46709961072257,0
                103.077449739477,5.46913068155186,0
                103.079119997817,5.47107739704882,0
                103.080890316434,5.47293442224797,0
                103.082755843008,5.47469666802866,0
                103.084711464261,5.47635930505464,0
                103.08675181997,5.47791777700141,0
                103.088871317662,5.47936781303549,0
                103.091064147941,5.48070543951135,0
                103.093324300413,5.48192699085393,0
                103.095645580155,5.48302911959741,0
                103.098021624703,5.48400880555228,0
                103.100445921482,5.48486336407614,0
                103.102911825664,5.4855904534254,0
                103.105412578378,5.48618808116777,0
                103.107941325232,5.48665460963825,0
                103.110491135109,5.48698876042351,0
                103.113055019156,5.4871896178625,0
                103.115625949946,5.48725663155375,0
                103.118196880736,5.4871896178625,0
                103.120760764784,5.48698876042351,0
                103.123310574661,5.48665460963825,0
                103.125839321515,5.48618808116777,0
                103.128340074229,5.4855904534254,0
                103.130805978411,5.48486336407614,0
                103.13323027519,5.48400880555228,0
                103.135606319738,5.48302911959741,0
                103.13792759948,5.48192699085393,0
                103.140187751952,5.48070543951135,0
                103.142380582231,5.47936781303549,0
                103.144500079923,5.47791777700141,0
                103.146540435632,5.47635930505464,0
                103.148496056885,5.47469666802866,0
                103.150361583459,5.47293442224797,0
                103.152131902076,5.47107739704883,0
                103.153802160416,5.46913068155186,0
                103.155367780416,5.46709961072257,0
                103.156824470822,5.46498975075786,0
                103.158168238945,5.46280688383854,0
                103.159395401612,5.46055699228958,0
                103.160502595253,5.45824624219126,0
                103.16148678513,5.45588096648633,0
                103.162345273645,5.45346764762894,0
                103.163075707741,5.45101289982341,0
                103.163676085349,5.44852345090083,0
                103.164144760876,5.4460061238837,0
                103.164480449715,5.44346781828857,0
                103.164682231765,5.44091549121821,0
                103.164749553957,5.43835613829498,0
              </coordinates>
            </LinearRing>
          </outerBoundaryIs>
        </Polygon>
      </Placemark>
      <Placemark id="TRG_SE_15.13">
        <name>Terengganu</name>
        <description>P.035 Kuala Nerus</description>
        <Style>
          <LineStyle>
            <color>ff0000ff</color>
          </LineStyle>
          <PolyStyle>
            <fill>0</fill>
          </PolyStyle>
        </Style>
        <ExtendedData>
          <SchemaData schemaUrl="#TRG_SE_15">
            <SimpleData name="state">P.035</SimpleData>
            <SimpleData name="parlimen">N.12 Bukit Tunggal</SimpleData>
            <SimpleData name="code_parlimen">N.12</SimpleData>
          </SchemaData>
        </ExtendedData>
        <Polygon>
          <outerBoundaryIs>
            <LinearRing>
              <coordinates>
                103.088356445998,5.36216266314571,0
                103.088289123806,5.35960297765209,0
                103.088087341756,5.35705029739423,0
                103.087751652917,5.35451161922798,0
                103.08728297739,5.35199390171643,0
                103.086682599782,5.34950404605449,0
                103.085952165686,5.34704887714976,0
                103.085093677171,5.34463512491163,0
                103.084109487295,5.34226940580003,0
                103.083002293653,5.33995820468419,0
                103.081775130986,5.33770785706159,0
                103.080431362863,5.33552453168558,0
                103.078974672457,5.33341421364942,0
                103.077409052457,5.33138268797347,0
                103.075738794117,5.32943552374019,0
                103.0739684755,5.32757805882079,0
                103.072102948926,5.32581538523548,0
                103.070147327673,5.32415233518747,0
                103.068106971965,5.32259346780909,0
                103.065987474273,5.3211430566565,0
                103.063794643993,5.31980507798741,0
                103.061534491522,5.31858319985391,0
                103.059213211779,5.31748077204051,0
                103.056837167231,5.31650081687499,0
                103.054412870452,5.31564602093736,0
                103.05194696627,5.31491872768967,0
                103.049446213557,5.31432093104719,0
                103.046917466702,5.31385426990809,0
                103.044367656825,5.31352002365739,0
                103.041803772778,5.31331910865692,0
                103.039232841988,5.31325207573133,0
                103.036661911198,5.31331910865692,0
                103.03409802715,5.31352002365739,0
                103.031548217273,5.31385426990809,0
                103.029019470419,5.31432093104719,0
                103.026518717706,5.31491872768967,0
                103.024052813523,5.31564602093736,0
                103.021628516744,5.31650081687499,0
                103.019252472197,5.31748077204051,0
                103.016931192454,5.31858319985391,0
                103.014671039982,5.31980507798741,0
                103.012478209703,5.3211430566565,0
                103.010358712011,5.32259346780909,0
                103.008318356302,5.32415233518747,0
                103.006362735049,5.32581538523548,0
                103.004497208475,5.32757805882079,0
                103.002726889858,5.32943552374019,0
                103.001056631519,5.33138268797347,0
                102.999491011518,5.33341421364942,0
                102.998034321112,5.33552453168558,0
                102.996690552989,5.33770785706159,0
                102.995463390323,5.33995820468419,0
                102.994356196681,5.34226940580003,0
                102.993372006804,5.34463512491163,0
                102.992513518289,5.34704887714976,0
                102.991783084193,5.34950404605449,0
                102.991182706585,5.35199390171643,0
                102.990714031058,5.35451161922798,0
                102.99037834222,5.35705029739423,0
                102.990176560169,5.35960297765209,0
                102.990109237977,5.36216266314571,0
                102.990176560169,5.36472233790595,0
                102.99037834222,5.36727498608127,0
                102.990714031058,5.36981361116729,0
                102.991182706585,5.37233125518251,0
                102.991783084193,5.37482101773726,0
                102.992513518289,5.37727607494403,0
                102.993372006804,5.37968969811722,0
                102.994356196681,5.382055272211,0
                102.995463390323,5.38436631394491,0
                102.996690552989,5.38661648956776,0
                102.998034321112,5.38879963221065,0
                102.999491011518,5.39090975878236,0
                103.001056631519,5.39294108636027,0
                103.002726889858,5.39488804803234,0
                103.004497208475,5.39674530814664,0
                103.006362735049,5.39850777692685,0
                103.008318356302,5.40017062441365,0
                103.010358712011,5.40172929369403,0
                103.012478209703,5.40317951338223,0
                103.014671039982,5.40451730931824,0
                103.016931192454,5.40573901545203,0
                103.019252472197,5.40684128388359,0
                103.021628516744,5.40782109403132,0
                103.024052813523,5.40867576090409,0
                103.026518717706,5.40940294245386,0
                103.029019470419,5.41000064598921,0
                103.031548217273,5.41046723363202,0
                103.03409802715,5.41080142680254,0
                103.036661911198,5.41100230972048,0
                103.039232841988,5.41106933191268,0
                103.041803772778,5.41100230972048,0
                103.044367656825,5.41080142680254,0
                103.046917466702,5.41046723363202,0
                103.049446213557,5.41000064598921,0
                103.05194696627,5.40940294245386,0
                103.054412870452,5.40867576090409,0
                103.056837167231,5.40782109403132,0
                103.059213211779,5.40684128388359,0
                103.061534491522,5.40573901545203,0
                103.063794643993,5.40451730931824,0
                103.065987474273,5.40317951338223,0
                103.068106971965,5.40172929369403,0
                103.070147327673,5.40017062441365,0
                103.072102948926,5.39850777692685,0
                103.0739684755,5.39674530814664,0
                103.075738794117,5.39488804803234,0
                103.077409052457,5.39294108636027,0
                103.078974672457,5.39090975878236,0
                103.080431362863,5.38879963221065,0
                103.081775130986,5.38661648956776,0
                103.083002293653,5.38436631394491,0
                103.084109487295,5.382055272211,0
                103.085093677171,5.37968969811722,0
                103.085952165686,5.37727607494403,0
                103.086682599782,5.37482101773726,0
                103.08728297739,5.37233125518251,0
                103.087751652917,5.36981361116729,0
                103.088087341756,5.36727498608127,0
                103.088289123806,5.36472233790595,0
                103.088356445998,5.36216266314571,0
              </coordinates>
            </LinearRing>
          </outerBoundaryIs>
        </Polygon>
      </Placemark>
      <Placemark id="TRG_SE_15.14">
        <name>Terengganu</name>
        <description>P.036 Kuala Terengganu</description>
        <Style>
          <LineStyle>
            <color>ff0000ff</color>
          </LineStyle>
          <PolyStyle>
            <fill>0</fill>
          </PolyStyle>
        </Style>
        <ExtendedData>
          <SchemaData schemaUrl="#TRG_SE_15">
            <SimpleData name="state">P.036</SimpleData>
            <SimpleData name="parlimen">N.13 Wakaf Mempelam</SimpleData>
            <SimpleData name="code_parlimen">N.13</SimpleData>
          </SchemaData>
        </ExtendedData>
        <Polygon>
          <outerBoundaryIs>
            <LinearRing>
              <coordinates>
                103.162130149288,5.14110205806403,0
                103.162062827096,5.13854146488037,0
                103.161861045046,5.13598787985624,0
                103.161525356207,5.13344830232201,0
                103.16105668068,5.130929693297,0
                103.160456303072,5.12843895640739,0
                103.159725868976,5.12598291896057,0
                103.158867380461,5.12356831322787,0
                103.157883190584,5.12120175798693,0
                103.156775996943,5.11888974037453,0
                103.155548834276,5.11663859809938,0
                103.154205066153,5.1144545020641,0
                103.152748375747,5.11234343944371,0
                103.151182755747,5.11031119726732,0
                103.149512497407,5.1083633465481,0
                103.14774217879,5.10650522700494,0
                103.145876652216,5.10474193241803,0
                103.143921030963,5.10307829665838,0
                103.141880675254,5.10151888042978,0
                103.139761177562,5.10006795875959,0
                103.137568347283,5.09872950927272,0
                103.135308194811,5.09750720128111,0
                103.132986915069,5.09640438571871,0
                103.130610870521,5.09542408594934,0
                103.128186573742,5.09456898947326,0
                103.12572066956,5.09384144055471,0
                103.123219916846,5.09324343379093,0
                103.120691169992,5.09277660864048,0
                103.118141360115,5.0924422449256,0
                103.115577476067,5.09224125932118,0
                103.113006545277,5.09217420284002,0
                103.110435614487,5.09224125932118,0
                103.10787173044,5.0924422449256,0
                103.105321920563,5.09277660864048,0
                103.102793173709,5.09324343379093,0
                103.100292420995,5.09384144055471,0
                103.097826516813,5.09456898947326,0
                103.095402220034,5.09542408594934,0
                103.093026175486,5.09640438571871,0
                103.090704895744,5.09750720128111,0
                103.088444743272,5.09872950927272,0
                103.086251912993,5.10006795875959,0
                103.084132415301,5.10151888042978,0
                103.082092059592,5.10307829665838,0
                103.080136438339,5.10474193241803,0
                103.078270911765,5.10650522700494,0
                103.076500593148,5.1083633465481,0
                103.074830334808,5.11031119726732,0
                103.073264714808,5.11234343944371,0
                103.071808024402,5.1144545020641,0
                103.070464256279,5.11663859809938,0
                103.069237093612,5.11888974037453,0
                103.06812989997,5.12120175798693,0
                103.067145710094,5.12356831322787,0
                103.066287221579,5.12598291896057,0
                103.065556787483,5.12843895640739,0
                103.064956409875,5.130929693297,0
                103.064487734348,5.13344830232201,0
                103.064152045509,5.13598787985624,0
                103.063950263459,5.13854146488037,0
                103.063882941267,5.14110205806403,0
                103.063950263459,5.14366264095193,0
                103.064152045509,5.14621619520162,0
                103.064487734348,5.14875572181986,0
                103.064956409875,5.15127426034519,0
                103.065556787483,5.15376490792386,0
                103.066287221579,5.15622083822695,0
                103.067145710094,5.15863532015706,0
                103.06812989997,5.16100173629294,0
                103.069237093612,5.16331360102189,0
                103.070464256279,5.1655645783102,0
                103.071808024402,5.16774849906288,0
                103.073264714808,5.16985937802537,0
                103.074830334808,5.17189143018074,0
                103.076500593148,5.17383908659774,0
                103.078270911765,5.17569700968628,0
                103.080136438339,5.17746010781857,0
                103.082092059592,5.17912354927601,0
                103.084132415301,5.18068277548361,0
                103.086251912993,5.18213351349594,0
                103.088444743272,5.18347178770029,0
                103.090704895744,5.1846939307051,0
                103.093026175486,5.1857965933841,0
                103.095402220034,5.18677675404847,0
                103.097826516813,5.187631726722,0
                103.100292420995,5.1883591684969,0
                103.102793173709,5.18895708594978,0
                103.105321920563,5.18942384060058,0
                103.10787173044,5.18975815339952,0
                103.110435614487,5.1899591082295,0
                103.113006545277,5.19002615441491,0
                103.115577476067,5.1899591082295,0
                103.118141360115,5.18975815339952,0
                103.120691169992,5.18942384060058,0
                103.123219916846,5.18895708594978,0
                103.12572066956,5.1883591684969,0
                103.128186573742,5.187631726722,0
                103.130610870521,5.18677675404847,0
                103.132986915069,5.1857965933841,0
                103.135308194811,5.1846939307051,0
                103.137568347283,5.18347178770029,0
                103.139761177562,5.18213351349594,0
                103.141880675254,5.18068277548361,0
                103.143921030963,5.17912354927601,0
                103.145876652216,5.17746010781857,0
                103.14774217879,5.17569700968628,0
                103.149512497407,5.17383908659774,0
                103.151182755747,5.17189143018074,0
                103.152748375747,5.16985937802537,0
                103.154205066153,5.16774849906288,0
                103.155548834276,5.1655645783102,0
                103.156775996943,5.16331360102189,0
                103.157883190584,5.16100173629294,0
                103.158867380461,5.15863532015706,0
                103.159725868976,5.15622083822695,0
                103.160456303072,5.15376490792386,0
                103.16105668068,5.15127426034519,0
                103.161525356207,5.14875572181986,0
                103.161861045046,5.14621619520162,0
                103.162062827096,5.14366264095193,0
                103.162130149288,5.14110205806403,0
              </coordinates>
            </LinearRing>
          </outerBoundaryIs>
        </Polygon>
      </Placemark>
      <Placemark id="TRG_SE_15.15">
        <name>Terengganu</name>
        <description>P.036 Kuala Terengganu</description>
        <Style>
          <LineStyle>
            <color>ff0000ff</color>
          </LineStyle>
          <PolyStyle>
            <fill>0</fill>
          </PolyStyle>
        </Style>
        <ExtendedData>
          <SchemaData schemaUrl="#TRG_SE_15">
            <SimpleData name="state">P.036</SimpleData>
            <SimpleData name="parlimen">N.14 Bandar</SimpleData>
            <SimpleData name="code_parlimen">N.14</SimpleData>
          </SchemaData>
        </ExtendedData>
        <Polygon>
          <outerBoundaryIs>
            <LinearRing>
              <coordinates>
                103.267719588816,5.39112455412077,0
                103.267652266624,5.38856499037,0
                103.267450484574,5.38601243146427,0
                103.267114795735,5.38347387392749,0
                103.266646120208,5.38095627599328,0
                103.2660457426,5.37846653853039,0
                103.265315308504,5.3760114861245,0
                103.264456819989,5.37359784836814,0
                103.263472630113,5.37123224141027,0
                103.262365436471,5.3689211498159,0
                103.261138273804,5.3666709087858,0
                103.259794505681,5.36448768678495,0
                103.258337815275,5.36237746862726,0
                103.256772195275,5.36034603906354,0
                103.255101936935,5.35839896691713,0
                103.253331618318,5.35654158981129,0
                103.251466091744,5.35477899953006,0
                103.249510470491,5.35311602805276,0
                103.247470114783,5.35155723430084,0
                103.24535061709,5.35010689163299,0
                103.243157786811,5.3487689761234,0
                103.240897634339,5.34754715565507,0
                103.238576354597,5.34644477985821,0
                103.236200310049,5.34546487092152,0
                103.23377601327,5.34461011530148,0
                103.231310109088,5.3438828563525,0
                103.228809356375,5.3432850878982,0
                103.22628060952,5.34281844876164,0
                103.223730799643,5.34248421826906,0
                103.221166915596,5.34228331274032,0
                103.218595984806,5.34221628297478,0
                103.216025054016,5.34228331274032,0
                103.213461169968,5.34248421826906,0
                103.210911360091,5.34281844876164,0
                103.208382613237,5.3432850878982,0
                103.205881860524,5.3438828563525,0
                103.203415956341,5.34461011530148,0
                103.200991659562,5.34546487092152,0
                103.198615615015,5.34644477985821,0
                103.196294335272,5.34754715565507,0
                103.1940341828,5.3487689761234,0
                103.191841352521,5.35010689163299,0
                103.189721854829,5.35155723430084,0
                103.18768149912,5.35311602805276,0
                103.185725877867,5.35477899953006,0
                103.183860351293,5.35654158981129,0
                103.182090032676,5.35839896691713,0
                103.180419774336,5.36034603906354,0
                103.178854154336,5.36237746862726,0
                103.17739746393,5.36448768678495,0
                103.176053695807,5.3666709087858,0
                103.17482653314,5.3689211498159,0
                103.173719339499,5.37123224141027,0
                103.172735149622,5.37359784836814,0
                103.171876661107,5.3760114861245,0
                103.171146227011,5.37846653853039,0
                103.170545849403,5.38095627599328,0
                103.170077173876,5.38347387392749,0
                103.169741485038,5.38601243146427,0
                103.169539702987,5.38856499037,0
                103.169472380795,5.39112455412077,0
                103.169539702987,5.39368410708085,0
                103.169741485038,5.39623663373279,0
                103.170077173876,5.39877513790605,0
                103.170545849403,5.40129266195166,0
                103.171146227011,5.40378230581038,0
                103.171876661107,5.40623724592214,0
                103.172735149622,5.4086507539247,0
                103.173719339499,5.41101621509071,0
                103.17482653314,5.41332714645248,0
                103.176053695807,5.41557721456477,0
                103.17739746393,5.41776025285718,0
                103.178854154336,5.41987027852849,0
                103.180419774336,5.42190150893684,0
                103.182090032676,5.42384837744088,0
                103.183860351293,5.42570554864849,0
                103.185725877867,5.42746793303151,0
                103.18768149912,5.42913070086645,0
                103.189721854829,5.43068929546303,0
                103.191841352521,5.43213944564455,0
                103.1940341828,5.43347717744573,0
                103.196294335272,5.43469882499633,0
                103.198615615015,5.43580104056065,0
                103.200991659562,5.43678080370554,0
                103.203415956341,5.43763542957184,0
                103.205881860524,5.43836257622674,0
                103.208382613237,5.43896025107692,0
                103.210911360091,5.43942681632494,0
                103.213461169968,5.439760993454,0
                103.216025054016,5.43996186672899,0
                103.218595984806,5.44002888570386,0
                103.221166915596,5.43996186672899,0
                103.223730799643,5.439760993454,0
                103.22628060952,5.43942681632494,0
                103.228809356375,5.43896025107692,0
                103.231310109088,5.43836257622674,0
                103.23377601327,5.43763542957184,0
                103.236200310049,5.43678080370554,0
                103.238576354597,5.43580104056065,0
                103.240897634339,5.43469882499633,0
                103.243157786811,5.43347717744573,0
                103.24535061709,5.43213944564455,0
                103.247470114783,5.43068929546303,0
                103.249510470491,5.42913070086645,0
                103.251466091744,5.42746793303151,0
                103.253331618318,5.42570554864849,0
                103.255101936935,5.42384837744088,0
                103.256772195275,5.42190150893684,0
                103.258337815275,5.41987027852849,0
                103.259794505681,5.41776025285718,0
                103.261138273804,5.41557721456477,0
                103.262365436471,5.41332714645248,0
                103.263472630113,5.41101621509071,0
                103.264456819989,5.4086507539247,0
                103.265315308504,5.40623724592214,0
                103.2660457426,5.40378230581038,0
                103.266646120208,5.40129266195166,0
                103.267114795735,5.39877513790605,0
                103.267450484574,5.39623663373279,0
                103.267652266624,5.39368410708085,0
                103.267719588816,5.39112455412077,0
              </coordinates>
            </LinearRing>
          </outerBoundaryIs>
        </Polygon>
      </Placemark>
      <Placemark id="TRG_SE_15.16">
        <name>Terengganu</name>
        <description>P.036 Kuala Terengganu</description>
        <Style>
          <LineStyle>
            <color>ff0000ff</color>
          </LineStyle>
          <PolyStyle>
            <fill>0</fill>
          </PolyStyle>
        </Style>
        <ExtendedData>
          <SchemaData schemaUrl="#TRG_SE_15">
            <SimpleData name="state">P.036</SimpleData>
            <SimpleData name="parlimen">N.15 Ladang</SimpleData>
            <SimpleData name="code_parlimen">N.15</SimpleData>
          </SchemaData>
        </ExtendedData>
        <Polygon>
          <outerBoundaryIs>
            <LinearRing>
              <coordinates>
                103.184024220283,5.33989518219434,0
                103.183956898091,5.3373354035429,0
                103.18375511604,5.33478263042644,0
                103.183419427202,5.33224385995476,0
                103.182950751675,5.32972605094311,0
                103.182350374067,5.32723610483593,0
                103.181619939971,5.32478084678712,0
                103.180761451456,5.32236700694859,0
                103.179777261579,5.32000120201814,0
                103.178670067937,5.31768991709782,0
                103.177442905271,5.31543948791213,0
                103.176099137147,5.31325608343505,0
                103.174642446742,5.31114568897359,0
                103.173076826741,5.30911408975435,0
                103.171406568402,5.30716685505801,0
                103.169636249785,5.30530932294552,0
                103.167770723211,5.30354658561783,0
                103.165815101958,5.30188347544936,0
                103.163774746249,5.30032455173385,0
                103.161655248557,5.2988740881785,0
                103.159462418278,5.29753606118146,0
                103.157202265806,5.29631413892418,0
                103.154880986063,5.29521167130922,0
                103.152504941516,5.29423168077075,0
                103.150080644737,5.29337685398329,0
                103.147614740554,5.29264953449132,0
                103.145113987841,5.29205171628007,0
                103.142585240987,5.29158503830533,0
                103.14003543111,5.291250779997,0
                103.137471547062,5.29104985774907,0
                103.134900616272,5.29098282240552,0
                103.132329685482,5.29104985774907,0
                103.129765801435,5.291250779997,0
                103.127215991558,5.29158503830533,0
                103.124687244703,5.29205171628007,0
                103.12218649199,5.29264953449132,0
                103.119720587808,5.29337685398329,0
                103.117296291029,5.29423168077075,0
                103.114920246481,5.29521167130922,0
                103.112598966738,5.29631413892418,0
                103.110338814267,5.29753606118146,0
                103.108145983987,5.2988740881785,0
                103.106026486295,5.30032455173385,0
                103.103986130586,5.30188347544936,0
                103.102030509334,5.30354658561783,0
                103.10016498276,5.30530932294552,0
                103.098394664143,5.30716685505801,0
                103.096724405803,5.30911408975435,0
                103.095158785803,5.31114568897359,0
                103.093702095397,5.31325608343505,0
                103.092358327274,5.31543948791213,0
                103.091131164607,5.31768991709782,0
                103.090023970965,5.32000120201814,0
                103.089039781089,5.32236700694859,0
                103.088181292574,5.32478084678712,0
                103.087450858478,5.32723610483593,0
                103.08685048087,5.32972605094311,0
                103.086381805343,5.33224385995476,0
                103.086046116504,5.33478263042644,0
                103.085844334454,5.3373354035429,0
                103.085777012262,5.33989518219434,0
                103.085844334454,5.34245495015645,0
                103.086046116504,5.34500769132205,0
                103.086381805343,5.34754640893135,0
                103.08685048087,5.35006414474834,0
                103.087450858478,5.35255399813049,0
                103.088181292574,5.35500914493978,0
                103.089039781089,5.35742285624311,0
                103.090023970965,5.35978851675093,0
                103.091131164607,5.36209964294349,0
                103.092358327274,5.36434990083539,0
                103.093702095397,5.36653312332936,0
                103.095158785803,5.36864332711221,0
                103.096724405803,5.37067472904649,0
                103.098394664143,5.37262176201301,0
                103.10016498276,5.37447909016099,0
                103.102030509334,5.3762416235242,0
                103.103986130586,5.37790453196285,0
                103.106026486295,5.37946325839345,0
                103.108145983987,5.38091353127023,0
                103.110338814267,5.3822513762842,0
                103.112598966738,5.38347312724773,0
                103.114920246481,5.38457543613502,0
                103.117296291029,5.38555528225091,0
                103.119720587808,5.38640998050324,0
                103.12218649199,5.38713718875577,0
                103.124687244703,5.387734914242,0
                103.127215991558,5.38820151902212,0
                103.129765801435,5.38853572446812,0
                103.132329685482,5.3887366147652,0
                103.134900616272,5.38880363941943,0
                103.137471547062,5.3887366147652,0
                103.14003543111,5.38853572446812,0
                103.142585240987,5.38820151902212,0
                103.145113987841,5.387734914242,0
                103.147614740554,5.38713718875577,0
                103.150080644737,5.38640998050324,0
                103.152504941516,5.38555528225091,0
                103.154880986063,5.38457543613502,0
                103.157202265806,5.38347312724773,0
                103.159462418278,5.3822513762842,0
                103.161655248557,5.38091353127023,0
                103.163774746249,5.37946325839345,0
                103.165815101958,5.37790453196285,0
                103.167770723211,5.3762416235242,0
                103.169636249785,5.37447909016099,0
                103.171406568402,5.37262176201301,0
                103.173076826741,5.37067472904649,0
                103.174642446742,5.36864332711221,0
                103.176099137147,5.36653312332936,0
                103.177442905271,5.36434990083539,0
                103.178670067937,5.36209964294349,0
                103.179777261579,5.35978851675093,0
                103.180761451456,5.35742285624311,0
                103.181619939971,5.35500914493978,0
                103.182350374067,5.35255399813049,0
                103.182950751675,5.35006414474834,0
                103.183419427202,5.34754640893135,0
                103.18375511604,5.34500769132205,0
                103.183956898091,5.34245495015645,0
                103.184024220283,5.33989518219434,0
              </coordinates>
            </LinearRing>
          </outerBoundaryIs>
        </Polygon>
      </Placemark>
      <Placemark id="TRG_SE_15.17">
        <name>Terengganu</name>
        <description>P.036 Kuala Terengganu</description>
        <Style>
          <LineStyle>
            <color>ff0000ff</color>
          </LineStyle>
          <PolyStyle>
            <fill>0</fill>
          </PolyStyle>
        </Style>
        <ExtendedData>
          <SchemaData schemaUrl="#TRG_SE_15">
            <SimpleData name="state">P.036</SimpleData>
            <SimpleData name="parlimen">N.16 Batu Buruk</SimpleData>
            <SimpleData name="code_parlimen">N.16</SimpleData>
          </SchemaData>
        </ExtendedData>
        <Polygon>
          <outerBoundaryIs>
            <LinearRing>
              <coordinates>
                103.279497448794,5.29391758521931,0
                103.279430126602,5.2913576154402,0
                103.279228344551,5.28880465181055,0
                103.278892655713,5.28626569196126,0
                103.278423980186,5.28374769522473,0
                103.277823602578,5.28125756355744,0
                103.277093168482,5.27880212261865,0
                103.276234679967,5.27638810305765,0
                103.27525049009,5.27402212206038,0
                103.274143296448,5.27171066520642,0
                103.272916133782,5.26946006868594,0
                103.271572365658,5.26727650192563,0
                103.270115675253,5.26516595067093,0
                103.268550055252,5.26313420057156,0
                103.266879796913,5.26118682131481,0
                103.265109478296,5.25932915135083,0
                103.263243951721,5.25756628325125,0
                103.261288330469,5.25590304974185,0
                103.25924797476,5.25434401044733,0
                103.257128477068,5.25289343938482,0
                103.254935646789,5.25155531324045,0
                103.252675494317,5.25033330046107,0
                103.250354214574,5.24923075119136,0
                103.247978170027,5.24825068808376,0
                103.245553873247,5.24739579800664,0
                103.243087969065,5.24666842467343,0
                103.240587216352,5.2460705622131,0
                103.238058469497,5.24560384969944,0
                103.235508659621,5.24526956665447,0
                103.232944775573,5.24506862953812,0
                103.230373844783,5.24500158923402,0
                103.227802913993,5.24506862953812,0
                103.225239029946,5.24526956665447,0
                103.222689220069,5.24560384969944,0
                103.220160473214,5.2460705622131,0
                103.217659720501,5.24666842467343,0
                103.215193816319,5.24739579800664,0
                103.21276951954,5.24825068808376,0
                103.210393474992,5.24923075119136,0
                103.208072195249,5.25033330046107,0
                103.205812042778,5.25155531324045,0
                103.203619212498,5.25289343938482,0
                103.201499714806,5.25434401044733,0
                103.199459359097,5.25590304974185,0
                103.197503737845,5.25756628325125,0
                103.195638211271,5.25932915135083,0
                103.193867892654,5.26118682131481,0
                103.192197634314,5.26313420057156,0
                103.190632014314,5.26516595067093,0
                103.189175323908,5.26727650192563,0
                103.187831555785,5.26946006868594,0
                103.186604393118,5.27171066520642,0
                103.185497199476,5.27402212206038,0
                103.1845130096,5.27638810305765,0
                103.183654521085,5.27880212261865,0
                103.182924086989,5.28125756355744,0
                103.182323709381,5.28374769522473,0
                103.181855033854,5.28626569196126,0
                103.181519345015,5.28880465181055,0
                103.181317562965,5.2913576154402,0
                103.181250240773,5.29391758521931,0
                103.181317562965,5.29647754440006,0
                103.181519345015,5.29903047635078,0
                103.181855033854,5.30156938378767,0
                103.182323709381,5.30408730795252,0
                103.182924086989,5.306577347684,0
                103.183654521085,5.30903267833011,0
                103.1845130096,5.31144657044994,0
                103.185497199476,5.31381240825385,0
                103.186604393118,5.31612370773109,0
                103.187831555785,5.31837413441573,0
                103.189175323908,5.32055752074188,0
                103.190632014314,5.32266788294093,0
                103.192197634314,5.32469943743457,0
                103.193867892654,5.32664661667852,0
                103.195638211271,5.32850408441405,0
                103.197503737845,5.33026675028517,0
                103.199459359097,5.33192978378181,0
                103.201499714806,5.3334886274706,0
                103.203619212498,5.33493900947752,0
                103.205812042778,5.33627695518778,0
                103.208072195249,5.33749879813139,0
                103.210393474992,5.33860119002442,0
                103.21276951954,5.33958110993872,0
                103.215193816319,5.34043587257473,0
                103.217659720501,5.34116313561531,0
                103.220160473214,5.34176090613987,0
                103.222689220069,5.3422275460819,0
                103.225239029946,5.34256177671449,0
                103.227802913993,5.34276268215192,0
                103.230373844783,5.34282971185769,0
                103.232944775573,5.34276268215192,0
                103.235508659621,5.34256177671449,0
                103.238058469497,5.3422275460819,0
                103.240587216352,5.34176090613987,0
                103.243087969065,5.34116313561531,0
                103.245553873247,5.34043587257473,0
                103.247978170027,5.33958110993872,0
                103.250354214574,5.33860119002442,0
                103.252675494317,5.33749879813139,0
                103.254935646789,5.33627695518778,0
                103.257128477068,5.33493900947752,0
                103.25924797476,5.3334886274706,0
                103.261288330469,5.33192978378181,0
                103.263243951721,5.33026675028517,0
                103.265109478296,5.32850408441405,0
                103.266879796913,5.32664661667852,0
                103.268550055252,5.32469943743457,0
                103.270115675253,5.32266788294093,0
                103.271572365658,5.32055752074188,0
                103.272916133782,5.31837413441573,0
                103.274143296448,5.31612370773109,0
                103.27525049009,5.31381240825385,0
                103.276234679967,5.31144657044994,0
                103.277093168482,5.30903267833011,0
                103.277823602578,5.306577347684,0
                103.278423980186,5.30408730795252,0
                103.278892655713,5.30156938378767,0
                103.279228344551,5.29903047635078,0
                103.279430126602,5.29647754440006,0
                103.279497448794,5.29391758521931,0
              </coordinates>
            </LinearRing>
          </outerBoundaryIs>
        </Polygon>
      </Placemark>
      <Placemark id="TRG_SE_15.18">
        <name>Terengganu</name>
        <description>P.037 Marang</description>
        <Style>
          <LineStyle>
            <color>ff0000ff</color>
          </LineStyle>
          <PolyStyle>
            <fill>0</fill>
          </PolyStyle>
        </Style>
        <ExtendedData>
          <SchemaData schemaUrl="#TRG_SE_15">
            <SimpleData name="state">P.037</SimpleData>
            <SimpleData name="parlimen">N.17 Alur Limbat</SimpleData>
            <SimpleData name="code_parlimen">N.17</SimpleData>
          </SchemaData>
        </ExtendedData>
        <Polygon>
          <outerBoundaryIs>
            <LinearRing>
              <coordinates>
                103.052793162509,5.19431853579088,0
                103.052725840317,5.1917581576347,0
                103.052524058266,5.18920478694369,0
                103.052188369428,5.18666542246206,0
                103.051719693901,5.1841470246273,0
                103.051119316293,5.18165649648967,0
                103.050388882197,5.17920066478817,0
                103.049530393682,5.17678626123468,0
                103.048546203805,5.17441990405791,0
                103.047439010163,5.17210807985758,0
                103.046211847497,5.16985712581871,0
                103.044868079374,5.16767321233493,0
                103.043411388968,5.16556232608827,0
                103.041845768967,5.16353025363212,0
                103.040175510628,5.16158256552245,0
                103.038405192011,5.15972460104064,0
                103.036539665437,5.1579614535501,0
                103.034584044184,5.15629795652696,0
                103.032543688475,5.1547386703029,0
                103.030424190783,5.15328786955691,0
                103.028231360504,5.15194953159023,0
                103.025971208032,5.15072732541649,0
                103.023649928289,5.14962460169746,0
                103.021273883742,5.14864438355173,0
                103.018849586963,5.14778935826164,0
                103.01638368278,5.14706186990152,0
                103.013882930067,5.14646391290716,0
                103.011354183213,5.14599712660443,0
                103.008804373336,5.14566279071208,0
                103.006240489288,5.14546182183088,0
                103.003669558498,5.14539477092908,0
                103.001098627708,5.14546182183088,0
                102.998534743661,5.14566279071208,0
                102.995984933784,5.14599712660443,0
                102.993456186929,5.14646391290716,0
                102.990955434216,5.14706186990152,0
                102.988489530034,5.14778935826164,0
                102.986065233255,5.14864438355173,0
                102.983689188707,5.14962460169746,0
                102.981367908964,5.15072732541649,0
                102.979107756493,5.15194953159023,0
                102.976914926213,5.15328786955691,0
                102.974795428521,5.1547386703029,0
                102.972755072813,5.15629795652696,0
                102.97079945156,5.1579614535501,0
                102.968933924986,5.15972460104064,0
                102.967163606369,5.16158256552245,0
                102.965493348029,5.16353025363212,0
                102.963927728029,5.16556232608827,0
                102.962471037623,5.16767321233493,0
                102.9611272695,5.16985712581871,0
                102.959900106833,5.17210807985758,0
                102.958792913191,5.17441990405791,0
                102.957808723315,5.17678626123468,0
                102.9569502348,5.17920066478817,0
                102.956219800704,5.18165649648967,0
                102.955619423096,5.1841470246273,0
                102.955150747569,5.18666542246206,0
                102.95481505873,5.18920478694369,0
                102.95461327668,5.1917581576347,0
                102.954545954488,5.19431853579088,0
                102.95461327668,5.19687890354588,0
                102.95481505873,5.19943224314736,0
                102.955150747569,5.20197155619173,0
                102.955619423096,5.20448988280503,0
                102.956219800704,5.20698032071734,0
                102.9569502348,5.20943604417816,0
                102.957808723315,5.21185032266157,0
                102.958792913191,5.21421653930911,0
                102.959900106833,5.21652820906074,0
                102.9611272695,5.21877899642361,0
                102.962471037623,5.22096273283025,0
                102.963927728029,5.22307343353871,0
                102.965493348029,5.22510531402838,0
                102.967163606369,5.22705280584653,0
                102.968933924986,5.22891057186242,0
                102.97079945156,5.230673520887,0
                102.972755072813,5.23233682161866,0
                102.974795428521,5.23389591587628,0
                102.976914926213,5.2353465310841,0
                102.979107756493,5.2366846919737,0
                102.981367908964,5.2379067314715,0
                102.983689188707,5.23900930074188,0
                102.986065233255,5.23998937835844,0
                102.988489530034,5.24084427857851,0
                102.990955434216,5.24157165869801,0
                102.993456186929,5.2421695254671,0
                102.995984933784,5.2426362405484,0
                102.998534743661,5.24297052500352,0
                103.001098627708,5.24317146279521,0
                103.003669558498,5.24323850329585,0
                103.006240489288,5.24317146279521,0
                103.008804373336,5.24297052500352,0
                103.011354183213,5.2426362405484,0
                103.013882930067,5.2421695254671,0
                103.01638368278,5.24157165869801,0
                103.018849586963,5.24084427857851,0
                103.021273883742,5.23998937835844,0
                103.023649928289,5.23900930074188,0
                103.025971208032,5.2379067314715,0
                103.028231360504,5.2366846919737,0
                103.030424190783,5.2353465310841,0
                103.032543688475,5.23389591587628,0
                103.034584044184,5.23233682161866,0
                103.036539665437,5.230673520887,0
                103.038405192011,5.22891057186242,0
                103.040175510628,5.22705280584653,0
                103.041845768967,5.22510531402838,0
                103.043411388968,5.22307343353871,0
                103.044868079374,5.22096273283025,0
                103.046211847497,5.21877899642361,0
                103.047439010163,5.21652820906074,0
                103.048546203805,5.21421653930911,0
                103.049530393682,5.21185032266157,0
                103.050388882197,5.20943604417816,0
                103.051119316293,5.20698032071734,0
                103.051719693901,5.20448988280503,0
                103.052188369428,5.20197155619173,0
                103.052524058266,5.19943224314736,0
                103.052725840317,5.19687890354588,0
                103.052793162509,5.19431853579088,0
              </coordinates>
            </LinearRing>
          </outerBoundaryIs>
        </Polygon>
      </Placemark>
      <Placemark id="TRG_SE_15.19">
        <name>Terengganu</name>
        <description>P.037 Marang</description>
        <Style>
          <LineStyle>
            <color>ff0000ff</color>
          </LineStyle>
          <PolyStyle>
            <fill>0</fill>
          </PolyStyle>
        </Style>
        <ExtendedData>
          <SchemaData schemaUrl="#TRG_SE_15">
            <SimpleData name="state">P.037</SimpleData>
            <SimpleData name="parlimen">N.18 Bukit Payung</SimpleData>
            <SimpleData name="code_parlimen">N.18</SimpleData>
          </SchemaData>
        </ExtendedData>
        <Polygon>
          <outerBoundaryIs>
            <LinearRing>
              <coordinates>
                103.206562497493,5.2283693263628,0
                103.206495175301,5.22580908695171,0
                103.20629339325,5.22325585455833,0
                103.205957704412,5.22071662754863,0
                103.205489028885,5.21819836598469,0
                103.204888651277,5.21570797254518,0
                103.204158217181,5.21325227360227,0
                103.203299728666,5.21083800050684,0
                103.202315538789,5.20847177113336,0
                103.201208345148,5.20616007173499,0
                103.199981182481,5.2039092391588,0
                103.198637414358,5.20172544346993,0
                103.197180723952,5.19961467103224,0
                103.195615103952,5.19758270809214,0
                103.193944845612,5.19563512491053,0
                103.192174526995,5.1937772604864,0
                103.190309000421,5.19201420791425,0
                103.188353379168,5.19035080041527,0
                103.186313023459,5.188791598081,0
                103.184193525767,5.18734087536565,0
                103.182000695488,5.18600260936147,0
                103.179740543016,5.18478046888959,0
                103.177419263274,5.18367780443615,0
                103.175043218726,5.18269763896137,0
                103.172618921947,5.18184265960701,0
                103.170153017764,5.18111521032478,0
                103.167652265051,5.18051728544629,0
                103.165123518197,5.18005052421177,0
                103.16257370832,5.17971620627312,0
                103.160009824272,5.17951524818331,0
                103.157438893482,5.17944820088185,0
                103.154867962692,5.17951524818331,0
                103.152304078645,5.17971620627312,0
                103.149754268768,5.18005052421177,0
                103.147225521913,5.18051728544629,0
                103.1447247692,5.18111521032478,0
                103.142258865018,5.18184265960701,0
                103.139834568239,5.18269763896137,0
                103.137458523691,5.18367780443615,0
                103.135137243949,5.18478046888959,0
                103.132877091477,5.18600260936147,0
                103.130684261198,5.18734087536565,0
                103.128564763505,5.188791598081,0
                103.126524407797,5.19035080041527,0
                103.124568786544,5.19201420791425,0
                103.12270325997,5.1937772604864,0
                103.120932941353,5.19563512491053,0
                103.119262683013,5.19758270809214,0
                103.117697063013,5.19961467103224,0
                103.116240372607,5.20172544346993,0
                103.114896604484,5.2039092391588,0
                103.113669441817,5.20616007173499,0
                103.112562248175,5.20847177113336,0
                103.111578058299,5.21083800050684,0
                103.110719569784,5.21325227360227,0
                103.109989135688,5.21570797254518,0
                103.10938875808,5.21819836598469,0
                103.108920082553,5.22071662754863,0
                103.108584393714,5.22325585455833,0
                103.108382611664,5.22580908695171,0
                103.108315289472,5.2283693263628,0
                103.108382611664,5.23092955530531,0
                103.108584393714,5.23348275640763,0
                103.108920082553,5.23602193164659,0
                103.10938875808,5.23854012152736,0
                103.109989135688,5.24103042415664,0
                103.110719569784,5.24348601415721,0
                103.111578058299,5.24590016137174,0
                103.112562248175,5.24826624930498,0
                103.113669441817,5.25057779325342,0
                103.114896604484,5.25282845807311,0
                103.116240372607,5.2550120755369,0
                103.117697063013,5.2571226612336,0
                103.119262683013,5.25915443096277,0
                103.120932941353,5.26110181658037,0
                103.12270325997,5.26295948125195,0
                103.124568786544,5.26472233407159,0
                103.126524407797,5.26638554400659,0
                103.128564763505,5.26794455312995,0
                103.130684261198,5.26939508910435,0
                103.132877091477,5.2707331768835,0
                103.135137243949,5.27195514959893,0
                103.137458523691,5.27305765860249,0
                103.139834568239,5.27403768263709,0
                103.142258865018,5.27489253611064,0
                103.1447247692,5.27561987645055,0
                103.147225521913,5.27621771051887,0
                103.149754268768,5.27668440007028,0
                103.152304078645,5.27701866623821,0
                103.154867962692,5.27721959303696,0
                103.157438893482,5.27728662986986,0
                103.160009824272,5.27721959303696,0
                103.16257370832,5.27701866623821,0
                103.165123518197,5.27668440007028,0
                103.167652265051,5.27621771051887,0
                103.170153017764,5.27561987645055,0
                103.172618921947,5.27489253611064,0
                103.175043218726,5.27403768263709,0
                103.177419263274,5.27305765860249,0
                103.179740543016,5.27195514959893,0
                103.182000695488,5.2707331768835,0
                103.184193525767,5.26939508910435,0
                103.186313023459,5.26794455312995,0
                103.188353379168,5.26638554400659,0
                103.190309000421,5.26472233407159,0
                103.192174526995,5.26295948125195,0
                103.193944845612,5.26110181658037,0
                103.195615103952,5.25915443096277,0
                103.197180723952,5.2571226612336,0
                103.198637414358,5.2550120755369,0
                103.199981182481,5.25282845807311,0
                103.201208345148,5.25057779325342,0
                103.202315538789,5.24826624930498,0
                103.203299728666,5.24590016137174,0
                103.204158217181,5.24348601415721,0
                103.204888651277,5.24103042415664,0
                103.205489028885,5.23854012152736,0
                103.205957704412,5.23602193164659,0
                103.20629339325,5.23348275640763,0
                103.206495175301,5.23092955530531,0
                103.206562497493,5.2283693263628,0
              </coordinates>
            </LinearRing>
          </outerBoundaryIs>
        </Polygon>
      </Placemark>
      <Placemark id="TRG_SE_15.20">
        <name>Terengganu</name>
        <description>P.037 Marang</description>
        <Style>
          <LineStyle>
            <color>ff0000ff</color>
          </LineStyle>
          <PolyStyle>
            <fill>0</fill>
          </PolyStyle>
        </Style>
        <ExtendedData>
          <SchemaData schemaUrl="#TRG_SE_15">
            <SimpleData name="state">P.037</SimpleData>
            <SimpleData name="parlimen">N.19 Ru Rendang</SimpleData>
            <SimpleData name="code_parlimen">N.19</SimpleData>
          </SchemaData>
        </ExtendedData>
        <Polygon>
          <outerBoundaryIs>
            <LinearRing>
              <coordinates>
                103.27788967256,5.16074070203355,0
                103.277822350368,5.158180187945,0
                103.277620568318,5.15562668176042,0
                103.277284879479,5.15308718259459,0
                103.276816203952,5.15056865125282,0
                103.276215826344,5.14807799114945,0
                103.275485392248,5.14562202938279,0
                103.274626903733,5.1432074980184,0
                103.273642713857,5.14084101563201,0
                103.272535520215,5.13852906916284,0
                103.271308357548,5.13627799612701,0
                103.269964589425,5.13409396723991,0
                103.268507899019,5.13198296949521,0
                103.266942279019,5.12995078974709,0
                103.265272020679,5.12800299884053,0
                103.263501702062,5.1261449363335,0
                103.261636175488,5.1243816958529,0
                103.259680554236,5.12271811112452,0
                103.257640198527,5.12115874271525,0
                103.255520700835,5.11970786552436,0
                103.253327870555,5.11836945705768,0
                103.251067718084,5.11714718651746,0
                103.248746438341,5.11604440473752,0
                103.246370393793,5.1150641349915,0
                103.243946097014,5.11420906469952,0
                103.241480192832,5.11348153805595,0
                103.238979440119,5.11288354959867,0
                103.236450693264,5.11241673873742,0
                103.233900883387,5.11208238525638,0
                103.23133699934,5.11188140580319,0
                103.22876606855,5.11181435137427,0
                103.22619513776,5.11188140580319,0
                103.223631253712,5.11208238525638,0
                103.221081443835,5.11241673873742,0
                103.218552696981,5.11288354959867,0
                103.216051944268,5.11348153805595,0
                103.213586040085,5.11420906469952,0
                103.211161743306,5.1150641349915,0
                103.208785698759,5.11604440473752,0
                103.206464419016,5.11714718651746,0
                103.204204266544,5.11836945705768,0
                103.202011436265,5.11970786552436,0
                103.199891938573,5.12115874271525,0
                103.197851582864,5.12271811112452,0
                103.195895961612,5.1243816958529,0
                103.194030435037,5.1261449363335,0
                103.19226011642,5.12800299884053,0
                103.190589858081,5.12995078974709,0
                103.18902423808,5.13198296949521,0
                103.187567547675,5.13409396723991,0
                103.186223779551,5.13627799612701,0
                103.184996616885,5.13852906916284,0
                103.183889423243,5.14084101563201,0
                103.182905233366,5.1432074980184,0
                103.182046744851,5.14562202938279,0
                103.181316310755,5.14807799114945,0
                103.180715933147,5.15056865125282,0
                103.18024725762,5.15308718259459,0
                103.179911568782,5.15562668176042,0
                103.179709786731,5.158180187945,0
                103.179642464539,5.16074070203355,0
                103.179709786731,5.16330120578744,0
                103.179911568782,5.16585468108128,0
                103.18024725762,5.16839412913873,0
                103.180715933147,5.17091258971443,0
                103.181316310755,5.17340316016938,0
                103.182046744851,5.17585901438748,0
                103.182905233366,5.17827342148148,0
                103.183889423243,5.18063976423718,0
                103.184996616885,5.18295155724521,0
                103.186223779551,5.18520246467078,0
                103.187567547675,5.18738631761297,0
                103.18902423808,5.18949713100579,0
                103.190589858081,5.19152912001487,0
                103.19226011642,5.19347671588502,0
                103.194030435037,5.19533458119512,0
                103.195895961612,5.19709762447877,0
                103.197851582864,5.19876101417075,0
                103.199891938573,5.20032019184102,0
                103.202011436265,5.20177088468008,0
                103.204204266544,5.20310911720191,0
                103.206464419016,5.20433122213192,0
                103.208785698759,5.20543385045077,0
                103.211161743306,5.20641398056616,0
                103.213586040085,5.20726892658781,0
                103.216051944268,5.20799634568287,0
                103.218552696981,5.20859424449179,0
                103.221081443835,5.20906098458699,0
                103.223631253712,5.20939528695969,0
                103.22619513776,5.20959623552215,0
                103.22876606855,5.20966327961643,0
                103.23133699934,5.20959623552215,0
                103.233900883387,5.20939528695969,0
                103.236450693264,5.20906098458699,0
                103.238979440119,5.20859424449179,0
                103.241480192832,5.20799634568287,0
                103.243946097014,5.20726892658781,0
                103.246370393793,5.20641398056616,0
                103.248746438341,5.20543385045077,0
                103.251067718084,5.20433122213192,0
                103.253327870555,5.20310911720191,0
                103.255520700835,5.20177088468008,0
                103.257640198527,5.20032019184102,0
                103.259680554236,5.19876101417075,0
                103.261636175488,5.19709762447877,0
                103.263501702062,5.19533458119512,0
                103.265272020679,5.19347671588502,0
                103.266942279019,5.19152912001487,0
                103.268507899019,5.18949713100579,0
                103.269964589425,5.18738631761297,0
                103.271308357548,5.18520246467078,0
                103.272535520215,5.18295155724521,0
                103.273642713857,5.18063976423718,0
                103.274626903733,5.17827342148148,0
                103.275485392248,5.17585901438748,0
                103.276215826344,5.17340316016938,0
                103.276816203952,5.17091258971443,0
                103.277284879479,5.16839412913873,0
                103.277620568318,5.16585468108128,0
                103.277822350368,5.16330120578744,0
                103.27788967256,5.16074070203355,0
              </coordinates>
            </LinearRing>
          </outerBoundaryIs>
        </Polygon>
      </Placemark>
      <Placemark id="TRG_SE_15.21">
        <name>Terengganu</name>
        <description>P.037 Marang</description>
        <Style>
          <LineStyle>
            <color>ff0000ff</color>
          </LineStyle>
          <PolyStyle>
            <fill>0</fill>
          </PolyStyle>
        </Style>
        <ExtendedData>
          <SchemaData schemaUrl="#TRG_SE_15">
            <SimpleData name="state">P.037</SimpleData>
            <SimpleData name="parlimen">N.20 Pengkalan Berangan</SimpleData>
            <SimpleData name="code_parlimen">N.20</SimpleData>
          </SchemaData>
        </ExtendedData>
        <Polygon>
          <outerBoundaryIs>
            <LinearRing>
              <coordinates>
                103.273349426099,5.03202593885021,0
                103.273282103907,5.0294649118357,0
                103.273080321856,5.02691089438509,0
                103.272744633018,5.02437088701137,0
                103.272275957491,5.02185185190762,0
                103.271675579882,5.0193606938618,0
                103.270945145786,5.01690424132796,0
                103.270086657272,5.01448922770593,0
                103.269102467395,5.01212227288065,0
                103.267995273753,5.00980986507214,0
                103.266768111087,5.00755834304545,0
                103.265424342963,5.00537387872982,0
                103.263967652558,5.0032624602946,0
                103.262402032557,5.00122987572832,0
                103.260731774218,4.99928169696621,0
                103.2589614556,4.99742326460956,0
                103.257095929026,4.99565967327902,0
                103.255140307774,4.99399575764199,0
                103.253099952065,4.99243607915265,0
                103.250980454373,4.99098491354076,0
                103.248787624094,4.98964623908406,0
                103.246527471622,4.988423725696,0
                103.244206191879,4.98732072485922,0
                103.241830147332,4.98634026043223,0
                103.239405850552,4.98548502035459,0
                103.23693994637,4.98475734927344,0
                103.234439193657,4.98415924211164,0
                103.231910446802,4.98369233859521,0
                103.229360636926,4.98335791875513,0
                103.226796752878,4.98315689941569,0
                103.224225822088,4.98308983167955,0
                103.221654891298,4.98315689941569,0
                103.219091007251,4.98335791875513,0
                103.216541197374,4.98369233859521,0
                103.214012450519,4.98415924211164,0
                103.211511697806,4.98475734927344,0
                103.209045793624,4.98548502035459,0
                103.206621496845,4.98634026043223,0
                103.204245452297,4.98732072485922,0
                103.201924172554,4.988423725696,0
                103.199664020083,4.98964623908406,0
                103.197471189803,4.99098491354076,0
                103.195351692111,4.99243607915265,0
                103.193311336402,4.99399575764199,0
                103.19135571515,4.99565967327902,0
                103.189490188576,4.99742326460956,0
                103.187719869959,4.99928169696621,0
                103.186049611619,5.00122987572832,0
                103.184483991619,5.0032624602946,0
                103.183027301213,5.00537387872982,0
                103.181683533089,5.00755834304545,0
                103.180456370423,5.00980986507214,0
                103.179349176781,5.01212227288065,0
                103.178364986905,5.01448922770593,0
                103.17750649839,5.01690424132796,0
                103.176776064294,5.0193606938618,0
                103.176175686686,5.02185185190762,0
                103.175707011159,5.02437088701137,0
                103.17537132232,5.02691089438509,0
                103.175169540269,5.0294649118357,0
                103.175102218077,5.03202593885021,0
                103.175169540269,5.03458695578512,0
                103.17537132232,5.03714094310741,0
                103.175707011159,5.03968090063414,0
                103.176175686686,5.04219986671839,0
                103.176776064294,5.04469093732838,0
                103.17750649839,5.04714728496803,0
                103.178364986905,5.04956217738676,0
                103.179349176781,5.05192899602755,0
                103.180456370423,5.05424125416244,0
                103.181683533089,5.05649261466628,0
                103.183027301213,5.05867690737944,0
                103.184483991619,5.06078814601275,0
                103.186049611619,5.06282054454759,0
                103.187719869959,5.06476853308692,0
                103.189490188576,5.0666267731136,0
                103.19135571515,5.06839017211418,0
                103.193311336402,5.07005389752846,0
                103.195351692111,5.07161338998638,0
                103.197471189803,5.07306437579637,0
                103.199664020083,5.07440287865068,0
                103.201924172554,5.07562523051592,0
                103.204245452297,5.07672808167914,0
                103.206621496845,5.0777084099217,0
                103.209045793624,5.0785635287961,0
                103.211511697806,5.07929109498312,0
                103.214012450519,5.07988911470914,0
                103.216541197374,5.08035594920609,0
                103.219091007251,5.08069031919923,0
                103.221654891298,5.08089130841034,0
                103.224225822088,5.08095836606691,0
                103.226796752878,5.08089130841034,0
                103.229360636926,5.08069031919923,0
                103.231910446802,5.08035594920609,0
                103.234439193657,5.07988911470914,0
                103.23693994637,5.07929109498312,0
                103.239405850552,5.0785635287961,0
                103.241830147332,5.0777084099217,0
                103.244206191879,5.07672808167914,0
                103.246527471622,5.07562523051592,0
                103.248787624094,5.07440287865068,0
                103.250980454373,5.07306437579637,0
                103.253099952065,5.07161338998638,0
                103.255140307774,5.07005389752846,0
                103.257095929026,5.06839017211418,0
                103.2589614556,5.0666267731136,0
                103.260731774218,5.06476853308692,0
                103.262402032557,5.06282054454759,0
                103.263967652558,5.06078814601275,0
                103.265424342963,5.05867690737944,0
                103.266768111087,5.05649261466628,0
                103.267995273753,5.05424125416244,0
                103.269102467395,5.05192899602755,0
                103.270086657272,5.04956217738676,0
                103.270945145786,5.04714728496803,0
                103.271675579882,5.04469093732838,0
                103.272275957491,5.04219986671839,0
                103.272744633018,5.03968090063414,0
                103.273080321856,5.03714094310741,0
                103.273282103907,5.03458695578512,0
                103.273349426099,5.03202593885021,0
              </coordinates>
            </LinearRing>
          </outerBoundaryIs>
        </Polygon>
      </Placemark>
      <Placemark id="TRG_SE_15.22">
        <name>Terengganu</name>
        <description>P.038 Hulu Terengganu</description>
        <Style>
          <LineStyle>
            <color>ff0000ff</color>
          </LineStyle>
          <PolyStyle>
            <fill>0</fill>
          </PolyStyle>
        </Style>
        <ExtendedData>
          <SchemaData schemaUrl="#TRG_SE_15">
            <SimpleData name="state">P.038</SimpleData>
            <SimpleData name="parlimen">N.22 Manir</SimpleData>
            <SimpleData name="code_parlimen">N.22</SimpleData>
          </SchemaData>
        </ExtendedData>
        <Polygon>
          <outerBoundaryIs>
            <LinearRing>
              <coordinates>
                103.116930403906,5.26843250181947,0
                103.116863081714,5.26587242680965,0
                103.116661299664,5.26331935828796,0
                103.116325610825,5.26078029417216,0
                103.115856935298,5.25826219407946,0
                103.11525655769,5.25577196024816,0
                103.114526123594,5.25331641861579,0
                103.113667635079,5.25090230010546,0
                103.112683445203,5.24853622217184,0
                103.111576251561,5.24622467065739,0
                103.110349088894,5.24397398200871,0
                103.109005320771,5.24179032590163,0
                103.107548630365,5.23967968832298,0
                103.105983010365,5.23764785515537,0
                103.104312752025,5.23570039630999,0
                103.102542433408,5.2338426504512,0
                103.100676906834,5.23207971035469,0
                103.098721285581,5.23041640893966,0
                103.096680929873,5.22885730601297,0
                103.09456143218,5.22740667576239,0
                103.092368601901,5.22606849503255,0
                103.090108449429,5.2248464324164,0
                103.087787169687,5.2237438381919,0
                103.085411125139,5.22276373513162,0
                103.08298682836,5.22190881021063,0
                103.080520924178,5.2211814072354,0
                103.078020171464,5.22058352041396,0
                103.07549142461,5.2201167888851,0
                103.072941614733,5.21978249222151,0
                103.070377730686,5.21958154691945,0
                103.067806799896,5.21951450388435,0
                103.065235869106,5.21958154691945,0
                103.062671985058,5.21978249222151,0
                103.060122175181,5.2201167888851,0
                103.057593428327,5.22058352041396,0
                103.055092675614,5.2211814072354,0
                103.052626771431,5.22190881021063,0
                103.050202474652,5.22276373513162,0
                103.047826430104,5.2237438381919,0
                103.045505150362,5.2248464324164,0
                103.04324499789,5.22606849503255,0
                103.041052167611,5.22740667576239,0
                103.038932669919,5.22885730601297,0
                103.03689231421,5.23041640893966,0
                103.034936692957,5.23207971035469,0
                103.033071166383,5.2338426504512,0
                103.031300847766,5.23570039630999,0
                103.029630589426,5.23764785515537,0
                103.028064969426,5.23967968832298,0
                103.02660827902,5.24179032590163,0
                103.025264510897,5.24397398200871,0
                103.02403734823,5.24622467065739,0
                103.022930154589,5.24853622217184,0
                103.021945964712,5.25090230010546,0
                103.021087476197,5.25331641861579,0
                103.020357042101,5.25577196024816,0
                103.019756664493,5.25826219407946,0
                103.019287988966,5.26078029417216,0
                103.018952300128,5.26331935828796,0
                103.018750518077,5.26587242680965,0
                103.018683195885,5.26843250181947,0
                103.018750518077,5.27099256628138,0
                103.018952300128,5.27354560327493,0
                103.019287988966,5.27608461522777,0
                103.019756664493,5.27860264309421,0
                103.020357042101,5.28109278542726,0
                103.021087476197,5.28354821729188,0
                103.021945964712,5.2859622089676,0
                103.022930154589,5.28832814438938,0
                103.02403734823,5.29063953927613,0
                103.025264510897,5.29289005889733,0
                103.02660827902,5.29507353542903,0
                103.028064969426,5.29718398485186,0
                103.029630589426,5.29921562334469,0
                103.031300847766,5.30116288312924,0
                103.033071166383,5.3030204277221,0
                103.034936692957,5.30478316655265,0
                103.03689231421,5.30644626890688,0
                103.038932669919,5.30800517715882,0
                103.041052167611,5.30945561925362,0
                103.04324499789,5.31079362040812,0
                103.045505150362,5.31201551399684,0
                103.047826430104,5.3131179515937,0
                103.050202474652,5.31409791214221,0
                103.052626771431,5.31495271022865,0
                103.055092675614,5.31568000343619,0
                103.057593428327,5.31627779875943,0
                103.060122175181,5.31674445806207,0
                103.062671985058,5.31707870256273,0
                103.065235869106,5.31727961633666,0
                103.067806799896,5.31734664882386,0
                103.070377730686,5.31727961633666,0
                103.072941614733,5.31707870256273,0
                103.07549142461,5.31674445806207,0
                103.078020171464,5.31627779875943,0
                103.080520924178,5.31568000343619,0
                103.08298682836,5.31495271022865,0
                103.085411125139,5.31409791214221,0
                103.087787169687,5.3131179515937,0
                103.090108449429,5.31201551399684,0
                103.092368601901,5.31079362040812,0
                103.09456143218,5.30945561925362,0
                103.096680929873,5.30800517715882,0
                103.098721285581,5.30644626890688,0
                103.100676906834,5.30478316655265,0
                103.102542433408,5.3030204277221,0
                103.104312752025,5.30116288312924,0
                103.105983010365,5.29921562334469,0
                103.107548630365,5.29718398485186,0
                103.109005320771,5.29507353542903,0
                103.110349088894,5.29289005889733,0
                103.111576251561,5.29063953927613,0
                103.112683445203,5.28832814438938,0
                103.113667635079,5.2859622089676,0
                103.114526123594,5.28354821729188,0
                103.11525655769,5.28109278542726,0
                103.115856935298,5.27860264309421,0
                103.116325610825,5.27608461522777,0
                103.116661299664,5.27354560327493,0
                103.116863081714,5.27099256628138,0
                103.116930403906,5.26843250181947,0
              </coordinates>
            </LinearRing>
          </outerBoundaryIs>
        </Polygon>
      </Placemark>
      <Placemark id="TRG_SE_15.23">
        <name>Terengganu</name>
        <description>P.038 Hulu Terengganu</description>
        <Style>
          <LineStyle>
            <color>ff0000ff</color>
          </LineStyle>
          <PolyStyle>
            <fill>0</fill>
          </PolyStyle>
        </Style>
        <ExtendedData>
          <SchemaData schemaUrl="#TRG_SE_15">
            <SimpleData name="state">P.038</SimpleData>
            <SimpleData name="parlimen">N.23 Kuala Berang</SimpleData>
            <SimpleData name="code_parlimen">N.23</SimpleData>
          </SchemaData>
        </ExtendedData>
        <Polygon>
          <outerBoundaryIs>
            <LinearRing>
              <coordinates>
                103.071907158184,5.09833706853256,0
                103.071839835992,5.09577630415271,0
                103.071638053942,5.093222548486,0
                103.071302365103,5.09068280132951,0
                103.070833689576,5.08816402416575,0
                103.070233311968,5.08567312107936,0
                103.069502877872,5.08321691983026,0
                103.068644389357,5.08080215313513,0
                103.067660199481,5.07843544020861,0
                103.066553005839,5.07612326861498,0
                103.065325843172,5.07387197647984,0
                103.063982075049,5.07168773511099,0
                103.062525384643,5.06957653207586,0
                103.060959764643,5.06754415478225,0
                103.059289506303,5.06559617460722,0
                103.057519187686,5.06373793161792,0
                103.055653661112,5.06197451992628,0
                103.053698039859,5.06031077371762,0
                103.05165768415,5.0587512539919,0
                103.049538186458,5.05730023605372,0
                103.047345356179,5.05596169778567,0
                103.045085203707,5.05473930873711,0
                103.042763923965,5.05363642005855,0
                103.040387879417,5.05265605530907,0
                103.037963582638,5.05180090216232,0
                103.035497678456,5.05107330503369,0
                103.032996925742,5.05047525864894,0
                103.030468178888,5.0500084025722,0
                103.027918369011,5.04967401670809,0
                103.025354484964,5.0494730177905,0
                103.022783554173,5.04940595686768,0
                103.020212623383,5.0494730177905,0
                103.017648739336,5.04967401670809,0
                103.015098929459,5.0500084025722,0
                103.012570182605,5.05047525864894,0
                103.010069429891,5.05107330503369,0
                103.007603525709,5.05180090216232,0
                103.00517922893,5.05265605530907,0
                103.002803184382,5.05363642005855,0
                103.00048190464,5.05473930873711,0
                102.998221752168,5.05596169778567,0
                102.996028921889,5.05730023605372,0
                102.993909424197,5.0587512539919,0
                102.991869068488,5.06031077371762,0
                102.989913447235,5.06197451992628,0
                102.988047920661,5.06373793161792,0
                102.986277602044,5.06559617460722,0
                102.984607343704,5.06754415478225,0
                102.983041723704,5.06957653207586,0
                102.981585033298,5.07168773511099,0
                102.980241265175,5.07387197647984,0
                102.979014102508,5.07612326861498,0
                102.977906908866,5.07843544020861,0
                102.97692271899,5.08080215313513,0
                102.976064230475,5.08321691983026,0
                102.975333796379,5.08567312107936,0
                102.974733418771,5.08816402416575,0
                102.974264743244,5.09068280132951,0
                102.973929054405,5.093222548486,0
                102.973727272355,5.09577630415271,0
                102.973659950163,5.09833706853256,0
                102.973727272355,5.10089782270139,0
                102.973929054405,5.10345154784691,0
                102.974264743244,5.10599124450644,0
                102.974733418771,5.10850995175074,0
                102.975333796379,5.11100076626119,0
                102.976064230475,5.11345686124836,0
                102.97692271899,5.11587150515977,0
                102.977906908866,5.11823808012604,0
                102.979014102508,5.12055010009442,0
                102.980241265175,5.12280122860054,0
                102.981585033298,5.12498529612936,0
                102.983041723704,5.12709631701807,0
                102.984607343704,5.12912850585451,0
                102.986277602044,5.13107629332641,0
                102.988047920661,5.13293434147788,0
                102.989913447235,5.13469755833172,0
                102.991869068488,5.13636111183725,0
                102.993909424197,5.13792044310583,0
                102.996028921889,5.1393712788976,0
                102.998221752168,5.14070964332568,0
                103.00048190464,5.14193186874527,0
                103.002803184382,5.14303460579865,0
                103.00517922893,5.14401483258795,0
                103.007603525709,5.14486986295102,0
                103.010069429891,5.14559735381778,0
                103.012570182605,5.14619531162664,0
                103.015098929459,5.14666209778394,0
                103.017648739336,5.14699643315113,0
                103.020212623383,5.14719740154756,0
                103.022783554173,5.14726445225936,0
                103.025354484964,5.14719740154756,0
                103.027918369011,5.14699643315113,0
                103.030468178888,5.14666209778394,0
                103.032996925742,5.14619531162664,0
                103.035497678456,5.14559735381778,0
                103.037963582638,5.14486986295102,0
                103.040387879417,5.14401483258795,0
                103.042763923965,5.14303460579865,0
                103.045085203707,5.14193186874527,0
                103.047345356179,5.14070964332568,0
                103.049538186458,5.1393712788976,0
                103.05165768415,5.13792044310583,0
                103.053698039859,5.13636111183725,0
                103.055653661112,5.13469755833172,0
                103.057519187686,5.13293434147788,0
                103.059289506303,5.13107629332641,0
                103.060959764643,5.12912850585451,0
                103.062525384643,5.12709631701807,0
                103.063982075049,5.12498529612936,0
                103.065325843172,5.12280122860054,0
                103.066553005839,5.12055010009442,0
                103.067660199481,5.11823808012604,0
                103.068644389357,5.11587150515977,0
                103.069502877872,5.11345686124836,0
                103.070233311968,5.11100076626119,0
                103.070833689576,5.10850995175074,0
                103.071302365103,5.10599124450644,0
                103.071638053942,5.10345154784691,0
                103.071839835992,5.10089782270139,0
                103.071907158184,5.09833706853256,0
              </coordinates>
            </LinearRing>
          </outerBoundaryIs>
        </Polygon>
      </Placemark>
      <Placemark id="TRG_SE_15.24">
        <name>Terengganu</name>
        <description>P.038 Hulu Terengganu</description>
        <Style>
          <LineStyle>
            <color>ff0000ff</color>
          </LineStyle>
          <PolyStyle>
            <fill>0</fill>
          </PolyStyle>
        </Style>
        <ExtendedData>
          <SchemaData schemaUrl="#TRG_SE_15">
            <SimpleData name="state">P.038</SimpleData>
            <SimpleData name="parlimen">N.24 Ajil</SimpleData>
            <SimpleData name="code_parlimen">N.24</SimpleData>
          </SchemaData>
        </ExtendedData>
        <Polygon>
          <outerBoundaryIs>
            <LinearRing>
              <coordinates>
                103.112895458454,4.95135505405841,0
                103.112828136262,4.94879371216054,0
                103.112626354211,4.94623938084894,0
                103.112290665373,4.94369906149492,0
                103.111821989846,4.94117971714345,0
                103.111221612238,4.93868825342561,0
                103.110491178142,4.93623149962756,0
                103.109632689627,4.93381618996805,0
                103.10864849975,4.93144894513555,0
                103.107541306109,4.92913625413608,0
                103.106314143442,4.92688445650114,0
                103.104970375319,4.92469972490487,0
                103.103513684913,4.92258804823801,0
                103.101948064912,4.9205552151852,0
                103.100277806573,4.91860679835061,0
                103.098507487956,4.91674813897565,0
                103.096641961382,4.91498433229069,0
                103.094686340129,4.91332021354087,0
                103.09264598442,4.91176034472466,0
                103.090526486728,4.91030900208139,0
                103.088333656449,4.90897016436227,0
                103.086073503977,4.90774750191708,0
                103.083752224234,4.90664436662648,0
                103.081376179687,4.90566378270775,0
                103.078951882908,4.90480843841906,0
                103.076485978725,4.90408067868532,0
                103.073985226012,4.90348249866552,0
                103.071456479158,4.9030155382797,0
                103.068906669281,4.90268107771015,0
                103.066342785233,4.90248003388963,0
                103.063771854443,4.90241295798588,0
                103.061200923653,4.90248003388963,0
                103.058637039606,4.90268107771015,0
                103.056087229729,4.9030155382797,0
                103.053558482874,4.90348249866552,0
                103.051057730161,4.90408067868532,0
                103.048591825979,4.90480843841906,0
                103.0461675292,4.90566378270775,0
                103.043791484652,4.90664436662648,0
                103.04147020491,4.90774750191708,0
                103.039210052438,4.90897016436227,0
                103.037017222158,4.91030900208139,0
                103.034897724466,4.91176034472466,0
                103.032857368758,4.91332021354087,0
                103.030901747505,4.91498433229069,0
                103.029036220931,4.91674813897565,0
                103.027265902314,4.91860679835061,0
                103.025595643974,4.9205552151852,0
                103.024030023974,4.92258804823801,0
                103.022573333568,4.92469972490487,0
                103.021229565445,4.92688445650114,0
                103.020002402778,4.92913625413608,0
                103.018895209136,4.93144894513555,0
                103.01791101926,4.93381618996805,0
                103.017052530745,4.93623149962756,0
                103.016322096649,4.93868825342561,0
                103.015721719041,4.94117971714345,0
                103.015253043514,4.94369906149492,0
                103.014917354675,4.94623938084894,0
                103.014715572625,4.94879371216054,0
                103.014648250433,4.95135505405841,0
                103.014715572625,4.95391638603667,0
                103.014917354675,4.95647068769807,0
                103.015253043514,4.95901095799617,0
                103.015721719041,4.9615302344235,0
                103.016322096649,4.96402161209314,0
                103.017052530745,4.96647826266169,0
                103.01791101926,4.96889345304142,0
                103.018895209136,4.97126056385071,0
                103.020002402778,4.97357310755193,0
                103.021229565445,4.97582474622741,0
                103.022573333568,4.97800930894459,0
                103.024030023974,4.98012080866301,0
                103.025595643974,4.98215345863675,0
                103.027265902314,4.98410168826744,0
                103.029036220931,4.98596015836475,0
                103.030901747505,4.98772377577207,0
                103.032857368758,4.98938770731801,0
                103.034897724466,4.99094739305517,0
                103.037017222158,4.99239855875005,0
                103.039210052438,4.99373722759012,0
                103.04147020491,4.9949597310759,0
                103.043791484652,4.99606271906831,0
                103.0461675292,4.99704316896388,0
                103.048591825979,4.99789839397284,0
                103.051057730161,4.99862605047715,0
                103.053558482874,4.99922414444879,0
                103.056087229729,4.99969103691051,0
                103.058637039606,5.00002544842417,0
                103.061200923653,5.00022646259451,0
                103.063771854443,5.00029352857865,0
                103.066342785233,5.00022646259451,0
                103.068906669281,5.00002544842417,0
                103.071456479158,4.99969103691051,0
                103.073985226012,4.99922414444879,0
                103.076485978725,4.99862605047715,0
                103.078951882908,4.99789839397284,0
                103.081376179687,4.99704316896388,0
                103.083752224234,4.99606271906831,0
                103.086073503977,4.9949597310759,0
                103.088333656449,4.99373722759012,0
                103.090526486728,4.99239855875005,0
                103.09264598442,4.99094739305517,0
                103.094686340129,4.98938770731801,0
                103.096641961382,4.98772377577207,0
                103.098507487956,4.98596015836475,0
                103.100277806573,4.98410168826744,0
                103.101948064912,4.98215345863675,0
                103.103513684913,4.98012080866301,0
                103.104970375319,4.97800930894459,0
                103.106314143442,4.97582474622741,0
                103.107541306109,4.97357310755193,0
                103.10864849975,4.97126056385071,0
                103.109632689627,4.96889345304142,0
                103.110491178142,4.96647826266169,0
                103.111221612238,4.96402161209314,0
                103.111821989846,4.9615302344235,0
                103.112290665373,4.95901095799617,0
                103.112626354211,4.95647068769807,0
                103.112828136262,4.95391638603667,0
                103.112895458454,4.95135505405841,0
              </coordinates>
            </LinearRing>
          </outerBoundaryIs>
        </Polygon>
      </Placemark>
      <Placemark id="TRG_SE_15.25">
        <name>Terengganu</name>
        <description>P.039 Dungun</description>
        <Style>
          <LineStyle>
            <color>ff0000ff</color>
          </LineStyle>
          <PolyStyle>
            <fill>0</fill>
          </PolyStyle>
        </Style>
        <ExtendedData>
          <SchemaData schemaUrl="#TRG_SE_15">
            <SimpleData name="state">P.039</SimpleData>
            <SimpleData name="parlimen">N.25 Bukit Besi</SimpleData>
            <SimpleData name="code_parlimen">N.25</SimpleData>
          </SchemaData>
        </ExtendedData>
        <Polygon>
          <outerBoundaryIs>
            <LinearRing>
              <coordinates>
                103.127499163442,4.65386381704296,0
                103.12743184125,4.65130135783779,0
                103.127230059199,4.64874591286951,0
                103.12689437036,4.64620448655466,0
                103.126425694833,4.6436840449603,0
                103.125825317225,4.64119149670839,0
                103.125094883129,4.6387336740367,0
                103.124236394614,4.63631731406842,0
                103.123252204738,4.63394904034172,0
                103.122145011096,4.63163534464992,0
                103.12091784843,4.62938256924235,0
                103.119574080306,4.62719688943425,0
                103.118117389901,4.62508429667406,0
                103.1165517699,4.62305058211407,0
                103.11488151156,4.62110132072984,0
                103.113111192943,4.61924185603185,0
                103.111245666369,4.61747728541149,0
                103.109290045117,4.6158124461615,0
                103.107249689408,4.61425190220942,0
                103.105130191716,4.61279993160027,0
                103.102937361436,4.61146051476321,0
                103.100677208965,4.61023732359402,0
                103.098355929222,4.60913371138367,0
                103.095979884675,4.6081527036206,0
                103.093555587895,4.60729698969197,0
                103.091089683713,4.60656891550659,0
                103.088588931,4.60597047706016,0
                103.086060184145,4.60550331495996,0
                103.083510374268,4.60516870992456,0
                103.080946490221,4.60496757927067,0
                103.078375559431,4.60490047439681,0
                103.075804628641,4.60496757927067,0
                103.073240744594,4.60516870992456,0
                103.070690934717,4.60550331495996,0
                103.068162187862,4.60597047706016,0
                103.065661435149,4.60656891550659,0
                103.063195530967,4.60729698969197,0
                103.060771234187,4.6081527036206,0
                103.05839518964,4.60913371138367,0
                103.056073909897,4.61023732359402,0
                103.053813757426,4.61146051476321,0
                103.051620927146,4.61279993160027,0
                103.049501429454,4.61425190220942,0
                103.047461073745,4.6158124461615,0
                103.045505452493,4.61747728541149,0
                103.043639925919,4.61924185603185,0
                103.041869607302,4.62110132072984,0
                103.040199348962,4.62305058211407,0
                103.038633728961,4.62508429667406,0
                103.037177038556,4.62719688943425,0
                103.035833270432,4.62938256924235,0
                103.034606107766,4.63163534464992,0
                103.033498914124,4.63394904034172,0
                103.032514724248,4.63631731406842,0
                103.031656235733,4.6387336740367,0
                103.030925801637,4.64119149670839,0
                103.030325424029,4.6436840449603,0
                103.029856748502,4.64620448655466,0
                103.029521059663,4.64874591286951,0
                103.029319277612,4.65130135783779,0
                103.02925195542,4.65386381704296,0
                103.029319277612,4.6564262669191,0
                103.029521059663,4.65898168400245,0
                103.029856748502,4.661523064182,0
                103.030325424029,4.66404344189615,0
                103.030925801637,4.66653590922284,0
                103.031656235733,4.66899363481093,0
                103.032514724248,4.67140988260088,0
                103.033498914124,4.67377803028362,0
                103.034606107766,4.67609158744672,0
                103.035833270432,4.67834421335867,0
                103.037177038556,4.68052973434209,0
                103.038633728961,4.6826421606887,0
                103.040199348962,4.68467570306943,0
                103.041869607302,4.68662478839518,0
                103.043639925919,4.68848407508438,0
                103.045505452493,4.69024846769597,0
                103.047461073745,4.69191313088749,0
                103.049501429454,4.69347350266035,0
                103.051620927146,4.69492530685593,0
                103.053813757426,4.69626456486837,0
                103.056073909897,4.69748760654198,0
                103.05839518964,4.6985910802237,0
                103.060771234187,4.69957196194284,0
                103.063195530967,4.70042756369323,0
                103.065661435149,4.70115554079503,0
                103.068162187862,4.70175389831628,0
                103.070690934717,4.70222099653633,0
                103.073240744594,4.70255555543645,0
                103.075804628641,4.70275665820542,0
                103.078375559431,4.70282375375024,0
                103.080946490221,4.70275665820542,0
                103.083510374268,4.70255555543645,0
                103.086060184145,4.70222099653633,0
                103.088588931,4.70175389831628,0
                103.091089683713,4.70115554079503,0
                103.093555587895,4.70042756369323,0
                103.095979884675,4.69957196194284,0
                103.098355929222,4.6985910802237,0
                103.100677208965,4.69748760654198,0
                103.102937361436,4.69626456486837,0
                103.105130191716,4.69492530685593,0
                103.107249689408,4.69347350266035,0
                103.109290045117,4.69191313088749,0
                103.111245666369,4.69024846769597,0
                103.113111192943,4.68848407508438,0
                103.11488151156,4.68662478839518,0
                103.1165517699,4.68467570306943,0
                103.118117389901,4.6826421606887,0
                103.119574080306,4.68052973434209,0
                103.12091784843,4.67834421335867,0
                103.122145011096,4.67609158744672,0
                103.123252204738,4.67377803028362,0
                103.124236394614,4.67140988260088,0
                103.125094883129,4.66899363481093,0
                103.125825317225,4.66653590922284,0
                103.126425694833,4.66404344189615,0
                103.12689437036,4.661523064182,0
                103.127230059199,4.65898168400245,0
                103.12743184125,4.6564262669191,0
                103.127499163442,4.65386381704296,0
              </coordinates>
            </LinearRing>
          </outerBoundaryIs>
        </Polygon>
      </Placemark>
      <Placemark id="TRG_SE_15.26">
        <name>Terengganu</name>
        <description>P.039 Dungun</description>
        <Style>
          <LineStyle>
            <color>ff0000ff</color>
          </LineStyle>
          <PolyStyle>
            <fill>0</fill>
          </PolyStyle>
        </Style>
        <ExtendedData>
          <SchemaData schemaUrl="#TRG_SE_15">
            <SimpleData name="state">P.039</SimpleData>
            <SimpleData name="parlimen">N.26 Rantau Abang</SimpleData>
            <SimpleData name="code_parlimen">N.26</SimpleData>
          </SchemaData>
        </ExtendedData>
        <Polygon>
          <outerBoundaryIs>
            <LinearRing>
              <coordinates>
                103.379428995556,4.80090184290612,0
                103.379361673364,4.79833992730907,0
                103.379159891313,4.79578502416809,0
                103.378824202475,4.79324413641817,0
                103.378355526948,4.79072422865615,0
                103.37775514934,4.78823220804899,0
                103.377024715244,4.78577490539863,0
                103.376166226729,4.7833590564154,0
                103.375182036852,4.78099128325129,0
                103.37407484321,4.77867807634387,0
                103.372847680544,4.77642577662051,0
                103.37150391242,4.77424055811187,0
                103.370047222015,4.77212841102242,0
                103.368481602014,4.7700951253043,0
                103.366811343675,4.76814627477979,0
                103.365041025058,4.76628720185587,0
                103.363175498483,4.76452300287299,0
                103.361219877231,4.76285851412817,0
                103.359179521522,4.76129829861083,0
                103.35706002383,4.75984663348798,0
                103.354867193551,4.75850749837285,0
                103.352607041079,4.75728456440945,0
                103.350285761336,4.75618118420299,0
                103.347909716789,4.75520038262386,0
                103.34548542001,4.75434484851023,0
                103.343019515827,4.75361692729256,0
                103.340518763114,4.7530186145597,0
                103.33799001626,4.75255155058477,0
                103.335440206383,4.75221701582565,0
                103.332876322335,4.75201592741234,0
                103.330305391545,4.75194883663113,0
                103.327734460755,4.75201592741234,0
                103.325170576708,4.75221701582565,0
                103.322620766831,4.75255155058477,0
                103.320092019976,4.7530186145597,0
                103.317591267263,4.75361692729256,0
                103.315125363081,4.75434484851023,0
                103.312701066302,4.75520038262386,0
                103.310325021754,4.75618118420299,0
                103.308003742011,4.75728456440945,0
                103.30574358954,4.75850749837285,0
                103.30355075926,4.75984663348798,0
                103.301431261568,4.76129829861083,0
                103.299390905859,4.76285851412817,0
                103.297435284607,4.76452300287299,0
                103.295569758033,4.76628720185587,0
                103.293799439416,4.76814627477979,0
                103.292129181076,4.7700951253043,0
                103.290563561076,4.77212841102242,0
                103.28910687067,4.77424055811187,0
                103.287763102547,4.77642577662051,0
                103.28653593988,4.77867807634387,0
                103.285428746238,4.78099128325129,0
                103.284444556362,4.7833590564154,0
                103.283586067847,4.78577490539863,0
                103.282855633751,4.78823220804899,0
                103.282255256143,4.79072422865615,0
                103.281786580616,4.79324413641817,0
                103.281450891777,4.79578502416809,0
                103.281249109727,4.79833992730907,0
                103.281181787535,4.80090184290612,0
                103.281249109727,4.80346374888211,0
                103.281450891777,4.80601862326527,0
                103.281786580616,4.8085594634357,0
                103.282255256143,4.81107930531788,0
                103.282855633751,4.8135712424666,0
                103.283586067847,4.81602844499433,0
                103.284444556362,4.81844417828772,0
                103.285428746238,4.82081182146228,0
                103.28653593988,4.82312488550465,0
                103.287763102547,4.82537703105272,0
                103.28910687067,4.82756208576498,0
                103.290563561076,4.82967406123157,0
                103.292129181076,4.83170716938068,0
                103.293799439416,4.83365583833553,0
                103.295569758033,4.83551472767846,0
                103.297435284607,4.83727874308034,0
                103.299390905859,4.83894305025551,0
                103.301431261568,4.84050308820386,0
                103.30355075926,4.8419545817039,0
                103.30574358954,4.84329355302271,0
                103.308003742011,4.84451633281086,0
                103.310325021754,4.84561957015231,0
                103.312701066302,4.84660024174196,0
                103.315125363081,4.84745566016579,0
                103.317591267263,4.84818348126089,0
                103.320092019976,4.84878171053536,0
                103.322620766831,4.84924870863047,0
                103.325170576708,4.84958319581014,0
                103.327734460755,4.84978425546567,0
                103.330305391545,4.8498513366258,0
                103.332876322335,4.84978425546567,0
                103.335440206383,4.84958319581014,0
                103.33799001626,4.84924870863047,0
                103.340518763114,4.84878171053536,0
                103.343019515827,4.84818348126089,0
                103.34548542001,4.84745566016579,0
                103.347909716789,4.84660024174196,0
                103.350285761336,4.84561957015231,0
                103.352607041079,4.84451633281086,0
                103.354867193551,4.84329355302271,0
                103.35706002383,4.8419545817039,0
                103.359179521522,4.84050308820386,0
                103.361219877231,4.83894305025551,0
                103.363175498483,4.83727874308034,0
                103.365041025058,4.83551472767846,0
                103.366811343675,4.83365583833553,0
                103.368481602014,4.83170716938068,0
                103.370047222015,4.82967406123157,0
                103.37150391242,4.82756208576498,0
                103.372847680544,4.82537703105272,0
                103.37407484321,4.82312488550465,0
                103.375182036852,4.82081182146228,0
                103.376166226729,4.81844417828772,0
                103.377024715244,4.81602844499433,0
                103.37775514934,4.8135712424666,0
                103.378355526948,4.81107930531788,0
                103.378824202475,4.8085594634357,0
                103.379159891313,4.80601862326527,0
                103.379361673364,4.80346374888211,0
                103.379428995556,4.80090184290612,0
              </coordinates>
            </LinearRing>
          </outerBoundaryIs>
        </Polygon>
      </Placemark>
      <Placemark id="TRG_SE_15.27">
        <name>Terengganu</name>
        <description>P.039 Dungun</description>
        <Style>
          <LineStyle>
            <color>ff0000ff</color>
          </LineStyle>
          <PolyStyle>
            <fill>0</fill>
          </PolyStyle>
        </Style>
        <ExtendedData>
          <SchemaData schemaUrl="#TRG_SE_15">
            <SimpleData name="state">P.039</SimpleData>
            <SimpleData name="parlimen">N.27 Sura</SimpleData>
            <SimpleData name="code_parlimen">N.27</SimpleData>
          </SchemaData>
        </ExtendedData>
        <Polygon>
          <outerBoundaryIs>
            <LinearRing>
              <coordinates>
                103.470650614774,4.74536772439745,0
                103.470583292582,4.74280560150447,0
                103.470381510531,4.74025049174558,0
                103.470045821692,4.73770939862072,0
                103.469577146165,4.73518928728741,0
                103.468976768557,4.73269706546748,0
                103.468246334461,4.73023956451048,0
                103.467387845946,4.72782352066553,0
                103.46640365607,4.72545555661331,0
                103.465296462428,4.72314216330847,0
                103.464069299762,4.72088968218256,0
                103.462725531638,4.7187042877562,0
                103.461268841233,4.71659197070831,0
                103.459703221232,4.71455852144882,0
                103.458032962892,4.71260951423986,0
                103.456262644275,4.71075029190938,0
                103.454397117701,4.70898595119866,0
                103.452441496449,4.70732132878454,0
                103.45040114074,4.70576098801432,0
                103.448281643048,4.7043092063899,0
                103.446088812768,4.70296996383576,0
                103.443828660297,4.7017469317827,0
                103.441507380554,4.70064346309753,0
                103.439131336006,4.6996625828864,0
                103.436707039227,4.69880698019692,0
                103.434241135045,4.69807900064201,0
                103.431740382332,4.69748063996575,0
                103.429211635477,4.69701353856874,0
                103.4266618256,4.69667897700829,0
                103.424097941553,4.69647787248564,0
                103.421527010763,4.6964107763299,0
                103.418956079973,4.69647787248564,0
                103.416392195925,4.69667897700829,0
                103.413842386049,4.69701353856874,0
                103.411313639194,4.69748063996575,0
                103.408812886481,4.69807900064201,0
                103.406346982299,4.69880698019692,0
                103.403922685519,4.6996625828864,0
                103.401546640972,4.70064346309753,0
                103.399225361229,4.7017469317827,0
                103.396965208758,4.70296996383576,0
                103.394772378478,4.7043092063899,0
                103.392652880786,4.70576098801432,0
                103.390612525077,4.70732132878454,0
                103.388656903825,4.70898595119866,0
                103.386791377251,4.71075029190938,0
                103.385021058634,4.71260951423986,0
                103.383350800294,4.71455852144882,0
                103.381785180293,4.71659197070831,0
                103.380328489888,4.7187042877562,0
                103.378984721764,4.72088968218256,0
                103.377757559098,4.72314216330847,0
                103.376650365456,4.72545555661331,0
                103.37566617558,4.72782352066553,0
                103.374807687065,4.73023956451048,0
                103.374077252969,4.73269706546748,0
                103.37347687536,4.73518928728741,0
                103.373008199834,4.73770939862072,0
                103.372672510995,4.74025049174558,0
                103.372470728944,4.74280560150447,0
                103.372403406752,4.74536772439745,0
                103.372470728944,4.7479298377796,0
                103.372672510995,4.75048491911027,0
                103.373008199834,4.75302596520096,0
                103.37347687536,4.75554601140944,0
                103.374077252969,4.75803815072744,0
                103.374807687065,4.76049555270932,0
                103.37566617558,4.76291148219033,0
                103.376650365456,4.76527931774277,0
                103.377757559098,4.76759256981991,0
                103.378984721764,4.7698448985375,0
                103.380328489888,4.77203013104474,0
                103.381785180293,4.7741422784367,0
                103.383350800294,4.77617555216228,0
                103.385021058634,4.77812437988249,0
                103.386791377251,4.77998342073597,0
                103.388656903825,4.78174757996968,0
                103.390612525077,4.78341202289508,0
                103.392652880786,4.78497218813142,0
                103.394772378478,4.78642380009995,0
                103.396965208758,4.787762880735,0
                103.399225361229,4.7889857603798,0
                103.401546640972,4.79008908783732,0
                103.403922685519,4.79106983954874,0
                103.406346982299,4.79192532787433,0
                103.408812886481,4.79265320845415,0
                103.411313639194,4.79325148662852,0
                103.413842386049,4.79371852290076,0
                103.416392195925,4.79405303742705,0
                103.418956079973,4.79425411352149,0
                103.421527010763,4.79432120016642,0
                103.424097941553,4.79425411352149,0
                103.4266618256,4.79405303742705,0
                103.429211635477,4.79371852290076,0
                103.431740382332,4.79325148662852,0
                103.434241135045,4.79265320845415,0
                103.436707039227,4.79192532787433,0
                103.439131336006,4.79106983954874,0
                103.441507380554,4.79008908783732,0
                103.443828660297,4.7889857603798,0
                103.446088812768,4.787762880735,0
                103.448281643048,4.78642380009995,0
                103.45040114074,4.78497218813142,0
                103.452441496449,4.78341202289508,0
                103.454397117701,4.78174757996968,0
                103.456262644275,4.77998342073597,0
                103.458032962892,4.77812437988249,0
                103.459703221232,4.77617555216228,0
                103.461268841233,4.7741422784367,0
                103.462725531638,4.77203013104474,0
                103.464069299762,4.7698448985375,0
                103.465296462428,4.76759256981991,0
                103.46640365607,4.76527931774277,0
                103.467387845946,4.76291148219033,0
                103.468246334461,4.76049555270932,0
                103.468976768557,4.75803815072744,0
                103.469577146165,4.75554601140944,0
                103.470045821692,4.75302596520096,0
                103.470381510531,4.75048491911027,0
                103.470583292582,4.7479298377796,0
                103.470650614774,4.74536772439745,0
              </coordinates>
            </LinearRing>
          </outerBoundaryIs>
        </Polygon>
      </Placemark>
      <Placemark id="TRG_SE_15.28">
        <name>Terengganu</name>
        <description>P.039 Dungun</description>
        <Style>
          <LineStyle>
            <color>ff0000ff</color>
          </LineStyle>
          <PolyStyle>
            <fill>0</fill>
          </PolyStyle>
        </Style>
        <ExtendedData>
          <SchemaData schemaUrl="#TRG_SE_15">
            <SimpleData name="state">P.039</SimpleData>
            <SimpleData name="parlimen">N.28 Paka</SimpleData>
            <SimpleData name="code_parlimen">N.28</SimpleData>
          </SchemaData>
        </ExtendedData>
        <Polygon>
          <outerBoundaryIs>
            <LinearRing>
              <coordinates>
                103.399043470437,4.66724920436289,0
                103.398976148245,4.66468679394611,0
                103.398774366195,4.66213139760601,0
                103.398438677356,4.65959001962614,0
                103.397970001829,4.65706962594169,0
                103.397369624221,4.65457712504397,0
                103.396639190125,4.65211934904196,0
                103.39578070161,4.64970303493204,0
                103.394796511734,4.64733480612799,0
                103.393689318092,4.64502115430152,0
                103.392462155425,4.64276842158329,0
                103.391118387302,4.64058278317334,0
                103.389661696896,4.63847023040845,0
                103.388096076896,4.63643655433327,0
                103.386425818556,4.63448732981987,0
                103.384655499939,4.63262790027975,0
                103.382789973365,4.63086336301001,0
                103.380834352112,4.62919855521406,0
                103.378793996403,4.62763804073529,0
                103.376674498711,4.62618609753997,0
                103.374481668432,4.62484670598404,0
                103.37222151596,4.62362353789586,0
                103.369900236218,4.6225199465049,0
                103.36752419167,4.62153895724414,0
                103.365099894891,4.62068325945151,0
                103.362633990709,4.61995519899291,0
                103.360133237995,4.61935677182754,0
                103.357604491141,4.61888961853272,0
                103.355054681264,4.61855501980363,0
                103.352490797217,4.61835389294025,0
                103.349919866427,4.618286789331,0
                103.347348935637,4.61835389294025,0
                103.344785051589,4.61855501980363,0
                103.342235241712,4.61888961853272,0
                103.339706494858,4.61935677182754,0
                103.337205742144,4.61995519899291,0
                103.334739837962,4.62068325945151,0
                103.332315541183,4.62153895724414,0
                103.329939496635,4.6225199465049,0
                103.327618216893,4.62362353789586,0
                103.325358064421,4.62484670598404,0
                103.323165234142,4.62618609753997,0
                103.32104573645,4.62763804073529,0
                103.319005380741,4.62919855521406,0
                103.317049759488,4.63086336301001,0
                103.315184232914,4.63262790027975,0
                103.313413914297,4.63448732981987,0
                103.311743655957,4.63643655433327,0
                103.310178035957,4.63847023040845,0
                103.308721345551,4.64058278317334,0
                103.307377577428,4.64276842158329,0
                103.306150414761,4.64502115430152,0
                103.305043221119,4.64733480612799,0
                103.304059031243,4.64970303493204,0
                103.303200542728,4.65211934904196,0
                103.302470108632,4.65457712504397,0
                103.301869731024,4.65706962594169,0
                103.301401055497,4.65959001962614,0
                103.301065366658,4.66213139760601,0
                103.300863584608,4.66468679394611,0
                103.300796262416,4.66724920436289,0
                103.300863584608,4.66981160542405,0
                103.301065366658,4.67236697379972,0
                103.301401055497,4.67490830551275,0
                103.301869731024,4.67742863513491,0
                103.302470108632,4.6799210548767,0
                103.303200542728,4.68237873351835,0
                103.304059031243,4.68479493513016,0
                103.305043221119,4.68716303753092,0
                103.306150414761,4.68947655043381,0
                103.307377577428,4.69172913323024,0
                103.308721345551,4.69391461236275,0
                103.310178035957,4.69602699823964,0
                103.311743655957,4.69806050164472,0
                103.313413914297,4.70000954959775,0
                103.315184232914,4.70186880062164,0
                103.317049759488,4.70363315937514,0
                103.319005380741,4.70529779061072,0
                103.32104573645,4.70685813241942,0
                103.323165234142,4.7083099087268,0
                103.325358064421,4.70964914100532,0
                103.327618216893,4.71087215917176,0
                103.329939496635,4.71197561163919,0
                103.332315541183,4.71295647449669,0
                103.334739837962,4.71381205979128,0
                103.337205742144,4.71454002288956,0
                103.339706494858,4.71513836889906,0
                103.342235241712,4.71560545813161,0
                103.344785051589,4.71594001059391,0
                103.347348935637,4.71614110949288,0
                103.349919866427,4.71620820374649,0
                103.352490797217,4.71614110949288,0
                103.355054681264,4.71594001059391,0
                103.357604491141,4.71560545813161,0
                103.360133237995,4.71513836889906,0
                103.362633990709,4.71454002288956,0
                103.365099894891,4.71381205979128,0
                103.36752419167,4.71295647449669,0
                103.369900236218,4.71197561163919,0
                103.37222151596,4.71087215917176,0
                103.374481668432,4.70964914100532,0
                103.376674498711,4.7083099087268,0
                103.378793996403,4.70685813241942,0
                103.380834352112,4.70529779061072,0
                103.382789973365,4.70363315937514,0
                103.384655499939,4.70186880062164,0
                103.386425818556,4.70000954959775,0
                103.388096076896,4.69806050164472,0
                103.389661696896,4.69602699823964,0
                103.391118387302,4.69391461236275,0
                103.392462155425,4.69172913323024,0
                103.393689318092,4.68947655043381,0
                103.394796511734,4.68716303753092,0
                103.39578070161,4.68479493513016,0
                103.396639190125,4.68237873351835,0
                103.397369624221,4.6799210548767,0
                103.397970001829,4.67742863513491,0
                103.398438677356,4.67490830551275,0
                103.398774366195,4.67236697379972,0
                103.398976148245,4.66981160542405,0
                103.399043470437,4.66724920436289,0
              </coordinates>
            </LinearRing>
          </outerBoundaryIs>
        </Polygon>
      </Placemark>
      <Placemark id="TRG_SE_15.29">
        <name>Terengganu</name>
        <description>P.040 Kemaman</description>
        <Style>
          <LineStyle>
            <color>ff0000ff</color>
          </LineStyle>
          <PolyStyle>
            <fill>0</fill>
          </PolyStyle>
        </Style>
        <ExtendedData>
          <SchemaData schemaUrl="#TRG_SE_15">
            <SimpleData name="state">P.040</SimpleData>
            <SimpleData name="parlimen">N.29 Kemasik</SimpleData>
            <SimpleData name="code_parlimen">N.29</SimpleData>
          </SchemaData>
        </ExtendedData>
        <Polygon>
          <outerBoundaryIs>
            <LinearRing>
              <coordinates>
                103.437553796816,4.50018829666632,0
                103.437486474624,4.49762528734993,0
                103.437284692573,4.49506929408249,0
                103.436949003734,4.49252732277959,0
                103.436480328207,4.49000634099593,0
                103.435879950599,4.48751325882546,0
                103.435149516503,4.48505490995852,0
                103.434291027988,4.48263803294751,0
                103.433306838112,4.48026925273269,0
                103.43219964447,4.47795506247868,0
                103.430972481804,4.47570180577172,0
                103.42962871368,4.47351565922618,0
                103.428172023274,4.47140261554843,0
                103.426606403274,4.46936846710428,0
                103.424936144934,4.4674187900354,0
                103.423165826317,4.46555892896795,0
                103.421300299743,4.46379398235579,0
                103.419344678491,4.46212878849829,0
                103.417304322782,4.46056791227123,0
                103.41518482509,4.45911563260724,0
                103.41299199481,4.45777593076019,0
                103.410731842339,4.45655247938566,0
                103.408410562596,4.45544863246773,0
                103.406034518048,4.45446741611952,0
                103.403610221269,4.45361152028293,0
                103.401144317087,4.45288329135031,0
                103.398643564374,4.45228472572842,0
                103.396114817519,4.45181746436223,0
                103.393565007642,4.45148278823381,0
                103.391001123595,4.45128161484854,0
                103.388430192805,4.45121449571827,0
                103.385859262015,4.45128161484854,0
                103.383295377967,4.45148278823381,0
                103.380745568091,4.45181746436223,0
                103.378216821236,4.45228472572842,0
                103.375716068523,4.45288329135031,0
                103.373250164341,4.45361152028293,0
                103.370825867561,4.45446741611952,0
                103.368449823014,4.45544863246773,0
                103.366128543271,4.45655247938566,0
                103.3638683908,4.45777593076019,0
                103.36167556052,4.45911563260724,0
                103.359556062828,4.46056791227123,0
                103.357515707119,4.46212878849829,0
                103.355560085867,4.46379398235579,0
                103.353694559293,4.46555892896795,0
                103.351924240676,4.4674187900354,0
                103.350253982336,4.46936846710428,0
                103.348688362335,4.47140261554843,0
                103.34723167193,4.47351565922618,0
                103.345887903806,4.47570180577172,0
                103.34466074114,4.47795506247868,0
                103.343553547498,4.48026925273269,0
                103.342569357621,4.48263803294751,0
                103.341710869107,4.48505490995852,0
                103.340980435011,4.48751325882546,0
                103.340380057402,4.49000634099593,0
                103.339911381875,4.49252732277959,0
                103.339575693037,4.49506929408249,0
                103.339373910986,4.49762528734993,0
                103.339306588794,4.50018829666632,0
                103.339373910986,4.50275129695914,0
                103.339575693037,4.50530726325473,0
                103.339911381875,4.50784918993299,0
                103.340380057402,4.51037010992816,0
                103.340980435011,4.51286311382325,0
                103.341710869107,4.51532136878552,0
                103.342569357621,4.51773813729142,0
                103.343553547498,4.52010679558948,0
                103.34466074114,4.52242085185084,0
                103.345887903806,4.52467396395729,0
                103.34723167193,4.52685995687876,0
                103.348688362335,4.52897283959203,0
                103.350253982336,4.5310068214948,0
                103.351924240676,4.53295632827011,0
                103.353694559293,4.53481601715755,0
                103.355560085867,4.5365807915897,0
                103.357515707119,4.53824581515365,0
                103.359556062828,4.53980652483938,0
                103.36167556052,4.54125864353889,0
                103.3638683908,4.54259819176193,0
                103.366128543271,4.54382149853601,0
                103.368449823014,4.54492521146133,0
                103.370825867561,4.54590630589284,0
                103.373250164341,4.54676209322437,0
                103.375716068523,4.54749022825235,0
                103.378216821236,4.54808871559891,0
                103.380745568091,4.54855591517665,0
                103.383295377967,4.54889054668045,0
                103.385859262015,4.54909169309388,0
                103.388430192805,4.54915880320059,0
                103.391001123595,4.54909169309388,0
                103.393565007642,4.54889054668045,0
                103.396114817519,4.54855591517665,0
                103.398643564374,4.54808871559891,0
                103.401144317087,4.54749022825235,0
                103.403610221269,4.54676209322437,0
                103.406034518048,4.54590630589284,0
                103.408410562596,4.54492521146133,0
                103.410731842339,4.54382149853601,0
                103.41299199481,4.54259819176193,0
                103.41518482509,4.54125864353889,0
                103.417304322782,4.53980652483938,0
                103.419344678491,4.53824581515365,0
                103.421300299743,4.5365807915897,0
                103.423165826317,4.53481601715755,0
                103.424936144934,4.53295632827011,0
                103.426606403274,4.5310068214948,0
                103.428172023274,4.52897283959203,0
                103.42962871368,4.52685995687876,0
                103.430972481804,4.52467396395729,0
                103.43219964447,4.52242085185084,0
                103.433306838112,4.52010679558948,0
                103.434291027988,4.51773813729142,0
                103.435149516503,4.51532136878552,0
                103.435879950599,4.51286311382325,0
                103.436480328207,4.51037010992816,0
                103.436949003734,4.50784918993299,0
                103.437284692573,4.50530726325473,0
                103.437486474624,4.50275129695914,0
                103.437553796816,4.50018829666632,0
              </coordinates>
            </LinearRing>
          </outerBoundaryIs>
        </Polygon>
      </Placemark>
      <Placemark id="TRG_SE_15.30">
        <name>Terengganu</name>
        <description>P.040 Kemaman</description>
        <Style>
          <LineStyle>
            <color>ff0000ff</color>
          </LineStyle>
          <PolyStyle>
            <fill>0</fill>
          </PolyStyle>
        </Style>
        <ExtendedData>
          <SchemaData schemaUrl="#TRG_SE_15">
            <SimpleData name="state">P.040</SimpleData>
            <SimpleData name="parlimen">N.30 Kijal</SimpleData>
            <SimpleData name="code_parlimen">N.30</SimpleData>
          </SchemaData>
        </ExtendedData>
        <Polygon>
          <outerBoundaryIs>
            <LinearRing>
              <coordinates>
                103.376767173111,4.36887003905476,0
                103.376699850919,4.36630657426872,0
                103.376498068869,4.3637501270402,0
                103.37616238003,4.3612077045259,0
                103.375693704503,4.3586862755119,0
                103.375093326895,4.35619275131068,0
                103.374362892799,4.35373396681483,0
                103.373504404284,4.35131666175961,0
                103.372520214408,4.34894746224563,0
                103.371413020766,4.34663286257228,0
                103.370185858099,4.34437920743207,0
                103.368842089976,4.34219267451423,0
                103.36738539957,4.34007925756586,0
                103.36581977957,4.33804474995682,0
                103.36414952123,4.33609472879333,0
                103.362379202613,4.33423453962447,0
                103.360513676039,4.33246928178294,0
                103.358558054786,4.33080379440066,0
                103.356517699078,4.32924264313771,0
                103.354398201385,4.32779010766076,0
                103.352205371106,4.32645016990568,0
                103.349945218634,4.32522650315641,0
                103.347623938892,4.32412246197016,0
                103.345247894344,4.32314107297656,0
                103.342823597565,4.32228502657623,0
                103.340357693383,4.32155666956131,0
                103.33785694067,4.32095799867842,0
                103.335328193815,4.32049065515176,0
                103.332778383938,4.32015592018126,0
                103.330214499891,4.31995471142823,0
                103.327643569101,4.31988758049829,0
                103.325072638311,4.31995471142823,0
                103.322508754263,4.32015592018126,0
                103.319958944386,4.32049065515176,0
                103.317430197532,4.32095799867842,0
                103.314929444819,4.32155666956131,0
                103.312463540636,4.32228502657623,0
                103.310039243857,4.32314107297656,0
                103.307663199309,4.32412246197016,0
                103.305341919567,4.32522650315641,0
                103.303081767095,4.32645016990568,0
                103.300888936816,4.32779010766076,0
                103.298769439124,4.32924264313771,0
                103.296729083415,4.33080379440066,0
                103.294773462162,4.33246928178294,0
                103.292907935588,4.33423453962447,0
                103.291137616971,4.33609472879333,0
                103.289467358631,4.33804474995682,0
                103.287901738631,4.34007925756586,0
                103.286445048225,4.34219267451423,0
                103.285101280102,4.34437920743207,0
                103.283874117435,4.34663286257228,0
                103.282766923794,4.34894746224563,0
                103.281782733917,4.35131666175961,0
                103.280924245402,4.35373396681483,0
                103.280193811306,4.35619275131068,0
                103.279593433698,4.3586862755119,0
                103.279124758171,4.3612077045259,0
                103.278789069333,4.3637501270402,0
                103.278587287282,4.36630657426872,0
                103.27851996509,4.36887003905476,0
                103.278587287282,4.37143349507848,0
                103.278789069333,4.37398991611598,0
                103.279124758171,4.37653229529755,0
                103.279593433698,4.37905366431187,0
                103.280193811306,4.38154711250384,0
                103.280924245402,4.38400580581362,0
                103.281782733917,4.386423005505,0
                103.282766923794,4.3887920866318,0
                103.283874117435,4.39110655619165,0
                103.285101280102,4.39336007091765,0
                103.286445048225,4.39554645465893,0
                103.287901738631,4.3976597153028,0
                103.289467358631,4.39969406119197,0
                103.291137616971,4.40164391699199,0
                103.292907935588,4.40350393896554,0
                103.294773462162,4.4052690296118,0
                103.296729083415,4.40693435163062,0
                103.298769439124,4.40849534117369,0
                103.300888936816,4.40994772034621,0
                103.303081767095,4.41128750892477,0
                103.305341919567,4.41251103525986,0
                103.307663199309,4.41361494633268,0
                103.310039243857,4.41459621693913,0
                103.312463540636,4.41545215797568,0
                103.314929444819,4.41618042380458,0
                103.317430197532,4.41677901867824,0
                103.319958944386,4.41724630220526,0
                103.322508754263,4.41758099384306,0
                103.325072638311,4.4177821764051,0
                103.327643569101,4.41784929857271,0
                103.330214499891,4.4177821764051,0
                103.332778383938,4.41758099384306,0
                103.335328193815,4.41724630220526,0
                103.33785694067,4.41677901867824,0
                103.340357693383,4.41618042380458,0
                103.342823597565,4.41545215797568,0
                103.345247894344,4.41459621693913,0
                103.347623938892,4.41361494633268,0
                103.349945218634,4.41251103525986,0
                103.352205371106,4.41128750892477,0
                103.354398201385,4.40994772034621,0
                103.356517699078,4.40849534117369,0
                103.358558054786,4.40693435163062,0
                103.360513676039,4.4052690296118,0
                103.362379202613,4.40350393896554,0
                103.36414952123,4.40164391699199,0
                103.36581977957,4.39969406119197,0
                103.36738539957,4.3976597153028,0
                103.368842089976,4.39554645465893,0
                103.370185858099,4.39336007091765,0
                103.371413020766,4.39110655619165,0
                103.372520214408,4.3887920866318,0
                103.373504404284,4.386423005505,0
                103.374362892799,4.38400580581362,0
                103.375093326895,4.38154711250384,0
                103.375693704503,4.37905366431187,0
                103.37616238003,4.37653229529755,0
                103.376498068869,4.37398991611598,0
                103.376699850919,4.37143349507848,0
                103.376767173111,4.36887003905476,0
              </coordinates>
            </LinearRing>
          </outerBoundaryIs>
        </Polygon>
      </Placemark>
      <Placemark id="TRG_SE_15.31">
        <name>Terengganu</name>
        <description>P.040 Kemaman</description>
        <Style>
          <LineStyle>
            <color>ff0000ff</color>
          </LineStyle>
          <PolyStyle>
            <fill>0</fill>
          </PolyStyle>
        </Style>
        <ExtendedData>
          <SchemaData schemaUrl="#TRG_SE_15">
            <SimpleData name="state">P.040</SimpleData>
            <SimpleData name="parlimen">N.31 Cukai</SimpleData>
            <SimpleData name="code_parlimen">N.31</SimpleData>
          </SchemaData>
        </ExtendedData>
        <Polygon>
          <outerBoundaryIs>
            <LinearRing>
              <coordinates>
                103.441411999435,4.2044349772987,0
                103.441344677243,4.20187096116755,0
                103.441142895192,4.19931396443117,0
                103.440807206353,4.19677099574839,0
                103.440338530826,4.19424902539565,0
                103.439738153218,4.19175496616002,0
                103.439007719122,4.1892956543889,0
                103.438149230607,4.1868778312488,0
                103.437165040731,4.18450812424419,0
                103.436057847089,4.18219302904731,0
                103.434830684423,4.17993889168885,0
                103.433486916299,4.17775189115825,0
                103.432030225894,4.17563802246144,0
                103.430464605893,4.17360308018243,0
                103.428794347553,4.17165264259409,0
                103.427024028936,4.16979205636146,0
                103.425158502362,4.16802642187993,0
                103.42320288111,4.16636057928808,0
                103.421162525401,4.16479909519423,0
                103.419043027709,4.16334625015248,0
                103.416850197429,4.16200602692322,0
                103.414590044958,4.16078209954993,0
                103.412268765215,4.15967782328263,0
                103.409892720668,4.15869622537532,0
                103.407468423888,4.15783999678305,0
                103.405002519706,4.15711148478118,0
                103.402501766993,4.15651268652714,0
                103.399973020138,4.15604524358257,0
                103.397423210261,4.15571043741066,0
                103.394859326214,4.15550918586127,0
                103.392288395424,4.15544204065328,0
                103.389717464634,4.15550918586127,0
                103.387153580587,4.15571043741066,0
                103.38460377071,4.15604524358257,0
                103.382075023855,4.15651268652714,0
                103.379574271142,4.15711148478118,0
                103.37710836696,4.15783999678305,0
                103.37468407018,4.15869622537532,0
                103.372308025633,4.15967782328263,0
                103.36998674589,4.16078209954993,0
                103.367726593419,4.16200602692322,0
                103.365533763139,4.16334625015248,0
                103.363414265447,4.16479909519423,0
                103.361373909738,4.16636057928808,0
                103.359418288486,4.16802642187993,0
                103.357552761912,4.16979205636146,0
                103.355782443295,4.17165264259409,0
                103.354112184955,4.17360308018243,0
                103.352546564954,4.17563802246144,0
                103.351089874549,4.17775189115825,0
                103.349746106425,4.17993889168885,0
                103.348518943759,4.18219302904731,0
                103.347411750117,4.18450812424419,0
                103.346427560241,4.1868778312488,0
                103.345569071726,4.1892956543889,0
                103.34483863763,4.19175496616002,0
                103.344238260021,4.19424902539565,0
                103.343769584495,4.19677099574839,0
                103.343433895656,4.19931396443117,0
                103.343232113605,4.20187096116755,0
                103.343164791413,4.2044349772987,0
                103.343232113605,4.2069989849949,0
                103.343433895656,4.20955595651882,0
                103.343769584495,4.21209888348788,0
                103.344238260021,4.21462079608264,0
                103.34483863763,4.21711478214886,0
                103.345569071726,4.21957400614079,0
                103.346427560241,4.22199172785366,0
                103.347411750117,4.22436132089425,0
                103.348518943759,4.22667629083894,0
                103.349746106425,4.22893029302932,0
                103.351089874549,4.23111714995687,0
                103.352546564954,4.23323086818904,0
                103.354112184955,4.23526565479033,0
                103.355782443295,4.2372159331935,0
                103.357552761912,4.23907635847757,0
                103.359418288486,4.24084183201056,0
                103.361373909738,4.24250751541724,0
                103.363414265447,4.2440688438334,0
                103.365533763139,4.24552153841053,0
                103.367726593419,4.24686161803681,0
                103.36998674589,4.24808541024206,0
                103.372308025633,4.24918956125722,0
                103.37468407018,4.25017104520056,0
                103.37710836696,4.25102717236564,0
                103.379574271142,4.25175559658837,0
                103.382075023855,4.25235432167303,0
                103.38460377071,4.25282170685966,0
                103.387153580587,4.25315647131786,0
                103.389717464634,4.2533576976548,0
                103.392288395424,4.25342483442784,0
                103.394859326214,4.2533576976548,0
                103.397423210261,4.25315647131786,0
                103.399973020138,4.25282170685966,0
                103.402501766993,4.25235432167303,0
                103.405002519706,4.25175559658837,0
                103.407468423888,4.25102717236564,0
                103.409892720668,4.25017104520056,0
                103.412268765215,4.24918956125722,0
                103.414590044958,4.24808541024206,0
                103.416850197429,4.24686161803681,0
                103.419043027709,4.24552153841053,0
                103.421162525401,4.2440688438334,0
                103.42320288111,4.24250751541724,0
                103.425158502362,4.24084183201056,0
                103.427024028936,4.23907635847757,0
                103.428794347553,4.2372159331935,0
                103.430464605893,4.23526565479033,0
                103.432030225894,4.23323086818904,0
                103.433486916299,4.23111714995687,0
                103.434830684423,4.22893029302932,0
                103.436057847089,4.22667629083894,0
                103.437165040731,4.22436132089425,0
                103.438149230607,4.22199172785366,0
                103.439007719122,4.21957400614079,0
                103.439738153218,4.21711478214886,0
                103.440338530826,4.21462079608264,0
                103.440807206353,4.21209888348788,0
                103.441142895192,4.20955595651882,0
                103.441344677243,4.2069989849949,0
                103.441411999435,4.2044349772987,0
              </coordinates>
            </LinearRing>
          </outerBoundaryIs>
        </Polygon>
      </Placemark>
      <Placemark id="TRG_SE_15.32">
        <name>Terengganu</name>
        <description>P.040 Kemaman</description>
        <Style>
          <LineStyle>
            <color>ff0000ff</color>
          </LineStyle>
          <PolyStyle>
            <fill>0</fill>
          </PolyStyle>
        </Style>
        <ExtendedData>
          <SchemaData schemaUrl="#TRG_SE_15">
            <SimpleData name="state">P.040</SimpleData>
            <SimpleData name="parlimen">N.32 Air Putih</SimpleData>
            <SimpleData name="code_parlimen">N.32</SimpleData>
          </SchemaData>
        </ExtendedData>
        <Polygon>
          <outerBoundaryIs>
            <LinearRing>
              <coordinates>
                103.199314284474,4.20619935302362,0
                103.199246962282,4.20363534269628,0
                103.199045180231,4.20107835174429,0
                103.198709491393,4.1985353888107,0
                103.198240815866,4.19601342415626,0
                103.197640438258,4.19351937055247,0
                103.196910004162,4.19106006433148,0
                103.196051515647,4.18864224664469,0
                103.19506732577,4.18627254498182,0
                103.193960132128,4.18395745500067,0
                103.192732969462,4.18170332271783,0
                103.191389201338,4.17951632710908,0
                103.189932510933,4.17740246316709,0
                103.188366890932,4.17536752546309,0
                103.186696632593,4.17341709225768,0
                103.184926313976,4.17155651020419,0
                103.183060787402,4.16979087968677,0
                103.181105166149,4.16812504083349,0
                103.17906481044,4.16656356024261,0
                103.176945312748,4.16511071845895,0
                103.174752482469,4.16377049823421,0
                103.172492329997,4.1625465736039,0
                103.170171050254,4.16144229981071,0
                103.167795005707,4.16046070410212,0
                103.165370708928,4.15960447742733,0
                103.162904804745,4.15887596705661,0
                103.160404052032,4.15827717014306,0
                103.157875305178,4.15780972824481,0
                103.155325495301,4.15747492282225,0
                103.152761611253,4.15727367172327,0
                103.150190680463,4.15720652666553,0
                103.147619749673,4.15727367172327,0
                103.145055865626,4.15747492282225,0
                103.142506055749,4.15780972824481,0
                103.139977308894,4.15827717014306,0
                103.137476556181,4.15887596705661,0
                103.135010651999,4.15960447742733,0
                103.13258635522,4.16046070410212,0
                103.130210310672,4.16144229981071,0
                103.127889030929,4.1625465736039,0
                103.125628878458,4.16377049823421,0
                103.123436048178,4.16511071845895,0
                103.121316550486,4.16656356024261,0
                103.119276194777,4.16812504083349,0
                103.117320573525,4.16979087968677,0
                103.115455046951,4.17155651020419,0
                103.113684728334,4.17341709225768,0
                103.112014469994,4.17536752546309,0
                103.110448849994,4.17740246316709,0
                103.108992159588,4.17951632710908,0
                103.107648391465,4.18170332271783,0
                103.106421228798,4.18395745500067,0
                103.105314035156,4.18627254498182,0
                103.10432984528,4.18864224664469,0
                103.103471356765,4.19106006433148,0
                103.102740922669,4.19351937055247,0
                103.102140545061,4.19601342415626,0
                103.101671869534,4.1985353888107,0
                103.101336180695,4.20107835174429,0
                103.101134398645,4.20363534269628,0
                103.101067076453,4.20619935302362,0
                103.101134398645,4.20876335491247,0
                103.101336180695,4.2113203206415,0
                103.101671869534,4.21386324184398,0
                103.102140545061,4.2163851487164,0
                103.102740922669,4.21887912912028,0
                103.103471356765,4.22133834752552,0
                103.10432984528,4.2237560637428,0
                103.105314035156,4.22612565139418,0
                103.106421228798,4.22844061607097,0
                103.107648391465,4.23069461312939,0
                103.108992159588,4.23288146507528,0
                103.110448849994,4.23499517848995,0
                103.112014469994,4.23702996045136,0
                103.113684728334,4.23898023440527,0
                103.115455046951,4.24084065544315,0
                103.117320573525,4.24260612494496,0
                103.119276194777,4.24427180454677,0
                103.121316550486,4.24583312939508,0
                103.123436048178,4.24728582065144,0
                103.125628878458,4.24862589721337,0
                103.127889030929,4.24984968661933,0
                103.130210310672,4.2509538351082,0
                103.13258635522,4.25193531680534,0
                103.135010651999,4.25279144201067,0
                103.137476556181,4.25351986456569,0
                103.139977308894,4.25411858827938,0
                103.142506055749,4.25458597239563,0
                103.145055865626,4.2549207360871,0
                103.147619749673,4.25512196196314,0
                103.150190680463,4.2551890985824,0
                103.152761611253,4.25512196196314,0
                103.155325495301,4.2549207360871,0
                103.157875305178,4.25458597239563,0
                103.160404052032,4.25411858827938,0
                103.162904804745,4.25351986456569,0
                103.165370708928,4.25279144201067,0
                103.167795005707,4.25193531680534,0
                103.170171050254,4.2509538351082,0
                103.172492329997,4.24984968661933,0
                103.174752482469,4.24862589721337,0
                103.176945312748,4.24728582065144,0
                103.17906481044,4.24583312939508,0
                103.181105166149,4.24427180454677,0
                103.183060787402,4.24260612494496,0
                103.184926313976,4.24084065544315,0
                103.186696632593,4.23898023440527,0
                103.188366890932,4.23702996045136,0
                103.189932510933,4.23499517848995,0
                103.191389201338,4.23288146507528,0
                103.192732969462,4.23069461312939,0
                103.193960132128,4.22844061607097,0
                103.19506732577,4.22612565139418,0
                103.196051515647,4.2237560637428,0
                103.196910004162,4.22133834752552,0
                103.197640438258,4.21887912912028,0
                103.198240815866,4.2163851487164,0
                103.198709491393,4.21386324184398,0
                103.199045180231,4.2113203206415,0
                103.199246962282,4.20876335491247,0
                103.199314284474,4.20619935302362,0
              </coordinates>
            </LinearRing>
          </outerBoundaryIs>
        </Polygon>
      </Placemark>
    </Folder>
    <Document id="TRG_SE-15">
      <name>TRG_SE-15</name>
      <Placemark id="TRG_SE-15.1">
        <name>P.033 Besut</name>
        <ExtendedData>
          <SchemaData schemaUrl="#TRG_SE-15.schema">
            <SimpleData name="state">Terengganu</SimpleData>
            <SimpleData name="parlimen">P.033 Besut</SimpleData>
            <SimpleData name="code_parlimen">P.033</SimpleData>
            <SimpleData name="dun">N.01 Kuala Besut</SimpleData>
            <SimpleData name="code_dun">N.01</SimpleData>
          </SchemaData>
        </ExtendedData>
        <Polygon>
          <outerBoundaryIs>
            <LinearRing>
              <coordinates>
                102.605662000156,5.83895625941414,0
                102.605594677964,5.83639866136979,0
                102.605392895913,5.83384806190181,0
                102.605057207075,5.83131145217428,0
                102.604588531548,5.82879578509997,0
                102.60398815394,5.82630795628013,0
                102.603257719844,5.82385478510048,0
                102.602399231329,5.82144299603503,0
                102.601415041452,5.81907920020927,0
                102.600307847811,5.8167698772731,0
                102.599080685144,5.8145213576335,0
                102.597736917021,5.81233980509538,0
                102.596280226615,5.81023119995868,0
                102.594714606614,5.8082013226178,0
                102.593044348275,5.80625573770864,0
                102.591274029658,5.80439977884658,0
                102.589408503084,5.80263853399768,0
                102.587452881831,5.80097683152289,0
                102.585412526122,5.79941922693396,0
                102.58329302843,5.79796999039724,0
                102.581100198151,5.79663309501991,0
                102.578840045679,5.79541220595073,0
                102.576518765936,5.79431067032526,0
                102.574142721389,5.79333150808328,0
                102.57171842461,5.79247740368375,0
                102.569252520427,5.79175069873982,0
                102.566751767714,5.79115338559448,0
                102.56422302086,5.79068710185428,0
                102.561673210983,5.79035312589628,0
                102.559109326935,5.79015237336062,0
                102.556538396145,5.7900853946382,0
                102.553967465355,5.79015237336062,0
                102.551403581308,5.79035312589628,0
                102.548853771431,5.79068710185428,0
                102.546325024576,5.79115338559448,0
                102.543824271863,5.79175069873982,0
                102.541358367681,5.79247740368375,0
                102.538934070902,5.79333150808328,0
                102.536558026354,5.79431067032526,0
                102.534236746612,5.79541220595073,0
                102.53197659414,5.79663309501991,0
                102.529783763861,5.79796999039724,0
                102.527664266168,5.79941922693396,0
                102.52562391046,5.80097683152289,0
                102.523668289207,5.80263853399768,0
                102.521802762633,5.80439977884658,0
                102.520032444016,5.80625573770864,0
                102.518362185676,5.8082013226178,0
                102.516796565676,5.81023119995868,0
                102.51533987527,5.81233980509538,0
                102.513996107147,5.8145213576335,0
                102.51276894448,5.8167698772731,0
                102.511661750838,5.81907920020927,0
                102.510677560962,5.82144299603503,0
                102.509819072447,5.82385478510048,0
                102.509088638351,5.82630795628013,0
                102.508488260743,5.82879578509997,0
                102.508019585216,5.83131145217428,0
                102.507683896377,5.83384806190181,0
                102.507482114327,5.83639866136979,0
                102.507414792135,5.83895625941414,0
                102.507482114327,5.84151384578341,0
                102.507683896377,5.84406441035409,0
                102.508019585216,5.84660096234441,0
                102.508488260743,5.84911654947421,0
                102.509088638351,5.85160427701812,0
                102.509819072447,5.85405732670002,0
                102.510677560962,5.85646897537706,0
                102.511661750838,5.85883261346187,0
                102.51276894448,5.86114176303279,0
                102.513996107147,5.86339009558228,0
                102.51533987527,5.86557144935521,0
                102.516796565676,5.86767984622938,0
                102.518362185676,5.86970950809213,0
                102.520032444016,5.87165487266844,0
                102.521802762633,5.87351060875686,0
                102.523668289207,5.87527163083214,0
                102.52562391046,5.87693311297407,0
                102.527664266168,5.87849050208492,0
                102.529783763861,5.87993953035914,0
                102.53197659414,5.88127622697134,0
                102.534236746612,5.88249692895047,0
                102.536558026354,5.88359829121077,0
                102.538934070902,5.88457729571186,0
                102.541358367681,5.88543125972304,0
                102.543824271863,5.88615784316928,0
                102.546325024576,5.88675505503874,0
                102.548853771431,5.88722125883449,0
                102.551403581308,5.88755517705531,0
                102.553967465355,5.88775589469369,0
                102.556538396145,5.88782286174104,0
                102.559109326935,5.88775589469369,0
                102.561673210983,5.88755517705531,0
                102.56422302086,5.88722125883449,0
                102.566751767714,5.88675505503874,0
                102.569252520427,5.88615784316928,0
                102.57171842461,5.88543125972304,0
                102.574142721389,5.88457729571186,0
                102.576518765936,5.88359829121077,0
                102.578840045679,5.88249692895047,0
                102.581100198151,5.88127622697134,0
                102.58329302843,5.87993953035914,0
                102.585412526122,5.87849050208492,0
                102.587452881831,5.87693311297407,0
                102.589408503084,5.87527163083214,0
                102.591274029658,5.87351060875686,0
                102.593044348275,5.87165487266844,0
                102.594714606614,5.86970950809213,0
                102.596280226615,5.86767984622938,0
                102.597736917021,5.86557144935521,0
                102.599080685144,5.86339009558228,0
                102.600307847811,5.86114176303279,0
                102.601415041452,5.85883261346187,0
                102.602399231329,5.85646897537706,0
                102.603257719844,5.85405732670002,0
                102.60398815394,5.85160427701812,0
                102.604588531548,5.84911654947421,0
                102.605057207075,5.84660096234441,0
                102.605392895913,5.84406441035409,0
                102.605594677964,5.84151384578341,0
                102.605662000156,5.83895625941414,0
              </coordinates>
            </LinearRing>
          </outerBoundaryIs>
        </Polygon>
      </Placemark>
      <Placemark id="TRG_SE-15.2">
        <name>P.033 Besut</name>
        <ExtendedData>
          <SchemaData schemaUrl="#TRG_SE-15.schema">
            <SimpleData name="state">Terengganu</SimpleData>
            <SimpleData name="parlimen">P.033 Besut</SimpleData>
            <SimpleData name="code_parlimen">P.033</SimpleData>
            <SimpleData name="dun">N.02 Kota Putera</SimpleData>
            <SimpleData name="code_dun">N.02</SimpleData>
          </SchemaData>
        </ExtendedData>
        <Polygon>
          <outerBoundaryIs>
            <LinearRing>
              <coordinates>
                102.655626021185,5.75479506445133,0
                102.655558698993,5.75223708506443,0
                102.655356916943,5.74968610546446,0
                102.655021228104,5.74714911785536,0
                102.654552552577,5.74463307618228,0
                102.653952174969,5.74214487706859,0
                102.653221740873,5.739691340909,0
                102.652363252358,5.73727919317084,0
                102.651379062482,5.73491504595448,0
                102.65027186884,5.73260537986378,0
                102.649044706173,5.73035652623613,0
                102.64770093805,5.72817464978094,0
                102.646244247644,5.72606573167442,0
                102.644678627644,5.7240355531566,0
                102.643008369304,5.7220896796763,0
                102.641238050687,5.72023344562701,0
                102.639372524113,5.71847193971602,0
                102.63741690286,5.71680999100684,0
                102.635376547151,5.71525215567323,0
                102.633257049459,5.71380270450145,0
                102.63106421918,5.71246561117478,0
                102.628804066708,5.71124454137293,0
                102.626482786966,5.71014284271593,0
                102.624106742418,5.70916353558027,0
                102.621682445639,5.70830930481284,0
                102.619216541457,5.70758249236497,0
                102.616715788743,5.7069850908672,0
                102.614187041889,5.70651873816233,0
                102.611637232012,5.70618471281178,0
                102.609073347964,5.70598393058769,0
                102.606502417175,5.70591694196031,0
                102.603931486384,5.70598393058769,0
                102.601367602337,5.70618471281178,0
                102.59881779246,5.70651873816233,0
                102.596289045606,5.7069850908672,0
                102.593788292892,5.70758249236497,0
                102.59132238871,5.70830930481284,0
                102.588898091931,5.70916353558027,0
                102.586522047383,5.71014284271593,0
                102.584200767641,5.71124454137293,0
                102.581940615169,5.71246561117478,0
                102.57974778489,5.71380270450145,0
                102.577628287198,5.71525215567323,0
                102.575587931489,5.71680999100684,0
                102.573632310236,5.71847193971602,0
                102.571766783662,5.72023344562701,0
                102.569996465045,5.7220896796763,0
                102.568326206705,5.7240355531566,0
                102.566760586705,5.72606573167442,0
                102.565303896299,5.72817464978094,0
                102.563960128176,5.73035652623613,0
                102.562732965509,5.73260537986378,0
                102.561625771867,5.73491504595448,0
                102.560641581991,5.73727919317084,0
                102.559783093476,5.739691340909,0
                102.55905265938,5.74214487706859,0
                102.558452281772,5.74463307618228,0
                102.557983606245,5.74714911785536,0
                102.557647917406,5.74968610546446,0
                102.557446135356,5.75223708506443,0
                102.557378813164,5.75479506445133,0
                102.557446135356,5.75735303232914,0
                102.557647917406,5.75990397752799,0
                102.557983606245,5.76244090822079,0
                102.558452281772,5.76495687108599,0
                102.55905265938,5.76744497036369,0
                102.559783093476,5.76989838675297,0
                102.560641581991,5.77231039609874,0
                102.561625771867,5.7746743878169,0
                102.562732965509,5.77698388300723,0
                102.563960128176,5.7792325522048,0
                102.565303896299,5.78141423272082,0
                102.566760586705,5.78352294552586,0
                102.568326206705,5.7855529116292,0
                102.569996465045,5.7874985679093,0
                102.571766783662,5.78935458235233,0
                102.573632310236,5.79111586865707,0
                102.575587931489,5.79277760016606,0
                102.577628287198,5.79433522308523,0
                102.57974778489,5.79578446895558,0
                102.581940615169,5.79712136634314,0
                102.584200767641,5.79834225171495,0
                102.586522047383,5.79944377947168,0
                102.588898091931,5.80042293110919,0
                102.59132238871,5.80127702348429,0
                102.593788292892,5.80200371616191,0
                102.596289045606,5.80260101782373,0
                102.59881779246,5.80306729172078,0
                102.601367602337,5.80340126015507,0
                102.603931486384,5.80360200797803,0
                102.606502417175,5.80366898509634,0
                102.609073347964,5.80360200797803,0
                102.611637232012,5.80340126015507,0
                102.614187041889,5.80306729172078,0
                102.616715788743,5.80260101782373,0
                102.619216541457,5.80200371616191,0
                102.621682445639,5.80127702348429,0
                102.624106742418,5.80042293110919,0
                102.626482786966,5.79944377947168,0
                102.628804066708,5.79834225171495,0
                102.63106421918,5.79712136634314,0
                102.633257049459,5.79578446895558,0
                102.635376547151,5.79433522308523,0
                102.63741690286,5.79277760016606,0
                102.639372524113,5.79111586865707,0
                102.641238050687,5.78935458235233,0
                102.643008369304,5.7874985679093,0
                102.644678627644,5.7855529116292,0
                102.646244247644,5.78352294552586,0
                102.64770093805,5.78141423272082,0
                102.649044706173,5.7792325522048,0
                102.65027186884,5.77698388300723,0
                102.651379062482,5.7746743878169,0
                102.652363252358,5.77231039609874,0
                102.653221740873,5.76989838675297,0
                102.653952174969,5.76744497036369,0
                102.654552552577,5.76495687108599,0
                102.655021228104,5.76244090822079,0
                102.655356916943,5.75990397752799,0
                102.655558698993,5.75735303232914,0
                102.655626021185,5.75479506445133,0
              </coordinates>
            </LinearRing>
          </outerBoundaryIs>
        </Polygon>
      </Placemark>
      <Placemark id="TRG_SE-15.3">
        <name>P.033 Besut</name>
        <ExtendedData>
          <SchemaData schemaUrl="#TRG_SE-15.schema">
            <SimpleData name="state">Terengganu</SimpleData>
            <SimpleData name="parlimen">P.033 Besut</SimpleData>
            <SimpleData name="code_parlimen">P.033</SimpleData>
            <SimpleData name="dun">N.03 Jertih</SimpleData>
            <SimpleData name="code_dun">N.03</SimpleData>
          </SchemaData>
        </ExtendedData>
        <Polygon>
          <outerBoundaryIs>
            <LinearRing>
              <coordinates>
                102.535826753078,5.73471522357007,0
                102.535759430886,5.73215715401493,0
                102.535557648836,5.72960608453331,0
                102.535221959997,5.72706900757505,0
                102.53475328447,5.72455287732939,0
                102.534152906862,5.72206459066133,0
                102.533422472766,5.71961096820417,0
                102.532563984251,5.71719873566009,0
                102.531579794375,5.71483450535994,0
                102.530472600733,5.71252475813311,0
                102.529245438066,5.71027582553696,0
                102.527901669943,5.70809387249477,0
                102.526444979537,5.70598488038984,0
                102.524879359537,5.70395463066216,0
                102.523209101197,5.70200868895273,0
                102.52143878258,5.70015238983894,0
                102.519573256006,5.69839082220337,0
                102.517617634753,5.69672881527555,0
                102.515577279045,5.69517092538579,0
                102.513457781353,5.69372142346684,0
                102.511264951073,5.69238428333821,0
                102.509004798602,5.69116317080511,0
                102.506683518859,5.69006143360204,0
                102.504307474311,5.6890820922088,0
                102.501883177532,5.68822783156391,0
                102.49941727335,5.68750099369865,0
                102.496916520637,5.68690357131156,0
                102.494387773782,5.68643720230126,0
                102.491837963905,5.68610316527275,0
                102.489274079858,5.68590237602939,0
                102.486703149068,5.68583538506017,0
                102.484132218278,5.68590237602939,0
                102.48156833423,5.68610316527275,0
                102.479018524353,5.68643720230126,0
                102.476489777499,5.68690357131156,0
                102.473989024786,5.68750099369865,0
                102.471523120603,5.68822783156391,0
                102.469098823824,5.6890820922088,0
                102.466722779277,5.69006143360204,0
                102.464401499534,5.69116317080511,0
                102.462141347062,5.69238428333821,0
                102.459948516783,5.69372142346684,0
                102.457829019091,5.69517092538579,0
                102.455788663382,5.69672881527555,0
                102.453833042129,5.69839082220337,0
                102.451967515555,5.70015238983894,0
                102.450197196938,5.70200868895273,0
                102.448526938599,5.70395463066216,0
                102.446961318598,5.70598488038984,0
                102.445504628192,5.70809387249477,0
                102.444160860069,5.71027582553696,0
                102.442933697403,5.71252475813311,0
                102.441826503761,5.71483450535994,0
                102.440842313884,5.71719873566009,0
                102.439983825369,5.71961096820417,0
                102.439253391273,5.72206459066133,0
                102.438653013665,5.72455287732939,0
                102.438184338138,5.72706900757505,0
                102.4378486493,5.72960608453331,0
                102.437646867249,5.73215715401493,0
                102.437579545057,5.73471522357007,0
                102.437646867249,5.73727328165574,0
                102.4378486493,5.73982431685465,0
                102.438184338138,5.74236133709254,0
                102.438653013665,5.74487738880162,0
                102.439253391273,5.74736557597736,0
                102.439983825369,5.7498190790765,0
                102.440842313884,5.7522311737046,0
                102.441826503761,5.75459524904183,0
                102.442933697403,5.75690482595661,0
                102.444160860069,5.75915357475757,0
                102.445504628192,5.76133533253511,0
                102.446961318598,5.76344412004529,0
                102.448526938599,5.76547415808971,0
                102.450197196938,5.76741988334664,0
                102.451967515555,5.76927596361013,0
                102.453833042129,5.77103731239543,0
                102.455788663382,5.77269910287074,0
                102.457829019091,5.77425678107728,0
                102.459948516783,5.77570607840153,0
                102.462141347062,5.77704302326556,0
                102.464401499534,5.77826395200352,0
                102.466722779277,5.77936551889461,0
                102.469098823824,5.78034470532502,0
                102.471523120603,5.78119882805398,0
                102.473989024786,5.78192554656129,0
                102.476489777499,5.7825228694561,0
                102.479018524353,5.78298915992988,0
                102.48156833423,5.78332314023804,0
                102.484132218278,5.78352389519871,0
                102.486703149068,5.78359087469847,0
                102.489274079858,5.78352389519871,0
                102.491837963905,5.78332314023804,0
                102.494387773782,5.78298915992988,0
                102.496916520637,5.7825228694561,0
                102.49941727335,5.78192554656129,0
                102.501883177532,5.78119882805398,0
                102.504307474311,5.78034470532502,0
                102.506683518859,5.77936551889461,0
                102.509004798602,5.77826395200352,0
                102.511264951073,5.77704302326556,0
                102.513457781353,5.77570607840153,0
                102.515577279045,5.77425678107728,0
                102.517617634753,5.77269910287074,0
                102.519573256006,5.77103731239543,0
                102.52143878258,5.76927596361013,0
                102.523209101197,5.76741988334664,0
                102.524879359537,5.76547415808971,0
                102.526444979537,5.76344412004529,0
                102.527901669943,5.76133533253511,0
                102.529245438066,5.75915357475757,0
                102.530472600733,5.75690482595661,0
                102.531579794375,5.75459524904183,0
                102.532563984251,5.7522311737046,0
                102.533422472766,5.7498190790765,0
                102.534152906862,5.74736557597736,0
                102.53475328447,5.74487738880162,0
                102.535221959997,5.74236133709254,0
                102.535557648836,5.73982431685465,0
                102.535759430886,5.73727328165574,0
                102.535826753078,5.73471522357007,0
              </coordinates>
            </LinearRing>
          </outerBoundaryIs>
        </Polygon>
      </Placemark>
      <Placemark id="TRG_SE-15.4">
        <name>P.033 Besut</name>
        <ExtendedData>
          <SchemaData schemaUrl="#TRG_SE-15.schema">
            <SimpleData name="state">Terengganu</SimpleData>
            <SimpleData name="parlimen">P.033 Besut</SimpleData>
            <SimpleData name="code_parlimen">P.033</SimpleData>
            <SimpleData name="dun">N.04 Hulu Besut</SimpleData>
            <SimpleData name="code_dun">N.04</SimpleData>
          </SchemaData>
        </ExtendedData>
        <Polygon>
          <outerBoundaryIs>
            <LinearRing>
              <coordinates>
                102.539579935081,5.52518245714234,0
                102.539512612889,5.52262346543044,0
                102.539310830839,5.52007147673169,0
                102.538975142,5.51753348601037,0
                102.538506466473,5.51501644995188,0
                102.537906088865,5.51252726789238,0
                102.537175654769,5.51007276290462,0
                102.536317166254,5.50765966309206,0
                102.535332976378,5.50529458314225,0
                102.534225782736,5.50298400619045,0
                102.532998620069,5.50073426604298,0
                102.531654851946,5.49855152980935,0
                102.53019816154,5.49644178099061,0
                102.52863254154,5.4944108030705,0
                102.5269622832,5.49246416365458,0
                102.525191964583,5.49060719920055,0
                102.523326438009,5.48884500038219,0
                102.521370816756,5.48718239812662,0
                102.519330461047,5.48562395036382,0
                102.517210963355,5.48417392952424,0
                102.515018133076,5.48283631081942,0
                102.512757980604,5.48161476133734,0
                102.510436700862,5.48051262998293,0
                102.508060656314,5.47953293829106,0
                102.505636359535,5.47867837213746,0
                102.503170455353,5.47795127437031,0
                102.500669702639,5.47735363838284,0
                102.498140955785,5.47688710264437,0
                102.495591145908,5.47655294620529,0
                102.49302726186,5.4763520851878,0
                102.49045633107,5.47628507027256,0
                102.48788540028,5.4763520851878,0
                102.485321516233,5.47655294620529,0
                102.482771706356,5.47688710264437,0
                102.480242959502,5.47735363838284,0
                102.477742206788,5.47795127437031,0
                102.475276302606,5.47867837213746,0
                102.472852005827,5.47953293829106,0
                102.470475961279,5.48051262998293,0
                102.468154681537,5.48161476133734,0
                102.465894529065,5.48283631081942,0
                102.463701698786,5.48417392952424,0
                102.461582201094,5.48562395036382,0
                102.459541845385,5.48718239812662,0
                102.457586224132,5.48884500038219,0
                102.455720697558,5.49060719920055,0
                102.453950378941,5.49246416365458,0
                102.452280120601,5.4944108030705,0
                102.450714500601,5.49644178099061,0
                102.449257810195,5.49855152980935,0
                102.447914042072,5.50073426604298,0
                102.446686879405,5.50298400619045,0
                102.445579685763,5.50529458314225,0
                102.444595495887,5.50765966309206,0
                102.443737007372,5.51007276290462,0
                102.443006573276,5.51252726789238,0
                102.442406195668,5.51501644995188,0
                102.441937520141,5.51753348601037,0
                102.441601831302,5.52007147673169,0
                102.441400049252,5.52262346543044,0
                102.44133272706,5.52518245714234,0
                102.441400049252,5.52774143779855,0
                102.441601831302,5.53029339345132,0
                102.441937520141,5.53283132949844,0
                102.442406195668,5.53534828985353,0
                102.443006573276,5.53783737600986,0
                102.443737007372,5.54029176594541,0
                102.444595495887,5.54270473281727,0
                102.445579685763,5.54506966339439,0
                102.446686879405,5.54738007617811,0
                102.447914042072,5.54962963916071,0
                102.449257810195,5.5518121871738,0
                102.450714500601,5.5539217387785,0
                102.452280120601,5.55595251265175,0
                102.453950378941,5.55789894342362,0
                102.455720697558,5.55975569692231,0
                102.457586224132,5.56151768478536,0
                102.459541845385,5.56318007839688,0
                102.461582201094,5.56473832211287,0
                102.463701698786,5.56618814573844,0
                102.465894529065,5.56752557622277,0
                102.468154681537,5.56874694854005,0
                102.470475961279,5.56984891572643,0
                102.472852005827,5.57082845804569,0
                102.475276302606,5.57168289125865,0
                102.477742206788,5.57240987397365,0
                102.480242959502,5.57300741405801,0
                102.482771706356,5.57347387409311,0
                102.485321516233,5.57380797585803,0
                102.48788540028,5.57400880382955,0
                102.49045633107,5.5740758076891,0
                102.49302726186,5.57400880382955,0
                102.495591145908,5.57380797585803,0
                102.498140955785,5.57347387409311,0
                102.500669702639,5.57300741405801,0
                102.503170455353,5.57240987397365,0
                102.505636359535,5.57168289125865,0
                102.508060656314,5.57082845804569,0
                102.510436700862,5.56984891572643,0
                102.512757980604,5.56874694854005,0
                102.515018133076,5.56752557622277,0
                102.517210963355,5.56618814573844,0
                102.519330461047,5.56473832211287,0
                102.521370816756,5.56318007839688,0
                102.523326438009,5.56151768478536,0
                102.525191964583,5.55975569692231,0
                102.5269622832,5.55789894342362,0
                102.52863254154,5.55595251265175,0
                102.53019816154,5.5539217387785,0
                102.531654851946,5.5518121871738,0
                102.532998620069,5.54962963916071,0
                102.534225782736,5.54738007617811,0
                102.535332976378,5.54506966339439,0
                102.536317166254,5.54270473281727,0
                102.537175654769,5.54029176594541,0
                102.537906088865,5.53783737600986,0
                102.538506466473,5.53534828985353,0
                102.538975142,5.53283132949844,0
                102.539310830839,5.53029339345132,0
                102.539512612889,5.52774143779855,0
                102.539579935081,5.52518245714234,0
              </coordinates>
            </LinearRing>
          </outerBoundaryIs>
        </Polygon>
      </Placemark>
      <Placemark id="TRG_SE-15.5">
        <name>P.034 Setiu</name>
        <ExtendedData>
          <SchemaData schemaUrl="#TRG_SE-15.schema">
            <SimpleData name="state">Terengganu</SimpleData>
            <SimpleData name="parlimen">P.034 Setiu</SimpleData>
            <SimpleData name="code_parlimen">P.034</SimpleData>
            <SimpleData name="dun">N.05 Jabi</SimpleData>
            <SimpleData name="code_dun">N.05</SimpleData>
          </SchemaData>
        </ExtendedData>
        <Polygon>
          <outerBoundaryIs>
            <LinearRing>
              <coordinates>
                102.644294462728,5.65768712220072,0
                102.644227140536,5.65512870966644,0
                102.644025358486,5.65257729829718,0
                102.643689669647,5.650039881478,0
                102.64322099412,5.64752341432659,0
                102.642620616512,5.64503479462712,0
                102.641890182416,5.64258084392029,0
                102.641031693901,5.64016828880147,0
                102.640047504025,5.6378037424782,0
                102.638940310383,5.63549368663759,0
                102.637713147716,5.63324445367363,0
                102.636369379593,5.6310622093229,0
                102.634912689187,5.62895293575649,0
                102.633347069187,5.62692241517475,0
                102.631676810847,5.62497621394949,0
                102.62990649223,5.62311966735772,0
                102.628040965656,5.62135786494833,0
                102.626085344403,5.61969563658248,0
                102.624044988695,5.61813753918562,0
                102.621925491002,5.61668784424774,0
                102.619732660723,5.61535052610625,0
                102.617472508251,5.61412925104365,0
                102.615151228509,5.61302736722991,0
                102.612775183961,5.61204789553739,0
                102.610350887182,5.61119352125336,0
                102.607884983,5.61046658671302,0
                102.605384230286,5.60986908487339,0
                102.602855483432,5.60940265384546,0
                102.600305673555,5.60906857239995,0
                102.597741789508,5.60886775645882,0
                102.595170858718,5.6088007565824,0
                102.592599927928,5.60886775645882,0
                102.59003604388,5.60906857239995,0
                102.587486234003,5.60940265384546,0
                102.584957487149,5.60986908487339,0
                102.582456734436,5.61046658671302,0
                102.579990830253,5.61119352125336,0
                102.577566533474,5.61204789553739,0
                102.575190488926,5.61302736722991,0
                102.572869209184,5.61412925104365,0
                102.570609056712,5.61535052610625,0
                102.568416226433,5.61668784424774,0
                102.566296728741,5.61813753918562,0
                102.564256373032,5.61969563658248,0
                102.562300751779,5.62135786494833,0
                102.560435225205,5.62311966735772,0
                102.558664906588,5.62497621394949,0
                102.556994648248,5.62692241517475,0
                102.555429028248,5.62895293575649,0
                102.553972337842,5.6310622093229,0
                102.552628569719,5.63324445367363,0
                102.551401407052,5.63549368663759,0
                102.550294213411,5.6378037424782,0
                102.549310023534,5.64016828880147,0
                102.548451535019,5.64258084392029,0
                102.547721100923,5.64503479462712,0
                102.547120723315,5.64752341432659,0
                102.546652047788,5.650039881478,0
                102.54631635895,5.65257729829718,0
                102.546114576899,5.65512870966644,0
                102.546047254707,5.65768712220072,0
                102.546114576899,5.66024552341757,0
                102.54631635895,5.66279690095854,0
                102.546652047788,5.66533426180922,0
                102.547120723315,5.6678506514651,0
                102.547721100923,5.67033917299108,0
                102.548451535019,5.67279300592206,0
                102.549310023534,5.67520542495306,0
                102.550294213411,5.67756981836754,0
                102.551401407052,5.67987970615368,0
                102.552628569719,5.68212875775875,0
                102.553972337842,5.6843108094332,0
                102.555429028248,5.68641988111688,0
                102.556994648248,5.68845019282136,0
                102.558664906588,5.6903961804633,0
                102.560435225205,5.69225251110579,0
                102.562300751779,5.69401409756589,0
                102.564256373032,5.69567611234845,0
                102.566296728741,5.69723400086808,0
                102.568416226433,5.69868349392328,0
                102.570609056712,5.70002061938853,0
                102.572869209184,5.7012417130923,0
                102.575190488926,5.70234342885165,0
                102.577566533474,5.70332274763544,0
                102.579990830253,5.70417698583171,0
                102.582456734436,5.70490380259626,0
                102.584957487149,5.70550120626244,0
                102.587486234003,5.7059675597949,0
                102.59003604388,5.70630158527194,0
                102.592599927928,5.7065023673848,0
                102.595170858718,5.70656935594378,0
                102.597741789508,5.7065023673848,0
                102.600305673555,5.70630158527194,0
                102.602855483432,5.7059675597949,0
                102.605384230286,5.70550120626244,0
                102.607884983,5.70490380259626,0
                102.610350887182,5.70417698583171,0
                102.612775183961,5.70332274763544,0
                102.615151228509,5.70234342885165,0
                102.617472508251,5.7012417130923,0
                102.619732660723,5.70002061938853,0
                102.621925491002,5.69868349392328,0
                102.624044988695,5.69723400086808,0
                102.626085344403,5.69567611234845,0
                102.628040965656,5.69401409756589,0
                102.62990649223,5.69225251110579,0
                102.631676810847,5.6903961804633,0
                102.633347069187,5.68845019282136,0
                102.634912689187,5.68641988111688,0
                102.636369379593,5.6843108094332,0
                102.637713147716,5.68212875775875,0
                102.638940310383,5.67987970615368,0
                102.640047504025,5.67756981836754,0
                102.641031693901,5.67520542495306,0
                102.641890182416,5.67279300592206,0
                102.642620616512,5.67033917299108,0
                102.64322099412,5.6678506514651,0
                102.643689669647,5.66533426180922,0
                102.644025358486,5.66279690095854,0
                102.644227140536,5.66024552341757,0
                102.644294462728,5.65768712220072,0
              </coordinates>
            </LinearRing>
          </outerBoundaryIs>
        </Polygon>
      </Placemark>
      <Placemark id="TRG_SE-15.6">
        <name>P.034 Setiu</name>
        <ExtendedData>
          <SchemaData schemaUrl="#TRG_SE-15.schema">
            <SimpleData name="state">Terengganu</SimpleData>
            <SimpleData name="parlimen">P.034 Setiu</SimpleData>
            <SimpleData name="code_parlimen">P.034</SimpleData>
            <SimpleData name="dun">N.06 Permaisuri</SimpleData>
            <SimpleData name="code_dun">N.06</SimpleData>
          </SchemaData>
        </ExtendedData>
        <Polygon>
          <outerBoundaryIs>
            <LinearRing>
              <coordinates>
                102.800316513021,5.53825487294205,0
                102.800249190829,5.53569593776119,0
                102.800047408779,5.5331440054128,0
                102.79971171994,5.53060607070703,0
                102.799243044413,5.52808909017627,0
                102.798642666805,5.52559996300521,0
                102.797912232709,5.52314551211708,0
                102.797053744194,5.52073246546815,0
                102.796069554318,5.51836743760153,0
                102.794962360676,5.51605691151116,0
                102.79373519801,5.51380722086553,0
                102.792391429886,5.51162453264016,0
                102.79093473948,5.50951483020632,0
                102.78936911948,5.50748389692252,0
                102.78769886114,5.50553730027392,0
                102.785928542523,5.50368037660301,0
                102.784063015949,5.5019182164738,0
                102.782107394697,5.50025565070939,0
                102.780067038988,5.49869723714175,0
                102.777947541296,5.49724724810957,0
                102.775754711016,5.49590965873908,0
                102.773494558545,5.49468813603969,0
                102.771173278802,5.4935860288446,0
                102.768797234254,5.49260635862404,0
                102.766372937475,5.49175181119633,0
                102.763907033293,5.49102472935961,0
                102.76140628058,5.49042710646451,0
                102.758877533725,5.48996058094546,0
                102.756327723848,5.48962643182547,0
                102.753763839801,5.48942557520729,0
                102.751192909011,5.48935856175978,0
                102.748621978221,5.48942557520729,0
                102.746058094173,5.48962643182547,0
                102.743508284297,5.48996058094546,0
                102.740979537442,5.49042710646451,0
                102.738478784729,5.49102472935961,0
                102.736012880547,5.49175181119633,0
                102.733588583767,5.49260635862404,0
                102.73121253922,5.4935860288446,0
                102.728891259477,5.49468813603969,0
                102.726631107005,5.49590965873908,0
                102.724438276726,5.49724724810957,0
                102.722318779034,5.49869723714175,0
                102.720278423325,5.50025565070939,0
                102.718322802073,5.5019182164738,0
                102.716457275499,5.50368037660301,0
                102.714686956881,5.50553730027392,0
                102.713016698542,5.50748389692252,0
                102.711451078541,5.50951483020632,0
                102.709994388136,5.51162453264016,0
                102.708650620012,5.51380722086553,0
                102.707423457346,5.51605691151116,0
                102.706316263704,5.51836743760153,0
                102.705332073827,5.52073246546815,0
                102.704473585312,5.52314551211708,0
                102.703743151216,5.52559996300521,0
                102.703142773608,5.52808909017627,0
                102.702674098081,5.53060607070703,0
                102.702338409243,5.5331440054128,0
                102.702136627192,5.53569593776119,0
                102.702069305,5.53825487294205,0
                102.702136627192,5.5408137970414,0
                102.702338409243,5.5433656962666,0
                102.702674098081,5.54590357617041,0
                102.703142773608,5.5484204808209,0
                102.703743151216,5.55090951186472,0
                102.704473585312,5.55336384743181,0
                102.705332073827,5.55577676082943,0
                102.706316263704,5.55814163897436,0
                102.707423457346,5.56045200051308,0
                102.708650620012,5.56270151357992,0
                102.709994388136,5.56488401314498,0
                102.711451078541,5.56699351790397,0
                102.713016698542,5.56902424666417,0
                102.714686956881,5.57097063418123,0
                102.716457275499,5.57282734640392,0
                102.718322802073,5.57458929508494,0
                102.720278423325,5.57625165171781,0
                102.722318779034,5.57780986076189,0
                102.724438276726,5.57925965211927,0
                102.726631107005,5.5805970528295,0
                102.728891259477,5.58181839795017,0
                102.73121253922,5.58292034059366,0
                102.733588583767,5.58389986109259,0
                102.736012880547,5.58475427526905,0
                102.738478784729,5.5854812417848,0
                102.740979537442,5.5860787685527,0
                102.743508284297,5.58654521819155,0
                102.746058094173,5.58687931250961,0
                102.748621978221,5.58708013600463,0
                102.751192909011,5.5871471383706,0
                102.753763839801,5.58708013600463,0
                102.756327723848,5.58687931250961,0
                102.758877533725,5.58654521819155,0
                102.76140628058,5.5860787685527,0
                102.763907033293,5.5854812417848,0
                102.766372937475,5.58475427526905,0
                102.768797234254,5.58389986109259,0
                102.771173278802,5.58292034059366,0
                102.773494558545,5.58181839795017,0
                102.775754711016,5.5805970528295,0
                102.777947541296,5.57925965211927,0
                102.780067038988,5.57780986076189,0
                102.782107394697,5.57625165171781,0
                102.784063015949,5.57458929508494,0
                102.785928542523,5.57282734640392,0
                102.78769886114,5.57097063418123,0
                102.78936911948,5.56902424666417,0
                102.79093473948,5.56699351790397,0
                102.792391429886,5.56488401314498,0
                102.79373519801,5.56270151357992,0
                102.794962360676,5.56045200051308,0
                102.796069554318,5.55814163897436,0
                102.797053744194,5.55577676082943,0
                102.797912232709,5.55336384743181,0
                102.798642666805,5.55090951186472,0
                102.799243044413,5.5484204808209,0
                102.79971171994,5.54590357617041,0
                102.800047408779,5.5433656962666,0
                102.800249190829,5.5408137970414,0
                102.800316513021,5.53825487294205,0
              </coordinates>
            </LinearRing>
          </outerBoundaryIs>
        </Polygon>
      </Placemark>
      <Placemark id="TRG_SE-15.7">
        <name>P.038 Hulu Terengganu</name>
        <ExtendedData>
          <SchemaData schemaUrl="#TRG_SE-15.schema">
            <SimpleData name="state">Terengganu</SimpleData>
            <SimpleData name="parlimen">P.038 Hulu Terengganu</SimpleData>
            <SimpleData name="code_parlimen">P.038</SimpleData>
            <SimpleData name="dun">N.21 Telemung</SimpleData>
            <SimpleData name="code_dun">N.21</SimpleData>
          </SchemaData>
        </ExtendedData>
        <Polygon>
          <outerBoundaryIs>
            <LinearRing>
              <coordinates>
                102.768569014333,5.06407441543154,0
                102.768501692141,5.06151351492128,0
                102.76829991009,5.0589596235649,0
                102.767964221252,5.05641974153058,0
                102.767495545725,5.05390083066912,0
                102.766895168117,5.05140979542974,0
                102.766164734021,5.04895346393217,0
                102.765306245506,5.04653856924713,0
                102.764322055629,5.04417173093678,0
                102.763214861987,5.04185943690525,0
                102.761987699321,5.03960802560964,0
                102.760643931197,5.03742366867986,0
                102.759187240792,5.03531235399535,0
                102.757621620791,5.03327986926494,0
                102.755951362452,5.03133178615503,0
                102.754181043835,5.02947344500966,0
                102.75231551726,5.02770994020444,0
                102.750359896008,5.02604610617461,0
                102.748319540299,5.02448650415558,0
                102.746200042607,5.02303540967236,0
                102.744007212328,5.02169680081234,0
                102.741747059856,5.02047434731364,0
                102.739425780113,5.01937140049896,0
                102.737049735566,5.01839098408256,0
                102.734625438787,5.01753578587597,0
                102.732159534604,5.0168081504147,0
                102.729658781891,5.01621007252668,0
                102.727130035037,5.01574319185998,0
                102.72458022516,5.01540878838469,0
                102.722016341112,5.01520777888161,0
                102.719445410322,5.01514071442716,0
                102.716874479532,5.01520777888161,0
                102.714310595485,5.01540878838469,0
                102.711760785608,5.01574319185998,0
                102.709232038753,5.01621007252668,0
                102.70673128604,5.0168081504147,0
                102.704265381858,5.01753578587597,0
                102.701841085079,5.01839098408256,0
                102.699465040531,5.01937140049896,0
                102.697143760788,5.02047434731364,0
                102.694883608317,5.02169680081234,0
                102.692690778037,5.02303540967236,0
                102.690571280345,5.02448650415558,0
                102.688530924636,5.02604610617461,0
                102.686575303384,5.02770994020444,0
                102.68470977681,5.02947344500966,0
                102.682939458193,5.03133178615503,0
                102.681269199853,5.03327986926494,0
                102.679703579853,5.03531235399535,0
                102.678246889447,5.03742366867986,0
                102.676903121324,5.03960802560964,0
                102.675675958657,5.04185943690525,0
                102.674568765015,5.04417173093678,0
                102.673584575139,5.04653856924713,0
                102.672726086624,5.04895346393217,0
                102.671995652528,5.05140979542974,0
                102.67139527492,5.05390083066912,0
                102.670926599393,5.05641974153058,0
                102.670590910554,5.0589596235649,0
                102.670389128504,5.06151351492128,0
                102.670321806312,5.06407441543154,0
                102.670389128504,5.06663530579867,0
                102.670590910554,5.06918916683681,0
                102.670926599393,5.07172899870999,0
                102.67139527492,5.07424784011693,0
                102.671995652528,5.07673878736941,0
                102.672726086624,5.07919501331169,0
                102.673584575139,5.08160978602953,0
                102.674568765015,5.08397648729706,0
                102.675675958657,5.08628863071163,0
                102.676903121324,5.08853987946637,0
                102.678246889447,5.09072406371215,0
                102.679703579853,5.09283519746151,0
                102.681269199853,5.09486749498798,0
                102.682939458193,5.09681538667622,0
                102.68470977681,5.09867353427943,0
                102.686575303384,5.10043684554249,0
                102.688530924636,5.10210048815066,0
                102.690571280345,5.10365990296579,0
                102.692690778037,5.10511081651391,0
                102.694883608317,5.10644925268996,0
                102.697143760788,5.10767154364782,0
                102.699465040531,5.10877433984563,0
                102.701841085079,5.10975461921926,0
                102.704265381858,5.11060969545872,0
                102.70673128604,5.11133722536475,0
                102.709232038753,5.1119352152659,0
                102.711760785608,5.11240202647814,0
                102.714310595485,5.11273637979229,0
                102.716874479532,5.11293735897717,0
                102.719445410322,5.11300441328851,0
                102.722016341112,5.11293735897717,0
                102.72458022516,5.11273637979229,0
                102.727130035037,5.11240202647814,0
                102.729658781891,5.1119352152659,0
                102.732159534604,5.11133722536475,0
                102.734625438787,5.11060969545872,0
                102.737049735566,5.10975461921926,0
                102.739425780113,5.10877433984563,0
                102.741747059856,5.10767154364782,0
                102.744007212328,5.10644925268996,0
                102.746200042607,5.10511081651391,0
                102.748319540299,5.10365990296579,0
                102.750359896008,5.10210048815066,0
                102.75231551726,5.10043684554249,0
                102.754181043835,5.09867353427943,0
                102.755951362452,5.09681538667622,0
                102.757621620791,5.09486749498798,0
                102.759187240792,5.09283519746151,0
                102.760643931197,5.09072406371215,0
                102.761987699321,5.08853987946637,0
                102.763214861987,5.08628863071163,0
                102.764322055629,5.08397648729706,0
                102.765306245506,5.08160978602953,0
                102.766164734021,5.07919501331169,0
                102.766895168117,5.07673878736941,0
                102.767495545725,5.07424784011693,0
                102.767964221252,5.07172899870999,0
                102.76829991009,5.06918916683681,0
                102.768501692141,5.06663530579867,0
                102.768569014333,5.06407441543154,0
              </coordinates>
            </LinearRing>
          </outerBoundaryIs>
        </Polygon>
      </Placemark>
      <Placemark id="TRG_SE-15.8">
        <name>P.034 Setiu</name>
        <ExtendedData>
          <SchemaData schemaUrl="#TRG_SE-15.schema">
            <SimpleData name="state">Terengganu</SimpleData>
            <SimpleData name="parlimen">P.034 Setiu</SimpleData>
            <SimpleData name="code_parlimen">P.034</SimpleData>
            <SimpleData name="dun">N.07 Langkap</SimpleData>
            <SimpleData name="code_dun">N.07</SimpleData>
          </SchemaData>
        </ExtendedData>
        <Polygon>
          <outerBoundaryIs>
            <LinearRing>
              <coordinates>
                102.879286039603,5.35121378931503,0
                102.879218717411,5.3486540579676,0
                102.879016935361,5.34610133200317,0
                102.878681246522,5.34356260840262,0
                102.878212570995,5.34104484585313,0
                102.877612193387,5.33855494567245,0
                102.876881759291,5.33609973288942,0
                102.876023270776,5.33368593753281,0
                102.8750390809,5.33132017617959,0
                102.873931887258,5.32900893381364,0
                102.872704724591,5.32675854604416,0
                102.871360956468,5.32457518173309,0
                102.869904266062,5.32246482607894,0
                102.868338646062,5.32043326420356,0
                102.866668387722,5.31848606528697,0
                102.864898069105,5.31662856729381,0
                102.863032542531,5.31486586233322,0
                102.861076921279,5.31320278269272,0
                102.85903656557,5.31164388758405,0
                102.856917067878,5.31019345063776,0
                102.854724237598,5.30885544818065,0
                102.852464085127,5.30763354832851,0
                102.850142805384,5.30653110092396,0
                102.847766760836,5.30555112834713,0
                102.845342464057,5.30469631722456,0
                102.842876559875,5.30396901105889,0
                102.840375807162,5.3033712037998,0
                102.837847060307,5.30290453437384,0
                102.83529725043,5.30257028218812,0
                102.832733366383,5.30236936362029,0
                102.830162435593,5.30230232950453,0
                102.827591504803,5.30236936362029,0
                102.825027620755,5.30257028218812,0
                102.822477810878,5.30290453437384,0
                102.819949064024,5.3033712037998,0
                102.817448311311,5.30396901105889,0
                102.814982407128,5.30469631722456,0
                102.812558110349,5.30555112834713,0
                102.810182065802,5.30653110092396,0
                102.807860786059,5.30763354832851,0
                102.805600633587,5.30885544818065,0
                102.803407803308,5.31019345063776,0
                102.801288305616,5.31164388758405,0
                102.799247949907,5.31320278269272,0
                102.797292328655,5.31486586233322,0
                102.79542680208,5.31662856729381,0
                102.793656483463,5.31848606528697,0
                102.791986225124,5.32043326420356,0
                102.790420605123,5.32246482607894,0
                102.788963914718,5.32457518173309,0
                102.787620146594,5.32675854604416,0
                102.786392983928,5.32900893381364,0
                102.785285790286,5.33132017617959,0
                102.784301600409,5.33368593753281,0
                102.783443111894,5.33609973288942,0
                102.782712677798,5.33855494567245,0
                102.78211230019,5.34104484585313,0
                102.781643624663,5.34356260840262,0
                102.781307935825,5.34610133200317,0
                102.781106153774,5.3486540579676,0
                102.781038831582,5.35121378931503,0
                102.781106153774,5.35377350995075,0
                102.781307935825,5.35632620389737,0
                102.781643624663,5.35886487452482,0
                102.78211230019,5.3613825637263,0
                102.782712677798,5.36387237098767,0
                102.783443111894,5.36632747229816,0
                102.784301600409,5.36874113885031,0
                102.785285790286,5.37110675547834,0
                102.786392983928,5.37341783878402,0
                102.787620146594,5.37566805490084,0
                102.788963914718,5.37785123684755,0
                102.790420605123,5.37996140142364,0
                102.791986225124,5.38199276560077,0
                102.793656483463,5.3839397623649,0
                102.79542680208,5.38579705596628,0
                102.797292328655,5.38755955653507,0
                102.799247949907,5.38922243402316,0
                102.801288305616,5.39078113143359,0
                102.803407803308,5.39223137730187,0
                102.805600633587,5.39356919739466,0
                102.807860786059,5.3947909255942,0
                102.810182065802,5.39589321393855,0
                102.812558110349,5.39687304179023,0
                102.814982407128,5.3977277241084,0
                102.817448311311,5.39845491880158,0
                102.819949064024,5.39905263314142,0
                102.822477810878,5.39951922921941,0
                102.825027620755,5.39985342843206,0
                102.827591504803,5.4000543149821,0
                102.830162435593,5.40012133838615,0
                102.832733366383,5.4000543149821,0
                102.83529725043,5.39985342843206,0
                102.837847060307,5.39951922921941,0
                102.840375807162,5.39905263314142,0
                102.842876559875,5.39845491880158,0
                102.845342464057,5.3977277241084,0
                102.847766760836,5.39687304179023,0
                102.850142805384,5.39589321393855,0
                102.852464085127,5.3947909255942,0
                102.854724237598,5.39356919739466,0
                102.856917067878,5.39223137730187,0
                102.85903656557,5.39078113143359,0
                102.861076921279,5.38922243402316,0
                102.863032542531,5.38755955653507,0
                102.864898069105,5.38579705596628,0
                102.866668387722,5.3839397623649,0
                102.868338646062,5.38199276560077,0
                102.869904266062,5.37996140142364,0
                102.871360956468,5.37785123684755,0
                102.872704724591,5.37566805490084,0
                102.873931887258,5.37341783878402,0
                102.8750390809,5.37110675547834,0
                102.876023270776,5.36874113885031,0
                102.876881759291,5.36632747229816,0
                102.877612193387,5.36387237098767,0
                102.878212570995,5.3613825637263,0
                102.878681246522,5.35886487452482,0
                102.879016935361,5.35632620389737,0
                102.879218717411,5.35377350995075,0
                102.879286039603,5.35121378931503,0
              </coordinates>
            </LinearRing>
          </outerBoundaryIs>
        </Polygon>
      </Placemark>
      <Placemark id="TRG_SE-15.9">
        <name>P.034 Setiu</name>
        <ExtendedData>
          <SchemaData schemaUrl="#TRG_SE-15.schema">
            <SimpleData name="state">Terengganu</SimpleData>
            <SimpleData name="parlimen">P.034 Setiu</SimpleData>
            <SimpleData name="code_parlimen">P.034</SimpleData>
            <SimpleData name="dun">N.08 Batu Rakit</SimpleData>
            <SimpleData name="code_dun">N.08</SimpleData>
          </SchemaData>
        </ExtendedData>
        <Polygon>
          <outerBoundaryIs>
            <LinearRing>
              <coordinates>
                103.059290275283,5.50263241174399,0
                103.059222953091,5.50007332282859,0
                103.05902117104,5.49752123723714,0
                103.058685482201,5.49498315019897,0
                103.058216806674,5.49246601866257,0
                103.057616429066,5.48997674222453,0
                103.05688599497,5.48752214421472,0
                103.056027506455,5.48510895298965,0
                103.055043316579,5.48274378348522,0
                103.053936122937,5.48043311907966,0
                103.052708960271,5.47818329381633,0
                103.051365192147,5.47600047503507,0
                103.049908501741,5.47389064646006,0
                103.048342881741,5.47185959179042,0
                103.046672623401,5.46991287883866,0
                103.044902304784,5.46805584426059,0
                103.04303677821,5.4662935789187,0
                103.041081156958,5.46463091391897,0
                103.039040801249,5.4630724073599,0
                103.036921303557,5.46162233182969,0
                103.034728473277,5.46028466268655,0
                103.032468320806,5.45906306715356,0
                103.030147041063,5.45796089425896,0
                103.027770996515,5.45698116564875,0
                103.025346699736,5.45612656729736,0
                103.022880795554,5.45539944213908,0
                103.020380042841,5.45480178364023,0
                103.017851295986,5.45433523033032,0
                103.015301486109,5.45400106130659,0
                103.012737602062,5.45380019272485,0
                103.010166671272,5.45373317528595,0
                103.007595740482,5.45380019272485,0
                103.005031856434,5.45400106130659,0
                103.002482046558,5.45433523033032,0
                102.999953299703,5.45480178364023,0
                102.99745254699,5.45539944213908,0
                102.994986642808,5.45612656729736,0
                102.992562346028,5.45698116564875,0
                102.990186301481,5.45796089425896,0
                102.987865021738,5.45906306715356,0
                102.985604869267,5.46028466268655,0
                102.983412038987,5.46162233182969,0
                102.981292541295,5.4630724073599,0
                102.979252185586,5.46463091391897,0
                102.977296564334,5.4662935789187,0
                102.97543103776,5.46805584426059,0
                102.973660719143,5.46991287883866,0
                102.971990460803,5.47185959179042,0
                102.970424840802,5.47389064646006,0
                102.968968150397,5.47600047503507,0
                102.967624382273,5.47818329381633,0
                102.966397219607,5.48043311907966,0
                102.965290025965,5.48274378348522,0
                102.964305836088,5.48510895298965,0
                102.963447347574,5.48752214421472,0
                102.962716913478,5.48997674222453,0
                102.962116535869,5.49246601866257,0
                102.961647860342,5.49498315019897,0
                102.961312171504,5.49752123723714,0
                102.961110389453,5.50007332282859,0
                102.961043067261,5.50263241174399,0
                102.961110389453,5.50519148964826,0
                102.961312171504,5.50774354232692,0
                102.961647860342,5.51028157491128,0
                102.962116535869,5.51279863104944,0
                102.962716913478,5.51528781197088,0
                102.963447347574,5.51774229539225,0
                102.964305836088,5.52015535421249,0
                102.965290025965,5.52252037494635,0
                102.966397219607,5.52483087584555,0
                102.967624382273,5.52708052465816,0
                102.968968150397,5.52926315597758,0
                102.970424840802,5.53137278813348,0
                102.971990460803,5.53340363957877,0
                102.973660719143,5.5353501447275,0
                102.97543103776,5.53720696920056,0
                102.977296564334,5.53896902443748,0
                102.979252185586,5.54063148163418,0
                102.981292541295,5.54218978496895,0
                102.983412038987,5.54363966408008,0
                102.985604869267,5.54497714576145,0
                102.987865021738,5.54619856484377,0
                102.990186301481,5.54730057423208,0
                102.992562346028,5.5482801540718,0
                102.994986642808,5.54913462001838,0
                102.99745254699,5.54986163058829,0
                102.999953299703,5.5504591935706,0
                103.002482046558,5.55092567148231,0
                103.005031856434,5.55125978605226,0
                103.007595740482,5.55146062172124,0
                103.010166671272,5.55152762814901,0
                103.012737602062,5.55146062172124,0
                103.015301486109,5.55125978605226,0
                103.017851295986,5.55092567148231,0
                103.020380042841,5.5504591935706,0
                103.022880795554,5.54986163058829,0
                103.025346699736,5.54913462001838,0
                103.027770996515,5.5482801540718,0
                103.030147041063,5.54730057423208,0
                103.032468320806,5.54619856484377,0
                103.034728473277,5.54497714576145,0
                103.036921303557,5.54363966408008,0
                103.039040801249,5.54218978496895,0
                103.041081156958,5.54063148163418,0
                103.04303677821,5.53896902443748,0
                103.044902304784,5.53720696920056,0
                103.046672623401,5.5353501447275,0
                103.048342881741,5.53340363957877,0
                103.049908501741,5.53137278813348,0
                103.051365192147,5.52926315597758,0
                103.052708960271,5.52708052465816,0
                103.053936122937,5.52483087584555,0
                103.055043316579,5.52252037494635,0
                103.056027506455,5.52015535421249,0
                103.05688599497,5.51774229539225,0
                103.057616429066,5.51528781197088,0
                103.058216806674,5.51279863104944,0
                103.058685482201,5.51028157491128,0
                103.05902117104,5.50774354232692,0
                103.059222953091,5.50519148964826,0
                103.059290275283,5.50263241174399,0
              </coordinates>
            </LinearRing>
          </outerBoundaryIs>
        </Polygon>
      </Placemark>
      <Placemark id="TRG_SE-15.10">
        <name>P.035 Kuala Nerus</name>
        <ExtendedData>
          <SchemaData schemaUrl="#TRG_SE-15.schema">
            <SimpleData name="state">Terengganu</SimpleData>
            <SimpleData name="parlimen">P.035 Kuala Nerus</SimpleData>
            <SimpleData name="code_parlimen">P.035</SimpleData>
            <SimpleData name="dun">N.09 Tepuh</SimpleData>
            <SimpleData name="code_dun">N.09</SimpleData>
          </SchemaData>
        </ExtendedData>
        <Polygon>
          <outerBoundaryIs>
            <LinearRing>
              <coordinates>
                102.99670955864,5.39740956845212,0
                102.996642236448,5.39485003120712,0
                102.996440454397,5.39229749872211,0
                102.996104765559,5.38975896744876,0
                102.995636090032,5.38724139554895,0
                102.995035712424,5.38475168382043,0
                102.994305278327,5.38229665677877,0
                102.993446789813,5.37988304394753,0
                102.992462599936,5.37751746140794,0
                102.991355406294,5.37520639365879,0
                102.990128243628,5.37295617583626,0
                102.988784475504,5.37077297634249,0
                102.987327785099,5.36866277993062,0
                102.985762165098,5.36663137129275,0
                102.984091906759,5.36468431919579,0
                102.982321588141,5.36282696120904,0
                102.980456061567,5.36106438906508,0
                102.978500440315,5.35940143469453,0
                102.976460084606,5.35784265697288,0
                102.974340586914,5.35639232921584,0
                102.972147756635,5.35505442745763,0
                102.969887604163,5.35383261954444,0
                102.96756632442,5.35273025507288,0
                102.965190279873,5.35175035620137,0
                102.962765983093,5.35089560935948,0
                102.960300078911,5.35016835787819,0
                102.957799326198,5.34957059556121,0
                102.955270579343,5.34910396121514,0
                102.952720769467,5.34876973415352,0
                102.950156885419,5.34856883068701,0
                102.947585954629,5.3485018016095,0
                102.945015023839,5.34856883068701,0
                102.942451139792,5.34876973415352,0
                102.939901329915,5.34910396121514,0
                102.93737258306,5.34957059556121,0
                102.934871830347,5.35016835787819,0
                102.932405926165,5.35089560935948,0
                102.929981629386,5.35175035620137,0
                102.927605584838,5.35273025507288,0
                102.925284305095,5.35383261954444,0
                102.923024152624,5.35505442745763,0
                102.920831322344,5.35639232921584,0
                102.918711824652,5.35784265697288,0
                102.916671468943,5.35940143469453,0
                102.914715847691,5.36106438906508,0
                102.912850321117,5.36282696120904,0
                102.9110800025,5.36468431919579,0
                102.90940974416,5.36663137129275,0
                102.90784412416,5.36866277993062,0
                102.906387433754,5.37077297634249,0
                102.90504366563,5.37295617583626,0
                102.903816502964,5.37520639365879,0
                102.902709309322,5.37751746140794,0
                102.901725119446,5.37988304394753,0
                102.900866630931,5.38229665677877,0
                102.900136196835,5.38475168382043,0
                102.899535819227,5.38724139554895,0
                102.8990671437,5.38975896744876,0
                102.898731454861,5.39229749872211,0
                102.898529672811,5.39485003120712,0
                102.898462350618,5.39740956845212,0
                102.898529672811,5.39996909489401,0
                102.898731454861,5.40252159508808,0
                102.8990671437,5.40506007293642,0
                102.899535819227,5.40757757086251,0
                102.900136196835,5.41006718887905,0
                102.900866630931,5.4125221034972,0
                102.901725119446,5.41493558642517,0
                102.902709309322,5.41730102300495,0
                102.903816502964,5.41961193033692,0
                102.90504366563,5.42186197504246,0
                102.906387433754,5.42404499061614,0
                102.90784412416,5.42615499431989,0
                102.90940974416,5.42818620357298,0
                102.9110800025,5.43013305179295,0
                102.912850321117,5.43199020364429,0
                102.914715847691,5.43375256965282,0
                102.916671468943,5.43541532014642,0
                102.918711824652,5.43697389848332,0
                102.920831322344,5.43842403353229,0
                102.923024152624,5.43976175137046,0
                102.925284305095,5.44098338616673,0
                102.927605584838,5.44208559022116,0
                102.929981629386,5.44306534313291,0
                102.932405926165,5.44391996007158,0
                102.934871830347,5.44464709912943,0
                102.93737258306,5.44524476773448,0
                102.939901329915,5.44571132810687,0
                102.942451139792,5.44604550174351,0
                102.945015023839,5.4462463729191,0
                102.947585954629,5.44631339119351,0
                102.950156885419,5.4462463729191,0
                102.952720769467,5.44604550174351,0
                102.955270579343,5.44571132810687,0
                102.957799326198,5.44524476773448,0
                102.960300078911,5.44464709912943,0
                102.962765983093,5.44391996007158,0
                102.965190279873,5.44306534313291,0
                102.96756632442,5.44208559022116,0
                102.969887604163,5.44098338616673,0
                102.972147756635,5.43976175137046,0
                102.974340586914,5.43842403353229,0
                102.976460084606,5.43697389848332,0
                102.978500440315,5.43541532014642,0
                102.980456061567,5.43375256965282,0
                102.982321588141,5.43199020364429,0
                102.984091906759,5.43013305179296,0
                102.985762165098,5.42818620357298,0
                102.987327785099,5.42615499431989,0
                102.988784475504,5.42404499061614,0
                102.990128243628,5.42186197504246,0
                102.991355406294,5.41961193033692,0
                102.992462599936,5.41730102300495,0
                102.993446789813,5.41493558642517,0
                102.994305278327,5.4125221034972,0
                102.995035712424,5.41006718887905,0
                102.995636090032,5.40757757086251,0
                102.996104765559,5.40506007293642,0
                102.996440454397,5.40252159508808,0
                102.996642236448,5.39996909489401,0
                102.99670955864,5.39740956845212,0
              </coordinates>
            </LinearRing>
          </outerBoundaryIs>
        </Polygon>
      </Placemark>
      <Placemark id="TRG_SE-15.11">
        <name>P.035 Kuala Nerus</name>
        <ExtendedData>
          <SchemaData schemaUrl="#TRG_SE-15.schema">
            <SimpleData name="state">Terengganu</SimpleData>
            <SimpleData name="parlimen">P.035 Kuala Nerus</SimpleData>
            <SimpleData name="code_parlimen">P.035</SimpleData>
            <SimpleData name="dun">N.10 Buluh Gading</SimpleData>
            <SimpleData name="code_dun">N.10</SimpleData>
          </SchemaData>
        </ExtendedData>
        <Polygon>
          <outerBoundaryIs>
            <LinearRing>
              <coordinates>
                103.021007589042,5.28958686155847,0
                103.02094026685,5.28702687386161,0
                103.0207384848,5.28447389237185,0
                103.020402795961,5.28193491476894,0
                103.019934120434,5.27941690043378,0
                103.019333742826,5.27692675137084,0
                103.01860330873,5.27447129328676,0
                103.017744820215,5.27205725687743,0
                103.016760630339,5.26969125937459,0
                103.015653436697,5.26737978640255,0
                103.01442627403,5.26512917419517,0
                103.013082505907,5.26294559222153,0
                103.011625815501,5.26083502626821,0
                103.010060195501,5.25880326202454,0
                103.008389937161,5.25685586921599,0
                103.006619618544,5.25499818632914,0
                103.00475409197,5.25323530597041,0
                103.002798470717,5.25157206089847,0
                103.000758115008,5.25001301076906,0
                102.998638617316,5.24856242962839,0
                102.996445787037,5.24722429418953,0
                102.994185634565,5.24600227292426,0
                102.991864354823,5.24489971599992,0
                102.989488310275,5.24391964608941,0
                102.987064013496,5.24306475007928,0
                102.984598109314,5.2423373716988,0
                102.9820973566,5.2417395050904,0
                102.979568609746,5.24127278933894,0
                102.977018799869,5.24093850397507,0
                102.974454915822,5.24073756546491,0
                102.971883985032,5.2406705246958,0
                102.969313054242,5.24073756546491,0
                102.966749170194,5.24093850397507,0
                102.964199360317,5.24127278933894,0
                102.961670613463,5.2417395050904,0
                102.959169860749,5.2423373716988,0
                102.956703956567,5.24306475007928,0
                102.954279659788,5.24391964608941,0
                102.95190361524,5.24489971599992,0
                102.949582335498,5.24600227292426,0
                102.947322183026,5.24722429418953,0
                102.945129352747,5.24856242962839,0
                102.943009855055,5.25001301076906,0
                102.940969499346,5.25157206089847,0
                102.939013878093,5.25323530597041,0
                102.937148351519,5.25499818632914,0
                102.935378032902,5.25685586921599,0
                102.933707774562,5.25880326202454,0
                102.932142154562,5.26083502626821,0
                102.930685464156,5.26294559222153,0
                102.929341696033,5.26512917419517,0
                102.928114533366,5.26737978640255,0
                102.927007339725,5.26969125937459,0
                102.926023149848,5.27205725687743,0
                102.925164661333,5.27447129328676,0
                102.924434227237,5.27692675137084,0
                102.923833849629,5.27941690043378,0
                102.923365174102,5.28193491476894,0
                102.923029485263,5.28447389237185,0
                102.922827703213,5.28702687386161,0
                102.922760381021,5.28958686155847,0
                102.922827703213,5.29214683866554,0
                102.923029485263,5.29469978850199,0
                102.923365174102,5.29723871373489,0
                102.923833849629,5.29975665555704,0
                102.924434227237,5.30224671275854,0
                102.925164661333,5.30470206063914,0
                102.926023149848,5.30711596971035,0
                102.927007339725,5.30948182413563,0
                102.928114533366,5.31179313985823,0
                102.929341696033,5.31404358236714,0
                102.930685464156,5.31622698405253,0
                102.932142154562,5.31833736110312,0
                102.933707774562,5.32036892989921,0
                102.935378032902,5.32231612285673,0
                102.937148351519,5.32417360367868,0
                102.939013878093,5.32593628197252,0
                102.940969499346,5.32759932719344,0
                102.943009855055,5.32915818187532,0
                102.945129352747,5.3306085741133,0
                102.947322183026,5.33194652926395,0
                102.949582335498,5.33316838083082,0
                102.95190361524,5.33427078050577,0
                102.954279659788,5.33525070733877,0
                102.956703956567,5.33610547601086,0
                102.959169860749,5.33683274418789,0
                102.961670613463,5.33743051893489,0
                102.964199360317,5.33789716217341,0
                102.966749170194,5.33823139516728,0
                102.969313054242,5.33843230202416,0
                102.971883985032,5.33849933220351,0
                102.974454915822,5.33843230202416,0
                102.977018799869,5.33823139516728,0
                102.979568609746,5.33789716217341,0
                102.9820973566,5.33743051893489,0
                102.984598109314,5.33683274418789,0
                102.987064013496,5.33610547601086,0
                102.989488310275,5.33525070733877,0
                102.991864354823,5.33427078050577,0
                102.994185634565,5.33316838083082,0
                102.996445787037,5.33194652926395,0
                102.998638617316,5.3306085741133,0
                103.000758115008,5.32915818187532,0
                103.002798470717,5.32759932719344,0
                103.00475409197,5.32593628197252,0
                103.006619618544,5.32417360367868,0
                103.008389937161,5.32231612285673,0
                103.010060195501,5.32036892989921,0
                103.011625815501,5.31833736110312,0
                103.013082505907,5.31622698405253,0
                103.01442627403,5.31404358236714,0
                103.015653436697,5.31179313985823,0
                103.016760630339,5.30948182413563,0
                103.017744820215,5.30711596971035,0
                103.01860330873,5.30470206063914,0
                103.019333742826,5.30224671275854,0
                103.019934120434,5.29975665555704,0
                103.020402795961,5.29723871373489,0
                103.0207384848,5.29469978850199,0
                103.02094026685,5.29214683866554,0
                103.021007589042,5.28958686155847,0
              </coordinates>
            </LinearRing>
          </outerBoundaryIs>
        </Polygon>
      </Placemark>
      <Placemark id="TRG_SE-15.12">
        <name>P.035 Kuala Nerus</name>
        <ExtendedData>
          <SchemaData schemaUrl="#TRG_SE-15.schema">
            <SimpleData name="state">Terengganu</SimpleData>
            <SimpleData name="parlimen">P.035 Kuala Nerus</SimpleData>
            <SimpleData name="code_parlimen">P.035</SimpleData>
            <SimpleData name="dun">N.11 Seberang Takir</SimpleData>
            <SimpleData name="code_dun">N.11</SimpleData>
          </SchemaData>
        </ExtendedData>
        <Polygon>
          <outerBoundaryIs>
            <LinearRing>
              <coordinates>
                103.164749553957,5.43835613829498,0
                103.164682231765,5.43579677448766,0
                103.164480449715,5.43324441488432,0
                103.164144760876,5.43070605546373,0
                103.163676085349,5.42818865391843,0
                103.163075707741,5.42569911058147,0
                103.162345273645,5.42324424950978,0
                103.16148678513,5.42083079977545,0
                103.160502595253,5.41846537701667,0
                103.159395401612,5.4161544652988,0
                103.158168238945,5.41390439933528,0
                103.156824470822,5.41172134711732,0
                103.155367780416,5.40961129300008,0
                103.153802160416,5.40758002129155,0
                103.152131902076,5.40563310038949,0
                103.150361583459,5.40377586750988,0
                103.148496056885,5.4020134140487,0
                103.146540435632,5.40035057161765,0
                103.144500079923,5.39879189879166,0
                103.142380582231,5.3973416686051,0
                103.140187751952,5.39600385683067,0
                103.13792759948,5.39478213107358,0
                103.135606319738,5.3936798407106,0
                103.13323027519,5.39270000770196,0
                103.130805978411,5.3918453183012,0
                103.128340074229,5.39111811568586,0
                103.125839321515,5.39052039352916,0
                103.123310574661,5.39005379053053,0
                103.120760764784,5.38971958591987,0
                103.118196880736,5.38951869594792,0
                103.115625949946,5.38945167137259,0
                103.113055019156,5.38951869594792,0
                103.110491135109,5.38971958591987,0
                103.107941325232,5.39005379053053,0
                103.105412578378,5.39052039352916,0
                103.102911825664,5.39111811568586,0
                103.100445921482,5.3918453183012,0
                103.098021624703,5.39270000770196,0
                103.095645580155,5.3936798407106,0
                103.093324300413,5.39478213107358,0
                103.091064147941,5.39600385683067,0
                103.088871317662,5.3973416686051,0
                103.08675181997,5.39879189879166,0
                103.084711464261,5.40035057161765,0
                103.082755843008,5.4020134140487,0
                103.080890316434,5.40377586750988,0
                103.079119997817,5.40563310038949,0
                103.077449739477,5.40758002129155,0
                103.075884119477,5.40961129300008,0
                103.074427429071,5.41172134711732,0
                103.073083660948,5.41390439933528,0
                103.071856498281,5.4161544652988,0
                103.070749304639,5.41846537701667,0
                103.069765114763,5.42083079977545,0
                103.068906626248,5.42324424950978,0
                103.068176192152,5.42569911058147,0
                103.067575814544,5.42818865391843,0
                103.067107139017,5.43070605546373,0
                103.066771450178,5.43324441488432,0
                103.066569668128,5.43579677448766,0
                103.066502345936,5.43835613829498,0
                103.066569668128,5.44091549121821,0
                103.066771450178,5.44346781828857,0
                103.067107139017,5.4460061238837,0
                103.067575814544,5.44852345090083,0
                103.068176192152,5.45101289982341,0
                103.068906626248,5.45346764762894,0
                103.069765114763,5.45588096648633,0
                103.070749304639,5.45824624219126,0
                103.071856498281,5.46055699228958,0
                103.073083660948,5.46280688383854,0
                103.074427429071,5.46498975075786,0
                103.075884119477,5.46709961072257,0
                103.077449739477,5.46913068155186,0
                103.079119997817,5.47107739704882,0
                103.080890316434,5.47293442224797,0
                103.082755843008,5.47469666802866,0
                103.084711464261,5.47635930505464,0
                103.08675181997,5.47791777700141,0
                103.088871317662,5.47936781303549,0
                103.091064147941,5.48070543951135,0
                103.093324300413,5.48192699085393,0
                103.095645580155,5.48302911959741,0
                103.098021624703,5.48400880555228,0
                103.100445921482,5.48486336407614,0
                103.102911825664,5.4855904534254,0
                103.105412578378,5.48618808116777,0
                103.107941325232,5.48665460963825,0
                103.110491135109,5.48698876042351,0
                103.113055019156,5.4871896178625,0
                103.115625949946,5.48725663155375,0
                103.118196880736,5.4871896178625,0
                103.120760764784,5.48698876042351,0
                103.123310574661,5.48665460963825,0
                103.125839321515,5.48618808116777,0
                103.128340074229,5.4855904534254,0
                103.130805978411,5.48486336407614,0
                103.13323027519,5.48400880555228,0
                103.135606319738,5.48302911959741,0
                103.13792759948,5.48192699085393,0
                103.140187751952,5.48070543951135,0
                103.142380582231,5.47936781303549,0
                103.144500079923,5.47791777700141,0
                103.146540435632,5.47635930505464,0
                103.148496056885,5.47469666802866,0
                103.150361583459,5.47293442224797,0
                103.152131902076,5.47107739704883,0
                103.153802160416,5.46913068155186,0
                103.155367780416,5.46709961072257,0
                103.156824470822,5.46498975075786,0
                103.158168238945,5.46280688383854,0
                103.159395401612,5.46055699228958,0
                103.160502595253,5.45824624219126,0
                103.16148678513,5.45588096648633,0
                103.162345273645,5.45346764762894,0
                103.163075707741,5.45101289982341,0
                103.163676085349,5.44852345090083,0
                103.164144760876,5.4460061238837,0
                103.164480449715,5.44346781828857,0
                103.164682231765,5.44091549121821,0
                103.164749553957,5.43835613829498,0
              </coordinates>
            </LinearRing>
          </outerBoundaryIs>
        </Polygon>
      </Placemark>
      <Placemark id="TRG_SE-15.13">
        <name>P.035 Kuala Nerus</name>
        <ExtendedData>
          <SchemaData schemaUrl="#TRG_SE-15.schema">
            <SimpleData name="state">Terengganu</SimpleData>
            <SimpleData name="parlimen">P.035 Kuala Nerus</SimpleData>
            <SimpleData name="code_parlimen">P.035</SimpleData>
            <SimpleData name="dun">N.12 Bukit Tunggal</SimpleData>
            <SimpleData name="code_dun">N.12</SimpleData>
          </SchemaData>
        </ExtendedData>
        <Polygon>
          <outerBoundaryIs>
            <LinearRing>
              <coordinates>
                103.088356445998,5.36216266314571,0
                103.088289123806,5.35960297765209,0
                103.088087341756,5.35705029739423,0
                103.087751652917,5.35451161922798,0
                103.08728297739,5.35199390171643,0
                103.086682599782,5.34950404605449,0
                103.085952165686,5.34704887714976,0
                103.085093677171,5.34463512491163,0
                103.084109487295,5.34226940580003,0
                103.083002293653,5.33995820468419,0
                103.081775130986,5.33770785706159,0
                103.080431362863,5.33552453168558,0
                103.078974672457,5.33341421364942,0
                103.077409052457,5.33138268797347,0
                103.075738794117,5.32943552374019,0
                103.0739684755,5.32757805882079,0
                103.072102948926,5.32581538523548,0
                103.070147327673,5.32415233518747,0
                103.068106971965,5.32259346780909,0
                103.065987474273,5.3211430566565,0
                103.063794643993,5.31980507798741,0
                103.061534491522,5.31858319985391,0
                103.059213211779,5.31748077204051,0
                103.056837167231,5.31650081687499,0
                103.054412870452,5.31564602093736,0
                103.05194696627,5.31491872768967,0
                103.049446213557,5.31432093104719,0
                103.046917466702,5.31385426990809,0
                103.044367656825,5.31352002365739,0
                103.041803772778,5.31331910865692,0
                103.039232841988,5.31325207573133,0
                103.036661911198,5.31331910865692,0
                103.03409802715,5.31352002365739,0
                103.031548217273,5.31385426990809,0
                103.029019470419,5.31432093104719,0
                103.026518717706,5.31491872768967,0
                103.024052813523,5.31564602093736,0
                103.021628516744,5.31650081687499,0
                103.019252472197,5.31748077204051,0
                103.016931192454,5.31858319985391,0
                103.014671039982,5.31980507798741,0
                103.012478209703,5.3211430566565,0
                103.010358712011,5.32259346780909,0
                103.008318356302,5.32415233518747,0
                103.006362735049,5.32581538523548,0
                103.004497208475,5.32757805882079,0
                103.002726889858,5.32943552374019,0
                103.001056631519,5.33138268797347,0
                102.999491011518,5.33341421364942,0
                102.998034321112,5.33552453168558,0
                102.996690552989,5.33770785706159,0
                102.995463390323,5.33995820468419,0
                102.994356196681,5.34226940580003,0
                102.993372006804,5.34463512491163,0
                102.992513518289,5.34704887714976,0
                102.991783084193,5.34950404605449,0
                102.991182706585,5.35199390171643,0
                102.990714031058,5.35451161922798,0
                102.99037834222,5.35705029739423,0
                102.990176560169,5.35960297765209,0
                102.990109237977,5.36216266314571,0
                102.990176560169,5.36472233790595,0
                102.99037834222,5.36727498608127,0
                102.990714031058,5.36981361116729,0
                102.991182706585,5.37233125518251,0
                102.991783084193,5.37482101773726,0
                102.992513518289,5.37727607494403,0
                102.993372006804,5.37968969811722,0
                102.994356196681,5.382055272211,0
                102.995463390323,5.38436631394491,0
                102.996690552989,5.38661648956776,0
                102.998034321112,5.38879963221065,0
                102.999491011518,5.39090975878236,0
                103.001056631519,5.39294108636027,0
                103.002726889858,5.39488804803234,0
                103.004497208475,5.39674530814664,0
                103.006362735049,5.39850777692685,0
                103.008318356302,5.40017062441365,0
                103.010358712011,5.40172929369403,0
                103.012478209703,5.40317951338223,0
                103.014671039982,5.40451730931824,0
                103.016931192454,5.40573901545203,0
                103.019252472197,5.40684128388359,0
                103.021628516744,5.40782109403132,0
                103.024052813523,5.40867576090409,0
                103.026518717706,5.40940294245386,0
                103.029019470419,5.41000064598921,0
                103.031548217273,5.41046723363202,0
                103.03409802715,5.41080142680254,0
                103.036661911198,5.41100230972048,0
                103.039232841988,5.41106933191268,0
                103.041803772778,5.41100230972048,0
                103.044367656825,5.41080142680254,0
                103.046917466702,5.41046723363202,0
                103.049446213557,5.41000064598921,0
                103.05194696627,5.40940294245386,0
                103.054412870452,5.40867576090409,0
                103.056837167231,5.40782109403132,0
                103.059213211779,5.40684128388359,0
                103.061534491522,5.40573901545203,0
                103.063794643993,5.40451730931824,0
                103.065987474273,5.40317951338223,0
                103.068106971965,5.40172929369403,0
                103.070147327673,5.40017062441365,0
                103.072102948926,5.39850777692685,0
                103.0739684755,5.39674530814664,0
                103.075738794117,5.39488804803234,0
                103.077409052457,5.39294108636027,0
                103.078974672457,5.39090975878236,0
                103.080431362863,5.38879963221065,0
                103.081775130986,5.38661648956776,0
                103.083002293653,5.38436631394491,0
                103.084109487295,5.382055272211,0
                103.085093677171,5.37968969811722,0
                103.085952165686,5.37727607494403,0
                103.086682599782,5.37482101773726,0
                103.08728297739,5.37233125518251,0
                103.087751652917,5.36981361116729,0
                103.088087341756,5.36727498608127,0
                103.088289123806,5.36472233790595,0
                103.088356445998,5.36216266314571,0
              </coordinates>
            </LinearRing>
          </outerBoundaryIs>
        </Polygon>
      </Placemark>
      <Placemark id="TRG_SE-15.14">
        <name>P.036 Kuala Terengganu</name>
        <ExtendedData>
          <SchemaData schemaUrl="#TRG_SE-15.schema">
            <SimpleData name="state">Terengganu</SimpleData>
            <SimpleData name="parlimen">P.036 Kuala Terengganu</SimpleData>
            <SimpleData name="code_parlimen">P.036</SimpleData>
            <SimpleData name="dun">N.13 Wakaf Mempelam</SimpleData>
            <SimpleData name="code_dun">N.13</SimpleData>
          </SchemaData>
        </ExtendedData>
        <Polygon>
          <outerBoundaryIs>
            <LinearRing>
              <coordinates>
                103.162130149288,5.14110205806403,0
                103.162062827096,5.13854146488037,0
                103.161861045046,5.13598787985624,0
                103.161525356207,5.13344830232201,0
                103.16105668068,5.130929693297,0
                103.160456303072,5.12843895640739,0
                103.159725868976,5.12598291896057,0
                103.158867380461,5.12356831322787,0
                103.157883190584,5.12120175798693,0
                103.156775996943,5.11888974037453,0
                103.155548834276,5.11663859809938,0
                103.154205066153,5.1144545020641,0
                103.152748375747,5.11234343944371,0
                103.151182755747,5.11031119726732,0
                103.149512497407,5.1083633465481,0
                103.14774217879,5.10650522700494,0
                103.145876652216,5.10474193241803,0
                103.143921030963,5.10307829665838,0
                103.141880675254,5.10151888042978,0
                103.139761177562,5.10006795875959,0
                103.137568347283,5.09872950927272,0
                103.135308194811,5.09750720128111,0
                103.132986915069,5.09640438571871,0
                103.130610870521,5.09542408594934,0
                103.128186573742,5.09456898947326,0
                103.12572066956,5.09384144055471,0
                103.123219916846,5.09324343379093,0
                103.120691169992,5.09277660864048,0
                103.118141360115,5.0924422449256,0
                103.115577476067,5.09224125932118,0
                103.113006545277,5.09217420284002,0
                103.110435614487,5.09224125932118,0
                103.10787173044,5.0924422449256,0
                103.105321920563,5.09277660864048,0
                103.102793173709,5.09324343379093,0
                103.100292420995,5.09384144055471,0
                103.097826516813,5.09456898947326,0
                103.095402220034,5.09542408594934,0
                103.093026175486,5.09640438571871,0
                103.090704895744,5.09750720128111,0
                103.088444743272,5.09872950927272,0
                103.086251912993,5.10006795875959,0
                103.084132415301,5.10151888042978,0
                103.082092059592,5.10307829665838,0
                103.080136438339,5.10474193241803,0
                103.078270911765,5.10650522700494,0
                103.076500593148,5.1083633465481,0
                103.074830334808,5.11031119726732,0
                103.073264714808,5.11234343944371,0
                103.071808024402,5.1144545020641,0
                103.070464256279,5.11663859809938,0
                103.069237093612,5.11888974037453,0
                103.06812989997,5.12120175798693,0
                103.067145710094,5.12356831322787,0
                103.066287221579,5.12598291896057,0
                103.065556787483,5.12843895640739,0
                103.064956409875,5.130929693297,0
                103.064487734348,5.13344830232201,0
                103.064152045509,5.13598787985624,0
                103.063950263459,5.13854146488037,0
                103.063882941267,5.14110205806403,0
                103.063950263459,5.14366264095193,0
                103.064152045509,5.14621619520162,0
                103.064487734348,5.14875572181986,0
                103.064956409875,5.15127426034519,0
                103.065556787483,5.15376490792386,0
                103.066287221579,5.15622083822695,0
                103.067145710094,5.15863532015706,0
                103.06812989997,5.16100173629294,0
                103.069237093612,5.16331360102189,0
                103.070464256279,5.1655645783102,0
                103.071808024402,5.16774849906288,0
                103.073264714808,5.16985937802537,0
                103.074830334808,5.17189143018074,0
                103.076500593148,5.17383908659774,0
                103.078270911765,5.17569700968628,0
                103.080136438339,5.17746010781857,0
                103.082092059592,5.17912354927601,0
                103.084132415301,5.18068277548361,0
                103.086251912993,5.18213351349594,0
                103.088444743272,5.18347178770029,0
                103.090704895744,5.1846939307051,0
                103.093026175486,5.1857965933841,0
                103.095402220034,5.18677675404847,0
                103.097826516813,5.187631726722,0
                103.100292420995,5.1883591684969,0
                103.102793173709,5.18895708594978,0
                103.105321920563,5.18942384060058,0
                103.10787173044,5.18975815339952,0
                103.110435614487,5.1899591082295,0
                103.113006545277,5.19002615441491,0
                103.115577476067,5.1899591082295,0
                103.118141360115,5.18975815339952,0
                103.120691169992,5.18942384060058,0
                103.123219916846,5.18895708594978,0
                103.12572066956,5.1883591684969,0
                103.128186573742,5.187631726722,0
                103.130610870521,5.18677675404847,0
                103.132986915069,5.1857965933841,0
                103.135308194811,5.1846939307051,0
                103.137568347283,5.18347178770029,0
                103.139761177562,5.18213351349594,0
                103.141880675254,5.18068277548361,0
                103.143921030963,5.17912354927601,0
                103.145876652216,5.17746010781857,0
                103.14774217879,5.17569700968628,0
                103.149512497407,5.17383908659774,0
                103.151182755747,5.17189143018074,0
                103.152748375747,5.16985937802537,0
                103.154205066153,5.16774849906288,0
                103.155548834276,5.1655645783102,0
                103.156775996943,5.16331360102189,0
                103.157883190584,5.16100173629294,0
                103.158867380461,5.15863532015706,0
                103.159725868976,5.15622083822695,0
                103.160456303072,5.15376490792386,0
                103.16105668068,5.15127426034519,0
                103.161525356207,5.14875572181986,0
                103.161861045046,5.14621619520162,0
                103.162062827096,5.14366264095193,0
                103.162130149288,5.14110205806403,0
              </coordinates>
            </LinearRing>
          </outerBoundaryIs>
        </Polygon>
      </Placemark>
      <Placemark id="TRG_SE-15.15">
        <name>P.036 Kuala Terengganu</name>
        <ExtendedData>
          <SchemaData schemaUrl="#TRG_SE-15.schema">
            <SimpleData name="state">Terengganu</SimpleData>
            <SimpleData name="parlimen">P.036 Kuala Terengganu</SimpleData>
            <SimpleData name="code_parlimen">P.036</SimpleData>
            <SimpleData name="dun">N.14 Bandar</SimpleData>
            <SimpleData name="code_dun">N.14</SimpleData>
          </SchemaData>
        </ExtendedData>
        <Polygon>
          <outerBoundaryIs>
            <LinearRing>
              <coordinates>
                103.267719588816,5.39112455412077,0
                103.267652266624,5.38856499037,0
                103.267450484574,5.38601243146427,0
                103.267114795735,5.38347387392749,0
                103.266646120208,5.38095627599328,0
                103.2660457426,5.37846653853039,0
                103.265315308504,5.3760114861245,0
                103.264456819989,5.37359784836814,0
                103.263472630113,5.37123224141027,0
                103.262365436471,5.3689211498159,0
                103.261138273804,5.3666709087858,0
                103.259794505681,5.36448768678495,0
                103.258337815275,5.36237746862726,0
                103.256772195275,5.36034603906354,0
                103.255101936935,5.35839896691713,0
                103.253331618318,5.35654158981129,0
                103.251466091744,5.35477899953006,0
                103.249510470491,5.35311602805276,0
                103.247470114783,5.35155723430084,0
                103.24535061709,5.35010689163299,0
                103.243157786811,5.3487689761234,0
                103.240897634339,5.34754715565507,0
                103.238576354597,5.34644477985821,0
                103.236200310049,5.34546487092152,0
                103.23377601327,5.34461011530148,0
                103.231310109088,5.3438828563525,0
                103.228809356375,5.3432850878982,0
                103.22628060952,5.34281844876164,0
                103.223730799643,5.34248421826906,0
                103.221166915596,5.34228331274032,0
                103.218595984806,5.34221628297478,0
                103.216025054016,5.34228331274032,0
                103.213461169968,5.34248421826906,0
                103.210911360091,5.34281844876164,0
                103.208382613237,5.3432850878982,0
                103.205881860524,5.3438828563525,0
                103.203415956341,5.34461011530148,0
                103.200991659562,5.34546487092152,0
                103.198615615015,5.34644477985821,0
                103.196294335272,5.34754715565507,0
                103.1940341828,5.3487689761234,0
                103.191841352521,5.35010689163299,0
                103.189721854829,5.35155723430084,0
                103.18768149912,5.35311602805276,0
                103.185725877867,5.35477899953006,0
                103.183860351293,5.35654158981129,0
                103.182090032676,5.35839896691713,0
                103.180419774336,5.36034603906354,0
                103.178854154336,5.36237746862726,0
                103.17739746393,5.36448768678495,0
                103.176053695807,5.3666709087858,0
                103.17482653314,5.3689211498159,0
                103.173719339499,5.37123224141027,0
                103.172735149622,5.37359784836814,0
                103.171876661107,5.3760114861245,0
                103.171146227011,5.37846653853039,0
                103.170545849403,5.38095627599328,0
                103.170077173876,5.38347387392749,0
                103.169741485038,5.38601243146427,0
                103.169539702987,5.38856499037,0
                103.169472380795,5.39112455412077,0
                103.169539702987,5.39368410708085,0
                103.169741485038,5.39623663373279,0
                103.170077173876,5.39877513790605,0
                103.170545849403,5.40129266195166,0
                103.171146227011,5.40378230581038,0
                103.171876661107,5.40623724592214,0
                103.172735149622,5.4086507539247,0
                103.173719339499,5.41101621509071,0
                103.17482653314,5.41332714645248,0
                103.176053695807,5.41557721456477,0
                103.17739746393,5.41776025285718,0
                103.178854154336,5.41987027852849,0
                103.180419774336,5.42190150893684,0
                103.182090032676,5.42384837744088,0
                103.183860351293,5.42570554864849,0
                103.185725877867,5.42746793303151,0
                103.18768149912,5.42913070086645,0
                103.189721854829,5.43068929546303,0
                103.191841352521,5.43213944564455,0
                103.1940341828,5.43347717744573,0
                103.196294335272,5.43469882499633,0
                103.198615615015,5.43580104056065,0
                103.200991659562,5.43678080370554,0
                103.203415956341,5.43763542957184,0
                103.205881860524,5.43836257622674,0
                103.208382613237,5.43896025107692,0
                103.210911360091,5.43942681632494,0
                103.213461169968,5.439760993454,0
                103.216025054016,5.43996186672899,0
                103.218595984806,5.44002888570386,0
                103.221166915596,5.43996186672899,0
                103.223730799643,5.439760993454,0
                103.22628060952,5.43942681632494,0
                103.228809356375,5.43896025107692,0
                103.231310109088,5.43836257622674,0
                103.23377601327,5.43763542957184,0
                103.236200310049,5.43678080370554,0
                103.238576354597,5.43580104056065,0
                103.240897634339,5.43469882499633,0
                103.243157786811,5.43347717744573,0
                103.24535061709,5.43213944564455,0
                103.247470114783,5.43068929546303,0
                103.249510470491,5.42913070086645,0
                103.251466091744,5.42746793303151,0
                103.253331618318,5.42570554864849,0
                103.255101936935,5.42384837744088,0
                103.256772195275,5.42190150893684,0
                103.258337815275,5.41987027852849,0
                103.259794505681,5.41776025285718,0
                103.261138273804,5.41557721456477,0
                103.262365436471,5.41332714645248,0
                103.263472630113,5.41101621509071,0
                103.264456819989,5.4086507539247,0
                103.265315308504,5.40623724592214,0
                103.2660457426,5.40378230581038,0
                103.266646120208,5.40129266195166,0
                103.267114795735,5.39877513790605,0
                103.267450484574,5.39623663373279,0
                103.267652266624,5.39368410708085,0
                103.267719588816,5.39112455412077,0
              </coordinates>
            </LinearRing>
          </outerBoundaryIs>
        </Polygon>
      </Placemark>
      <Placemark id="TRG_SE-15.16">
        <name>P.036 Kuala Terengganu</name>
        <ExtendedData>
          <SchemaData schemaUrl="#TRG_SE-15.schema">
            <SimpleData name="state">Terengganu</SimpleData>
            <SimpleData name="parlimen">P.036 Kuala Terengganu</SimpleData>
            <SimpleData name="code_parlimen">P.036</SimpleData>
            <SimpleData name="dun">N.15 Ladang</SimpleData>
            <SimpleData name="code_dun">N.15</SimpleData>
          </SchemaData>
        </ExtendedData>
        <Polygon>
          <outerBoundaryIs>
            <LinearRing>
              <coordinates>
                103.184024220283,5.33989518219434,0
                103.183956898091,5.3373354035429,0
                103.18375511604,5.33478263042644,0
                103.183419427202,5.33224385995476,0
                103.182950751675,5.32972605094311,0
                103.182350374067,5.32723610483593,0
                103.181619939971,5.32478084678712,0
                103.180761451456,5.32236700694859,0
                103.179777261579,5.32000120201814,0
                103.178670067937,5.31768991709782,0
                103.177442905271,5.31543948791213,0
                103.176099137147,5.31325608343505,0
                103.174642446742,5.31114568897359,0
                103.173076826741,5.30911408975435,0
                103.171406568402,5.30716685505801,0
                103.169636249785,5.30530932294552,0
                103.167770723211,5.30354658561783,0
                103.165815101958,5.30188347544936,0
                103.163774746249,5.30032455173385,0
                103.161655248557,5.2988740881785,0
                103.159462418278,5.29753606118146,0
                103.157202265806,5.29631413892418,0
                103.154880986063,5.29521167130922,0
                103.152504941516,5.29423168077075,0
                103.150080644737,5.29337685398329,0
                103.147614740554,5.29264953449132,0
                103.145113987841,5.29205171628007,0
                103.142585240987,5.29158503830533,0
                103.14003543111,5.291250779997,0
                103.137471547062,5.29104985774907,0
                103.134900616272,5.29098282240552,0
                103.132329685482,5.29104985774907,0
                103.129765801435,5.291250779997,0
                103.127215991558,5.29158503830533,0
                103.124687244703,5.29205171628007,0
                103.12218649199,5.29264953449132,0
                103.119720587808,5.29337685398329,0
                103.117296291029,5.29423168077075,0
                103.114920246481,5.29521167130922,0
                103.112598966738,5.29631413892418,0
                103.110338814267,5.29753606118146,0
                103.108145983987,5.2988740881785,0
                103.106026486295,5.30032455173385,0
                103.103986130586,5.30188347544936,0
                103.102030509334,5.30354658561783,0
                103.10016498276,5.30530932294552,0
                103.098394664143,5.30716685505801,0
                103.096724405803,5.30911408975435,0
                103.095158785803,5.31114568897359,0
                103.093702095397,5.31325608343505,0
                103.092358327274,5.31543948791213,0
                103.091131164607,5.31768991709782,0
                103.090023970965,5.32000120201814,0
                103.089039781089,5.32236700694859,0
                103.088181292574,5.32478084678712,0
                103.087450858478,5.32723610483593,0
                103.08685048087,5.32972605094311,0
                103.086381805343,5.33224385995476,0
                103.086046116504,5.33478263042644,0
                103.085844334454,5.3373354035429,0
                103.085777012262,5.33989518219434,0
                103.085844334454,5.34245495015645,0
                103.086046116504,5.34500769132205,0
                103.086381805343,5.34754640893135,0
                103.08685048087,5.35006414474834,0
                103.087450858478,5.35255399813049,0
                103.088181292574,5.35500914493978,0
                103.089039781089,5.35742285624311,0
                103.090023970965,5.35978851675093,0
                103.091131164607,5.36209964294349,0
                103.092358327274,5.36434990083539,0
                103.093702095397,5.36653312332936,0
                103.095158785803,5.36864332711221,0
                103.096724405803,5.37067472904649,0
                103.098394664143,5.37262176201301,0
                103.10016498276,5.37447909016099,0
                103.102030509334,5.3762416235242,0
                103.103986130586,5.37790453196285,0
                103.106026486295,5.37946325839345,0
                103.108145983987,5.38091353127023,0
                103.110338814267,5.3822513762842,0
                103.112598966738,5.38347312724773,0
                103.114920246481,5.38457543613502,0
                103.117296291029,5.38555528225091,0
                103.119720587808,5.38640998050324,0
                103.12218649199,5.38713718875577,0
                103.124687244703,5.387734914242,0
                103.127215991558,5.38820151902212,0
                103.129765801435,5.38853572446812,0
                103.132329685482,5.3887366147652,0
                103.134900616272,5.38880363941943,0
                103.137471547062,5.3887366147652,0
                103.14003543111,5.38853572446812,0
                103.142585240987,5.38820151902212,0
                103.145113987841,5.387734914242,0
                103.147614740554,5.38713718875577,0
                103.150080644737,5.38640998050324,0
                103.152504941516,5.38555528225091,0
                103.154880986063,5.38457543613502,0
                103.157202265806,5.38347312724773,0
                103.159462418278,5.3822513762842,0
                103.161655248557,5.38091353127023,0
                103.163774746249,5.37946325839345,0
                103.165815101958,5.37790453196285,0
                103.167770723211,5.3762416235242,0
                103.169636249785,5.37447909016099,0
                103.171406568402,5.37262176201301,0
                103.173076826741,5.37067472904649,0
                103.174642446742,5.36864332711221,0
                103.176099137147,5.36653312332936,0
                103.177442905271,5.36434990083539,0
                103.178670067937,5.36209964294349,0
                103.179777261579,5.35978851675093,0
                103.180761451456,5.35742285624311,0
                103.181619939971,5.35500914493978,0
                103.182350374067,5.35255399813049,0
                103.182950751675,5.35006414474834,0
                103.183419427202,5.34754640893135,0
                103.18375511604,5.34500769132205,0
                103.183956898091,5.34245495015645,0
                103.184024220283,5.33989518219434,0
              </coordinates>
            </LinearRing>
          </outerBoundaryIs>
        </Polygon>
      </Placemark>
      <Placemark id="TRG_SE-15.17">
        <name>P.036 Kuala Terengganu</name>
        <ExtendedData>
          <SchemaData schemaUrl="#TRG_SE-15.schema">
            <SimpleData name="state">Terengganu</SimpleData>
            <SimpleData name="parlimen">P.036 Kuala Terengganu</SimpleData>
            <SimpleData name="code_parlimen">P.036</SimpleData>
            <SimpleData name="dun">N.16 Batu Buruk</SimpleData>
            <SimpleData name="code_dun">N.16</SimpleData>
          </SchemaData>
        </ExtendedData>
        <Polygon>
          <outerBoundaryIs>
            <LinearRing>
              <coordinates>
                103.279497448794,5.29391758521931,0
                103.279430126602,5.2913576154402,0
                103.279228344551,5.28880465181055,0
                103.278892655713,5.28626569196126,0
                103.278423980186,5.28374769522473,0
                103.277823602578,5.28125756355744,0
                103.277093168482,5.27880212261865,0
                103.276234679967,5.27638810305765,0
                103.27525049009,5.27402212206038,0
                103.274143296448,5.27171066520642,0
                103.272916133782,5.26946006868594,0
                103.271572365658,5.26727650192563,0
                103.270115675253,5.26516595067093,0
                103.268550055252,5.26313420057156,0
                103.266879796913,5.26118682131481,0
                103.265109478296,5.25932915135083,0
                103.263243951721,5.25756628325125,0
                103.261288330469,5.25590304974185,0
                103.25924797476,5.25434401044733,0
                103.257128477068,5.25289343938482,0
                103.254935646789,5.25155531324045,0
                103.252675494317,5.25033330046107,0
                103.250354214574,5.24923075119136,0
                103.247978170027,5.24825068808376,0
                103.245553873247,5.24739579800664,0
                103.243087969065,5.24666842467343,0
                103.240587216352,5.2460705622131,0
                103.238058469497,5.24560384969944,0
                103.235508659621,5.24526956665447,0
                103.232944775573,5.24506862953812,0
                103.230373844783,5.24500158923402,0
                103.227802913993,5.24506862953812,0
                103.225239029946,5.24526956665447,0
                103.222689220069,5.24560384969944,0
                103.220160473214,5.2460705622131,0
                103.217659720501,5.24666842467343,0
                103.215193816319,5.24739579800664,0
                103.21276951954,5.24825068808376,0
                103.210393474992,5.24923075119136,0
                103.208072195249,5.25033330046107,0
                103.205812042778,5.25155531324045,0
                103.203619212498,5.25289343938482,0
                103.201499714806,5.25434401044733,0
                103.199459359097,5.25590304974185,0
                103.197503737845,5.25756628325125,0
                103.195638211271,5.25932915135083,0
                103.193867892654,5.26118682131481,0
                103.192197634314,5.26313420057156,0
                103.190632014314,5.26516595067093,0
                103.189175323908,5.26727650192563,0
                103.187831555785,5.26946006868594,0
                103.186604393118,5.27171066520642,0
                103.185497199476,5.27402212206038,0
                103.1845130096,5.27638810305765,0
                103.183654521085,5.27880212261865,0
                103.182924086989,5.28125756355744,0
                103.182323709381,5.28374769522473,0
                103.181855033854,5.28626569196126,0
                103.181519345015,5.28880465181055,0
                103.181317562965,5.2913576154402,0
                103.181250240773,5.29391758521931,0
                103.181317562965,5.29647754440006,0
                103.181519345015,5.29903047635078,0
                103.181855033854,5.30156938378767,0
                103.182323709381,5.30408730795252,0
                103.182924086989,5.306577347684,0
                103.183654521085,5.30903267833011,0
                103.1845130096,5.31144657044994,0
                103.185497199476,5.31381240825385,0
                103.186604393118,5.31612370773109,0
                103.187831555785,5.31837413441573,0
                103.189175323908,5.32055752074188,0
                103.190632014314,5.32266788294093,0
                103.192197634314,5.32469943743457,0
                103.193867892654,5.32664661667852,0
                103.195638211271,5.32850408441405,0
                103.197503737845,5.33026675028517,0
                103.199459359097,5.33192978378181,0
                103.201499714806,5.3334886274706,0
                103.203619212498,5.33493900947752,0
                103.205812042778,5.33627695518778,0
                103.208072195249,5.33749879813139,0
                103.210393474992,5.33860119002442,0
                103.21276951954,5.33958110993872,0
                103.215193816319,5.34043587257473,0
                103.217659720501,5.34116313561531,0
                103.220160473214,5.34176090613987,0
                103.222689220069,5.3422275460819,0
                103.225239029946,5.34256177671449,0
                103.227802913993,5.34276268215192,0
                103.230373844783,5.34282971185769,0
                103.232944775573,5.34276268215192,0
                103.235508659621,5.34256177671449,0
                103.238058469497,5.3422275460819,0
                103.240587216352,5.34176090613987,0
                103.243087969065,5.34116313561531,0
                103.245553873247,5.34043587257473,0
                103.247978170027,5.33958110993872,0
                103.250354214574,5.33860119002442,0
                103.252675494317,5.33749879813139,0
                103.254935646789,5.33627695518778,0
                103.257128477068,5.33493900947752,0
                103.25924797476,5.3334886274706,0
                103.261288330469,5.33192978378181,0
                103.263243951721,5.33026675028517,0
                103.265109478296,5.32850408441405,0
                103.266879796913,5.32664661667852,0
                103.268550055252,5.32469943743457,0
                103.270115675253,5.32266788294093,0
                103.271572365658,5.32055752074188,0
                103.272916133782,5.31837413441573,0
                103.274143296448,5.31612370773109,0
                103.27525049009,5.31381240825385,0
                103.276234679967,5.31144657044994,0
                103.277093168482,5.30903267833011,0
                103.277823602578,5.306577347684,0
                103.278423980186,5.30408730795252,0
                103.278892655713,5.30156938378767,0
                103.279228344551,5.29903047635078,0
                103.279430126602,5.29647754440006,0
                103.279497448794,5.29391758521931,0
              </coordinates>
            </LinearRing>
          </outerBoundaryIs>
        </Polygon>
      </Placemark>
      <Placemark id="TRG_SE-15.18">
        <name>P.037 Marang</name>
        <ExtendedData>
          <SchemaData schemaUrl="#TRG_SE-15.schema">
            <SimpleData name="state">Terengganu</SimpleData>
            <SimpleData name="parlimen">P.037 Marang</SimpleData>
            <SimpleData name="code_parlimen">P.037</SimpleData>
            <SimpleData name="dun">N.17 Alur Limbat</SimpleData>
            <SimpleData name="code_dun">N.17</SimpleData>
          </SchemaData>
        </ExtendedData>
        <Polygon>
          <outerBoundaryIs>
            <LinearRing>
              <coordinates>
                103.052793162509,5.19431853579088,0
                103.052725840317,5.1917581576347,0
                103.052524058266,5.18920478694369,0
                103.052188369428,5.18666542246206,0
                103.051719693901,5.1841470246273,0
                103.051119316293,5.18165649648967,0
                103.050388882197,5.17920066478817,0
                103.049530393682,5.17678626123468,0
                103.048546203805,5.17441990405791,0
                103.047439010163,5.17210807985758,0
                103.046211847497,5.16985712581871,0
                103.044868079374,5.16767321233493,0
                103.043411388968,5.16556232608827,0
                103.041845768967,5.16353025363212,0
                103.040175510628,5.16158256552245,0
                103.038405192011,5.15972460104064,0
                103.036539665437,5.1579614535501,0
                103.034584044184,5.15629795652696,0
                103.032543688475,5.1547386703029,0
                103.030424190783,5.15328786955691,0
                103.028231360504,5.15194953159023,0
                103.025971208032,5.15072732541649,0
                103.023649928289,5.14962460169746,0
                103.021273883742,5.14864438355173,0
                103.018849586963,5.14778935826164,0
                103.01638368278,5.14706186990152,0
                103.013882930067,5.14646391290716,0
                103.011354183213,5.14599712660443,0
                103.008804373336,5.14566279071208,0
                103.006240489288,5.14546182183088,0
                103.003669558498,5.14539477092908,0
                103.001098627708,5.14546182183088,0
                102.998534743661,5.14566279071208,0
                102.995984933784,5.14599712660443,0
                102.993456186929,5.14646391290716,0
                102.990955434216,5.14706186990152,0
                102.988489530034,5.14778935826164,0
                102.986065233255,5.14864438355173,0
                102.983689188707,5.14962460169746,0
                102.981367908964,5.15072732541649,0
                102.979107756493,5.15194953159023,0
                102.976914926213,5.15328786955691,0
                102.974795428521,5.1547386703029,0
                102.972755072813,5.15629795652696,0
                102.97079945156,5.1579614535501,0
                102.968933924986,5.15972460104064,0
                102.967163606369,5.16158256552245,0
                102.965493348029,5.16353025363212,0
                102.963927728029,5.16556232608827,0
                102.962471037623,5.16767321233493,0
                102.9611272695,5.16985712581871,0
                102.959900106833,5.17210807985758,0
                102.958792913191,5.17441990405791,0
                102.957808723315,5.17678626123468,0
                102.9569502348,5.17920066478817,0
                102.956219800704,5.18165649648967,0
                102.955619423096,5.1841470246273,0
                102.955150747569,5.18666542246206,0
                102.95481505873,5.18920478694369,0
                102.95461327668,5.1917581576347,0
                102.954545954488,5.19431853579088,0
                102.95461327668,5.19687890354588,0
                102.95481505873,5.19943224314736,0
                102.955150747569,5.20197155619173,0
                102.955619423096,5.20448988280503,0
                102.956219800704,5.20698032071734,0
                102.9569502348,5.20943604417816,0
                102.957808723315,5.21185032266157,0
                102.958792913191,5.21421653930911,0
                102.959900106833,5.21652820906074,0
                102.9611272695,5.21877899642361,0
                102.962471037623,5.22096273283025,0
                102.963927728029,5.22307343353871,0
                102.965493348029,5.22510531402838,0
                102.967163606369,5.22705280584653,0
                102.968933924986,5.22891057186242,0
                102.97079945156,5.230673520887,0
                102.972755072813,5.23233682161866,0
                102.974795428521,5.23389591587628,0
                102.976914926213,5.2353465310841,0
                102.979107756493,5.2366846919737,0
                102.981367908964,5.2379067314715,0
                102.983689188707,5.23900930074188,0
                102.986065233255,5.23998937835844,0
                102.988489530034,5.24084427857851,0
                102.990955434216,5.24157165869801,0
                102.993456186929,5.2421695254671,0
                102.995984933784,5.2426362405484,0
                102.998534743661,5.24297052500352,0
                103.001098627708,5.24317146279521,0
                103.003669558498,5.24323850329585,0
                103.006240489288,5.24317146279521,0
                103.008804373336,5.24297052500352,0
                103.011354183213,5.2426362405484,0
                103.013882930067,5.2421695254671,0
                103.01638368278,5.24157165869801,0
                103.018849586963,5.24084427857851,0
                103.021273883742,5.23998937835844,0
                103.023649928289,5.23900930074188,0
                103.025971208032,5.2379067314715,0
                103.028231360504,5.2366846919737,0
                103.030424190783,5.2353465310841,0
                103.032543688475,5.23389591587628,0
                103.034584044184,5.23233682161866,0
                103.036539665437,5.230673520887,0
                103.038405192011,5.22891057186242,0
                103.040175510628,5.22705280584653,0
                103.041845768967,5.22510531402838,0
                103.043411388968,5.22307343353871,0
                103.044868079374,5.22096273283025,0
                103.046211847497,5.21877899642361,0
                103.047439010163,5.21652820906074,0
                103.048546203805,5.21421653930911,0
                103.049530393682,5.21185032266157,0
                103.050388882197,5.20943604417816,0
                103.051119316293,5.20698032071734,0
                103.051719693901,5.20448988280503,0
                103.052188369428,5.20197155619173,0
                103.052524058266,5.19943224314736,0
                103.052725840317,5.19687890354588,0
                103.052793162509,5.19431853579088,0
              </coordinates>
            </LinearRing>
          </outerBoundaryIs>
        </Polygon>
      </Placemark>
      <Placemark id="TRG_SE-15.19">
        <name>P.037 Marang</name>
        <ExtendedData>
          <SchemaData schemaUrl="#TRG_SE-15.schema">
            <SimpleData name="state">Terengganu</SimpleData>
            <SimpleData name="parlimen">P.037 Marang</SimpleData>
            <SimpleData name="code_parlimen">P.037</SimpleData>
            <SimpleData name="dun">N.18 Bukit Payung</SimpleData>
            <SimpleData name="code_dun">N.18</SimpleData>
          </SchemaData>
        </ExtendedData>
        <Polygon>
          <outerBoundaryIs>
            <LinearRing>
              <coordinates>
                103.206562497493,5.2283693263628,0
                103.206495175301,5.22580908695171,0
                103.20629339325,5.22325585455833,0
                103.205957704412,5.22071662754863,0
                103.205489028885,5.21819836598469,0
                103.204888651277,5.21570797254518,0
                103.204158217181,5.21325227360227,0
                103.203299728666,5.21083800050684,0
                103.202315538789,5.20847177113336,0
                103.201208345148,5.20616007173499,0
                103.199981182481,5.2039092391588,0
                103.198637414358,5.20172544346993,0
                103.197180723952,5.19961467103224,0
                103.195615103952,5.19758270809214,0
                103.193944845612,5.19563512491053,0
                103.192174526995,5.1937772604864,0
                103.190309000421,5.19201420791425,0
                103.188353379168,5.19035080041527,0
                103.186313023459,5.188791598081,0
                103.184193525767,5.18734087536565,0
                103.182000695488,5.18600260936147,0
                103.179740543016,5.18478046888959,0
                103.177419263274,5.18367780443615,0
                103.175043218726,5.18269763896137,0
                103.172618921947,5.18184265960701,0
                103.170153017764,5.18111521032478,0
                103.167652265051,5.18051728544629,0
                103.165123518197,5.18005052421177,0
                103.16257370832,5.17971620627312,0
                103.160009824272,5.17951524818331,0
                103.157438893482,5.17944820088185,0
                103.154867962692,5.17951524818331,0
                103.152304078645,5.17971620627312,0
                103.149754268768,5.18005052421177,0
                103.147225521913,5.18051728544629,0
                103.1447247692,5.18111521032478,0
                103.142258865018,5.18184265960701,0
                103.139834568239,5.18269763896137,0
                103.137458523691,5.18367780443615,0
                103.135137243949,5.18478046888959,0
                103.132877091477,5.18600260936147,0
                103.130684261198,5.18734087536565,0
                103.128564763505,5.188791598081,0
                103.126524407797,5.19035080041527,0
                103.124568786544,5.19201420791425,0
                103.12270325997,5.1937772604864,0
                103.120932941353,5.19563512491053,0
                103.119262683013,5.19758270809214,0
                103.117697063013,5.19961467103224,0
                103.116240372607,5.20172544346993,0
                103.114896604484,5.2039092391588,0
                103.113669441817,5.20616007173499,0
                103.112562248175,5.20847177113336,0
                103.111578058299,5.21083800050684,0
                103.110719569784,5.21325227360227,0
                103.109989135688,5.21570797254518,0
                103.10938875808,5.21819836598469,0
                103.108920082553,5.22071662754863,0
                103.108584393714,5.22325585455833,0
                103.108382611664,5.22580908695171,0
                103.108315289472,5.2283693263628,0
                103.108382611664,5.23092955530531,0
                103.108584393714,5.23348275640763,0
                103.108920082553,5.23602193164659,0
                103.10938875808,5.23854012152736,0
                103.109989135688,5.24103042415664,0
                103.110719569784,5.24348601415721,0
                103.111578058299,5.24590016137174,0
                103.112562248175,5.24826624930498,0
                103.113669441817,5.25057779325342,0
                103.114896604484,5.25282845807311,0
                103.116240372607,5.2550120755369,0
                103.117697063013,5.2571226612336,0
                103.119262683013,5.25915443096277,0
                103.120932941353,5.26110181658037,0
                103.12270325997,5.26295948125195,0
                103.124568786544,5.26472233407159,0
                103.126524407797,5.26638554400659,0
                103.128564763505,5.26794455312995,0
                103.130684261198,5.26939508910435,0
                103.132877091477,5.2707331768835,0
                103.135137243949,5.27195514959893,0
                103.137458523691,5.27305765860249,0
                103.139834568239,5.27403768263709,0
                103.142258865018,5.27489253611064,0
                103.1447247692,5.27561987645055,0
                103.147225521913,5.27621771051887,0
                103.149754268768,5.27668440007028,0
                103.152304078645,5.27701866623821,0
                103.154867962692,5.27721959303696,0
                103.157438893482,5.27728662986986,0
                103.160009824272,5.27721959303696,0
                103.16257370832,5.27701866623821,0
                103.165123518197,5.27668440007028,0
                103.167652265051,5.27621771051887,0
                103.170153017764,5.27561987645055,0
                103.172618921947,5.27489253611064,0
                103.175043218726,5.27403768263709,0
                103.177419263274,5.27305765860249,0
                103.179740543016,5.27195514959893,0
                103.182000695488,5.2707331768835,0
                103.184193525767,5.26939508910435,0
                103.186313023459,5.26794455312995,0
                103.188353379168,5.26638554400659,0
                103.190309000421,5.26472233407159,0
                103.192174526995,5.26295948125195,0
                103.193944845612,5.26110181658037,0
                103.195615103952,5.25915443096277,0
                103.197180723952,5.2571226612336,0
                103.198637414358,5.2550120755369,0
                103.199981182481,5.25282845807311,0
                103.201208345148,5.25057779325342,0
                103.202315538789,5.24826624930498,0
                103.203299728666,5.24590016137174,0
                103.204158217181,5.24348601415721,0
                103.204888651277,5.24103042415664,0
                103.205489028885,5.23854012152736,0
                103.205957704412,5.23602193164659,0
                103.20629339325,5.23348275640763,0
                103.206495175301,5.23092955530531,0
                103.206562497493,5.2283693263628,0
              </coordinates>
            </LinearRing>
          </outerBoundaryIs>
        </Polygon>
      </Placemark>
      <Placemark id="TRG_SE-15.20">
        <name>P.037 Marang</name>
        <ExtendedData>
          <SchemaData schemaUrl="#TRG_SE-15.schema">
            <SimpleData name="state">Terengganu</SimpleData>
            <SimpleData name="parlimen">P.037 Marang</SimpleData>
            <SimpleData name="code_parlimen">P.037</SimpleData>
            <SimpleData name="dun">N.19 Ru Rendang</SimpleData>
            <SimpleData name="code_dun">N.19</SimpleData>
          </SchemaData>
        </ExtendedData>
        <Polygon>
          <outerBoundaryIs>
            <LinearRing>
              <coordinates>
                103.27788967256,5.16074070203355,0
                103.277822350368,5.158180187945,0
                103.277620568318,5.15562668176042,0
                103.277284879479,5.15308718259459,0
                103.276816203952,5.15056865125282,0
                103.276215826344,5.14807799114945,0
                103.275485392248,5.14562202938279,0
                103.274626903733,5.1432074980184,0
                103.273642713857,5.14084101563201,0
                103.272535520215,5.13852906916284,0
                103.271308357548,5.13627799612701,0
                103.269964589425,5.13409396723991,0
                103.268507899019,5.13198296949521,0
                103.266942279019,5.12995078974709,0
                103.265272020679,5.12800299884053,0
                103.263501702062,5.1261449363335,0
                103.261636175488,5.1243816958529,0
                103.259680554236,5.12271811112452,0
                103.257640198527,5.12115874271525,0
                103.255520700835,5.11970786552436,0
                103.253327870555,5.11836945705768,0
                103.251067718084,5.11714718651746,0
                103.248746438341,5.11604440473752,0
                103.246370393793,5.1150641349915,0
                103.243946097014,5.11420906469952,0
                103.241480192832,5.11348153805595,0
                103.238979440119,5.11288354959867,0
                103.236450693264,5.11241673873742,0
                103.233900883387,5.11208238525638,0
                103.23133699934,5.11188140580319,0
                103.22876606855,5.11181435137427,0
                103.22619513776,5.11188140580319,0
                103.223631253712,5.11208238525638,0
                103.221081443835,5.11241673873742,0
                103.218552696981,5.11288354959867,0
                103.216051944268,5.11348153805595,0
                103.213586040085,5.11420906469952,0
                103.211161743306,5.1150641349915,0
                103.208785698759,5.11604440473752,0
                103.206464419016,5.11714718651746,0
                103.204204266544,5.11836945705768,0
                103.202011436265,5.11970786552436,0
                103.199891938573,5.12115874271525,0
                103.197851582864,5.12271811112452,0
                103.195895961612,5.1243816958529,0
                103.194030435037,5.1261449363335,0
                103.19226011642,5.12800299884053,0
                103.190589858081,5.12995078974709,0
                103.18902423808,5.13198296949521,0
                103.187567547675,5.13409396723991,0
                103.186223779551,5.13627799612701,0
                103.184996616885,5.13852906916284,0
                103.183889423243,5.14084101563201,0
                103.182905233366,5.1432074980184,0
                103.182046744851,5.14562202938279,0
                103.181316310755,5.14807799114945,0
                103.180715933147,5.15056865125282,0
                103.18024725762,5.15308718259459,0
                103.179911568782,5.15562668176042,0
                103.179709786731,5.158180187945,0
                103.179642464539,5.16074070203355,0
                103.179709786731,5.16330120578744,0
                103.179911568782,5.16585468108128,0
                103.18024725762,5.16839412913873,0
                103.180715933147,5.17091258971443,0
                103.181316310755,5.17340316016938,0
                103.182046744851,5.17585901438748,0
                103.182905233366,5.17827342148148,0
                103.183889423243,5.18063976423718,0
                103.184996616885,5.18295155724521,0
                103.186223779551,5.18520246467078,0
                103.187567547675,5.18738631761297,0
                103.18902423808,5.18949713100579,0
                103.190589858081,5.19152912001487,0
                103.19226011642,5.19347671588502,0
                103.194030435037,5.19533458119512,0
                103.195895961612,5.19709762447877,0
                103.197851582864,5.19876101417075,0
                103.199891938573,5.20032019184102,0
                103.202011436265,5.20177088468008,0
                103.204204266544,5.20310911720191,0
                103.206464419016,5.20433122213192,0
                103.208785698759,5.20543385045077,0
                103.211161743306,5.20641398056616,0
                103.213586040085,5.20726892658781,0
                103.216051944268,5.20799634568287,0
                103.218552696981,5.20859424449179,0
                103.221081443835,5.20906098458699,0
                103.223631253712,5.20939528695969,0
                103.22619513776,5.20959623552215,0
                103.22876606855,5.20966327961643,0
                103.23133699934,5.20959623552215,0
                103.233900883387,5.20939528695969,0
                103.236450693264,5.20906098458699,0
                103.238979440119,5.20859424449179,0
                103.241480192832,5.20799634568287,0
                103.243946097014,5.20726892658781,0
                103.246370393793,5.20641398056616,0
                103.248746438341,5.20543385045077,0
                103.251067718084,5.20433122213192,0
                103.253327870555,5.20310911720191,0
                103.255520700835,5.20177088468008,0
                103.257640198527,5.20032019184102,0
                103.259680554236,5.19876101417075,0
                103.261636175488,5.19709762447877,0
                103.263501702062,5.19533458119512,0
                103.265272020679,5.19347671588502,0
                103.266942279019,5.19152912001487,0
                103.268507899019,5.18949713100579,0
                103.269964589425,5.18738631761297,0
                103.271308357548,5.18520246467078,0
                103.272535520215,5.18295155724521,0
                103.273642713857,5.18063976423718,0
                103.274626903733,5.17827342148148,0
                103.275485392248,5.17585901438748,0
                103.276215826344,5.17340316016938,0
                103.276816203952,5.17091258971443,0
                103.277284879479,5.16839412913873,0
                103.277620568318,5.16585468108128,0
                103.277822350368,5.16330120578744,0
                103.27788967256,5.16074070203355,0
              </coordinates>
            </LinearRing>
          </outerBoundaryIs>
        </Polygon>
      </Placemark>
      <Placemark id="TRG_SE-15.21">
        <name>P.037 Marang</name>
        <ExtendedData>
          <SchemaData schemaUrl="#TRG_SE-15.schema">
            <SimpleData name="state">Terengganu</SimpleData>
            <SimpleData name="parlimen">P.037 Marang</SimpleData>
            <SimpleData name="code_parlimen">P.037</SimpleData>
            <SimpleData name="dun">N.20 Pengkalan Berangan</SimpleData>
            <SimpleData name="code_dun">N.20</SimpleData>
          </SchemaData>
        </ExtendedData>
        <Polygon>
          <outerBoundaryIs>
            <LinearRing>
              <coordinates>
                103.273349426099,5.03202593885021,0
                103.273282103907,5.0294649118357,0
                103.273080321856,5.02691089438509,0
                103.272744633018,5.02437088701137,0
                103.272275957491,5.02185185190762,0
                103.271675579882,5.0193606938618,0
                103.270945145786,5.01690424132796,0
                103.270086657272,5.01448922770593,0
                103.269102467395,5.01212227288065,0
                103.267995273753,5.00980986507214,0
                103.266768111087,5.00755834304545,0
                103.265424342963,5.00537387872982,0
                103.263967652558,5.0032624602946,0
                103.262402032557,5.00122987572832,0
                103.260731774218,4.99928169696621,0
                103.2589614556,4.99742326460956,0
                103.257095929026,4.99565967327902,0
                103.255140307774,4.99399575764199,0
                103.253099952065,4.99243607915265,0
                103.250980454373,4.99098491354076,0
                103.248787624094,4.98964623908406,0
                103.246527471622,4.988423725696,0
                103.244206191879,4.98732072485922,0
                103.241830147332,4.98634026043223,0
                103.239405850552,4.98548502035459,0
                103.23693994637,4.98475734927344,0
                103.234439193657,4.98415924211164,0
                103.231910446802,4.98369233859521,0
                103.229360636926,4.98335791875513,0
                103.226796752878,4.98315689941569,0
                103.224225822088,4.98308983167955,0
                103.221654891298,4.98315689941569,0
                103.219091007251,4.98335791875513,0
                103.216541197374,4.98369233859521,0
                103.214012450519,4.98415924211164,0
                103.211511697806,4.98475734927344,0
                103.209045793624,4.98548502035459,0
                103.206621496845,4.98634026043223,0
                103.204245452297,4.98732072485922,0
                103.201924172554,4.988423725696,0
                103.199664020083,4.98964623908406,0
                103.197471189803,4.99098491354076,0
                103.195351692111,4.99243607915265,0
                103.193311336402,4.99399575764199,0
                103.19135571515,4.99565967327902,0
                103.189490188576,4.99742326460956,0
                103.187719869959,4.99928169696621,0
                103.186049611619,5.00122987572832,0
                103.184483991619,5.0032624602946,0
                103.183027301213,5.00537387872982,0
                103.181683533089,5.00755834304545,0
                103.180456370423,5.00980986507214,0
                103.179349176781,5.01212227288065,0
                103.178364986905,5.01448922770593,0
                103.17750649839,5.01690424132796,0
                103.176776064294,5.0193606938618,0
                103.176175686686,5.02185185190762,0
                103.175707011159,5.02437088701137,0
                103.17537132232,5.02691089438509,0
                103.175169540269,5.0294649118357,0
                103.175102218077,5.03202593885021,0
                103.175169540269,5.03458695578512,0
                103.17537132232,5.03714094310741,0
                103.175707011159,5.03968090063414,0
                103.176175686686,5.04219986671839,0
                103.176776064294,5.04469093732838,0
                103.17750649839,5.04714728496803,0
                103.178364986905,5.04956217738676,0
                103.179349176781,5.05192899602755,0
                103.180456370423,5.05424125416244,0
                103.181683533089,5.05649261466628,0
                103.183027301213,5.05867690737944,0
                103.184483991619,5.06078814601275,0
                103.186049611619,5.06282054454759,0
                103.187719869959,5.06476853308692,0
                103.189490188576,5.0666267731136,0
                103.19135571515,5.06839017211418,0
                103.193311336402,5.07005389752846,0
                103.195351692111,5.07161338998638,0
                103.197471189803,5.07306437579637,0
                103.199664020083,5.07440287865068,0
                103.201924172554,5.07562523051592,0
                103.204245452297,5.07672808167914,0
                103.206621496845,5.0777084099217,0
                103.209045793624,5.0785635287961,0
                103.211511697806,5.07929109498312,0
                103.214012450519,5.07988911470914,0
                103.216541197374,5.08035594920609,0
                103.219091007251,5.08069031919923,0
                103.221654891298,5.08089130841034,0
                103.224225822088,5.08095836606691,0
                103.226796752878,5.08089130841034,0
                103.229360636926,5.08069031919923,0
                103.231910446802,5.08035594920609,0
                103.234439193657,5.07988911470914,0
                103.23693994637,5.07929109498312,0
                103.239405850552,5.0785635287961,0
                103.241830147332,5.0777084099217,0
                103.244206191879,5.07672808167914,0
                103.246527471622,5.07562523051592,0
                103.248787624094,5.07440287865068,0
                103.250980454373,5.07306437579637,0
                103.253099952065,5.07161338998638,0
                103.255140307774,5.07005389752846,0
                103.257095929026,5.06839017211418,0
                103.2589614556,5.0666267731136,0
                103.260731774218,5.06476853308692,0
                103.262402032557,5.06282054454759,0
                103.263967652558,5.06078814601275,0
                103.265424342963,5.05867690737944,0
                103.266768111087,5.05649261466628,0
                103.267995273753,5.05424125416244,0
                103.269102467395,5.05192899602755,0
                103.270086657272,5.04956217738676,0
                103.270945145786,5.04714728496803,0
                103.271675579882,5.04469093732838,0
                103.272275957491,5.04219986671839,0
                103.272744633018,5.03968090063414,0
                103.273080321856,5.03714094310741,0
                103.273282103907,5.03458695578512,0
                103.273349426099,5.03202593885021,0
              </coordinates>
            </LinearRing>
          </outerBoundaryIs>
        </Polygon>
      </Placemark>
      <Placemark id="TRG_SE-15.22">
        <name>P.038 Hulu Terengganu</name>
        <ExtendedData>
          <SchemaData schemaUrl="#TRG_SE-15.schema">
            <SimpleData name="state">Terengganu</SimpleData>
            <SimpleData name="parlimen">P.038 Hulu Terengganu</SimpleData>
            <SimpleData name="code_parlimen">P.038</SimpleData>
            <SimpleData name="dun">N.22 Manir</SimpleData>
            <SimpleData name="code_dun">N.22</SimpleData>
          </SchemaData>
        </ExtendedData>
        <Polygon>
          <outerBoundaryIs>
            <LinearRing>
              <coordinates>
                103.116930403906,5.26843250181947,0
                103.116863081714,5.26587242680965,0
                103.116661299664,5.26331935828796,0
                103.116325610825,5.26078029417216,0
                103.115856935298,5.25826219407946,0
                103.11525655769,5.25577196024816,0
                103.114526123594,5.25331641861579,0
                103.113667635079,5.25090230010546,0
                103.112683445203,5.24853622217184,0
                103.111576251561,5.24622467065739,0
                103.110349088894,5.24397398200871,0
                103.109005320771,5.24179032590163,0
                103.107548630365,5.23967968832298,0
                103.105983010365,5.23764785515537,0
                103.104312752025,5.23570039630999,0
                103.102542433408,5.2338426504512,0
                103.100676906834,5.23207971035469,0
                103.098721285581,5.23041640893966,0
                103.096680929873,5.22885730601297,0
                103.09456143218,5.22740667576239,0
                103.092368601901,5.22606849503255,0
                103.090108449429,5.2248464324164,0
                103.087787169687,5.2237438381919,0
                103.085411125139,5.22276373513162,0
                103.08298682836,5.22190881021063,0
                103.080520924178,5.2211814072354,0
                103.078020171464,5.22058352041396,0
                103.07549142461,5.2201167888851,0
                103.072941614733,5.21978249222151,0
                103.070377730686,5.21958154691945,0
                103.067806799896,5.21951450388435,0
                103.065235869106,5.21958154691945,0
                103.062671985058,5.21978249222151,0
                103.060122175181,5.2201167888851,0
                103.057593428327,5.22058352041396,0
                103.055092675614,5.2211814072354,0
                103.052626771431,5.22190881021063,0
                103.050202474652,5.22276373513162,0
                103.047826430104,5.2237438381919,0
                103.045505150362,5.2248464324164,0
                103.04324499789,5.22606849503255,0
                103.041052167611,5.22740667576239,0
                103.038932669919,5.22885730601297,0
                103.03689231421,5.23041640893966,0
                103.034936692957,5.23207971035469,0
                103.033071166383,5.2338426504512,0
                103.031300847766,5.23570039630999,0
                103.029630589426,5.23764785515537,0
                103.028064969426,5.23967968832298,0
                103.02660827902,5.24179032590163,0
                103.025264510897,5.24397398200871,0
                103.02403734823,5.24622467065739,0
                103.022930154589,5.24853622217184,0
                103.021945964712,5.25090230010546,0
                103.021087476197,5.25331641861579,0
                103.020357042101,5.25577196024816,0
                103.019756664493,5.25826219407946,0
                103.019287988966,5.26078029417216,0
                103.018952300128,5.26331935828796,0
                103.018750518077,5.26587242680965,0
                103.018683195885,5.26843250181947,0
                103.018750518077,5.27099256628138,0
                103.018952300128,5.27354560327493,0
                103.019287988966,5.27608461522777,0
                103.019756664493,5.27860264309421,0
                103.020357042101,5.28109278542726,0
                103.021087476197,5.28354821729188,0
                103.021945964712,5.2859622089676,0
                103.022930154589,5.28832814438938,0
                103.02403734823,5.29063953927613,0
                103.025264510897,5.29289005889733,0
                103.02660827902,5.29507353542903,0
                103.028064969426,5.29718398485186,0
                103.029630589426,5.29921562334469,0
                103.031300847766,5.30116288312924,0
                103.033071166383,5.3030204277221,0
                103.034936692957,5.30478316655265,0
                103.03689231421,5.30644626890688,0
                103.038932669919,5.30800517715882,0
                103.041052167611,5.30945561925362,0
                103.04324499789,5.31079362040812,0
                103.045505150362,5.31201551399684,0
                103.047826430104,5.3131179515937,0
                103.050202474652,5.31409791214221,0
                103.052626771431,5.31495271022865,0
                103.055092675614,5.31568000343619,0
                103.057593428327,5.31627779875943,0
                103.060122175181,5.31674445806207,0
                103.062671985058,5.31707870256273,0
                103.065235869106,5.31727961633666,0
                103.067806799896,5.31734664882386,0
                103.070377730686,5.31727961633666,0
                103.072941614733,5.31707870256273,0
                103.07549142461,5.31674445806207,0
                103.078020171464,5.31627779875943,0
                103.080520924178,5.31568000343619,0
                103.08298682836,5.31495271022865,0
                103.085411125139,5.31409791214221,0
                103.087787169687,5.3131179515937,0
                103.090108449429,5.31201551399684,0
                103.092368601901,5.31079362040812,0
                103.09456143218,5.30945561925362,0
                103.096680929873,5.30800517715882,0
                103.098721285581,5.30644626890688,0
                103.100676906834,5.30478316655265,0
                103.102542433408,5.3030204277221,0
                103.104312752025,5.30116288312924,0
                103.105983010365,5.29921562334469,0
                103.107548630365,5.29718398485186,0
                103.109005320771,5.29507353542903,0
                103.110349088894,5.29289005889733,0
                103.111576251561,5.29063953927613,0
                103.112683445203,5.28832814438938,0
                103.113667635079,5.2859622089676,0
                103.114526123594,5.28354821729188,0
                103.11525655769,5.28109278542726,0
                103.115856935298,5.27860264309421,0
                103.116325610825,5.27608461522777,0
                103.116661299664,5.27354560327493,0
                103.116863081714,5.27099256628138,0
                103.116930403906,5.26843250181947,0
              </coordinates>
            </LinearRing>
          </outerBoundaryIs>
        </Polygon>
      </Placemark>
      <Placemark id="TRG_SE-15.23">
        <name>P.038 Hulu Terengganu</name>
        <ExtendedData>
          <SchemaData schemaUrl="#TRG_SE-15.schema">
            <SimpleData name="state">Terengganu</SimpleData>
            <SimpleData name="parlimen">P.038 Hulu Terengganu</SimpleData>
            <SimpleData name="code_parlimen">P.038</SimpleData>
            <SimpleData name="dun">N.23 Kuala Berang</SimpleData>
            <SimpleData name="code_dun">N.23</SimpleData>
          </SchemaData>
        </ExtendedData>
        <Polygon>
          <outerBoundaryIs>
            <LinearRing>
              <coordinates>
                103.071907158184,5.09833706853256,0
                103.071839835992,5.09577630415271,0
                103.071638053942,5.093222548486,0
                103.071302365103,5.09068280132951,0
                103.070833689576,5.08816402416575,0
                103.070233311968,5.08567312107936,0
                103.069502877872,5.08321691983026,0
                103.068644389357,5.08080215313513,0
                103.067660199481,5.07843544020861,0
                103.066553005839,5.07612326861498,0
                103.065325843172,5.07387197647984,0
                103.063982075049,5.07168773511099,0
                103.062525384643,5.06957653207586,0
                103.060959764643,5.06754415478225,0
                103.059289506303,5.06559617460722,0
                103.057519187686,5.06373793161792,0
                103.055653661112,5.06197451992628,0
                103.053698039859,5.06031077371762,0
                103.05165768415,5.0587512539919,0
                103.049538186458,5.05730023605372,0
                103.047345356179,5.05596169778567,0
                103.045085203707,5.05473930873711,0
                103.042763923965,5.05363642005855,0
                103.040387879417,5.05265605530907,0
                103.037963582638,5.05180090216232,0
                103.035497678456,5.05107330503369,0
                103.032996925742,5.05047525864894,0
                103.030468178888,5.0500084025722,0
                103.027918369011,5.04967401670809,0
                103.025354484964,5.0494730177905,0
                103.022783554173,5.04940595686768,0
                103.020212623383,5.0494730177905,0
                103.017648739336,5.04967401670809,0
                103.015098929459,5.0500084025722,0
                103.012570182605,5.05047525864894,0
                103.010069429891,5.05107330503369,0
                103.007603525709,5.05180090216232,0
                103.00517922893,5.05265605530907,0
                103.002803184382,5.05363642005855,0
                103.00048190464,5.05473930873711,0
                102.998221752168,5.05596169778567,0
                102.996028921889,5.05730023605372,0
                102.993909424197,5.0587512539919,0
                102.991869068488,5.06031077371762,0
                102.989913447235,5.06197451992628,0
                102.988047920661,5.06373793161792,0
                102.986277602044,5.06559617460722,0
                102.984607343704,5.06754415478225,0
                102.983041723704,5.06957653207586,0
                102.981585033298,5.07168773511099,0
                102.980241265175,5.07387197647984,0
                102.979014102508,5.07612326861498,0
                102.977906908866,5.07843544020861,0
                102.97692271899,5.08080215313513,0
                102.976064230475,5.08321691983026,0
                102.975333796379,5.08567312107936,0
                102.974733418771,5.08816402416575,0
                102.974264743244,5.09068280132951,0
                102.973929054405,5.093222548486,0
                102.973727272355,5.09577630415271,0
                102.973659950163,5.09833706853256,0
                102.973727272355,5.10089782270139,0
                102.973929054405,5.10345154784691,0
                102.974264743244,5.10599124450644,0
                102.974733418771,5.10850995175074,0
                102.975333796379,5.11100076626119,0
                102.976064230475,5.11345686124836,0
                102.97692271899,5.11587150515977,0
                102.977906908866,5.11823808012604,0
                102.979014102508,5.12055010009442,0
                102.980241265175,5.12280122860054,0
                102.981585033298,5.12498529612936,0
                102.983041723704,5.12709631701807,0
                102.984607343704,5.12912850585451,0
                102.986277602044,5.13107629332641,0
                102.988047920661,5.13293434147788,0
                102.989913447235,5.13469755833172,0
                102.991869068488,5.13636111183725,0
                102.993909424197,5.13792044310583,0
                102.996028921889,5.1393712788976,0
                102.998221752168,5.14070964332568,0
                103.00048190464,5.14193186874527,0
                103.002803184382,5.14303460579865,0
                103.00517922893,5.14401483258795,0
                103.007603525709,5.14486986295102,0
                103.010069429891,5.14559735381778,0
                103.012570182605,5.14619531162664,0
                103.015098929459,5.14666209778394,0
                103.017648739336,5.14699643315113,0
                103.020212623383,5.14719740154756,0
                103.022783554173,5.14726445225936,0
                103.025354484964,5.14719740154756,0
                103.027918369011,5.14699643315113,0
                103.030468178888,5.14666209778394,0
                103.032996925742,5.14619531162664,0
                103.035497678456,5.14559735381778,0
                103.037963582638,5.14486986295102,0
                103.040387879417,5.14401483258795,0
                103.042763923965,5.14303460579865,0
                103.045085203707,5.14193186874527,0
                103.047345356179,5.14070964332568,0
                103.049538186458,5.1393712788976,0
                103.05165768415,5.13792044310583,0
                103.053698039859,5.13636111183725,0
                103.055653661112,5.13469755833172,0
                103.057519187686,5.13293434147788,0
                103.059289506303,5.13107629332641,0
                103.060959764643,5.12912850585451,0
                103.062525384643,5.12709631701807,0
                103.063982075049,5.12498529612936,0
                103.065325843172,5.12280122860054,0
                103.066553005839,5.12055010009442,0
                103.067660199481,5.11823808012604,0
                103.068644389357,5.11587150515977,0
                103.069502877872,5.11345686124836,0
                103.070233311968,5.11100076626119,0
                103.070833689576,5.10850995175074,0
                103.071302365103,5.10599124450644,0
                103.071638053942,5.10345154784691,0
                103.071839835992,5.10089782270139,0
                103.071907158184,5.09833706853256,0
              </coordinates>
            </LinearRing>
          </outerBoundaryIs>
        </Polygon>
      </Placemark>
      <Placemark id="TRG_SE-15.24">
        <name>P.038 Hulu Terengganu</name>
        <ExtendedData>
          <SchemaData schemaUrl="#TRG_SE-15.schema">
            <SimpleData name="state">Terengganu</SimpleData>
            <SimpleData name="parlimen">P.038 Hulu Terengganu</SimpleData>
            <SimpleData name="code_parlimen">P.038</SimpleData>
            <SimpleData name="dun">N.24 Ajil</SimpleData>
            <SimpleData name="code_dun">N.24</SimpleData>
          </SchemaData>
        </ExtendedData>
        <Polygon>
          <outerBoundaryIs>
            <LinearRing>
              <coordinates>
                103.112895458454,4.95135505405841,0
                103.112828136262,4.94879371216054,0
                103.112626354211,4.94623938084894,0
                103.112290665373,4.94369906149492,0
                103.111821989846,4.94117971714345,0
                103.111221612238,4.93868825342561,0
                103.110491178142,4.93623149962756,0
                103.109632689627,4.93381618996805,0
                103.10864849975,4.93144894513555,0
                103.107541306109,4.92913625413608,0
                103.106314143442,4.92688445650114,0
                103.104970375319,4.92469972490487,0
                103.103513684913,4.92258804823801,0
                103.101948064912,4.9205552151852,0
                103.100277806573,4.91860679835061,0
                103.098507487956,4.91674813897565,0
                103.096641961382,4.91498433229069,0
                103.094686340129,4.91332021354087,0
                103.09264598442,4.91176034472466,0
                103.090526486728,4.91030900208139,0
                103.088333656449,4.90897016436227,0
                103.086073503977,4.90774750191708,0
                103.083752224234,4.90664436662648,0
                103.081376179687,4.90566378270775,0
                103.078951882908,4.90480843841906,0
                103.076485978725,4.90408067868532,0
                103.073985226012,4.90348249866552,0
                103.071456479158,4.9030155382797,0
                103.068906669281,4.90268107771015,0
                103.066342785233,4.90248003388963,0
                103.063771854443,4.90241295798588,0
                103.061200923653,4.90248003388963,0
                103.058637039606,4.90268107771015,0
                103.056087229729,4.9030155382797,0
                103.053558482874,4.90348249866552,0
                103.051057730161,4.90408067868532,0
                103.048591825979,4.90480843841906,0
                103.0461675292,4.90566378270775,0
                103.043791484652,4.90664436662648,0
                103.04147020491,4.90774750191708,0
                103.039210052438,4.90897016436227,0
                103.037017222158,4.91030900208139,0
                103.034897724466,4.91176034472466,0
                103.032857368758,4.91332021354087,0
                103.030901747505,4.91498433229069,0
                103.029036220931,4.91674813897565,0
                103.027265902314,4.91860679835061,0
                103.025595643974,4.9205552151852,0
                103.024030023974,4.92258804823801,0
                103.022573333568,4.92469972490487,0
                103.021229565445,4.92688445650114,0
                103.020002402778,4.92913625413608,0
                103.018895209136,4.93144894513555,0
                103.01791101926,4.93381618996805,0
                103.017052530745,4.93623149962756,0
                103.016322096649,4.93868825342561,0
                103.015721719041,4.94117971714345,0
                103.015253043514,4.94369906149492,0
                103.014917354675,4.94623938084894,0
                103.014715572625,4.94879371216054,0
                103.014648250433,4.95135505405841,0
                103.014715572625,4.95391638603667,0
                103.014917354675,4.95647068769807,0
                103.015253043514,4.95901095799617,0
                103.015721719041,4.9615302344235,0
                103.016322096649,4.96402161209314,0
                103.017052530745,4.96647826266169,0
                103.01791101926,4.96889345304142,0
                103.018895209136,4.97126056385071,0
                103.020002402778,4.97357310755193,0
                103.021229565445,4.97582474622741,0
                103.022573333568,4.97800930894459,0
                103.024030023974,4.98012080866301,0
                103.025595643974,4.98215345863675,0
                103.027265902314,4.98410168826744,0
                103.029036220931,4.98596015836475,0
                103.030901747505,4.98772377577207,0
                103.032857368758,4.98938770731801,0
                103.034897724466,4.99094739305517,0
                103.037017222158,4.99239855875005,0
                103.039210052438,4.99373722759012,0
                103.04147020491,4.9949597310759,0
                103.043791484652,4.99606271906831,0
                103.0461675292,4.99704316896388,0
                103.048591825979,4.99789839397284,0
                103.051057730161,4.99862605047715,0
                103.053558482874,4.99922414444879,0
                103.056087229729,4.99969103691051,0
                103.058637039606,5.00002544842417,0
                103.061200923653,5.00022646259451,0
                103.063771854443,5.00029352857865,0
                103.066342785233,5.00022646259451,0
                103.068906669281,5.00002544842417,0
                103.071456479158,4.99969103691051,0
                103.073985226012,4.99922414444879,0
                103.076485978725,4.99862605047715,0
                103.078951882908,4.99789839397284,0
                103.081376179687,4.99704316896388,0
                103.083752224234,4.99606271906831,0
                103.086073503977,4.9949597310759,0
                103.088333656449,4.99373722759012,0
                103.090526486728,4.99239855875005,0
                103.09264598442,4.99094739305517,0
                103.094686340129,4.98938770731801,0
                103.096641961382,4.98772377577207,0
                103.098507487956,4.98596015836475,0
                103.100277806573,4.98410168826744,0
                103.101948064912,4.98215345863675,0
                103.103513684913,4.98012080866301,0
                103.104970375319,4.97800930894459,0
                103.106314143442,4.97582474622741,0
                103.107541306109,4.97357310755193,0
                103.10864849975,4.97126056385071,0
                103.109632689627,4.96889345304142,0
                103.110491178142,4.96647826266169,0
                103.111221612238,4.96402161209314,0
                103.111821989846,4.9615302344235,0
                103.112290665373,4.95901095799617,0
                103.112626354211,4.95647068769807,0
                103.112828136262,4.95391638603667,0
                103.112895458454,4.95135505405841,0
              </coordinates>
            </LinearRing>
          </outerBoundaryIs>
        </Polygon>
      </Placemark>
      <Placemark id="TRG_SE-15.25">
        <name>P.039 Dungun</name>
        <ExtendedData>
          <SchemaData schemaUrl="#TRG_SE-15.schema">
            <SimpleData name="state">Terengganu</SimpleData>
            <SimpleData name="parlimen">P.039 Dungun</SimpleData>
            <SimpleData name="code_parlimen">P.039</SimpleData>
            <SimpleData name="dun">N.25 Bukit Besi</SimpleData>
            <SimpleData name="code_dun">N.25</SimpleData>
          </SchemaData>
        </ExtendedData>
        <Polygon>
          <outerBoundaryIs>
            <LinearRing>
              <coordinates>
                103.127499163442,4.65386381704296,0
                103.12743184125,4.65130135783779,0
                103.127230059199,4.64874591286951,0
                103.12689437036,4.64620448655466,0
                103.126425694833,4.6436840449603,0
                103.125825317225,4.64119149670839,0
                103.125094883129,4.6387336740367,0
                103.124236394614,4.63631731406842,0
                103.123252204738,4.63394904034172,0
                103.122145011096,4.63163534464992,0
                103.12091784843,4.62938256924235,0
                103.119574080306,4.62719688943425,0
                103.118117389901,4.62508429667406,0
                103.1165517699,4.62305058211407,0
                103.11488151156,4.62110132072984,0
                103.113111192943,4.61924185603185,0
                103.111245666369,4.61747728541149,0
                103.109290045117,4.6158124461615,0
                103.107249689408,4.61425190220942,0
                103.105130191716,4.61279993160027,0
                103.102937361436,4.61146051476321,0
                103.100677208965,4.61023732359402,0
                103.098355929222,4.60913371138367,0
                103.095979884675,4.6081527036206,0
                103.093555587895,4.60729698969197,0
                103.091089683713,4.60656891550659,0
                103.088588931,4.60597047706016,0
                103.086060184145,4.60550331495996,0
                103.083510374268,4.60516870992456,0
                103.080946490221,4.60496757927067,0
                103.078375559431,4.60490047439681,0
                103.075804628641,4.60496757927067,0
                103.073240744594,4.60516870992456,0
                103.070690934717,4.60550331495996,0
                103.068162187862,4.60597047706016,0
                103.065661435149,4.60656891550659,0
                103.063195530967,4.60729698969197,0
                103.060771234187,4.6081527036206,0
                103.05839518964,4.60913371138367,0
                103.056073909897,4.61023732359402,0
                103.053813757426,4.61146051476321,0
                103.051620927146,4.61279993160027,0
                103.049501429454,4.61425190220942,0
                103.047461073745,4.6158124461615,0
                103.045505452493,4.61747728541149,0
                103.043639925919,4.61924185603185,0
                103.041869607302,4.62110132072984,0
                103.040199348962,4.62305058211407,0
                103.038633728961,4.62508429667406,0
                103.037177038556,4.62719688943425,0
                103.035833270432,4.62938256924235,0
                103.034606107766,4.63163534464992,0
                103.033498914124,4.63394904034172,0
                103.032514724248,4.63631731406842,0
                103.031656235733,4.6387336740367,0
                103.030925801637,4.64119149670839,0
                103.030325424029,4.6436840449603,0
                103.029856748502,4.64620448655466,0
                103.029521059663,4.64874591286951,0
                103.029319277612,4.65130135783779,0
                103.02925195542,4.65386381704296,0
                103.029319277612,4.6564262669191,0
                103.029521059663,4.65898168400245,0
                103.029856748502,4.661523064182,0
                103.030325424029,4.66404344189615,0
                103.030925801637,4.66653590922284,0
                103.031656235733,4.66899363481093,0
                103.032514724248,4.67140988260088,0
                103.033498914124,4.67377803028362,0
                103.034606107766,4.67609158744672,0
                103.035833270432,4.67834421335867,0
                103.037177038556,4.68052973434209,0
                103.038633728961,4.6826421606887,0
                103.040199348962,4.68467570306943,0
                103.041869607302,4.68662478839518,0
                103.043639925919,4.68848407508438,0
                103.045505452493,4.69024846769597,0
                103.047461073745,4.69191313088749,0
                103.049501429454,4.69347350266035,0
                103.051620927146,4.69492530685593,0
                103.053813757426,4.69626456486837,0
                103.056073909897,4.69748760654198,0
                103.05839518964,4.6985910802237,0
                103.060771234187,4.69957196194284,0
                103.063195530967,4.70042756369323,0
                103.065661435149,4.70115554079503,0
                103.068162187862,4.70175389831628,0
                103.070690934717,4.70222099653633,0
                103.073240744594,4.70255555543645,0
                103.075804628641,4.70275665820542,0
                103.078375559431,4.70282375375024,0
                103.080946490221,4.70275665820542,0
                103.083510374268,4.70255555543645,0
                103.086060184145,4.70222099653633,0
                103.088588931,4.70175389831628,0
                103.091089683713,4.70115554079503,0
                103.093555587895,4.70042756369323,0
                103.095979884675,4.69957196194284,0
                103.098355929222,4.6985910802237,0
                103.100677208965,4.69748760654198,0
                103.102937361436,4.69626456486837,0
                103.105130191716,4.69492530685593,0
                103.107249689408,4.69347350266035,0
                103.109290045117,4.69191313088749,0
                103.111245666369,4.69024846769597,0
                103.113111192943,4.68848407508438,0
                103.11488151156,4.68662478839518,0
                103.1165517699,4.68467570306943,0
                103.118117389901,4.6826421606887,0
                103.119574080306,4.68052973434209,0
                103.12091784843,4.67834421335867,0
                103.122145011096,4.67609158744672,0
                103.123252204738,4.67377803028362,0
                103.124236394614,4.67140988260088,0
                103.125094883129,4.66899363481093,0
                103.125825317225,4.66653590922284,0
                103.126425694833,4.66404344189615,0
                103.12689437036,4.661523064182,0
                103.127230059199,4.65898168400245,0
                103.12743184125,4.6564262669191,0
                103.127499163442,4.65386381704296,0
              </coordinates>
            </LinearRing>
          </outerBoundaryIs>
        </Polygon>
      </Placemark>
      <Placemark id="TRG_SE-15.26">
        <name>P.039 Dungun</name>
        <ExtendedData>
          <SchemaData schemaUrl="#TRG_SE-15.schema">
            <SimpleData name="state">Terengganu</SimpleData>
            <SimpleData name="parlimen">P.039 Dungun</SimpleData>
            <SimpleData name="code_parlimen">P.039</SimpleData>
            <SimpleData name="dun">N.26 Rantau Abang</SimpleData>
            <SimpleData name="code_dun">N.26</SimpleData>
          </SchemaData>
        </ExtendedData>
        <Polygon>
          <outerBoundaryIs>
            <LinearRing>
              <coordinates>
                103.379428995556,4.80090184290612,0
                103.379361673364,4.79833992730907,0
                103.379159891313,4.79578502416809,0
                103.378824202475,4.79324413641817,0
                103.378355526948,4.79072422865615,0
                103.37775514934,4.78823220804899,0
                103.377024715244,4.78577490539863,0
                103.376166226729,4.7833590564154,0
                103.375182036852,4.78099128325129,0
                103.37407484321,4.77867807634387,0
                103.372847680544,4.77642577662051,0
                103.37150391242,4.77424055811187,0
                103.370047222015,4.77212841102242,0
                103.368481602014,4.7700951253043,0
                103.366811343675,4.76814627477979,0
                103.365041025058,4.76628720185587,0
                103.363175498483,4.76452300287299,0
                103.361219877231,4.76285851412817,0
                103.359179521522,4.76129829861083,0
                103.35706002383,4.75984663348798,0
                103.354867193551,4.75850749837285,0
                103.352607041079,4.75728456440945,0
                103.350285761336,4.75618118420299,0
                103.347909716789,4.75520038262386,0
                103.34548542001,4.75434484851023,0
                103.343019515827,4.75361692729256,0
                103.340518763114,4.7530186145597,0
                103.33799001626,4.75255155058477,0
                103.335440206383,4.75221701582565,0
                103.332876322335,4.75201592741234,0
                103.330305391545,4.75194883663113,0
                103.327734460755,4.75201592741234,0
                103.325170576708,4.75221701582565,0
                103.322620766831,4.75255155058477,0
                103.320092019976,4.7530186145597,0
                103.317591267263,4.75361692729256,0
                103.315125363081,4.75434484851023,0
                103.312701066302,4.75520038262386,0
                103.310325021754,4.75618118420299,0
                103.308003742011,4.75728456440945,0
                103.30574358954,4.75850749837285,0
                103.30355075926,4.75984663348798,0
                103.301431261568,4.76129829861083,0
                103.299390905859,4.76285851412817,0
                103.297435284607,4.76452300287299,0
                103.295569758033,4.76628720185587,0
                103.293799439416,4.76814627477979,0
                103.292129181076,4.7700951253043,0
                103.290563561076,4.77212841102242,0
                103.28910687067,4.77424055811187,0
                103.287763102547,4.77642577662051,0
                103.28653593988,4.77867807634387,0
                103.285428746238,4.78099128325129,0
                103.284444556362,4.7833590564154,0
                103.283586067847,4.78577490539863,0
                103.282855633751,4.78823220804899,0
                103.282255256143,4.79072422865615,0
                103.281786580616,4.79324413641817,0
                103.281450891777,4.79578502416809,0
                103.281249109727,4.79833992730907,0
                103.281181787535,4.80090184290612,0
                103.281249109727,4.80346374888211,0
                103.281450891777,4.80601862326527,0
                103.281786580616,4.8085594634357,0
                103.282255256143,4.81107930531788,0
                103.282855633751,4.8135712424666,0
                103.283586067847,4.81602844499433,0
                103.284444556362,4.81844417828772,0
                103.285428746238,4.82081182146228,0
                103.28653593988,4.82312488550465,0
                103.287763102547,4.82537703105272,0
                103.28910687067,4.82756208576498,0
                103.290563561076,4.82967406123157,0
                103.292129181076,4.83170716938068,0
                103.293799439416,4.83365583833553,0
                103.295569758033,4.83551472767846,0
                103.297435284607,4.83727874308034,0
                103.299390905859,4.83894305025551,0
                103.301431261568,4.84050308820386,0
                103.30355075926,4.8419545817039,0
                103.30574358954,4.84329355302271,0
                103.308003742011,4.84451633281086,0
                103.310325021754,4.84561957015231,0
                103.312701066302,4.84660024174196,0
                103.315125363081,4.84745566016579,0
                103.317591267263,4.84818348126089,0
                103.320092019976,4.84878171053536,0
                103.322620766831,4.84924870863047,0
                103.325170576708,4.84958319581014,0
                103.327734460755,4.84978425546567,0
                103.330305391545,4.8498513366258,0
                103.332876322335,4.84978425546567,0
                103.335440206383,4.84958319581014,0
                103.33799001626,4.84924870863047,0
                103.340518763114,4.84878171053536,0
                103.343019515827,4.84818348126089,0
                103.34548542001,4.84745566016579,0
                103.347909716789,4.84660024174196,0
                103.350285761336,4.84561957015231,0
                103.352607041079,4.84451633281086,0
                103.354867193551,4.84329355302271,0
                103.35706002383,4.8419545817039,0
                103.359179521522,4.84050308820386,0
                103.361219877231,4.83894305025551,0
                103.363175498483,4.83727874308034,0
                103.365041025058,4.83551472767846,0
                103.366811343675,4.83365583833553,0
                103.368481602014,4.83170716938068,0
                103.370047222015,4.82967406123157,0
                103.37150391242,4.82756208576498,0
                103.372847680544,4.82537703105272,0
                103.37407484321,4.82312488550465,0
                103.375182036852,4.82081182146228,0
                103.376166226729,4.81844417828772,0
                103.377024715244,4.81602844499433,0
                103.37775514934,4.8135712424666,0
                103.378355526948,4.81107930531788,0
                103.378824202475,4.8085594634357,0
                103.379159891313,4.80601862326527,0
                103.379361673364,4.80346374888211,0
                103.379428995556,4.80090184290612,0
              </coordinates>
            </LinearRing>
          </outerBoundaryIs>
        </Polygon>
      </Placemark>
      <Placemark id="TRG_SE-15.27">
        <name>P.039 Dungun</name>
        <ExtendedData>
          <SchemaData schemaUrl="#TRG_SE-15.schema">
            <SimpleData name="state">Terengganu</SimpleData>
            <SimpleData name="parlimen">P.039 Dungun</SimpleData>
            <SimpleData name="code_parlimen">P.039</SimpleData>
            <SimpleData name="dun">N.27 Sura</SimpleData>
            <SimpleData name="code_dun">N.27</SimpleData>
          </SchemaData>
        </ExtendedData>
        <Polygon>
          <outerBoundaryIs>
            <LinearRing>
              <coordinates>
                103.470650614774,4.74536772439745,0
                103.470583292582,4.74280560150447,0
                103.470381510531,4.74025049174558,0
                103.470045821692,4.73770939862072,0
                103.469577146165,4.73518928728741,0
                103.468976768557,4.73269706546748,0
                103.468246334461,4.73023956451048,0
                103.467387845946,4.72782352066553,0
                103.46640365607,4.72545555661331,0
                103.465296462428,4.72314216330847,0
                103.464069299762,4.72088968218256,0
                103.462725531638,4.7187042877562,0
                103.461268841233,4.71659197070831,0
                103.459703221232,4.71455852144882,0
                103.458032962892,4.71260951423986,0
                103.456262644275,4.71075029190938,0
                103.454397117701,4.70898595119866,0
                103.452441496449,4.70732132878454,0
                103.45040114074,4.70576098801432,0
                103.448281643048,4.7043092063899,0
                103.446088812768,4.70296996383576,0
                103.443828660297,4.7017469317827,0
                103.441507380554,4.70064346309753,0
                103.439131336006,4.6996625828864,0
                103.436707039227,4.69880698019692,0
                103.434241135045,4.69807900064201,0
                103.431740382332,4.69748063996575,0
                103.429211635477,4.69701353856874,0
                103.4266618256,4.69667897700829,0
                103.424097941553,4.69647787248564,0
                103.421527010763,4.6964107763299,0
                103.418956079973,4.69647787248564,0
                103.416392195925,4.69667897700829,0
                103.413842386049,4.69701353856874,0
                103.411313639194,4.69748063996575,0
                103.408812886481,4.69807900064201,0
                103.406346982299,4.69880698019692,0
                103.403922685519,4.6996625828864,0
                103.401546640972,4.70064346309753,0
                103.399225361229,4.7017469317827,0
                103.396965208758,4.70296996383576,0
                103.394772378478,4.7043092063899,0
                103.392652880786,4.70576098801432,0
                103.390612525077,4.70732132878454,0
                103.388656903825,4.70898595119866,0
                103.386791377251,4.71075029190938,0
                103.385021058634,4.71260951423986,0
                103.383350800294,4.71455852144882,0
                103.381785180293,4.71659197070831,0
                103.380328489888,4.7187042877562,0
                103.378984721764,4.72088968218256,0
                103.377757559098,4.72314216330847,0
                103.376650365456,4.72545555661331,0
                103.37566617558,4.72782352066553,0
                103.374807687065,4.73023956451048,0
                103.374077252969,4.73269706546748,0
                103.37347687536,4.73518928728741,0
                103.373008199834,4.73770939862072,0
                103.372672510995,4.74025049174558,0
                103.372470728944,4.74280560150447,0
                103.372403406752,4.74536772439745,0
                103.372470728944,4.7479298377796,0
                103.372672510995,4.75048491911027,0
                103.373008199834,4.75302596520096,0
                103.37347687536,4.75554601140944,0
                103.374077252969,4.75803815072744,0
                103.374807687065,4.76049555270932,0
                103.37566617558,4.76291148219033,0
                103.376650365456,4.76527931774277,0
                103.377757559098,4.76759256981991,0
                103.378984721764,4.7698448985375,0
                103.380328489888,4.77203013104474,0
                103.381785180293,4.7741422784367,0
                103.383350800294,4.77617555216228,0
                103.385021058634,4.77812437988249,0
                103.386791377251,4.77998342073597,0
                103.388656903825,4.78174757996968,0
                103.390612525077,4.78341202289508,0
                103.392652880786,4.78497218813142,0
                103.394772378478,4.78642380009995,0
                103.396965208758,4.787762880735,0
                103.399225361229,4.7889857603798,0
                103.401546640972,4.79008908783732,0
                103.403922685519,4.79106983954874,0
                103.406346982299,4.79192532787433,0
                103.408812886481,4.79265320845415,0
                103.411313639194,4.79325148662852,0
                103.413842386049,4.79371852290076,0
                103.416392195925,4.79405303742705,0
                103.418956079973,4.79425411352149,0
                103.421527010763,4.79432120016642,0
                103.424097941553,4.79425411352149,0
                103.4266618256,4.79405303742705,0
                103.429211635477,4.79371852290076,0
                103.431740382332,4.79325148662852,0
                103.434241135045,4.79265320845415,0
                103.436707039227,4.79192532787433,0
                103.439131336006,4.79106983954874,0
                103.441507380554,4.79008908783732,0
                103.443828660297,4.7889857603798,0
                103.446088812768,4.787762880735,0
                103.448281643048,4.78642380009995,0
                103.45040114074,4.78497218813142,0
                103.452441496449,4.78341202289508,0
                103.454397117701,4.78174757996968,0
                103.456262644275,4.77998342073597,0
                103.458032962892,4.77812437988249,0
                103.459703221232,4.77617555216228,0
                103.461268841233,4.7741422784367,0
                103.462725531638,4.77203013104474,0
                103.464069299762,4.7698448985375,0
                103.465296462428,4.76759256981991,0
                103.46640365607,4.76527931774277,0
                103.467387845946,4.76291148219033,0
                103.468246334461,4.76049555270932,0
                103.468976768557,4.75803815072744,0
                103.469577146165,4.75554601140944,0
                103.470045821692,4.75302596520096,0
                103.470381510531,4.75048491911027,0
                103.470583292582,4.7479298377796,0
                103.470650614774,4.74536772439745,0
              </coordinates>
            </LinearRing>
          </outerBoundaryIs>
        </Polygon>
      </Placemark>
      <Placemark id="TRG_SE-15.28">
        <name>P.039 Dungun</name>
        <ExtendedData>
          <SchemaData schemaUrl="#TRG_SE-15.schema">
            <SimpleData name="state">Terengganu</SimpleData>
            <SimpleData name="parlimen">P.039 Dungun</SimpleData>
            <SimpleData name="code_parlimen">P.039</SimpleData>
            <SimpleData name="dun">N.28 Paka</SimpleData>
            <SimpleData name="code_dun">N.28</SimpleData>
          </SchemaData>
        </ExtendedData>
        <Polygon>
          <outerBoundaryIs>
            <LinearRing>
              <coordinates>
                103.399043470437,4.66724920436289,0
                103.398976148245,4.66468679394611,0
                103.398774366195,4.66213139760601,0
                103.398438677356,4.65959001962614,0
                103.397970001829,4.65706962594169,0
                103.397369624221,4.65457712504397,0
                103.396639190125,4.65211934904196,0
                103.39578070161,4.64970303493204,0
                103.394796511734,4.64733480612799,0
                103.393689318092,4.64502115430152,0
                103.392462155425,4.64276842158329,0
                103.391118387302,4.64058278317334,0
                103.389661696896,4.63847023040845,0
                103.388096076896,4.63643655433327,0
                103.386425818556,4.63448732981987,0
                103.384655499939,4.63262790027975,0
                103.382789973365,4.63086336301001,0
                103.380834352112,4.62919855521406,0
                103.378793996403,4.62763804073529,0
                103.376674498711,4.62618609753997,0
                103.374481668432,4.62484670598404,0
                103.37222151596,4.62362353789586,0
                103.369900236218,4.6225199465049,0
                103.36752419167,4.62153895724414,0
                103.365099894891,4.62068325945151,0
                103.362633990709,4.61995519899291,0
                103.360133237995,4.61935677182754,0
                103.357604491141,4.61888961853272,0
                103.355054681264,4.61855501980363,0
                103.352490797217,4.61835389294025,0
                103.349919866427,4.618286789331,0
                103.347348935637,4.61835389294025,0
                103.344785051589,4.61855501980363,0
                103.342235241712,4.61888961853272,0
                103.339706494858,4.61935677182754,0
                103.337205742144,4.61995519899291,0
                103.334739837962,4.62068325945151,0
                103.332315541183,4.62153895724414,0
                103.329939496635,4.6225199465049,0
                103.327618216893,4.62362353789586,0
                103.325358064421,4.62484670598404,0
                103.323165234142,4.62618609753997,0
                103.32104573645,4.62763804073529,0
                103.319005380741,4.62919855521406,0
                103.317049759488,4.63086336301001,0
                103.315184232914,4.63262790027975,0
                103.313413914297,4.63448732981987,0
                103.311743655957,4.63643655433327,0
                103.310178035957,4.63847023040845,0
                103.308721345551,4.64058278317334,0
                103.307377577428,4.64276842158329,0
                103.306150414761,4.64502115430152,0
                103.305043221119,4.64733480612799,0
                103.304059031243,4.64970303493204,0
                103.303200542728,4.65211934904196,0
                103.302470108632,4.65457712504397,0
                103.301869731024,4.65706962594169,0
                103.301401055497,4.65959001962614,0
                103.301065366658,4.66213139760601,0
                103.300863584608,4.66468679394611,0
                103.300796262416,4.66724920436289,0
                103.300863584608,4.66981160542405,0
                103.301065366658,4.67236697379972,0
                103.301401055497,4.67490830551275,0
                103.301869731024,4.67742863513491,0
                103.302470108632,4.6799210548767,0
                103.303200542728,4.68237873351835,0
                103.304059031243,4.68479493513016,0
                103.305043221119,4.68716303753092,0
                103.306150414761,4.68947655043381,0
                103.307377577428,4.69172913323024,0
                103.308721345551,4.69391461236275,0
                103.310178035957,4.69602699823964,0
                103.311743655957,4.69806050164472,0
                103.313413914297,4.70000954959775,0
                103.315184232914,4.70186880062164,0
                103.317049759488,4.70363315937514,0
                103.319005380741,4.70529779061072,0
                103.32104573645,4.70685813241942,0
                103.323165234142,4.7083099087268,0
                103.325358064421,4.70964914100532,0
                103.327618216893,4.71087215917176,0
                103.329939496635,4.71197561163919,0
                103.332315541183,4.71295647449669,0
                103.334739837962,4.71381205979128,0
                103.337205742144,4.71454002288956,0
                103.339706494858,4.71513836889906,0
                103.342235241712,4.71560545813161,0
                103.344785051589,4.71594001059391,0
                103.347348935637,4.71614110949288,0
                103.349919866427,4.71620820374649,0
                103.352490797217,4.71614110949288,0
                103.355054681264,4.71594001059391,0
                103.357604491141,4.71560545813161,0
                103.360133237995,4.71513836889906,0
                103.362633990709,4.71454002288956,0
                103.365099894891,4.71381205979128,0
                103.36752419167,4.71295647449669,0
                103.369900236218,4.71197561163919,0
                103.37222151596,4.71087215917176,0
                103.374481668432,4.70964914100532,0
                103.376674498711,4.7083099087268,0
                103.378793996403,4.70685813241942,0
                103.380834352112,4.70529779061072,0
                103.382789973365,4.70363315937514,0
                103.384655499939,4.70186880062164,0
                103.386425818556,4.70000954959775,0
                103.388096076896,4.69806050164472,0
                103.389661696896,4.69602699823964,0
                103.391118387302,4.69391461236275,0
                103.392462155425,4.69172913323024,0
                103.393689318092,4.68947655043381,0
                103.394796511734,4.68716303753092,0
                103.39578070161,4.68479493513016,0
                103.396639190125,4.68237873351835,0
                103.397369624221,4.6799210548767,0
                103.397970001829,4.67742863513491,0
                103.398438677356,4.67490830551275,0
                103.398774366195,4.67236697379972,0
                103.398976148245,4.66981160542405,0
                103.399043470437,4.66724920436289,0
              </coordinates>
            </LinearRing>
          </outerBoundaryIs>
        </Polygon>
      </Placemark>
      <Placemark id="TRG_SE-15.29">
        <name>P.040 Kemaman</name>
        <ExtendedData>
          <SchemaData schemaUrl="#TRG_SE-15.schema">
            <SimpleData name="state">Terengganu</SimpleData>
            <SimpleData name="parlimen">P.040 Kemaman</SimpleData>
            <SimpleData name="code_parlimen">P.040</SimpleData>
            <SimpleData name="dun">N.29 Kemasik</SimpleData>
            <SimpleData name="code_dun">N.29</SimpleData>
          </SchemaData>
        </ExtendedData>
        <Polygon>
          <outerBoundaryIs>
            <LinearRing>
              <coordinates>
                103.437553796816,4.50018829666632,0
                103.437486474624,4.49762528734993,0
                103.437284692573,4.49506929408249,0
                103.436949003734,4.49252732277959,0
                103.436480328207,4.49000634099593,0
                103.435879950599,4.48751325882546,0
                103.435149516503,4.48505490995852,0
                103.434291027988,4.48263803294751,0
                103.433306838112,4.48026925273269,0
                103.43219964447,4.47795506247868,0
                103.430972481804,4.47570180577172,0
                103.42962871368,4.47351565922618,0
                103.428172023274,4.47140261554843,0
                103.426606403274,4.46936846710428,0
                103.424936144934,4.4674187900354,0
                103.423165826317,4.46555892896795,0
                103.421300299743,4.46379398235579,0
                103.419344678491,4.46212878849829,0
                103.417304322782,4.46056791227123,0
                103.41518482509,4.45911563260724,0
                103.41299199481,4.45777593076019,0
                103.410731842339,4.45655247938566,0
                103.408410562596,4.45544863246773,0
                103.406034518048,4.45446741611952,0
                103.403610221269,4.45361152028293,0
                103.401144317087,4.45288329135031,0
                103.398643564374,4.45228472572842,0
                103.396114817519,4.45181746436223,0
                103.393565007642,4.45148278823381,0
                103.391001123595,4.45128161484854,0
                103.388430192805,4.45121449571827,0
                103.385859262015,4.45128161484854,0
                103.383295377967,4.45148278823381,0
                103.380745568091,4.45181746436223,0
                103.378216821236,4.45228472572842,0
                103.375716068523,4.45288329135031,0
                103.373250164341,4.45361152028293,0
                103.370825867561,4.45446741611952,0
                103.368449823014,4.45544863246773,0
                103.366128543271,4.45655247938566,0
                103.3638683908,4.45777593076019,0
                103.36167556052,4.45911563260724,0
                103.359556062828,4.46056791227123,0
                103.357515707119,4.46212878849829,0
                103.355560085867,4.46379398235579,0
                103.353694559293,4.46555892896795,0
                103.351924240676,4.4674187900354,0
                103.350253982336,4.46936846710428,0
                103.348688362335,4.47140261554843,0
                103.34723167193,4.47351565922618,0
                103.345887903806,4.47570180577172,0
                103.34466074114,4.47795506247868,0
                103.343553547498,4.48026925273269,0
                103.342569357621,4.48263803294751,0
                103.341710869107,4.48505490995852,0
                103.340980435011,4.48751325882546,0
                103.340380057402,4.49000634099593,0
                103.339911381875,4.49252732277959,0
                103.339575693037,4.49506929408249,0
                103.339373910986,4.49762528734993,0
                103.339306588794,4.50018829666632,0
                103.339373910986,4.50275129695914,0
                103.339575693037,4.50530726325473,0
                103.339911381875,4.50784918993299,0
                103.340380057402,4.51037010992816,0
                103.340980435011,4.51286311382325,0
                103.341710869107,4.51532136878552,0
                103.342569357621,4.51773813729142,0
                103.343553547498,4.52010679558948,0
                103.34466074114,4.52242085185084,0
                103.345887903806,4.52467396395729,0
                103.34723167193,4.52685995687876,0
                103.348688362335,4.52897283959203,0
                103.350253982336,4.5310068214948,0
                103.351924240676,4.53295632827011,0
                103.353694559293,4.53481601715755,0
                103.355560085867,4.5365807915897,0
                103.357515707119,4.53824581515365,0
                103.359556062828,4.53980652483938,0
                103.36167556052,4.54125864353889,0
                103.3638683908,4.54259819176193,0
                103.366128543271,4.54382149853601,0
                103.368449823014,4.54492521146133,0
                103.370825867561,4.54590630589284,0
                103.373250164341,4.54676209322437,0
                103.375716068523,4.54749022825235,0
                103.378216821236,4.54808871559891,0
                103.380745568091,4.54855591517665,0
                103.383295377967,4.54889054668045,0
                103.385859262015,4.54909169309388,0
                103.388430192805,4.54915880320059,0
                103.391001123595,4.54909169309388,0
                103.393565007642,4.54889054668045,0
                103.396114817519,4.54855591517665,0
                103.398643564374,4.54808871559891,0
                103.401144317087,4.54749022825235,0
                103.403610221269,4.54676209322437,0
                103.406034518048,4.54590630589284,0
                103.408410562596,4.54492521146133,0
                103.410731842339,4.54382149853601,0
                103.41299199481,4.54259819176193,0
                103.41518482509,4.54125864353889,0
                103.417304322782,4.53980652483938,0
                103.419344678491,4.53824581515365,0
                103.421300299743,4.5365807915897,0
                103.423165826317,4.53481601715755,0
                103.424936144934,4.53295632827011,0
                103.426606403274,4.5310068214948,0
                103.428172023274,4.52897283959203,0
                103.42962871368,4.52685995687876,0
                103.430972481804,4.52467396395729,0
                103.43219964447,4.52242085185084,0
                103.433306838112,4.52010679558948,0
                103.434291027988,4.51773813729142,0
                103.435149516503,4.51532136878552,0
                103.435879950599,4.51286311382325,0
                103.436480328207,4.51037010992816,0
                103.436949003734,4.50784918993299,0
                103.437284692573,4.50530726325473,0
                103.437486474624,4.50275129695914,0
                103.437553796816,4.50018829666632,0
              </coordinates>
            </LinearRing>
          </outerBoundaryIs>
        </Polygon>
      </Placemark>
      <Placemark id="TRG_SE-15.30">
        <name>P.040 Kemaman</name>
        <ExtendedData>
          <SchemaData schemaUrl="#TRG_SE-15.schema">
            <SimpleData name="state">Terengganu</SimpleData>
            <SimpleData name="parlimen">P.040 Kemaman</SimpleData>
            <SimpleData name="code_parlimen">P.040</SimpleData>
            <SimpleData name="dun">N.30 Kijal</SimpleData>
            <SimpleData name="code_dun">N.30</SimpleData>
          </SchemaData>
        </ExtendedData>
        <Polygon>
          <outerBoundaryIs>
            <LinearRing>
              <coordinates>
                103.376767173111,4.36887003905476,0
                103.376699850919,4.36630657426872,0
                103.376498068869,4.3637501270402,0
                103.37616238003,4.3612077045259,0
                103.375693704503,4.3586862755119,0
                103.375093326895,4.35619275131068,0
                103.374362892799,4.35373396681483,0
                103.373504404284,4.35131666175961,0
                103.372520214408,4.34894746224563,0
                103.371413020766,4.34663286257228,0
                103.370185858099,4.34437920743207,0
                103.368842089976,4.34219267451423,0
                103.36738539957,4.34007925756586,0
                103.36581977957,4.33804474995682,0
                103.36414952123,4.33609472879333,0
                103.362379202613,4.33423453962447,0
                103.360513676039,4.33246928178294,0
                103.358558054786,4.33080379440066,0
                103.356517699078,4.32924264313771,0
                103.354398201385,4.32779010766076,0
                103.352205371106,4.32645016990568,0
                103.349945218634,4.32522650315641,0
                103.347623938892,4.32412246197016,0
                103.345247894344,4.32314107297656,0
                103.342823597565,4.32228502657623,0
                103.340357693383,4.32155666956131,0
                103.33785694067,4.32095799867842,0
                103.335328193815,4.32049065515176,0
                103.332778383938,4.32015592018126,0
                103.330214499891,4.31995471142823,0
                103.327643569101,4.31988758049829,0
                103.325072638311,4.31995471142823,0
                103.322508754263,4.32015592018126,0
                103.319958944386,4.32049065515176,0
                103.317430197532,4.32095799867842,0
                103.314929444819,4.32155666956131,0
                103.312463540636,4.32228502657623,0
                103.310039243857,4.32314107297656,0
                103.307663199309,4.32412246197016,0
                103.305341919567,4.32522650315641,0
                103.303081767095,4.32645016990568,0
                103.300888936816,4.32779010766076,0
                103.298769439124,4.32924264313771,0
                103.296729083415,4.33080379440066,0
                103.294773462162,4.33246928178294,0
                103.292907935588,4.33423453962447,0
                103.291137616971,4.33609472879333,0
                103.289467358631,4.33804474995682,0
                103.287901738631,4.34007925756586,0
                103.286445048225,4.34219267451423,0
                103.285101280102,4.34437920743207,0
                103.283874117435,4.34663286257228,0
                103.282766923794,4.34894746224563,0
                103.281782733917,4.35131666175961,0
                103.280924245402,4.35373396681483,0
                103.280193811306,4.35619275131068,0
                103.279593433698,4.3586862755119,0
                103.279124758171,4.3612077045259,0
                103.278789069333,4.3637501270402,0
                103.278587287282,4.36630657426872,0
                103.27851996509,4.36887003905476,0
                103.278587287282,4.37143349507848,0
                103.278789069333,4.37398991611598,0
                103.279124758171,4.37653229529755,0
                103.279593433698,4.37905366431187,0
                103.280193811306,4.38154711250384,0
                103.280924245402,4.38400580581362,0
                103.281782733917,4.386423005505,0
                103.282766923794,4.3887920866318,0
                103.283874117435,4.39110655619165,0
                103.285101280102,4.39336007091765,0
                103.286445048225,4.39554645465893,0
                103.287901738631,4.3976597153028,0
                103.289467358631,4.39969406119197,0
                103.291137616971,4.40164391699199,0
                103.292907935588,4.40350393896554,0
                103.294773462162,4.4052690296118,0
                103.296729083415,4.40693435163062,0
                103.298769439124,4.40849534117369,0
                103.300888936816,4.40994772034621,0
                103.303081767095,4.41128750892477,0
                103.305341919567,4.41251103525986,0
                103.307663199309,4.41361494633268,0
                103.310039243857,4.41459621693913,0
                103.312463540636,4.41545215797568,0
                103.314929444819,4.41618042380458,0
                103.317430197532,4.41677901867824,0
                103.319958944386,4.41724630220526,0
                103.322508754263,4.41758099384306,0
                103.325072638311,4.4177821764051,0
                103.327643569101,4.41784929857271,0
                103.330214499891,4.4177821764051,0
                103.332778383938,4.41758099384306,0
                103.335328193815,4.41724630220526,0
                103.33785694067,4.41677901867824,0
                103.340357693383,4.41618042380458,0
                103.342823597565,4.41545215797568,0
                103.345247894344,4.41459621693913,0
                103.347623938892,4.41361494633268,0
                103.349945218634,4.41251103525986,0
                103.352205371106,4.41128750892477,0
                103.354398201385,4.40994772034621,0
                103.356517699078,4.40849534117369,0
                103.358558054786,4.40693435163062,0
                103.360513676039,4.4052690296118,0
                103.362379202613,4.40350393896554,0
                103.36414952123,4.40164391699199,0
                103.36581977957,4.39969406119197,0
                103.36738539957,4.3976597153028,0
                103.368842089976,4.39554645465893,0
                103.370185858099,4.39336007091765,0
                103.371413020766,4.39110655619165,0
                103.372520214408,4.3887920866318,0
                103.373504404284,4.386423005505,0
                103.374362892799,4.38400580581362,0
                103.375093326895,4.38154711250384,0
                103.375693704503,4.37905366431187,0
                103.37616238003,4.37653229529755,0
                103.376498068869,4.37398991611598,0
                103.376699850919,4.37143349507848,0
                103.376767173111,4.36887003905476,0
              </coordinates>
            </LinearRing>
          </outerBoundaryIs>
        </Polygon>
      </Placemark>
      <Placemark id="TRG_SE-15.31">
        <name>P.040 Kemaman</name>
        <ExtendedData>
          <SchemaData schemaUrl="#TRG_SE-15.schema">
            <SimpleData name="state">Terengganu</SimpleData>
            <SimpleData name="parlimen">P.040 Kemaman</SimpleData>
            <SimpleData name="code_parlimen">P.040</SimpleData>
            <SimpleData name="dun">N.31 Cukai</SimpleData>
            <SimpleData name="code_dun">N.31</SimpleData>
          </SchemaData>
        </ExtendedData>
        <Polygon>
          <outerBoundaryIs>
            <LinearRing>
              <coordinates>
                103.441411999435,4.2044349772987,0
                103.441344677243,4.20187096116755,0
                103.441142895192,4.19931396443117,0
                103.440807206353,4.19677099574839,0
                103.440338530826,4.19424902539565,0
                103.439738153218,4.19175496616002,0
                103.439007719122,4.1892956543889,0
                103.438149230607,4.1868778312488,0
                103.437165040731,4.18450812424419,0
                103.436057847089,4.18219302904731,0
                103.434830684423,4.17993889168885,0
                103.433486916299,4.17775189115825,0
                103.432030225894,4.17563802246144,0
                103.430464605893,4.17360308018243,0
                103.428794347553,4.17165264259409,0
                103.427024028936,4.16979205636146,0
                103.425158502362,4.16802642187993,0
                103.42320288111,4.16636057928808,0
                103.421162525401,4.16479909519423,0
                103.419043027709,4.16334625015248,0
                103.416850197429,4.16200602692322,0
                103.414590044958,4.16078209954993,0
                103.412268765215,4.15967782328263,0
                103.409892720668,4.15869622537532,0
                103.407468423888,4.15783999678305,0
                103.405002519706,4.15711148478118,0
                103.402501766993,4.15651268652714,0
                103.399973020138,4.15604524358257,0
                103.397423210261,4.15571043741066,0
                103.394859326214,4.15550918586127,0
                103.392288395424,4.15544204065328,0
                103.389717464634,4.15550918586127,0
                103.387153580587,4.15571043741066,0
                103.38460377071,4.15604524358257,0
                103.382075023855,4.15651268652714,0
                103.379574271142,4.15711148478118,0
                103.37710836696,4.15783999678305,0
                103.37468407018,4.15869622537532,0
                103.372308025633,4.15967782328263,0
                103.36998674589,4.16078209954993,0
                103.367726593419,4.16200602692322,0
                103.365533763139,4.16334625015248,0
                103.363414265447,4.16479909519423,0
                103.361373909738,4.16636057928808,0
                103.359418288486,4.16802642187993,0
                103.357552761912,4.16979205636146,0
                103.355782443295,4.17165264259409,0
                103.354112184955,4.17360308018243,0
                103.352546564954,4.17563802246144,0
                103.351089874549,4.17775189115825,0
                103.349746106425,4.17993889168885,0
                103.348518943759,4.18219302904731,0
                103.347411750117,4.18450812424419,0
                103.346427560241,4.1868778312488,0
                103.345569071726,4.1892956543889,0
                103.34483863763,4.19175496616002,0
                103.344238260021,4.19424902539565,0
                103.343769584495,4.19677099574839,0
                103.343433895656,4.19931396443117,0
                103.343232113605,4.20187096116755,0
                103.343164791413,4.2044349772987,0
                103.343232113605,4.2069989849949,0
                103.343433895656,4.20955595651882,0
                103.343769584495,4.21209888348788,0
                103.344238260021,4.21462079608264,0
                103.34483863763,4.21711478214886,0
                103.345569071726,4.21957400614079,0
                103.346427560241,4.22199172785366,0
                103.347411750117,4.22436132089425,0
                103.348518943759,4.22667629083894,0
                103.349746106425,4.22893029302932,0
                103.351089874549,4.23111714995687,0
                103.352546564954,4.23323086818904,0
                103.354112184955,4.23526565479033,0
                103.355782443295,4.2372159331935,0
                103.357552761912,4.23907635847757,0
                103.359418288486,4.24084183201056,0
                103.361373909738,4.24250751541724,0
                103.363414265447,4.2440688438334,0
                103.365533763139,4.24552153841053,0
                103.367726593419,4.24686161803681,0
                103.36998674589,4.24808541024206,0
                103.372308025633,4.24918956125722,0
                103.37468407018,4.25017104520056,0
                103.37710836696,4.25102717236564,0
                103.379574271142,4.25175559658837,0
                103.382075023855,4.25235432167303,0
                103.38460377071,4.25282170685966,0
                103.387153580587,4.25315647131786,0
                103.389717464634,4.2533576976548,0
                103.392288395424,4.25342483442784,0
                103.394859326214,4.2533576976548,0
                103.397423210261,4.25315647131786,0
                103.399973020138,4.25282170685966,0
                103.402501766993,4.25235432167303,0
                103.405002519706,4.25175559658837,0
                103.407468423888,4.25102717236564,0
                103.409892720668,4.25017104520056,0
                103.412268765215,4.24918956125722,0
                103.414590044958,4.24808541024206,0
                103.416850197429,4.24686161803681,0
                103.419043027709,4.24552153841053,0
                103.421162525401,4.2440688438334,0
                103.42320288111,4.24250751541724,0
                103.425158502362,4.24084183201056,0
                103.427024028936,4.23907635847757,0
                103.428794347553,4.2372159331935,0
                103.430464605893,4.23526565479033,0
                103.432030225894,4.23323086818904,0
                103.433486916299,4.23111714995687,0
                103.434830684423,4.22893029302932,0
                103.436057847089,4.22667629083894,0
                103.437165040731,4.22436132089425,0
                103.438149230607,4.22199172785366,0
                103.439007719122,4.21957400614079,0
                103.439738153218,4.21711478214886,0
                103.440338530826,4.21462079608264,0
                103.440807206353,4.21209888348788,0
                103.441142895192,4.20955595651882,0
                103.441344677243,4.2069989849949,0
                103.441411999435,4.2044349772987,0
              </coordinates>
            </LinearRing>
          </outerBoundaryIs>
        </Polygon>
      </Placemark>
      <Placemark id="TRG_SE-15.32">
        <name>P.040 Kemaman</name>
        <ExtendedData>
          <SchemaData schemaUrl="#TRG_SE-15.schema">
            <SimpleData name="state">Terengganu</SimpleData>
            <SimpleData name="parlimen">P.040 Kemaman</SimpleData>
            <SimpleData name="code_parlimen">P.040</SimpleData>
            <SimpleData name="dun">N.32 Air Putih</SimpleData>
            <SimpleData name="code_dun">N.32</SimpleData>
          </SchemaData>
        </ExtendedData>
        <Polygon>
          <outerBoundaryIs>
            <LinearRing>
              <coordinates>
                103.199314284474,4.20619935302362,0
                103.199246962282,4.20363534269628,0
                103.199045180231,4.20107835174429,0
                103.198709491393,4.1985353888107,0
                103.198240815866,4.19601342415626,0
                103.197640438258,4.19351937055247,0
                103.196910004162,4.19106006433148,0
                103.196051515647,4.18864224664469,0
                103.19506732577,4.18627254498182,0
                103.193960132128,4.18395745500067,0
                103.192732969462,4.18170332271783,0
                103.191389201338,4.17951632710908,0
                103.189932510933,4.17740246316709,0
                103.188366890932,4.17536752546309,0
                103.186696632593,4.17341709225768,0
                103.184926313976,4.17155651020419,0
                103.183060787402,4.16979087968677,0
                103.181105166149,4.16812504083349,0
                103.17906481044,4.16656356024261,0
                103.176945312748,4.16511071845895,0
                103.174752482469,4.16377049823421,0
                103.172492329997,4.1625465736039,0
                103.170171050254,4.16144229981071,0
                103.167795005707,4.16046070410212,0
                103.165370708928,4.15960447742733,0
                103.162904804745,4.15887596705661,0
                103.160404052032,4.15827717014306,0
                103.157875305178,4.15780972824481,0
                103.155325495301,4.15747492282225,0
                103.152761611253,4.15727367172327,0
                103.150190680463,4.15720652666553,0
                103.147619749673,4.15727367172327,0
                103.145055865626,4.15747492282225,0
                103.142506055749,4.15780972824481,0
                103.139977308894,4.15827717014306,0
                103.137476556181,4.15887596705661,0
                103.135010651999,4.15960447742733,0
                103.13258635522,4.16046070410212,0
                103.130210310672,4.16144229981071,0
                103.127889030929,4.1625465736039,0
                103.125628878458,4.16377049823421,0
                103.123436048178,4.16511071845895,0
                103.121316550486,4.16656356024261,0
                103.119276194777,4.16812504083349,0
                103.117320573525,4.16979087968677,0
                103.115455046951,4.17155651020419,0
                103.113684728334,4.17341709225768,0
                103.112014469994,4.17536752546309,0
                103.110448849994,4.17740246316709,0
                103.108992159588,4.17951632710908,0
                103.107648391465,4.18170332271783,0
                103.106421228798,4.18395745500067,0
                103.105314035156,4.18627254498182,0
                103.10432984528,4.18864224664469,0
                103.103471356765,4.19106006433148,0
                103.102740922669,4.19351937055247,0
                103.102140545061,4.19601342415626,0
                103.101671869534,4.1985353888107,0
                103.101336180695,4.20107835174429,0
                103.101134398645,4.20363534269628,0
                103.101067076453,4.20619935302362,0
                103.101134398645,4.20876335491247,0
                103.101336180695,4.2113203206415,0
                103.101671869534,4.21386324184398,0
                103.102140545061,4.2163851487164,0
                103.102740922669,4.21887912912028,0
                103.103471356765,4.22133834752552,0
                103.10432984528,4.2237560637428,0
                103.105314035156,4.22612565139418,0
                103.106421228798,4.22844061607097,0
                103.107648391465,4.23069461312939,0
                103.108992159588,4.23288146507528,0
                103.110448849994,4.23499517848995,0
                103.112014469994,4.23702996045136,0
                103.113684728334,4.23898023440527,0
                103.115455046951,4.24084065544315,0
                103.117320573525,4.24260612494496,0
                103.119276194777,4.24427180454677,0
                103.121316550486,4.24583312939508,0
                103.123436048178,4.24728582065144,0
                103.125628878458,4.24862589721337,0
                103.127889030929,4.24984968661933,0
                103.130210310672,4.2509538351082,0
                103.13258635522,4.25193531680534,0
                103.135010651999,4.25279144201067,0
                103.137476556181,4.25351986456569,0
                103.139977308894,4.25411858827938,0
                103.142506055749,4.25458597239563,0
                103.145055865626,4.2549207360871,0
                103.147619749673,4.25512196196314,0
                103.150190680463,4.2551890985824,0
                103.152761611253,4.25512196196314,0
                103.155325495301,4.2549207360871,0
                103.157875305178,4.25458597239563,0
                103.160404052032,4.25411858827938,0
                103.162904804745,4.25351986456569,0
                103.165370708928,4.25279144201067,0
                103.167795005707,4.25193531680534,0
                103.170171050254,4.2509538351082,0
                103.172492329997,4.24984968661933,0
                103.174752482469,4.24862589721337,0
                103.176945312748,4.24728582065144,0
                103.17906481044,4.24583312939508,0
                103.181105166149,4.24427180454677,0
                103.183060787402,4.24260612494496,0
                103.184926313976,4.24084065544315,0
                103.186696632593,4.23898023440527,0
                103.188366890932,4.23702996045136,0
                103.189932510933,4.23499517848995,0
                103.191389201338,4.23288146507528,0
                103.192732969462,4.23069461312939,0
                103.193960132128,4.22844061607097,0
                103.19506732577,4.22612565139418,0
                103.196051515647,4.2237560637428,0
                103.196910004162,4.22133834752552,0
                103.197640438258,4.21887912912028,0
                103.198240815866,4.2163851487164,0
                103.198709491393,4.21386324184398,0
                103.199045180231,4.2113203206415,0
                103.199246962282,4.20876335491247,0
                103.199314284474,4.20619935302362,0
              </coordinates>
            </LinearRing>
          </outerBoundaryIs>
        </Polygon>
      </Placemark>
    </Document>
  </Document>
</kml>
