{"type":"Topology","objects":{"JHR_SE-12":{"type":"GeometryCollection","geometries":[{"type":"Polygon","arcs":[[0]],"properties":{"state":"Johor","parlimen":"P.140 Segamat","code_parlimen":"P.140","dun":"N.01 Buloh Kasap","code_dun":"N.01","voters_total":15424}},{"type":"Polygon","arcs":[[1]],"properties":{"state":"Johor","parlimen":"P.140 Segamat","code_parlimen":"P.140","dun":"N.02 Jementah","code_dun":"N.02","voters_total":25284}},{"type":"Polygon","arcs":[[2]],"properties":{"state":"Johor","parlimen":"P.141 Sekijang","code_parlimen":"P.141","dun":"N.03 Pemanis","code_dun":"N.03","voters_total":19355}},{"type":"Polygon","arcs":[[3]],"properties":{"state":"Johor","parlimen":"P.141 Sekijang","code_parlimen":"P.141","dun":"N.04 Kemelah","code_dun":"N.04","voters_total":15783}},{"type":"Polygon","arcs":[[4]],"properties":{"state":"Johor","parlimen":"P.142 Labis","code_parlimen":"P.142","dun":"N.05 Tenang","code_dun":"N.05","voters_total":14511}},{"type":"Polygon","arcs":[[5]],"properties":{"state":"Johor","parlimen":"P.142 Labis","code_parlimen":"P.142","dun":"N.06 Bekok","code_dun":"N.06","voters_total":18957}},{"type":"Polygon","arcs":[[6]],"properties":{"state":"Johor","parlimen":"P.143 Pagoh","code_parlimen":"P.143","dun":"N.07 Bukit Serampang","code_dun":"N.07","voters_total":18880}},{"type":"Polygon","arcs":[[7]],"properties":{"state":"Johor","parlimen":"P.143 Pagoh","code_parlimen":"P.143","dun":"N.08 Jorak","code_dun":"N.08","voters_total":21162}},{"type":"Polygon","arcs":[[8]],"properties":{"state":"Johor","parlimen":"P.144 Ledang","code_parlimen":"P.144","dun":"N.09 Gambir","code_dun":"N.09","voters_total":18724}},{"type":"Polygon","arcs":[[9]],"properties":{"state":"Johor","parlimen":"P.144 Ledang","code_parlimen":"P.144","dun":"N.10 Tangkak","code_dun":"N.10","voters_total":19198}},{"type":"Polygon","arcs":[[10]],"properties":{"state":"Johor","parlimen":"P.144 Ledang","code_parlimen":"P.144","dun":"N.11 Serom","code_dun":"N.11","voters_total":20579}},{"type":"Polygon","arcs":[[11]],"properties":{"state":"Johor","parlimen":"P.145 Bakri","code_parlimen":"P.145","dun":"N.12 Bentayan","code_dun":"N.12","voters_total":21233}},{"type":"Polygon","arcs":[[12]],"properties":{"state":"Johor","parlimen":"P.145 Bakri","code_parlimen":"P.145","dun":"N.13 Sungai Abong","code_dun":"N.13","voters_total":21592}},{"type":"Polygon","arcs":[[13]],"properties":{"state":"Johor","parlimen":"P.145 Bakri","code_parlimen":"P.145","dun":"N.14 Bukit Naning","code_dun":"N.14","voters_total":13547}},{"type":"Polygon","arcs":[[14]],"properties":{"state":"Johor","parlimen":"P.146 Muar","code_parlimen":"P.146","dun":"N.15 Maharani","code_dun":"N.15","voters_total":22902}},{"type":"Polygon","arcs":[[15]],"properties":{"state":"Johor","parlimen":"P.146 Muar","code_parlimen":"P.146","dun":"N.16 Sungai Balang","code_dun":"N.16","voters_total":18117}},{"type":"Polygon","arcs":[[16]],"properties":{"state":"Johor","parlimen":"P.147 Parit Sulong","code_parlimen":"P.147","dun":"N.17 Semerah","code_dun":"N.17","voters_total":28563}},{"type":"Polygon","arcs":[[17]],"properties":{"state":"Johor","parlimen":"P.147 Parit Sulong","code_parlimen":"P.147","dun":"N.18 Sri Medan","code_dun":"N.18","voters_total":21671}},{"type":"Polygon","arcs":[[18]],"properties":{"state":"Johor","parlimen":"P.148 Ayer Hitam","code_parlimen":"P.148","dun":"N.19 Yong Peng","code_dun":"N.19","voters_total":18328}},{"type":"Polygon","arcs":[[19]],"properties":{"state":"Johor","parlimen":"P.148 Ayer Hitam","code_parlimen":"P.148","dun":"N.20 Semarang","code_dun":"N.20","voters_total":16477}},{"type":"Polygon","arcs":[[20]],"properties":{"state":"Johor","parlimen":"P.149 Sri Gading","code_parlimen":"P.149","dun":"N.21 Parit Yaani","code_dun":"N.21","voters_total":19545}},{"type":"Polygon","arcs":[[21]],"properties":{"state":"Johor","parlimen":"P.149 Sri Gading","code_parlimen":"P.149","dun":"N.22 Parit Raja","code_dun":"N.22","voters_total":17300}},{"type":"Polygon","arcs":[[22]],"properties":{"state":"Johor","parlimen":"P.150 Batu Pahat","code_parlimen":"P.150","dun":"N.23 Penggaram","code_dun":"N.23","voters_total":34519}},{"type":"Polygon","arcs":[[23]],"properties":{"state":"Johor","parlimen":"P.150 Batu Pahat","code_parlimen":"P.150","dun":"N.24 Senggarang","code_dun":"N.24","voters_total":19799}},{"type":"Polygon","arcs":[[24]],"properties":{"state":"Johor","parlimen":"P.150 Batu Pahat","code_parlimen":"P.150","dun":"N.25 Rengit","code_dun":"N.25","voters_total":15751}},{"type":"Polygon","arcs":[[25]],"properties":{"state":"Johor","parlimen":"P.151 Simpang Renggam","code_parlimen":"P.151","dun":"N.26 Machap","code_dun":"N.26","voters_total":18244}},{"type":"Polygon","arcs":[[26]],"properties":{"state":"Johor","parlimen":"P.151 Simpang Renggam","code_parlimen":"P.151","dun":"N.27 Layang-Layang","code_dun":"N.27","voters_total":16615}},{"type":"Polygon","arcs":[[27]],"properties":{"state":"Johor","parlimen":"P.152 Kluang","code_parlimen":"P.152","dun":"N.28 Mengkibol","code_dun":"N.28","voters_total":35253}},{"type":"Polygon","arcs":[[28]],"properties":{"state":"Johor","parlimen":"P.152 Kluang","code_parlimen":"P.152","dun":"N.29 Mahkota","code_dun":"N.29","voters_total":35980}},{"type":"Polygon","arcs":[[29]],"properties":{"state":"Johor","parlimen":"P.153 Sembrong","code_parlimen":"P.153","dun":"N.30 Paloh","code_dun":"N.30","voters_total":16084}},{"type":"Polygon","arcs":[[30]],"properties":{"state":"Johor","parlimen":"P.153 Sembrong","code_parlimen":"P.153","dun":"N.31 Kahang","code_dun":"N.31","voters_total":17097}},{"type":"Polygon","arcs":[[31]],"properties":{"state":"Johor","parlimen":"P.154 Mersing","code_parlimen":"P.154","dun":"N.32 Endau","code_dun":"N.32","voters_total":16269}},{"type":"Polygon","arcs":[[32]],"properties":{"state":"Johor","parlimen":"P.154 Mersing","code_parlimen":"P.154","dun":"N.33 Tenggaroh","code_dun":"N.33","voters_total":20176}},{"type":"Polygon","arcs":[[33]],"properties":{"state":"Johor","parlimen":"P.155 Tenggara","code_parlimen":"P.155","dun":"N.34 Panti","code_dun":"N.34","voters_total":14448}},{"type":"Polygon","arcs":[[34]],"properties":{"state":"Johor","parlimen":"P.155 Tenggara","code_parlimen":"P.155","dun":"N.35 Pasir Raja","code_dun":"N.35","voters_total":17849}},{"type":"Polygon","arcs":[[35]],"properties":{"state":"Johor","parlimen":"P.156 Kota Tinggi","code_parlimen":"P.156","dun":"N.36 Sedili","code_dun":"N.36","voters_total":19190}},{"type":"Polygon","arcs":[[36]],"properties":{"state":"Johor","parlimen":"P.156 Kota Tinggi","code_parlimen":"P.156","dun":"N.37 Johor Lama","code_dun":"N.37","voters_total":15000}},{"type":"Polygon","arcs":[[37]],"properties":{"state":"Johor","parlimen":"P.157 Pengerang","code_parlimen":"P.157","dun":"N.38 Penawar","code_dun":"N.38","voters_total":16498}},{"type":"Polygon","arcs":[[38]],"properties":{"state":"Johor","parlimen":"P.157 Pengerang","code_parlimen":"P.157","dun":"N.39 Tanjong Surat","code_dun":"N.39","voters_total":16504}},{"type":"Polygon","arcs":[[39]],"properties":{"state":"Johor","parlimen":"P.158 Tebrau","code_parlimen":"P.158","dun":"N.40 Tiram","code_dun":"N.40","voters_total":34018}},{"type":"Polygon","arcs":[[40]],"properties":{"state":"Johor","parlimen":"P.158 Tebrau","code_parlimen":"P.158","dun":"N.41 Puteri Wangsa","code_dun":"N.41","voters_total":28487}},{"type":"Polygon","arcs":[[41]],"properties":{"state":"Johor","parlimen":"P.159 Pasir Gudang","code_parlimen":"P.159","dun":"N.42 Johor Jaya","code_dun":"N.42","voters_total":38167}},{"type":"Polygon","arcs":[[42]],"properties":{"state":"Johor","parlimen":"P.159 Pasir Gudang","code_parlimen":"P.159","dun":"N.43 Permas","code_dun":"N.43","voters_total":34695}},{"type":"Polygon","arcs":[[43]],"properties":{"state":"Johor","parlimen":"P.160 Johor Bahru","code_parlimen":"P.160","dun":"N.44 Tanjong Puteri","code_dun":"N.44","voters_total":47062}},{"type":"Polygon","arcs":[[44]],"properties":{"state":"Johor","parlimen":"P.160 Johor Bahru","code_parlimen":"P.160","dun":"N.45 Stulang","code_dun":"N.45","voters_total":42663}},{"type":"Polygon","arcs":[[45]],"properties":{"state":"Johor","parlimen":"P.161 Pulai","code_parlimen":"P.161","dun":"N.46 Pengkalan Rinting","code_dun":"N.46","voters_total":46664}},{"type":"Polygon","arcs":[[46]],"properties":{"state":"Johor","parlimen":"P.161 Pulai","code_parlimen":"P.161","dun":"N.47 Kempas","code_dun":"N.47","voters_total":32958}},{"type":"Polygon","arcs":[[47]],"properties":{"state":"Johor","parlimen":"P.162 Gelang Patah","code_parlimen":"P.162","dun":"N.48 Skudai","code_dun":"N.48","voters_total":44459}},{"type":"Polygon","arcs":[[48]],"properties":{"state":"Johor","parlimen":"P.162 Gelang Patah","code_parlimen":"P.162","dun":"N.49 Nusa Jaya","code_dun":"N.49","voters_total":34217}},{"type":"Polygon","arcs":[[49]],"properties":{"state":"Johor","parlimen":"P.163 Kulai","code_parlimen":"P.163","dun":"N.50 Bukit Permai","code_dun":"N.50","voters_total":14863}},{"type":"Polygon","arcs":[[50]],"properties":{"state":"Johor","parlimen":"P.163 Kulai","code_parlimen":"P.163","dun":"N.51 Bukit Batu","code_dun":"N.51","voters_total":19556}},{"type":"Polygon","arcs":[[51]],"properties":{"state":"Johor","parlimen":"P.163 Kulai","code_parlimen":"P.163","dun":"N.52 Senai","code_dun":"N.52","voters_total":32939}},{"type":"Polygon","arcs":[[52]],"properties":{"state":"Johor","parlimen":"P.164 Pontian","code_parlimen":"P.164","dun":"N.53 Benut","code_dun":"N.53","voters_total":18646}},{"type":"Polygon","arcs":[[53]],"properties":{"state":"Johor","parlimen":"P.164 Pontian","code_parlimen":"P.164","dun":"N.54 Pulai Sebatang","code_dun":"N.54","voters_total":24618}},{"type":"Polygon","arcs":[[54]],"properties":{"state":"Johor","parlimen":"P.165 Tanjong Piai","code_parlimen":"P.165","dun":"N.55 Pekan Nenas","code_dun":"N.55","voters_total":28012}},{"type":"Polygon","arcs":[[55]],"properties":{"state":"Johor","parlimen":"P.165 Tanjong Piai","code_parlimen":"P.165","dun":"N.56 Kukup","code_dun":"N.56","voters_total":17689}}]}},"arcs":[[[102.78516591307711,2.679501085037458],[102.78512108552533,2.677791060382759],[102.7849867257392,2.676085720409568],[102.78476320198955,2.674389739367021],[102.78445112693944,2.672707765871197],[102.7840513559649,2.671044410163014],[102.78356498481038,2.669404231471097],[102.7829933465854,2.667791725514324],[102.78233800811059,2.666211312178214],[102.78160076562318,2.664667323399009],[102.78078363985358,2.663163991288656],[102.77988887048672,2.66170543653333],[102.77891891002324,2.660295657097148],[102.77787641705734,2.658938517262194],[102.7767642489898,2.657637737034944],[102.77558545419599,2.656396881947927],[102.77434326367047,2.655219353284934],[102.77304108217113,2.654108378756212],[102.77168247888697,2.653067003649601],[102.77027117765516,2.652098082481555],[102.76881104675425,2.651204271171182],[102.76730608830158,2.650388019758682],[102.76576042728361,2.649651565688158],[102.76417830024982,2.648996927673223],[102.76256404370037,2.648425900162336],[102.76092208220031,2.647940048418892],[102.75925691625196,2.647540704229696],[102.75757310995944,2.647228962253544],[102.75587527851874,2.647005677019908],[102.75416807556786,2.646871460586028],[102.7524561804314,2.646826680858803],[102.75074428529493,2.646871460586028],[102.74903708234405,2.647005677019908],[102.74733925090334,2.647228962253544],[102.74565544461082,2.647540704229696],[102.74399027866248,2.647940048418892],[102.74234831716241,2.648425900162336],[102.74073406061297,2.648996927673223],[102.73915193357917,2.649651565688158],[102.73760627256122,2.650388019758682],[102.73610131410852,2.651204271171182],[102.73464118320763,2.652098082481555],[102.7332298819758,2.653067003649601],[102.73187127869166,2.654108378756212],[102.73056909719232,2.655219353284934],[102.72932690666681,2.656396881947927],[102.72814811187297,2.657637737034944],[102.72703594380545,2.658938517262194],[102.72599345083955,2.660295657097148],[102.72502349037606,2.66170543653333],[102.7241287210092,2.663163991288656],[102.7233115952396,2.664667323399009],[102.7225743527522,2.666211312178214],[102.7219190142774,2.667791725514324],[102.7213473760524,2.669404231471097],[102.72086100489788,2.671044410163014],[102.72046123392333,2.672707765871197],[102.72014915887324,2.674389739367021],[102.71992563512359,2.676085720409568],[102.71979127533746,2.677791060382759],[102.71974644778568,2.679501085037458],[102.71979127533746,2.681211107303636],[102.71992563512359,2.682916440137436],[102.72014915887324,2.684612409367912],[102.72046123392333,2.686294366508433],[102.72086100489788,2.687957701497262],[102.7213473760524,2.689597855332787],[102.7219190142774,2.69121033256844],[102.7225743527522,2.692790713633407],[102.7233115952396,2.694334666945013],[102.7241287210092,2.695837960779871],[102.72502349037606,2.69729647487117],[102.72599345083955,2.698706211700348],[102.72703594380545,2.700063307452089],[102.72814811187297,2.701364042602941],[102.72932690666681,2.7026048521142],[102.73056909719232,2.70378233520146],[102.73187127869166,2.704893264653771],[102.7332298819758,2.705934595677181],[102.73464118320763,2.706903474238211],[102.73610131410852,2.707797244884569],[102.73760627256122,2.708613458021587],[102.73915193357917,2.709349876624512],[102.74073406061297,2.710004482368292],[102.74234831716241,2.710575481158084],[102.74399027866248,2.711061308045137],[102.74565544461082,2.711460631514978],[102.74733925090334,2.711772357135827],[102.74903708234405,2.711995630557418],[102.75074428529493,2.712129839851893],[102.7524561804314,2.712174617190598],[102.75416807556786,2.712129839851893],[102.75587527851874,2.711995630557418],[102.75757310995944,2.711772357135827],[102.75925691625196,2.711460631514978],[102.76092208220031,2.711061308045137],[102.76256404370037,2.710575481158084],[102.76417830024982,2.710004482368292],[102.76576042728361,2.709349876624512],[102.76730608830158,2.708613458021587],[102.76881104675425,2.707797244884569],[102.77027117765516,2.706903474238211],[102.77168247888697,2.705934595677181],[102.77304108217113,2.704893264653771],[102.77434326367047,2.70378233520146],[102.77558545419599,2.7026048521142],[102.7767642489898,2.701364042602941],[102.77787641705734,2.700063307452089],[102.77891891002324,2.698706211700348],[102.77988887048672,2.69729647487117],[102.78078363985358,2.695837960779871],[102.78160076562318,2.694334666945013],[102.78233800811059,2.692790713633407],[102.7829933465854,2.69121033256844],[102.78356498481038,2.689597855332787],[102.7840513559649,2.687957701497262],[102.78445112693944,2.686294366508433],[102.78476320198955,2.684612409367912],[102.7849867257392,2.682916440137436],[102.78512108552533,2.681211107303636],[102.78516591307711,2.679501085037458]],[[102.74696506381588,2.492980769796023],[102.74690766943131,2.490791039270483],[102.7467356435916,2.488607307018687],[102.74644945780766,2.486435558546747],[102.74604989649477,2.484281746543247],[102.74553805482276,2.482151774562369],[102.74491533571407,2.48005148084152],[102.74418344599847,2.477986622297608],[102.74334439173482,2.475962858746022],[102.74240047271253,2.473985737385401],[102.74135427614803,2.472060677590969],[102.74020866959337,2.470192956057875],[102.73896679307651,2.468387692335581],[102.73763205049464,2.466649834792712],[102.73620810028439,2.464984147050986],[102.73469884539436,2.463395194925512],[102.73310842258724,2.461887333907129],[102.73144119110142,2.460464697221226],[102.72970172070251,2.459131184495821],[102.72789477915798,2.45789045106988],[102.72602531916898,2.456745897971338],[102.72409846479542,2.455700662592331],[102.72211949741117,2.454757610087033],[102.7200938412283,2.453919325515955],[102.7180270484296,2.453188106758089],[102.71592478395048,2.452565958210495],[102.71379280995174,2.452054585292407],[102.7116369700259,2.451655389769221],[102.70946317318038,2.451369465908928],[102.70727737764123,2.451197597481739],[102.70508557452207,2.451140255611083],[102.7028937714029,2.451197597481739],[102.70070797586376,2.451369465908928],[102.69853417901824,2.451655389769221],[102.6963783390924,2.452054585292407],[102.69424636509366,2.452565958210495],[102.69214410061454,2.453188106758089],[102.69007730781586,2.453919325515955],[102.68805165163297,2.454757610087033],[102.68607268424873,2.455700662592331],[102.68414582987515,2.456745897971338],[102.68227636988617,2.45789045106988],[102.68046942834162,2.459131184495821],[102.67872995794272,2.460464697221226],[102.67706272645691,2.461887333907129],[102.67547230364978,2.463395194925512],[102.67396304875975,2.464984147050986],[102.6725390985495,2.466649834792712],[102.67120435596762,2.468387692335581],[102.66996247945076,2.470192956057875],[102.6688168728961,2.472060677590969],[102.66777067633161,2.473985737385401],[102.66682675730931,2.475962858746022],[102.66598770304567,2.477986622297608],[102.66525581333008,2.48005148084152],[102.66463309422137,2.482151774562369],[102.66412125254938,2.484281746543247],[102.66372169123649,2.486435558546747],[102.66343550545254,2.488607307018687],[102.66326347961282,2.490791039270483],[102.66320608522827,2.492980769796023],[102.66326347961282,2.495170496677972],[102.66343550545254,2.497354218038962],[102.66372169123649,2.499525948492144],[102.66412125254938,2.501679735546406],[102.66463309422137,2.503809675920878],[102.66525581333008,2.505909931724452],[102.66598770304567,2.507974746455651],[102.66682675730931,2.509998460779121],[102.66777067633161,2.511975528035555],[102.6688168728961,2.513900529442522],[102.66996247945076,2.515768188944558],[102.67120435596762,2.517573387671848],[102.6725390985495,2.519311177967855],[102.67396304875975,2.520976796947643],[102.67547230364978,2.522565679549449],[102.67706272645691,2.524073471044176],[102.67872995794272,2.525496038968141],[102.68046942834162,2.526829484446696],[102.68227636988617,2.528070152877646],[102.68414582987515,2.52921464394513],[102.68607268424873,2.530259820936685],[102.68805165163297,2.531202819337809],[102.69007730781586,2.532041054680795],[102.69214410061454,2.532772229625961],[102.69424636509366,2.533394340256293],[102.6963783390924,2.533905681568],[102.69853417901824,2.534304852141949],[102.70070797586376,2.534590757983509],[102.7028937714029,2.534762615519868],[102.70508557452207,2.534819953746945],[102.70727737764123,2.534762615519868],[102.70946317318038,2.534590757983509],[102.7116369700259,2.534304852141949],[102.71379280995174,2.533905681568],[102.71592478395048,2.533394340256293],[102.7180270484296,2.532772229625961],[102.7200938412283,2.532041054680795],[102.72211949741117,2.531202819337809],[102.72409846479542,2.530259820936685],[102.72602531916898,2.52921464394513],[102.72789477915798,2.528070152877646],[102.72970172070251,2.526829484446696],[102.73144119110142,2.525496038968141],[102.73310842258724,2.524073471044176],[102.73469884539436,2.522565679549449],[102.73620810028439,2.520976796947643],[102.73763205049464,2.519311177967855],[102.73896679307651,2.517573387671848],[102.74020866959337,2.515768188944558],[102.74135427614803,2.513900529442522],[102.74240047271253,2.511975528035555],[102.74334439173482,2.509998460779121],[102.74418344599847,2.507974746455651],[102.74491533571407,2.505909931724452],[102.74553805482276,2.503809675920878],[102.74604989649477,2.501679735546406],[102.74644945780766,2.499525948492144],[102.7467356435916,2.497354218038962],[102.74690766943131,2.495170496677972],[102.74696506381588,2.492980769796023]],[[102.93047091594842,2.573429347139505],[102.93042069983456,2.571513603657722],[102.93027018913183,2.569603108230651],[102.93001979637965,2.567703097430905],[102.9296702078871,2.56581877911647],[102.92922238185196,2.563955318155664],[102.92867754573426,2.562117822269647],[102.92803719289195,2.560311328031382],[102.92730307848764,2.558540787059307],[102.92647721467787,2.556811052443764],[102.92556186509796,2.555126865443199],[102.92455953865748,2.553492842486771],[102.92347298266354,2.551913462519011],[102.92230517529056,2.550393054721058],[102.92105931741742,2.548935786642462],[102.91973882385392,2.547545652775765],[102.91834731398114,2.546226463605558],[102.91688860183092,2.544981835161685],[102.91536668563188,2.543815179105549],[102.91378573685051,2.542729693376578],[102.91215008875757,2.541728353424593],[102.91046422455075,2.540813904051998],[102.90873276506667,2.539988851888352],[102.90696045611544,2.539255458517784],[102.90515215547269,2.538615734278364],[102.90331281956477,2.538071432750164],[102.9014474898836,2.537624045947249],[102.89956127916811,2.537274800226977],[102.89765935739084,2.537024652927428],[102.89574693758712,2.536874289742642],[102.89382926156674,2.536824122842493],[102.89191158554635,2.536874289742642],[102.88999916574264,2.537024652927428],[102.88809724396535,2.537274800226977],[102.88621103324986,2.537624045947249],[102.8843457035687,2.538071432750164],[102.88250636766078,2.538615734278364],[102.88069806701803,2.539255458517784],[102.87892575806679,2.539988851888352],[102.87719429858271,2.540813904051998],[102.87550843437589,2.541728353424593],[102.87387278628294,2.542729693376578],[102.87229183750158,2.543815179105549],[102.87076992130255,2.544981835161685],[102.86931120915231,2.546226463605558],[102.86791969927954,2.547545652775765],[102.86659920571606,2.548935786642462],[102.86535334784291,2.550393054721058],[102.86418554046993,2.551913462519011],[102.86309898447598,2.553492842486771],[102.8620966580355,2.555126865443199],[102.8611813084556,2.556811052443764],[102.86035544464582,2.558540787059307],[102.85962133024152,2.560311328031382],[102.8589809773992,2.562117822269647],[102.85843614128152,2.563955318155664],[102.85798831524637,2.56581877911647],[102.85763872675382,2.567703097430905],[102.85738833400164,2.569603108230651],[102.85723782329892,2.571513603657722],[102.85718760718504,2.573429347139505],[102.85723782329892,2.575345087742364],[102.85738833400164,2.577255574564127],[102.85763872675382,2.579155571126527],[102.85798831524637,2.581039869727529],[102.85843614128152,2.582903305714822],[102.8589809773992,2.584740771640829],[102.85962133024152,2.586547231260868],[102.86035544464582,2.588317733335764],[102.8611813084556,2.590047425201357],[102.8620966580355,2.591731566067569],[102.86309898447598,2.593365540010695],[102.86418554046993,2.594944868623222],[102.86535334784291,2.596465223286664],[102.86659920571606,2.597922437033612],[102.86791969927954,2.599312515966774],[102.86931120915231,2.60063165020347],[102.87076992130255,2.601876224315684],[102.87229183750158,2.603042827237321],[102.87387278628294,2.604128261611058],[102.87550843437589,2.605129552549754],[102.87719429858271,2.606043955787996],[102.87892575806679,2.606868965201719],[102.88069806701803,2.607602319675108],[102.88250636766078,2.608242009296302],[102.8843457035687,2.608786280864516],[102.88621103324986,2.609233642693907],[102.88809724396535,2.60958286870077],[102.88999916574264,2.609833001762973],[102.89191158554635,2.609983356342463],[102.89382926156674,2.610033520363675],[102.89574693758712,2.609983356342463],[102.89765935739084,2.609833001762973],[102.89956127916811,2.60958286870077],[102.9014474898836,2.609233642693907],[102.90331281956477,2.608786280864516],[102.90515215547269,2.608242009296302],[102.90696045611544,2.607602319675108],[102.90873276506667,2.606868965201719],[102.91046422455075,2.606043955787996],[102.91215008875757,2.605129552549754],[102.91378573685051,2.604128261611058],[102.91536668563188,2.603042827237321],[102.91688860183092,2.601876224315684],[102.91834731398114,2.60063165020347],[102.91973882385392,2.599312515966774],[102.92105931741742,2.597922437033612],[102.92230517529056,2.596465223286664],[102.92347298266354,2.594944868623222],[102.92455953865748,2.593365540010695],[102.92556186509796,2.591731566067569],[102.92647721467787,2.590047425201357],[102.92730307848764,2.588317733335764],[102.92803719289195,2.586547231260868],[102.92867754573426,2.584740771640829],[102.92922238185196,2.582903305714822],[102.9296702078871,2.581039869727529],[102.93001979637965,2.579155571126527],[102.93027018913183,2.577255574564127],[102.93042069983456,2.575345087742364],[102.93047091594842,2.573429347139505]],[[102.9485558018201,2.476343665811418],[102.94851045557921,2.474613578765034],[102.94837454114742,2.472888231518561],[102.94814843105674,2.47117235315812],[102.94783274505919,2.469470646834382],[102.94742834842819,2.467787776870978],[102.94693634958676,2.466128355979213],[102.94635809706956,2.46449693261399],[102.94569517582651,2.462897978505769],[102.94494940287869,2.461335876402617],[102.94412282233787,2.459814908055971],[102.94321769980392,2.458339242483208],[102.94223651615475,2.456912924538955],[102.94118196074652,2.455539863826737],[102.94005692404234,2.454223823981193],[102.93886448968962,2.452968412350396],[102.937607926068,2.451777070106401],[102.93629067733106,2.4506530628114],[102.93491635396602,2.449599471465037],[102.93348872289768,2.448619184057794],[102.93201169716355,2.447714887653341],[102.93048932518853,2.446889061021691],[102.9289257796884,2.446143967843379],[102.92732534623265,2.445481650503297],[102.92569241149816,2.444903924491166],[102.92403145124557,2.444412373424095],[102.92234701805143,2.44400834470476],[102.92064372883003,2.443692945827289],[102.91892625217875,2.443467041340794],[102.91719929558175,2.443331250479079],[102.91546759250699,2.44328594546283],[102.91373588943222,2.443331250479079],[102.9120089328352,2.443467041340794],[102.91029145618393,2.443692945827289],[102.90858816696256,2.44400834470476],[102.9069037337684,2.444412373424095],[102.9052427735158,2.444903924491166],[102.9036098387813,2.445481650503297],[102.90200940532557,2.446143967843379],[102.90044585982542,2.446889061021691],[102.89892348785042,2.447714887653341],[102.8974464621163,2.448619184057794],[102.89601883104795,2.449599471465037],[102.8946445076829,2.4506530628114],[102.89332725894596,2.451777070106401],[102.89207069532436,2.452968412350396],[102.89087826097162,2.454223823981193],[102.88975322426744,2.455539863826737],[102.88869866885922,2.456912924538955],[102.88771748521003,2.458339242483208],[102.88681236267608,2.459814908055971],[102.88598578213526,2.461335876402617],[102.88524000918744,2.462897978505769],[102.88457708794442,2.46449693261399],[102.88399883542719,2.466128355979213],[102.88350683658577,2.467787776870978],[102.88310243995478,2.469470646834382],[102.88278675395723,2.47117235315812],[102.88256064386655,2.472888231518561],[102.88242472943475,2.474613578765034],[102.88237938319386,2.476343665811418],[102.88242472943475,2.478073750598513],[102.88256064386655,2.47979909109188],[102.88278675395723,2.481514958279376],[102.88310243995478,2.483216649132756],[102.88350683658577,2.484899499497862],[102.88399883542719,2.48655889687814],[102.88457708794442,2.488190293076273],[102.88524000918744,2.489789216659439],[102.88598578213526,2.491351285214036],[102.88681236267608,2.492872217356148],[102.88771748521003,2.494347844465115],[102.88869866885922,2.495774122107695],[102.88975322426744,2.497147141121937],[102.89087826097162,2.498463138330021],[102.89207069532436,2.499718506851046],[102.89332725894596,2.500909805985269],[102.8946445076829,2.502033770642835],[102.89601883104795,2.50308732029121],[102.8974464621163,2.504067567396767],[102.89892348785042,2.504971825337436],[102.90044585982542,2.505797615764577],[102.90200940532557,2.506542675394323],[102.9036098387813,2.507204962209375],[102.9052427735158,2.507782661054403],[102.9069037337684,2.508274188610001],[102.90858816696256,2.50867819773105],[102.91029145618393,2.508993581138162],[102.9120089328352,2.509219474451713],[102.91373588943222,2.509355258560321],[102.91546759250699,2.509400561317296],[102.91719929558175,2.509355258560321],[102.91892625217875,2.509219474451713],[102.92064372883003,2.508993581138162],[102.92234701805143,2.50867819773105],[102.92403145124557,2.508274188610001],[102.92569241149816,2.507782661054403],[102.92732534623265,2.507204962209375],[102.9289257796884,2.506542675394323],[102.93048932518853,2.505797615764577],[102.93201169716355,2.504971825337436],[102.93348872289768,2.504067567396767],[102.93491635396602,2.50308732029121],[102.93629067733106,2.502033770642835],[102.937607926068,2.500909805985269],[102.93886448968962,2.499718506851046],[102.94005692404234,2.498463138330021],[102.94118196074652,2.497147141121937],[102.94223651615475,2.495774122107695],[102.94321769980392,2.494347844465115],[102.94412282233787,2.492872217356148],[102.94494940287869,2.491351285214036],[102.94569517582651,2.489789216659439],[102.94635809706956,2.488190293076273],[102.94693634958676,2.48655889687814],[102.94742834842819,2.484899499497862],[102.94783274505919,2.483216649132756],[102.94814843105674,2.481514958279376],[102.94837454114742,2.47979909109188],[102.94851045557921,2.478073750598513],[102.9485558018201,2.476343665811418]],[[103.05751953784616,2.438069471254173],[103.0574760572807,2.436410517494838],[103.05734573476144,2.434756108777047],[103.0571289274934,2.433110779746563],[103.05682622973023,2.431479040178711],[103.05643847114546,2.429865362616924],[103.0559667145584,2.428274170113184],[103.05541225302105,2.426709824103858],[103.05477660627398,2.42517661245435],[103.05406151658072,2.423678737705261],[103.05326894395242,2.422220305552226],[103.05240106077555,2.420805313591132],[103.05146024585758,2.419437640359511],[103.05044907790685,2.418121034704167],[103.04937032846435,2.416859105504189],[103.04822695430737,2.41565531177761],[103.04702208934496,2.414512953198759],[103.0457590360283,2.413435161052358],[103.04444125629867,2.412424889649127],[103.04307236209873,2.411484908226491],[103.04165610547234,2.410617793356733],[103.04019636828048,2.409825921883073],[103.0386971515613,2.409111464403411],[103.03716256456363,2.408476379319434],[103.03559681348378,2.407922407467455],[103.0340041899366,2.407451067345638],[103.03238905919255,2.407063650950862],[103.0307558482127,2.406761220236498],[103.02910903351489,2.406544604200942],[103.02745312890367,2.406414396614694],[103.02579267309852,2.406370954392466],[103.02413221729336,2.406414396614694],[103.02247631268213,2.406544604200942],[103.02082949798432,2.406761220236498],[103.01919628700448,2.407063650950862],[103.01758115626045,2.407451067345638],[103.01598853271327,2.407922407467455],[103.0144227816334,2.408476379319434],[103.01288819463572,2.409111464403411],[103.01138897791655,2.409825921883073],[103.00992924072469,2.410617793356733],[103.0085129840983,2.411484908226491],[103.00714408989836,2.412424889649127],[103.00582631016874,2.413435161052358],[103.00456325685205,2.414512953198759],[103.00335839188966,2.41565531177761],[103.00221501773268,2.416859105504189],[103.00113626829018,2.418121034704167],[103.00012510033943,2.419437640359511],[102.99918428542148,2.420805313591132],[102.99831640224461,2.422220305552226],[102.99752382961631,2.423678737705261],[102.99680873992305,2.42517661245435],[102.996173093176,2.426709824103858],[102.99561863163864,2.428274170113184],[102.99514687505157,2.429865362616924],[102.9947591164668,2.431479040178711],[102.99445641870362,2.433110779746563],[102.99423961143559,2.434756108777047],[102.99410928891633,2.436410517494838],[102.99406580835085,2.438069471254173],[102.99410928891633,2.439728422968336],[102.99423961143559,2.441382825572998],[102.99445641870362,2.443028144489383],[102.9947591164668,2.444659870052985],[102.99514687505157,2.446273529873778],[102.99561863163864,2.447864701094187],[102.996173093176,2.449429022511019],[102.99680873992305,2.4509622065283],[102.99752382961631,2.452460050908182],[102.99831640224461,2.45391845028775],[102.99918428542148,2.455333407430206],[103.00012510033943,2.456701044179478],[103.00113626829018,2.458017612088521],[103.00221501773268,2.459279502691742],[103.00335839188966,2.460483257394009],[103.00456325685205,2.461625576948536],[103.00582631016874,2.46270333049818],[103.00714408989836,2.46371356415511],[103.0085129840983,2.464653509095397],[103.00992924072469,2.465520589146529],[103.01138897791655,2.466312427846749],[103.01288819463572,2.467026854957202],[103.0144227816334,2.467661912408952],[103.01598853271327,2.468215859668425],[103.01758115626045,2.468687178506925],[103.01919628700448,2.469074577160718],[103.02082949798432,2.46937699387082],[103.02247631268213,2.46959359979229],[103.02413221729336,2.469723801265409],[103.02579267309852,2.469767241442451],[103.02745312890367,2.469723801265409],[103.02910903351489,2.46959359979229],[103.0307558482127,2.46937699387082],[103.03238905919255,2.469074577160718],[103.0340041899366,2.468687178506925],[103.03559681348378,2.468215859668425],[103.03716256456363,2.467661912408952],[103.0386971515613,2.467026854957202],[103.04019636828048,2.466312427846749],[103.04165610547234,2.465520589146529],[103.04307236209873,2.464653509095397],[103.04444125629867,2.46371356415511],[103.0457590360283,2.46270333049818],[103.04702208934496,2.461625576948536],[103.04822695430737,2.460483257394009],[103.04937032846435,2.459279502691742],[103.05044907790685,2.458017612088521],[103.05146024585758,2.456701044179478],[103.05240106077555,2.455333407430206],[103.05326894395242,2.45391845028775],[103.05406151658072,2.452460050908182],[103.05477660627398,2.4509622065283],[103.05541225302105,2.449429022511019],[103.0559667145584,2.447864701094187],[103.05643847114546,2.446273529873778],[103.05682622973023,2.444659870052985],[103.0571289274934,2.443028144489383],[103.05734573476144,2.441382825572998],[103.0574760572807,2.439728422968336],[103.05751953784616,2.438069471254173]],[[103.21199701688809,2.367761746009209],[103.21194731975712,2.365865508174323],[103.21179836458055,2.363974465213329],[103.21155055963418,2.362093800377412],[103.21120458413415,2.360228668492791],[103.21076138637524,2.35838418183108],[103.21022218113173,2.356565396096024],[103.2095884463277,2.354777296565175],[103.20886191898617,2.353024784424328],[103.2080445904681,2.351312663332226],[103.20713870101419,2.349645626252555],[103.20614673360441,2.34802824258903],[103.20507140715249,2.346464945659165],[103.20391566905349,2.344960020540825],[103.20268268710522,2.343517592325113],[103.20137584082549,2.342141614807555],[103.19999871218911,2.340835859648933],[103.19855507580996,2.3396039060352],[103.19704888859498,2.33844913086496],[103.19548427889868,2.337374699491496],[103.19386553520744,2.336383557044668],[103.19219709438524,2.335478420356409],[103.19048352951236,2.334661770512223],[103.18872953735102,2.333935846048837],[103.18693992547183,2.333302636816839],[103.18511959907656,2.332763878525134],[103.18327354755331,2.332321047982089],[103.18140683080101,2.331975359046577],[103.1795245653605,2.331727759299841],[103.17763191039052,2.331578927447494],[103.17573405352681,2.331529271458673],[103.17383619666309,2.331578927447494],[103.17194354169311,2.331727759299841],[103.17006127625262,2.331975359046577],[103.1681945595003,2.332321047982089],[103.16634850797705,2.332763878525134],[103.16452818158177,2.333302636816839],[103.1627385697026,2.333935846048837],[103.16098457754124,2.334661770512223],[103.15927101266837,2.335478420356409],[103.15760257184617,2.336383557044668],[103.15598382815493,2.337374699491496],[103.15441921845863,2.33844913086496],[103.15291303124364,2.3396039060352],[103.15146939486449,2.340835859648933],[103.15009226622811,2.342141614807555],[103.14878541994838,2.343517592325113],[103.14755243800012,2.344960020540825],[103.14639669990112,2.346464945659165],[103.14532137344919,2.34802824258903],[103.14432940603942,2.349645626252555],[103.1434235165855,2.351312663332226],[103.14260618806745,2.353024784424328],[103.14187966072592,2.354777296565175],[103.14124592592188,2.356565396096024],[103.14070672067837,2.35838418183108],[103.14026352291945,2.360228668492791],[103.13991754741944,2.362093800377412],[103.13966974247306,2.363974465213329],[103.1395207872965,2.365865508174323],[103.13947109016551,2.367761746009209],[103.1395207872965,2.369657981249169],[103.13966974247306,2.371549016453809],[103.13991754741944,2.373429668456937],[103.14026352291945,2.375294782572919],[103.14070672067837,2.377139246724827],[103.14124592592188,2.378958005455548],[103.14187966072592,2.38074607378335],[103.14260618806745,2.382498550864383],[103.1434235165855,2.384210633423951],[103.14432940603942,2.385877628920579],[103.14532137344919,2.387494968406136],[103.14639669990112,2.389058219047123],[103.14755243800012,2.390563096272837],[103.14878541994838,2.392005475516899],[103.15009226622811,2.39338140352032],[103.15146939486449,2.394687109164792],[103.15291303124364,2.395919013806876],[103.15441921845863,2.397073741084502],[103.15598382815493,2.398148126169089],[103.15760257184617,2.399139224437961],[103.15927101266837,2.400044319543178],[103.16098457754124,2.400860930854841],[103.1627385697026,2.401586820258401],[103.16452818158177,2.402219998287389],[103.16634850797705,2.402758729574747],[103.1681945595003,2.403201537607989],[103.17006127625262,2.403547208774874],[103.17194354169311,2.403794795688823],[103.17383619666309,2.403943619784828],[103.17573405352681,2.403993273178723],[103.17763191039052,2.403943619784828],[103.1795245653605,2.403794795688823],[103.18140683080101,2.403547208774874],[103.18327354755331,2.403201537607989],[103.18511959907656,2.402758729574747],[103.18693992547183,2.402219998287389],[103.18872953735102,2.401586820258401],[103.19048352951236,2.400860930854841],[103.19219709438524,2.400044319543178],[103.19386553520744,2.399139224437961],[103.19548427889868,2.398148126169089],[103.19704888859498,2.397073741084502],[103.19855507580996,2.395919013806876],[103.19999871218911,2.394687109164792],[103.20137584082549,2.39338140352032],[103.20268268710522,2.392005475516899],[103.20391566905349,2.390563096272837],[103.20507140715249,2.389058219047123],[103.20614673360441,2.387494968406136],[103.20713870101419,2.385877628920579],[103.2080445904681,2.384210633423951],[103.20886191898617,2.382498550864383],[103.2095884463277,2.38074607378335],[103.21022218113173,2.378958005455548],[103.21076138637524,2.377139246724827],[103.21120458413415,2.375294782572919],[103.21155055963418,2.373429668456937],[103.21179836458055,2.371549016453809],[103.21194731975712,2.369657981249169],[103.21199701688809,2.367761746009209]],[[102.86547696788834,2.290897914795242],[102.86542737179056,2.289005428747251],[102.86527871943667,2.287118127383621],[102.86503141827245,2.285241183698912],[102.8646861461332,2.283379742317991],[102.86424384938584,2.281538905394403],[102.86370574033502,2.279723718624852],[102.86307329390027,2.277939157418326],[102.86234824357325,2.276190113257666],[102.86153257666656,2.27448138029089],[102.86062852886646,2.272817642189299],[102.85963857810518,2.271203459308161],[102.85856543776887,2.269643256185257],[102.85741204926067,2.268141309411651],[102.85618157393826,2.266701735907844],[102.85487738444901,2.265328481637539],[102.85350305548563,2.264025310789871],[102.85206235398829,2.26279579545999],[102.85055922881963,2.261643305856076],[102.8489977999413,2.260571001059677],[102.8473823471213,2.259581820364944],[102.84571729820351,2.258678475220238],[102.8440072169713,2.257863441794347],[102.84225679063843,2.257138954187784],[102.84047081700183,2.256506998307593],[102.8386541912911,2.255969306422668],[102.83681189275104,2.255527352414425],[102.83494897099385,2.255182347735864],[102.83307053215866,2.254935238090074],[102.83118172491567,2.254786700837431],[102.82928772635427,2.254737143138449],[102.82739372779288,2.254786700837431],[102.82550492054989,2.254935238090074],[102.82362648171468,2.255182347735864],[102.82176355995749,2.255527352414425],[102.81992126141743,2.255969306422668],[102.8181046357067,2.256506998307593],[102.8163186620701,2.257138954187784],[102.81456823573723,2.257863441794347],[102.81285815450502,2.258678475220238],[102.81119310558724,2.259581820364944],[102.80957765276723,2.260571001059677],[102.8080162238889,2.261643305856076],[102.80651309872025,2.26279579545999],[102.8050723972229,2.264025310789871],[102.80369806825952,2.265328481637539],[102.80239387877027,2.266701735907844],[102.80116340344786,2.268141309411651],[102.80001001493966,2.269643256185257],[102.79893687460336,2.271203459308161],[102.79794692384208,2.272817642189299],[102.79704287604197,2.27448138029089],[102.79622720913528,2.276190113257666],[102.79550215880828,2.277939157418326],[102.79486971237351,2.279723718624852],[102.79433160332269,2.281538905394403],[102.79388930657535,2.283379742317991],[102.7935440344361,2.285241183698912],[102.79329673327186,2.287118127383621],[102.79314808091797,2.289005428747251],[102.79309848482019,2.290897914795242],[102.79314808091797,2.292790398342552],[102.79329673327186,2.294677692231574],[102.7935440344361,2.296554623549599],[102.79388930657535,2.298416047807292],[102.79433160332269,2.300256863038695],[102.79486971237351,2.302072023784757],[102.79550215880828,2.303856554921632],[102.79622720913528,2.305605565295922],[102.79704287604197,2.307314261129759],[102.79794692384208,2.308977959158702],[102.79893687460336,2.310592099466526],[102.80001001493966,2.312152257981883],[102.80116340344786,2.313654158602447],[102.80239387877027,2.315093684913375],[102.80369806825952,2.316466891468032],[102.8050723972229,2.317770014600026],[102.80651309872025,2.318999482737027],[102.8080162238889,2.320151926187899],[102.80957765276723,2.321224186376765],[102.81119310558724,2.322213324498184],[102.81285815450502,2.323116629570254],[102.81456823573723,2.323931625863219],[102.8163186620701,2.324656079683425],[102.8181046357067,2.325288005493977],[102.81992126141743,2.325825671355414],[102.82176355995749,2.326267603671472],[102.82362648171468,2.326612591226817],[102.82550492054989,2.326859688505936],[102.82739372779288,2.327008218283958],[102.82928772635427,2.327057773482273],[102.83118172491567,2.327008218283958],[102.83307053215866,2.326859688505936],[102.83494897099385,2.326612591226817],[102.83681189275104,2.326267603671472],[102.8386541912911,2.325825671355414],[102.84047081700183,2.325288005493977],[102.84225679063843,2.324656079683425],[102.8440072169713,2.323931625863219],[102.84571729820351,2.323116629570254],[102.8473823471213,2.322213324498184],[102.8489977999413,2.321224186376765],[102.85055922881963,2.320151926187899],[102.85206235398829,2.318999482737027],[102.85350305548563,2.317770014600026],[102.85487738444901,2.316466891468032],[102.85618157393826,2.315093684913375],[102.85741204926067,2.313654158602447],[102.85856543776887,2.312152257981883],[102.85963857810518,2.310592099466526],[102.86062852886646,2.308977959158702],[102.86153257666656,2.307314261129759],[102.86234824357325,2.305605565295922],[102.86307329390027,2.303856554921632],[102.86370574033502,2.302072023784757],[102.86424384938584,2.300256863038695],[102.8646861461332,2.298416047807292],[102.86503141827245,2.296554623549599],[102.86527871943667,2.294677692231574],[102.86542737179056,2.292790398342552],[102.86547696788834,2.290897914795242]],[[102.78454669966783,2.130135924648065],[102.78449419174144,2.128132112163139],[102.78433681188291,2.126133789395476],[102.78407499145946,2.124146433643278],[102.78370944810266,2.122175492165718],[102.78324118374145,2.12022636725179],[102.78267148185591,2.118304401412126],[102.78200190395931,2.116414862734517],[102.78123428531809,2.114562930443163],[102.78037072992164,2.11275368070135],[102.77941360471523,2.110992072696424],[102.77836553311255,2.109282935045222],[102.77722938780501,2.10763095255735],[102.7760082828879,2.106040653392416],[102.77470556532495,2.104516396646558],[102.77332480577445,2.103062360402358],[102.77186978880232,2.101682530274805],[102.77034450250898,2.100380688484798],[102.7687531275981,2.099160403490201],[102.76710002591774,2.098025020202704],[102.76538972850467,2.096977650817582],[102.76362692316523,2.096021166281397],[102.76181644162632,2.095158188420905],[102.759963246292,2.094391082755049],[102.75807241664185,2.093721952009533],[102.75614913530853,2.093152630351911],[102.75419867387248,2.092684678362823],[102.75222637841293,2.092319378757442],[102.75023765485462,2.092057732868627],[102.74823795415061,2.091900457901586],[102.74623275734153,2.091847984967504],[102.74422756053244,2.091900457901586],[102.74222785982845,2.092057732868627],[102.74023913627013,2.092319378757442],[102.73826684081057,2.092684678362823],[102.73631637937453,2.093152630351911],[102.7343930980412,2.093721952009533],[102.73250226839104,2.094391082755049],[102.73064907305672,2.095158188420905],[102.72883859151783,2.096021166281397],[102.72707578617837,2.096977650817582],[102.7253654887653,2.098025020202704],[102.72371238708494,2.099160403490201],[102.72212101217407,2.100380688484798],[102.72059572588073,2.101682530274805],[102.7191407089086,2.103062360402358],[102.7177599493581,2.104516396646558],[102.71645723179515,2.106040653392416],[102.71523612687804,2.10763095255735],[102.7140999815705,2.109282935045222],[102.71305190996782,2.110992072696424],[102.7120947847614,2.11275368070135],[102.71123122936496,2.114562930443163],[102.71046361072375,2.116414862734517],[102.70979403282713,2.118304401412126],[102.7092243309416,2.12022636725179],[102.70875606658039,2.122175492165718],[102.70839052322358,2.124146433643278],[102.70812870280015,2.126133789395476],[102.7079713229416,2.128132112163139],[102.70791881501522,2.130135924648065],[102.7079713229416,2.132139734526386],[102.70812870280015,2.134138049502772],[102.70839052322358,2.136125392364411],[102.70875606658039,2.138096315993347],[102.7092243309416,2.140045418296139],[102.70979403282713,2.141967357009882],[102.71046361072375,2.14385686434399],[102.71123122936496,2.145708761417673],[102.7120947847614,2.147517972453497],[102.71305190996782,2.149279538688198],[102.7140999815705,2.150988631962546],[102.71523612687804,2.152640567953151],[102.71645723179515,2.154230819009855],[102.7177599493581,2.1557550265636],[102.7191407089086,2.157209013070769],[102.72059572588073,2.158588793461279],[102.72212101217407,2.159890586059161],[102.72371238708494,2.16111082294554],[102.7253654887653,2.162246159735795],[102.72707578617837,2.163293484744063],[102.72883859151783,2.164249927510023],[102.73064907305672,2.165112866664526],[102.73250226839104,2.165879937112736],[102.7343930980412,2.16654903651475],[102.73631637937453,2.167118331046465],[102.73826684081057,2.16758626042443],[102.74023913627013,2.167951542181187],[102.74222785982845,2.168213175179443],[102.74422756053244,2.168370442355232],[102.74623275734153,2.168422912682684],[102.74823795415061,2.168370442355232],[102.75023765485462,2.168213175179443],[102.75222637841293,2.167951542181187],[102.75419867387248,2.16758626042443],[102.75614913530853,2.167118331046465],[102.75807241664185,2.16654903651475],[102.759963246292,2.165879937112736],[102.76181644162632,2.165112866664526],[102.76362692316523,2.164249927510023],[102.76538972850467,2.163293484744063],[102.76710002591774,2.162246159735795],[102.7687531275981,2.16111082294554],[102.77034450250898,2.159890586059161],[102.77186978880232,2.158588793461279],[102.77332480577445,2.157209013070769],[102.77470556532495,2.1557550265636],[102.7760082828879,2.154230819009855],[102.77722938780501,2.152640567953151],[102.77836553311255,2.150988631962546],[102.77941360471523,2.149279538688198],[102.78037072992164,2.147517972453497],[102.78123428531809,2.145708761417673],[102.78200190395931,2.14385686434399],[102.78267148185591,2.141967357009882],[102.78324118374145,2.140045418296139],[102.78370944810266,2.138096315993347],[102.78407499145946,2.136125392364411],[102.78433681188291,2.134138049502772],[102.78449419174144,2.132139734526386],[102.78454669966783,2.130135924648065]],[[102.67963175549833,2.259971265913721],[102.67958236472471,2.258086574216885],[102.67943432778048,2.256207045894451],[102.67918805042464,2.254337832634941],[102.67884420768628,2.252484057873538],[102.67840374201448,2.250650802748555],[102.67786786069502,2.248843092173599],[102.67723803254131,2.247065881063592],[102.67651598386858,2.245324040752558],[102.67570369376207,2.243622345640289],[102.67480338865244,2.241965460104495],[102.67381753621346,2.240357925714473],[102.67274883859814,2.238804148781175],[102.67160022503234,2.237308388277986],[102.670374843786,2.235874744165164],[102.66907605354396,2.234507146150175],[102.66770741420001,2.233209342914562],[102.66627267709943,2.231984891836982],[102.66477577475688,2.230837149240674],[102.66322081007768,2.229769261191925],[102.66161204511184,2.228784154874911],[102.6599538893724,2.227884530566678],[102.65825088774896,2.227072854233912],[102.65650770805055,2.226351350772295],[102.65472912821164,2.225721997906553],[102.65292002319586,2.225186520768272],[102.65108535163436,2.224746387166112],[102.64923014223434,2.22440280356152],[102.6473594799958,2.224156711761025],[102.64547849227395,2.224008786334091],[102.64359233472535,2.223959432763579],[102.64170617717676,2.224008786334091],[102.6398251894549,2.224156711761025],[102.63795452721637,2.22440280356152],[102.63609931781635,2.224746387166112],[102.63426464625485,2.225186520768272],[102.63245554123907,2.225721997906553],[102.63067696140014,2.226351350772295],[102.62893378170176,2.227072854233912],[102.62723078007832,2.227884530566678],[102.62557262433887,2.228784154874911],[102.62396385937305,2.229769261191925],[102.62240889469383,2.230837149240674],[102.6209119923513,2.231984891836982],[102.6194772552507,2.233209342914562],[102.61810861590675,2.234507146150175],[102.61680982566472,2.235874744165164],[102.61558444441839,2.237308388277986],[102.61443583085259,2.238804148781175],[102.61336713323726,2.240357925714473],[102.61238128079827,2.241965460104495],[102.61148097568865,2.243622345640289],[102.61066868558213,2.245324040752558],[102.6099466369094,2.247065881063592],[102.60931680875571,2.248843092173599],[102.60878092743624,2.250650802748555],[102.60834046176443,2.252484057873538],[102.60799661902607,2.254337832634941],[102.60775034167024,2.256207045894451],[102.607602304726,2.258086574216885],[102.60755291395236,2.259971265913721],[102.607602304726,2.26185595516396],[102.60775034167024,2.263735476173395],[102.60799661902607,2.265604677333643],[102.60834046176443,2.267458435342059],[102.60878092743624,2.269291669243901],[102.60931680875571,2.271099354358083],[102.6099466369094,2.272876536048634],[102.61066868558213,2.274618343303858],[102.61148097568865,2.276320002086127],[102.61238128079827,2.27797684841577],[102.61336713323726,2.279584341153032],[102.61443583085259,2.281138074443332],[102.61558444441839,2.282633789791448],[102.61680982566472,2.284067387731827],[102.61810861590675,2.285434939062914],[102.6194772552507,2.286732695614625],[102.6209119923513,2.287957100519762],[102.62240889469383,2.28910479796101],[102.62396385937305,2.290172642366773],[102.62557262433887,2.291157707031026],[102.62723078007832,2.292057292133122],[102.62893378170176,2.292868932135887],[102.63067696140014,2.293590402541707],[102.63245554123907,2.294219725987992],[102.63426464625485,2.2947551776655],[102.63609931781635,2.295195290044544],[102.63795452721637,2.295538856896149],[102.6398251894549,2.295784936597382],[102.64170617717676,2.29593285471133],[102.64359233472535,2.295982205835232],[102.64547849227395,2.29593285471133],[102.6473594799958,2.295784936597382],[102.64923014223434,2.295538856896149],[102.65108535163436,2.295195290044544],[102.65292002319586,2.2947551776655],[102.65472912821164,2.294219725987992],[102.65650770805055,2.293590402541707],[102.65825088774896,2.292868932135887],[102.6599538893724,2.292057292133122],[102.66161204511184,2.291157707031026],[102.66322081007768,2.290172642366773],[102.66477577475688,2.28910479796101],[102.66627267709943,2.287957100519775],[102.66770741420001,2.286732695614625],[102.66907605354396,2.285434939062914],[102.670374843786,2.284067387731827],[102.67160022503234,2.282633789791448],[102.67274883859814,2.281138074443332],[102.67381753621346,2.279584341153032],[102.67480338865244,2.27797684841577],[102.67570369376207,2.276320002086127],[102.67651598386858,2.274618343303858],[102.67723803254131,2.272876536048634],[102.67786786069502,2.271099354358083],[102.67840374201448,2.269291669243901],[102.67884420768628,2.267458435342059],[102.67918805042464,2.265604677333643],[102.67943432778048,2.263735476173395],[102.67958236472471,2.26185595516396],[102.67963175549833,2.259971265913721]],[[102.60178439634045,2.32615920798774],[102.60173438430778,2.324250898026835],[102.60158448528925,2.322347816041761],[102.60133511014769,2.320455178281693],[102.60098694240298,2.318578172389572],[102.60054093635874,2.316721943182506],[102.59999831448654,2.314891578549331],[102.59936056407518,2.313092095504],[102.59862943315426,2.311328426433078],[102.59780692570276,2.30960540557502],[102.59689529615648,2.307927755768192],[102.5958970432286,2.306300075504202],[102.59481490306102,2.30472682632193],[102.59365184172474,2.303212320576681],[102.59241104709001,2.301760709618386],[102.59109592008873,2.300375972410808],[102.58971006539252,2.299061904623399],[102.58825728153283,2.29782210822533],[102.58674155048922,2.296659981610742],[102.5851670267751,2.29557871028168],[102.58353802605059,2.294581258114806],[102.58185901329335,2.293670359235654],[102.58013459056073,2.292848510522574],[102.57836948437556,2.292117964761185],[102.57656853277116,2.291480724467977],[102.57473667203074,2.290938536400029],[102.57287892315723,2.290492886765918],[102.57100037811115,2.290144997150921],[102.56910618585393,2.289895821167823],[102.56720153823488,2.289746041842307],[102.5652916557607,2.289696069740307],[102.56338177328655,2.289746041842307],[102.5614771256675,2.289895821167823],[102.55958293341027,2.290144997150921],[102.5577043883642,2.290492886765918],[102.55584663949068,2.290938536400029],[102.55401477875026,2.291480724467977],[102.55221382714586,2.292117964761185],[102.55044872096067,2.292848510522574],[102.54872429822805,2.293670359235654],[102.54704528547084,2.294581258114806],[102.54541628474632,2.29557871028168],[102.5438417610322,2.296659981610742],[102.54232602998859,2.29782210822533],[102.5408732461289,2.299061904623399],[102.5394873914327,2.300375972410808],[102.5381722644314,2.301760709618386],[102.53693146979667,2.303212320576681],[102.5357684084604,2.30472682632193],[102.53468626829282,2.306300075504202],[102.53368801536494,2.307927755768192],[102.53277638581865,2.30960540557502],[102.53195387836716,2.311328426433078],[102.53122274744624,2.313092095504],[102.5305849970349,2.314891578549331],[102.53004237516268,2.316721943182506],[102.52959636911844,2.318578172389572],[102.52924820137375,2.320455178281693],[102.52899882623217,2.322347816041761],[102.52884892721366,2.324250898026835],[102.52879891518099,2.32615920798774],[102.52884892721366,2.328067515366786],[102.52899882623217,2.329970589634614],[102.52924820137375,2.331863214626586],[102.52959636911844,2.333740202839646],[102.53004237516268,2.33559640965039],[102.5305849970349,2.337426747415358],[102.53122274744624,2.339226199414977],[102.53195387836716,2.340989833602797],[102.53277638581865,2.342712816122589],[102.53368801536494,2.34439042455601],[102.53468626829282,2.346018060864735],[102.5357684084604,2.347591263991494],[102.53693146979667,2.349105722085557],[102.5381722644314,2.350557284319078],[102.5394873914327,2.351941972262129],[102.5408732461289,2.353255990785023],[102.54232602998859,2.354495738458318],[102.5438417610322,2.355657817421734],[102.54541628474632,2.356739042695282],[102.54704528547084,2.357736450906904],[102.54872429822805,2.358647308412649],[102.55044872096067,2.359469118787476],[102.55221382714586,2.360199629665775],[102.55401477875026,2.360836838913272],[102.55584663949068,2.361379000113012],[102.5577043883642,2.361824627350815],[102.55958293341027,2.362172499286763],[102.5614771256675,2.362421662501766],[102.56338177328655,2.362571434110035],[102.5652916557607,2.362621403630201],[102.56720153823488,2.362571434110035],[102.56910618585393,2.362421662501766],[102.57100037811115,2.362172499286763],[102.57287892315723,2.361824627350815],[102.57473667203074,2.361379000113012],[102.57656853277116,2.360836838913272],[102.57836948437556,2.360199629665775],[102.58013459056073,2.359469118787476],[102.58185901329335,2.358647308412649],[102.58353802605059,2.357736450906904],[102.5851670267751,2.356739042695282],[102.58674155048922,2.355657817421734],[102.58825728153283,2.354495738458318],[102.58971006539252,2.353255990785023],[102.59109592008873,2.351941972262129],[102.59241104709001,2.350557284319078],[102.59365184172474,2.349105722085557],[102.59481490306102,2.347591263991494],[102.5958970432286,2.346018060864735],[102.59689529615648,2.34439042455601],[102.59780692570276,2.342712816122589],[102.59862943315426,2.340989833602797],[102.59936056407518,2.339226199414977],[102.59999831448654,2.337426747415358],[102.60054093635874,2.33559640965039],[102.60098694240298,2.333740202839646],[102.60133511014769,2.331863214626586],[102.60158448528925,2.329970589634614],[102.60173438430778,2.328067515366786],[102.60178439634045,2.32615920798774]],[[102.58843235363307,2.156452217260112],[102.58838057403842,2.154476233409033],[102.58822537717879,2.152505663039141],[102.58796718843797,2.15054590738066],[102.58760671549332,2.148602338041908],[102.58714494637618,2.146680282285521],[102.58658314676357,2.144785008425947],[102.58592285650917,2.142921711388297],[102.58516588542271,2.141095498468207],[102.58431430830927,2.139311375331665],[102.58337045928256,2.13757423229323],[102.58233692536716,2.135888830910325],[102.58121653940766,2.13425979093024],[102.58001237230411,2.132691577625828],[102.57872772459488,2.131188489554358],[102.57736611741,2.12975464677348],[102.57593128282014,2.128393979546189],[102.57442715360716,2.127110217566103],[102.57285785248469,2.125906879732509],[102.57122768079803,2.124787264503126],[102.56954110673446,2.123754440851244],[102.56780275307628,2.12281123985179],[102.56601738452997,2.121960246919739],[102.56418989466668,2.121203794721783],[102.56232529250906,2.12054395678108],[102.56042868880205,2.1199825417923],[102.55850528200456,2.119521088662806],[102.55656034404092,2.119160862293469],[102.5545992058509,2.118902850110683],[102.552627242778,2.118747759359138],[102.55064985983587,2.118696015162752],[102.54867247689374,2.118747759359138],[102.54670051382084,2.118902850110683],[102.54473937563081,2.119160862293469],[102.54279443766718,2.119521088662806],[102.5408710308697,2.1199825417923],[102.53897442716267,2.12054395678108],[102.53710982500507,2.121203794721783],[102.53528233514177,2.121960246919739],[102.53349696659548,2.12281123985179],[102.5317586129373,2.123754440851244],[102.53007203887371,2.124787264503126],[102.52844186718707,2.125906879732509],[102.52687256606458,2.127110217566103],[102.52536843685161,2.128393979546189],[102.52393360226175,2.12975464677348],[102.52257199507686,2.131188489554358],[102.52128734736762,2.132691577625828],[102.52008318026408,2.13425979093024],[102.51896279430458,2.135888830910325],[102.51792926038918,2.13757423229323],[102.51698541136248,2.139311375331665],[102.51613383424905,2.141095498468207],[102.51537686316257,2.142921711388297],[102.51471657290817,2.144785008425947],[102.51415477329557,2.146680282285521],[102.51369300417842,2.148602338041908],[102.51333253123379,2.15054590738066],[102.51307434249296,2.152505663039141],[102.5129191456333,2.154476233409033],[102.51286736603868,2.156452217260112],[102.5129191456333,2.158428198545157],[102.51307434249296,2.16039876124499],[102.51333253123379,2.162358504213465],[102.51369300417842,2.16430205598128],[102.51415477329557,2.166224089478314],[102.51471657290817,2.168119336634001],[102.51537686316257,2.169982602815793],[102.51613383424905,2.171808781066132],[102.51698541136248,2.173592866098865],[102.51792926038918,2.175329968016926],[102.51896279430458,2.177015325713399],[102.52008318026408,2.178644319919615],[102.52128734736762,2.180212485864284],[102.52257199507686,2.181715525508958],[102.52393360226175,2.183149319326609],[102.52536843685161,2.184509937590673],[102.52687256606458,2.185793651143978],[102.52844186718707,2.186996941617814],[102.53007203887371,2.188116511073354],[102.5317586129373,2.189149291038804],[102.53349696659548,2.190092450917884],[102.53528233514177,2.190943405746139],[102.53710982500507,2.191699823274357],[102.53897442716267,2.192359630359214],[102.5408710308697,2.192921018644121],[102.54279443766718,2.193382449514261],[102.54473937563081,2.193742658312662],[102.54670051382084,2.194000657805442],[102.54867247689374,2.194155740886953],[102.55064985983587,2.194207482517279],[102.552627242778,2.194155740886953],[102.5545992058509,2.194000657805442],[102.55656034404092,2.193742658312662],[102.55850528200456,2.193382449514261],[102.56042868880205,2.192921018644121],[102.56232529250906,2.192359630359214],[102.56418989466668,2.191699823274357],[102.56601738452997,2.190943405746139],[102.56780275307628,2.190092450917884],[102.56954110673446,2.189149291038804],[102.57122768079803,2.188116511073354],[102.57285785248469,2.186996941617814],[102.57442715360716,2.185793651143978],[102.57593128282014,2.184509937590673],[102.57736611741,2.183149319326609],[102.57872772459488,2.181715525508958],[102.58001237230411,2.180212485864284],[102.58121653940766,2.178644319919615],[102.58233692536716,2.177015325713399],[102.58337045928256,2.175329968016926],[102.58431430830927,2.173592866098865],[102.58516588542271,2.171808781066132],[102.58592285650917,2.169982602815793],[102.58658314676357,2.168119336634001],[102.58714494637618,2.166224089478314],[102.58760671549332,2.16430205598128],[102.58796718843797,2.162358504213465],[102.58822537717879,2.16039876124499],[102.58838057403842,2.158428198545157],[102.58843235363307,2.156452217260112]],[[102.5979980597613,2.064494905982396],[102.5979454638248,2.062487650670916],[102.59778782017707,2.060485894584662],[102.59752556090841,2.058495124431469],[102.59715940485323,2.056520796827702],[102.59669035561986,2.05456832334147],[102.59611969883962,2.052643055659076],[102.59544899864308,2.050750270915387],[102.59468009337286,2.048895157228285],[102.59381509054487,2.047082799477075],[102.59285636107171,2.045318165363562],[102.59180653276425,2.043606091794253],[102.5906684831289,2.04195127162085],[102.58944533148062,2.040358240775614],[102.58814043039304,2.038831365836594],[102.58675735650932,2.037374832057072],[102.58529990073887,2.035992631891999],[102.58377205786664,2.034688554052754],[102.58217801560376,2.03346617312047],[102.58052214310926,2.032328839746212],[102.57880897901452,2.031279671465061],[102.57704321898329,2.030321544149165],[102.57522970284106,2.029457084123321],[102.57337340130951,2.028688660964596],[102.57147940238214,2.02801838100586],[102.56955289737832,2.027448081560998],[102.56759916671436,2.026979325887662],[102.56562356543023,2.02661339890128],[102.56363150851173,2.026351303652301],[102.56162845604837,2.026193758576144],[102.55961989826777,2.026141195523463],[102.55761134048717,2.026193758576144],[102.55560828802382,2.026351303652301],[102.5536162311053,2.02661339890128],[102.55164062982118,2.026979325887662],[102.54968689915721,2.027448081560998],[102.5477603941534,2.02801838100586],[102.54586639522601,2.028688660964596],[102.54401009369447,2.029457084123321],[102.54219657755225,2.030321544149165],[102.54043081752101,2.031279671465061],[102.53871765342627,2.032328839746212],[102.53706178093177,2.03346617312047],[102.53546773866888,2.034688554052754],[102.53393989579666,2.035992631891999],[102.53248244002621,2.037374832057072],[102.53109936614251,2.038831365836594],[102.52979446505492,2.040358240775614],[102.52857131340663,2.04195127162085],[102.52743326377129,2.043606091794253],[102.52638343546381,2.045318165363562],[102.52542470599069,2.047082799477075],[102.52455970316268,2.048895157228285],[102.52379079789246,2.050750270915387],[102.52312009769592,2.052643055659076],[102.52254944091568,2.05456832334147],[102.52208039168231,2.056520796827702],[102.52171423562713,2.058495124431469],[102.52145197635846,2.060485894584662],[102.52129433271074,2.062487650670916],[102.52124173677423,2.064494905982396],[102.52129433271074,2.066502158758986],[102.52145197635846,2.068503907268294],[102.52171423562713,2.070494664885534],[102.52208039168231,2.072468975131691],[102.52254944091568,2.074421426628803],[102.52312009769592,2.076346667931485],[102.52379079789246,2.078239422193934],[102.52455970316268,2.080094501632174],[102.52542470599069,2.081906821742168],[102.52638343546381,2.083671415234502],[102.52743326377129,2.085383445647743],[102.52857131340663,2.087038220602996],[102.52979446505492,2.088631204663431],[102.53109936614251,2.090158031763587],[102.53248244002621,2.09161451717429],[102.53393989579666,2.092996668970556],[102.53546773866888,2.094300698970938],[102.53706178093177,2.09552303311842],[102.53871765342627,2.096660321274542],[102.54043081752101,2.097709446399624],[102.54219657755225,2.098667533094353],[102.54401009369447,2.099531955478994],[102.54586639522601,2.10030034438887],[102.5477603941534,2.100970593866354],[102.54968689915721,2.101540866931516],[102.55164062982118,2.102009600615757],[102.5536162311053,2.102375510244516],[102.55560828802382,2.102637592957543],[102.55761134048717,2.102795130456778],[102.55961989826777,2.102847690974558],[102.56162845604837,2.102795130456778],[102.56363150851173,2.102637592957543],[102.56562356543023,2.102375510244516],[102.56759916671436,2.102009600615757],[102.56955289737832,2.101540866931516],[102.57147940238214,2.100970593866354],[102.57337340130951,2.10030034438887],[102.57522970284106,2.099531955478994],[102.57704321898329,2.098667533094353],[102.57880897901452,2.097709446399624],[102.58052214310926,2.096660321274542],[102.58217801560376,2.09552303311842],[102.58377205786664,2.094300698970938],[102.58529990073887,2.092996668970556],[102.58675735650932,2.09161451717429],[102.58814043039304,2.090158031763587],[102.58944533148062,2.088631204663431],[102.5906684831289,2.087038220602996],[102.59180653276425,2.085383445647743],[102.59285636107171,2.083671415234502],[102.59381509054487,2.081906821742168],[102.59468009337286,2.080094501632174],[102.59544899864308,2.078239422193934],[102.59611969883962,2.076346667931485],[102.59669035561986,2.074421426628803],[102.59715940485323,2.072468975131691],[102.59752556090841,2.070494664885534],[102.59778782017707,2.068503907268294],[102.5979454638248,2.066502158758986],[102.5979980597613,2.064494905982396]],[[102.68099448666032,2.064162397229581],[102.68094144795086,2.062138243631588],[102.68078247719785,2.060119635533665],[102.6805180101291,2.058112105834384],[102.68014877163048,2.056121157087791],[102.679675773759,2.054152246420641],[102.67910031296898,2.052210770573998],[102.67842396655846,2.050302051109972],[102.67764858834592,2.048431319824599],[102.67677630358912,2.046603704406265],[102.67580950316,2.044824214379618],[102.6747508369913,2.043097727372965],[102.6736032068134,2.041428975747229],[102.67236975820084,2.039822533622876],[102.67105387195058,2.03828280434055],[102.66965915481529,2.036814008389652],[102.66818942961778,2.035420171838176],[102.66664872477257,2.034105115295309],[102.66504126324462,2.03287244343728],[102.6633714509742,2.031725535125045],[102.6616438648007,2.030667534140946],[102.65986323991771,2.029701340569892],[102.65803445689428,2.028829602848405],[102.65616252829757,2.028054710503796],[102.65425258495375,2.027378787602793],[102.65230986188475,2.026803686928242],[102.65033968395947,2.026330984899385],[102.64834745129866,2.025961977249824],[102.64633862447357,2.025697675475055],[102.6443187095389,2.025538804059252],[102.64229324294105,2.025485798489001],[102.64026777634321,2.025538804059252],[102.63824786140853,2.025697675475055],[102.63623903458344,2.025961977249824],[102.63424680192264,2.026330984899385],[102.63227662399736,2.026803686928242],[102.63033390092835,2.027378787602793],[102.62842395758452,2.028054710503796],[102.62655202898782,2.028829602848405],[102.62472324596439,2.029701340569892],[102.6229426210814,2.030667534140946],[102.6212150349079,2.031725535125045],[102.61954522263748,2.03287244343728],[102.61793776110952,2.034105115295309],[102.61639705626433,2.035420171838176],[102.61492733106681,2.036814008389652],[102.61353261393153,2.03828280434055],[102.61221672768126,2.039822533622876],[102.6109832790687,2.041428975747229],[102.60983564889082,2.043097727372965],[102.6087769827221,2.044824214379618],[102.60781018229298,2.046603704406265],[102.6069378975362,2.048431319824599],[102.60616251932365,2.050302051109972],[102.60548617291312,2.052210770573998],[102.6049107121231,2.054152246420641],[102.60443771425162,2.056121157087791],[102.604068475753,2.058112105834384],[102.60380400868425,2.060119635533665],[102.60364503793124,2.062138243631588],[102.60359199922178,2.064162397229581],[102.60364503793124,2.066186548250219],[102.60380400868425,2.068205148644342],[102.604068475753,2.070212665597767],[102.60443771425162,2.07220359669611],[102.6049107121231,2.074172485005945],[102.60548617291312,2.076113934031188],[102.60616251932365,2.07802262250357],[102.6069378975362,2.079893318966628],[102.60781018229298,2.081720896113462],[102.6087769827221,2.083500344838774],[102.60983564889082,2.085226787966749],[102.6109832790687,2.086895493617198],[102.61221672768126,2.088501888173379],[102.61353261393153,2.090041568815813],[102.61492733106681,2.091510315587995],[102.61639705626433,2.092904102960768],[102.61793776110952,2.094219110863742],[102.61954522263748,2.095451735153611],[102.6212150349079,2.096598597490573],[102.6229426210814,2.097656554595982],[102.62472324596439,2.098622706865727],[102.62655202898782,2.099494406315714],[102.62842395758452,2.100269263838033],[102.63033390092835,2.100945155747405],[102.63227662399736,2.101520229600555],[102.63424680192264,2.10199290927211],[102.63623903458344,2.102361899273421],[102.63824786140853,2.102626188302334],[102.64026777634321,2.102785052014337],[102.64229324294105,2.102838055007245],[102.6443187095389,2.102785052014337],[102.64633862447357,2.102626188302334],[102.64834745129866,2.102361899273421],[102.65033968395947,2.10199290927211],[102.65230986188475,2.101520229600555],[102.65425258495375,2.100945155747405],[102.65616252829757,2.100269263838033],[102.65803445689428,2.099494406315714],[102.65986323991771,2.098622706865727],[102.6616438648007,2.097656554595982],[102.6633714509742,2.096598597490573],[102.66504126324462,2.095451735153611],[102.66664872477257,2.094219110863742],[102.66818942961778,2.092904102960768],[102.66965915481529,2.091510315587995],[102.67105387195058,2.090041568815813],[102.67236975820084,2.088501888173379],[102.6736032068134,2.086895493617198],[102.6747508369913,2.085226787966749],[102.67580950316,2.083500344838774],[102.67677630358912,2.081720896113462],[102.67764858834592,2.079893318966628],[102.67842396655846,2.07802262250357],[102.67910031296898,2.076113934031188],[102.679675773759,2.074172485005945],[102.68014877163048,2.07220359669611],[102.6805180101291,2.070212665597767],[102.68078247719785,2.068205148644342],[102.68094144795086,2.066186548250219],[102.68099448666032,2.064162397229581]],[[102.79634477235469,2.026943620681645],[102.79630276086532,2.025340269673415],[102.79617684154783,2.023741311758667],[102.79596735953835,2.02215112959064],[102.79567488901243,2.02057408178152],[102.79530023161149,2.01901449095548],[102.79484441424545,2.017476631900081],[102.794308686278,2.015964719848806],[102.79369451610225,2.014482898926583],[102.79300358711598,2.013035230790162],[102.7922377931075,2.011625683494423],[102.79139923306494,2.010258120615162],[102.79049020542317,2.0089362906581],[102.78951320176368,2.007663816783361],[102.78847089998563,2.006444186873261],[102.78736615696575,2.005280743971067],[102.78620200072784,2.004176677116557],[102.78498162214326,2.003135012603744],[102.78370836618487,2.00215860568468],[102.78238572275873,2.001250132742074],[102.78101731713856,2.000412083952271],[102.77960690002905,1.999646756458535],[102.77815833728546,1.998956248073618],[102.77667559931756,1.998342451528653],[102.77516275020704,1.997807049284242],[102.77362393656824,1.997351508918136],[102.77206337618229,1.996977079101701],[102.77048534643679,1.996684786176817],[102.76889417260155,1.996475431342102],[102.76729421597348,1.996349588456361],[102.76568986192247,1.996307602465406],[102.76408550787146,1.996349588456361],[102.76248555124339,1.996475431342102],[102.76089437740815,1.996684786176817],[102.75931634766265,1.996977079101701],[102.7577557872767,1.997351508918136],[102.75621697363788,1.997807049284242],[102.75470412452738,1.998342451528653],[102.75322138655949,1.998956248073618],[102.75177282381588,1.999646756458535],[102.75036240670637,2.000412083952271],[102.7489940010862,2.001250132742074],[102.74767135766007,2.00215860568468],[102.74639810170169,2.003135012603744],[102.7451777231171,2.004176677116557],[102.74401356687919,2.005280743971067],[102.7429088238593,2.006444186873261],[102.74186652208125,2.007663816783361],[102.74088951842178,2.0089362906581],[102.73998049077998,2.010258120615162],[102.73914193073745,2.011625683494423],[102.73837613672896,2.013035230790162],[102.73768520774269,2.014482898926583],[102.73707103756693,2.015964719848806],[102.73653530959947,2.017476631900081],[102.73607949223343,2.01901449095548],[102.73570483483249,2.02057408178152],[102.7354123643066,2.02215112959064],[102.7352028822971,2.023741311758667],[102.7350769629796,2.025340269673415],[102.73503495149026,2.026943620681645],[102.7350769629796,2.02854697010194],[102.7352028822971,2.030145923270256],[102.7354123643066,2.031736097585379],[102.73570483483249,2.03331313452115],[102.73607949223343,2.034872711572526],[102.73653530959947,2.036410554102869],[102.73707103756693,2.037922447059735],[102.73768520774269,2.039404246527412],[102.73837613672896,2.040851891084218],[102.73914193073745,2.042261412933599],[102.73998049077998,2.043628948778565],[102.74088951842178,2.044950750409569],[102.74186652208125,2.046223194976871],[102.7429088238593,2.047442794919212],[102.74401356687919,2.048606207521686],[102.7451777231171,2.049710244076477],[102.74639810170169,2.050751878621544],[102.74767135766007,2.05172825623317],[102.7489940010862,2.052636700849717],[102.75036240670637,2.053474722605239],[102.75177282381588,2.054240024652616],[102.75322138655949,2.054930509457905],[102.75470412452738,2.05554428454835],[102.75621697363788,2.056079667698339],[102.7577557872767,2.056535191539402],[102.75931634766265,2.056909607581173],[102.76089437740815,2.057201889632708],[102.76248555124339,2.057411236614519],[102.76408550787146,2.057537074753842],[102.76568986192247,2.057579059156847],[102.76729421597348,2.057537074753842],[102.76889417260155,2.057411236614519],[102.77048534643679,2.057201889632708],[102.77206337618229,2.056909607581173],[102.77362393656824,2.056535191539402],[102.77516275020704,2.056079667698339],[102.77667559931756,2.05554428454835],[102.77815833728546,2.054930509457905],[102.77960690002905,2.054240024652616],[102.78101731713856,2.053474722605239],[102.78238572275873,2.052636700849717],[102.78370836618487,2.05172825623317],[102.78498162214326,2.050751878621544],[102.78620200072784,2.049710244076477],[102.78736615696575,2.048606207521686],[102.78847089998563,2.047442794919212],[102.78951320176368,2.046223194976871],[102.79049020542317,2.044950750409569],[102.79139923306494,2.043628948778565],[102.7922377931075,2.042261412933599],[102.79300358711598,2.040851891084218],[102.79369451610225,2.039404246527412],[102.794308686278,2.037922447059735],[102.79484441424545,2.036410554102869],[102.79530023161149,2.034872711572526],[102.79567488901243,2.03331313452115],[102.79596735953835,2.031736097585379],[102.79617684154783,2.030145923270256],[102.79630276086532,2.02854697010194],[102.79634477235469,2.026943620681645]],[[102.6469002573493,1.994000152289926],[102.64684563338476,1.991915409048166],[102.6466819112115,1.989836377315363],[102.64640953958073,1.987768755608085],[102.64602926504412,1.985718211189918],[102.64554212990772,1.98369036453719],[102.64494946937512,1.981690773932813],[102.64425290788759,1.979724920230351],[102.64345435467179,1.977798191830002],[102.64255599850657,1.975915869908024],[102.64156030172371,1.974083113939699],[102.64046999345894,1.972304947555793],[102.63928806217137,1.97058624477122],[102.63801774745252,1.968931716623741],[102.63666253114677,1.967345898259151],[102.63522612780775,1.965833136498635],[102.63371247451722,1.964397577922268],[102.63212572009363,1.963043157501184],[102.63047021372053,1.961773587810021],[102.62875049302586,1.9605923488487],[102.62697127164448,1.959502678501988],[102.62513742629852,1.95850756366246],[102.62325398343063,1.957609732041851],[102.62132610542676,1.956811644692598],[102.61935907646654,1.956115489260706],[102.61735828803963,1.955523173987905],[102.615329224168,1.955036322480009],[102.6132774463747,1.954656269255448],[102.61120857844006,1.954384056086563],[102.60912829098727,1.9542204291433],[102.60704228593966,1.954165836947531],[102.60495628089203,1.9542204291433],[102.60287599343923,1.954384056086563],[102.60080712550459,1.954656269255448],[102.59875534771129,1.955036322480009],[102.59672628383969,1.955523173987905],[102.59472549541275,1.956115489260706],[102.59275846645254,1.956811644692598],[102.59083058844868,1.957609732041851],[102.58894714558079,1.95850756366246],[102.58711330023482,1.959502678501988],[102.58533407885344,1.9605923488487],[102.58361435815875,1.961773587810021],[102.58195885178567,1.963043157501184],[102.58037209736206,1.964397577922268],[102.57885844407153,1.965833136498635],[102.57742204073253,1.967345898259151],[102.57606682442676,1.968931716623741],[102.57479650970792,1.97058624477122],[102.57361457842036,1.972304947555793],[102.57252427015558,1.974083113939699],[102.57152857337273,1.975915869908024],[102.57063021720751,1.977798191830002],[102.56983166399172,1.979724920230351],[102.56913510250419,1.981690773932813],[102.56854244197156,1.98369036453719],[102.56805530683518,1.985718211189918],[102.56767503229855,1.987768755608085],[102.56740266066778,1.989836377315363],[102.56723893849455,1.991915409048166],[102.56718431453,1.994000152289926],[102.56723893849455,1.99608489289073],[102.56740266066778,1.998163916729626],[102.56767503229855,2.000231525376515],[102.56805530683518,2.002282051710914],[102.56854244197156,2.004309875454628],[102.56913510250419,2.006309438575718],[102.56983166399172,2.008275260521779],[102.57063021720751,2.01020195324049],[102.57152857337273,2.012084235946547],[102.57252427015558,2.013916949594348],[102.57361457842036,2.015695071016776],[102.57479650970792,2.017413726691532],[102.57606682442676,2.019068206096998],[102.57742204073253,2.020653974621405],[102.57885844407153,2.022166685989633],[102.58037209736206,2.023602194173736],[102.58195885178567,2.024956564754625],[102.58361435815875,2.026226085703788],[102.58533407885344,2.027407277555279],[102.58711330023482,2.028496902940539],[102.58894714558079,2.029491975459542],[102.59083058844868,2.030389767864256],[102.59275846645254,2.031187819531883],[102.59472549541275,2.031883943207362],[102.59672628383969,2.032476230996888],[102.59875534771129,2.032963059595783],[102.60080712550459,2.033343094736575],[102.60287599343923,2.033615294845098],[102.60495628089203,2.033778913894453],[102.60704228593966,2.033833503449267],[102.60912829098727,2.033778913894453],[102.61120857844006,2.033615294845098],[102.6132774463747,2.033343094736575],[102.615329224168,2.032963059595783],[102.61735828803963,2.032476230996888],[102.61935907646654,2.031883943207362],[102.62132610542676,2.031187819531883],[102.62325398343063,2.030389767864256],[102.62513742629852,2.029491975459542],[102.62697127164448,2.028496902940539],[102.62875049302586,2.027407277555279],[102.63047021372053,2.026226085703788],[102.63212572009363,2.024956564754625],[102.63371247451722,2.023602194173736],[102.63522612780775,2.022166685989633],[102.63666253114677,2.020653974621405],[102.63801774745252,2.019068206096998],[102.63928806217137,2.017413726691532],[102.64046999345894,2.015695071016776],[102.64156030172371,2.013916949594348],[102.64255599850657,2.012084235946547],[102.64345435467179,2.01020195324049],[102.64425290788759,2.008275260521779],[102.64494946937512,2.006309438575718],[102.64554212990772,2.004309875454628],[102.64602926504412,2.002282051710914],[102.64640953958073,2.000231525376515],[102.6466819112115,1.998163916729626],[102.64684563338476,1.99608489289073],[102.6469002573493,1.994000152289926]],[[102.75174287689629,1.930695892376046],[102.75169429330053,1.928841611949183],[102.75154867567744,1.926992411963364],[102.75130642315484,1.925153360973964],[102.75096819973007,1.923329499734772],[102.75053493245,1.921525827381233],[102.75000780887014,1.919747287727442],[102.74938827379958,1.917998755714695],[102.74867802534088,1.916285024048645],[102.74787901023572,1.914610790061658],[102.74699341852893,1.912980642836586],[102.74602367756583,1.911399050626943],[102.74497244533902,1.909870348608376],[102.74384260320294,1.908398726994622],[102.74263724797635,1.906988219550872],[102.74135968345415,1.905642692535773],[102.7400134113519,1.904365834102645],[102.73860212170781,1.903161144188807],[102.73712968276878,1.90203192492072],[102.73560013038752,1.900981271561479],[102.73401765696083,1.900012064025271],[102.73238659993837,1.899126958982109],[102.73071142993403,1.898328382574624],[102.7289967384724,1.897618523766753],[102.72724722540356,1.896999328342616],[102.72546768602125,1.896472493572116],[102.72366299791918,1.896039463557724],[102.72183810762203,1.895701425275447],[102.71999801702725,1.895459305320583],[102.71814776969526,1.895313767367479],[102.71629243702537,1.895265210349929],[102.7144371043555,1.895313767367479],[102.71258685702352,1.895459305320583],[102.71074676642873,1.895701425275447],[102.70892187613158,1.896039463557724],[102.70711718802951,1.896472493572116],[102.70533764864722,1.896999328342616],[102.70358813557836,1.897618523766753],[102.70187344411673,1.898328382574624],[102.7001982741124,1.899126958982109],[102.69856721708993,1.900012064025271],[102.69698474366324,1.900981271561479],[102.69545519128197,1.90203192492072],[102.69398275234293,1.903161144188807],[102.69257146269887,1.904365834102645],[102.69122519059661,1.905642692535773],[102.68994762607443,1.906988219550872],[102.68874227084783,1.908398726994622],[102.68761242871176,1.909870348608376],[102.68656119648493,1.911399050626943],[102.68559145552184,1.912980642836586],[102.68470586381505,1.914610790061658],[102.68390684870988,1.916285024048645],[102.68319660025118,1.917998755714695],[102.68257706518062,1.919747287727442],[102.68204994160077,1.921525827381233],[102.6816166743207,1.923329499734772],[102.68127845089592,1.925153360973964],[102.68103619837332,1.926992411963364],[102.68089058075024,1.928841611949183],[102.68084199715447,1.930695892376046],[102.68089058075024,1.932550170779974],[102.68103619837332,1.934399364719113],[102.68127845089592,1.936238405704396],[102.6816166743207,1.938062253091585],[102.68204994160077,1.939865907897025],[102.68257706518062,1.941644426498878],[102.68319660025118,1.9433929341865],[102.68390684870988,1.945106638520759],[102.68470586381505,1.946780842468717],[102.68559145552184,1.94841095727666],[102.68656119648493,1.949992515046239],[102.68761242871176,1.951521180979123],[102.68874227084783,1.952992765256944],[102.68994762607443,1.954403234523592],[102.69122519059661,1.955748722938666],[102.69257146269887,1.957025542771755],[102.69398275234293,1.958230194508492],[102.69545519128197,1.959359376440658],[102.69698474366324,1.960409993714217],[102.69856721708993,1.961379166810361],[102.7001982741124,1.962264239436394],[102.70187344411673,1.963062785804863],[102.70358813557836,1.963772617280942],[102.70533764864722,1.964391788379955],[102.70711718802951,1.964918602098529],[102.70892187613158,1.965351614564834],[102.71074676642873,1.965689638995121],[102.71258685702352,1.965931748945856],[102.7144371043555,1.966077280852293],[102.71629243702537,1.966125835846921],[102.71814776969526,1.966077280852293],[102.71999801702725,1.965931748945856],[102.72183810762203,1.965689638995121],[102.72366299791918,1.965351614564834],[102.72546768602125,1.964918602098529],[102.72724722540356,1.964391788379955],[102.7289967384724,1.963772617280942],[102.73071142993403,1.963062785804863],[102.73238659993837,1.962264239436394],[102.73401765696083,1.961379166810361],[102.73560013038752,1.960409993714217],[102.73712968276878,1.959359376440658],[102.73860212170781,1.958230194508492],[102.7400134113519,1.957025542771755],[102.74135968345415,1.955748722938666],[102.74263724797635,1.954403234523592],[102.74384260320294,1.952992765256944],[102.74497244533902,1.951521180979123],[102.74602367756583,1.949992515046239],[102.74699341852893,1.94841095727666],[102.74787901023572,1.946780842468717],[102.74867802534088,1.945106638520759],[102.74938827379958,1.9433929341865],[102.75000780887014,1.941644426498878],[102.75053493245,1.939865907897025],[102.75096819973007,1.938062253091585],[102.75130642315484,1.936238405704396],[102.75154867567744,1.934399364719113],[102.75169429330053,1.932550170779974],[102.75174287689629,1.930695892376046]],[[102.89077384998694,1.879802292663462],[102.89071284737614,1.877473949082853],[102.89053000674761,1.875151984241345],[102.89022582925482,1.872842762525023],[102.88980114862714,1.870552613416717],[102.88925712888465,1.868287814146574],[102.88859526114764,1.866054572485536],[102.88781735954959,1.863859009728977],[102.88692555626469,1.861707143917217],[102.88592229566378,1.859604873338661],[102.88481032761439,1.857557960361153],[102.88359269994368,1.85557201563559],[102.88227275008447,1.853652482715303],[102.88085409592755,1.851804623133238],[102.87934062590536,1.850033501978017],[102.87773648833404,1.848343974008345],[102.87604608004317,1.846740670343867],[102.87427403432436,1.845227985768962],[102.87242520823177,1.843810066684364],[102.87050466926922,1.842490799739596],[102.86851768150048,1.841273801177471],[102.86646969112093,1.840162406919814],[102.86436631152986,1.839159663421591],[102.86221330794447,1.838268319318755],[102.86001658159802,1.837490817892306],[102.85778215356464,1.836829290369738],[102.85551614825633,1.836285550081822],[102.85322477663607,1.835861087491075],[102.85091431919426,1.835557066105299],[102.84859110873411,1.835374319287568],[102.84626151301401,1.835313347971464],[102.84393191729394,1.835374319287568],[102.84160870683378,1.835557066105299],[102.83929824939197,1.835861087491075],[102.83700687777173,1.836285550081822],[102.8347408724634,1.836829290369738],[102.83250644443004,1.837490817892306],[102.83030971808357,1.838268319318755],[102.82815671449819,1.839159663421591],[102.82605333490712,1.840162406919814],[102.82400534452755,1.841273801177471],[102.82201835675883,1.842490799739596],[102.82009781779627,1.843810066684364],[102.81824899170368,1.845227985768962],[102.81647694598489,1.846740670343867],[102.81478653769402,1.848343974008345],[102.81318240012267,1.850033501978017],[102.81166893010051,1.851804623133238],[102.81025027594357,1.853652482715303],[102.80893032608436,1.85557201563559],[102.80771269841365,1.857557960361153],[102.80660073036428,1.859604873338661],[102.80559746976336,1.861707143917217],[102.80470566647845,1.863859009728977],[102.8039277648804,1.866054572485536],[102.80326589714339,1.868287814146574],[102.8027218774009,1.870552613416717],[102.80229719677322,1.872842762525023],[102.80199301928043,1.875151984241345],[102.8018101786519,1.877473949082853],[102.8017491760411,1.879802292663462],[102.8018101786519,1.882130633138693],[102.80199301928043,1.884452588698045],[102.80229719677322,1.88676179505716],[102.8027218774009,1.889051922901448],[102.80326589714339,1.89131669523373],[102.8039277648804,1.893549904578246],[102.80470566647845,1.895745429993618],[102.80559746976336,1.897897253848709],[102.80660073036428,1.899999478314756],[102.80771269841365,1.902046341529152],[102.80893032608436,1.904032233386213],[102.81025027594357,1.905951710911848],[102.81166893010051,1.907799513180025],[102.81318240012267,1.909570575730065],[102.81478653769402,1.911260044445342],[102.81647694598489,1.91286328885545],[102.81824899170368,1.914375914825174],[102.82009781779627,1.915793776595898],[102.82201835675883,1.917112988146026],[102.82400534452755,1.918329933839661],[102.82605333490712,1.919441278334219],[102.82815671449819,1.920443975719946],[102.83030971808357,1.921335277866126],[102.83250644443004,1.922112741951412],[102.8347408724634,1.922774237157459],[102.83700687777173,1.923317950507526],[102.83929824939197,1.923742391834268],[102.84160870683378,1.924046397862851],[102.84393191729394,1.924229135398426],[102.84626151301401,1.924290103609138],[102.84859110873411,1.924229135398426],[102.85091431919426,1.924046397862851],[102.85322477663607,1.923742391834268],[102.85551614825633,1.923317950507526],[102.85778215356464,1.922774237157459],[102.86001658159802,1.922112741951412],[102.86221330794447,1.921335277866126],[102.86436631152986,1.920443975719946],[102.86646969112093,1.919441278334219],[102.86851768150048,1.918329933839661],[102.87050466926922,1.917112988146026],[102.87242520823177,1.915793776595898],[102.87427403432436,1.914375914825174],[102.87604608004317,1.91286328885545],[102.87773648833404,1.911260044445342],[102.87934062590536,1.909570575730065],[102.88085409592755,1.907799513180025],[102.88227275008447,1.905951710911848],[102.88359269994368,1.904032233386213],[102.88481032761439,1.902046341529152],[102.88592229566378,1.899999478314756],[102.88692555626469,1.897897253848709],[102.88781735954959,1.895745429993618],[102.88859526114764,1.893549904578246],[102.88925712888465,1.89131669523373],[102.88980114862714,1.889051922901448],[102.89022582925482,1.88676179505716],[102.89053000674761,1.884452588698045],[102.89071284737614,1.882130633138693],[102.89077384998694,1.879802292663462]],[[102.95664341508652,2.010858196760764],[102.95659027943765,2.008830276507431],[102.95643101813202,2.006807912135347],[102.95616606769391,2.004796646838092],[102.95579615433402,2.002801993407551],[102.95532229195915,2.000829419123189],[102.95474577939314,1.998884330765733],[102.95406819681683,1.996972059796529],[102.95329140143701,1.99509784774318],[102.95241752239579,1.993266831831487],[102.95144895493489,1.99148403090309],[102.9503883538304,1.989754331657489],[102.94923862611621,1.988082475256141],[102.94800292311608,1.986473044325267],[102.94668463180604,1.984930450393279],[102.94528736553094,1.983458921796959],[102.94381495410052,1.982062492089761],[102.94227143329213,1.980744988984071],[102.9406610337891,1.979510023857494],[102.93898816958445,1.978360981852314],[102.9372574258827,1.977301012595015],[102.93547354653205,1.976333021561332],[102.9336414210218,1.975459662110775],[102.93176607108063,1.974683328212147],[102.92985263691236,1.974006147880226],[102.92790636310706,1.97342997734153],[102.92593258426594,1.972956395945256],[102.9239367103796,1.972586701833271],[102.92192421199964,1.972321908380968],[102.91990060524424,1.972162741419017],[102.91787143667885,1.972109637243364],[102.91584226811345,1.972162741419017],[102.91381866135805,1.972321908380968],[102.91180616297808,1.972586701833271],[102.90981028909174,1.972956395945256],[102.90783651025063,1.97342997734153],[102.90589023644534,1.974006147880226],[102.90397680227706,1.974683328212147],[102.90210145233588,1.975459662110775],[102.90026932682565,1.976333021561332],[102.898485447475,1.977301012595015],[102.89675470377325,1.978360981852314],[102.89508183956859,1.979510023857494],[102.89347144006555,1.980744988984071],[102.89192791925717,1.982062492089761],[102.89045550782674,1.983458921796959],[102.88905824155165,1.984930450393279],[102.88773995024161,1.986473044325267],[102.88650424724149,1.988082475256141],[102.8853545195273,1.989754331657489],[102.88429391842281,1.99148403090309],[102.8833253509619,1.993266831831487],[102.88245147192067,1.99509784774318],[102.88167467654087,1.996972059796529],[102.88099709396457,1.998884330765733],[102.88042058139854,2.000829419123189],[102.87994671902366,2.002801993407551],[102.87957680566376,2.004796646838092],[102.87931185522565,2.006807912135347],[102.87915259392005,2.008830276507431],[102.87909945827116,2.010858196760764],[102.87915259392005,2.012886114493991],[102.87931185522565,2.014908471333415],[102.87957680566376,2.016919724167997],[102.87994671902366,2.01891436034235],[102.88042058139854,2.020886912766097],[102.88099709396457,2.022831974898023],[102.88167467654087,2.024744215564098],[102.88245147192067,2.026618393568744],[102.8833253509619,2.028449372059201],[102.88429391842281,2.030232132603815],[102.8853545195273,2.031961788945552],[102.88650424724149,2.033633600393017],[102.88773995024161,2.035242984812502],[102.88905824155165,2.036785531185186],[102.89045550782674,2.038257011695374],[102.89192791925717,2.039653393316427],[102.89347144006555,2.040970848862825],[102.89508183956859,2.042205767478027],[102.89675470377325,2.04335476452931],[102.898485447475,2.044414690882758],[102.90026932682565,2.045382641532672],[102.90210145233588,2.046255963561993],[102.90397680227706,2.04703226341193],[102.90589023644534,2.047709413440735],[102.90783651025063,2.048285557753913],[102.90981028909174,2.048759117289573],[102.91180616297808,2.049128794145395],[102.91381866135805,2.049393575135013],[102.91584226811345,2.049552734564303],[102.91787143667885,2.049605836219862],[102.91990060524424,2.049552734564303],[102.92192421199964,2.049393575135013],[102.9239367103796,2.049128794145395],[102.92593258426594,2.048759117289573],[102.92790636310706,2.048285557753913],[102.92985263691236,2.047709413440735],[102.93176607108063,2.04703226341193],[102.9336414210218,2.046255963561993],[102.93547354653205,2.045382641532672],[102.9372574258827,2.044414690882758],[102.93898816958445,2.04335476452931],[102.9406610337891,2.042205767478027],[102.94227143329213,2.040970848862825],[102.94381495410052,2.039653393316427],[102.94528736553094,2.038257011695374],[102.94668463180604,2.036785531185186],[102.94800292311608,2.035242984812502],[102.94923862611621,2.033633600393017],[102.9503883538304,2.031961788945552],[102.95144895493489,2.030232132603815],[102.95241752239579,2.028449372059201],[102.95329140143701,2.026618393568744],[102.95406819681683,2.024744215564098],[102.95474577939314,2.022831974898023],[102.95532229195915,2.020886912766097],[102.95579615433402,2.01891436034235],[102.95616606769391,2.016919724167997],[102.95643101813202,2.014908471333415],[102.95659027943765,2.012886114493991],[102.95664341508652,2.010858196760764]],[[103.1220777631502,2.071483871763344],[103.1220288974585,2.069618984673065],[103.12188243432085,2.067759206924183],[103.12163877518255,2.065909636067088],[103.12129858789633,2.064075341693356],[103.12086280489196,2.062261351539809],[103.12033262062026,2.060472637707099],[103.11970948827955,2.058714103030624],[103.11899511583225,2.056990567641157],[103.11819146132356,2.055306755752031],[103.11730072751465,2.053667282708942],[103.11632535584494,2.052076642338223],[103.11526801974043,2.050539194627931],[103.11413161728582,2.049059153775805],[103.11291926328133,2.047640576636618],[103.11163428070495,2.04628735160088],[103.11028019160463,2.045003187935146],[103.10886070744449,2.043791605613339],[103.10737971893191,2.042655925666907],[103.10584128535348,2.041599261080258],[103.10424962344871,2.040624508256543],[103.10260909585223,2.039734339077056],[103.10092419913614,2.038931193576227],[103.09919955148527,2.038217273251998],[103.09743988003892,2.037594535030406],[103.0956500079342,2.037064685900402],[103.09383484108615,2.03662917823395],[103.09199935474093,2.036289205804249],[103.09014857983905,2.036045700512828],[103.08828758922583,2.03589932983462],[103.08642148374722,2.035850494987947],[103.08455537826858,2.03589932983462],[103.08269438765537,2.036045700512828],[103.08084361275348,2.036289205804249],[103.07900812640827,2.03662917823395],[103.07719295956021,2.037064685900402],[103.07540308745548,2.037594535030406],[103.07364341600913,2.038217273251998],[103.07191876835826,2.038931193576227],[103.07023387164219,2.039734339077056],[103.06859334404571,2.040624508256543],[103.06700168214093,2.041599261080258],[103.0654632485625,2.042655925666907],[103.06398226004994,2.043791605613339],[103.06256277588977,2.045003187935146],[103.06120868678946,2.04628735160088],[103.05992370421309,2.047640576636618],[103.05871135020858,2.049059153775805],[103.05757494775399,2.050539194627931],[103.05651761164948,2.052076642338223],[103.05554223997977,2.053667282708942],[103.05465150617086,2.055306755752031],[103.05384785166217,2.056990567641157],[103.05313347921486,2.058714103030624],[103.05251034687414,2.060472637707099],[103.05198016260246,2.062261351539809],[103.05154437959807,2.064075341693356],[103.05120419231186,2.065909636067088],[103.05096053317355,2.067759206924183],[103.05081407003591,2.069618984673065],[103.05076520434422,2.071483871763344],[103.05081407003591,2.073348756658137],[103.05096053317355,2.075208527844632],[103.05120419231186,2.077058087844318],[103.05154437959807,2.078892367184574],[103.05198016260246,2.080706338293315],[103.05251034687414,2.082495029278523],[103.05313347921486,2.084253537555135],[103.05384785166217,2.085977043281592],[103.05465150617086,2.087660822569612],[103.05554223997977,2.089300260430627],[103.05651761164948,2.090890863423798],[103.05757494775399,2.092428271970572],[103.05871135020858,2.093908272302303],[103.05992370421309,2.09532680800815],[103.06120868678946,2.096679991151581],[103.06256277588977,2.097964112925008],[103.06398226004994,2.099175653813488],[103.0654632485625,2.100311293239526],[103.06700168214093,2.101367918662656],[103.06859334404571,2.102342634108823],[103.07023387164219,2.103232768106236],[103.07191876835826,2.104035881005973],[103.07364341600913,2.104749771667203],[103.07540308745548,2.105372483488932],[103.07719295956021,2.105902309771447],[103.07900812640827,2.106337798393093],[103.08084361275348,2.106677755789317],[103.08269438765537,2.10692125022333],[103.08455537826858,2.107067614339163],[103.08642148374722,2.107116446990338],[103.08828758922583,2.107067614339163],[103.09014857983905,2.10692125022333],[103.09199935474093,2.106677755789317],[103.09383484108615,2.106337798393093],[103.0956500079342,2.105902309771447],[103.09743988003892,2.105372483488932],[103.09919955148527,2.104749771667203],[103.10092419913614,2.104035881005973],[103.10260909585223,2.103232768106236],[103.10424962344871,2.102342634108823],[103.10584128535348,2.101367918662656],[103.10737971893191,2.100311293239526],[103.10886070744449,2.099175653813488],[103.11028019160463,2.097964112925008],[103.11163428070495,2.096679991151581],[103.11291926328133,2.09532680800815],[103.11413161728582,2.093908272302303],[103.11526801974043,2.092428271970572],[103.11632535584494,2.090890863423798],[103.11730072751465,2.089300260430627],[103.11819146132356,2.087660822569612],[103.11899511583225,2.085977043281592],[103.11970948827955,2.084253537555135],[103.12033262062026,2.082495029278523],[103.12086280489196,2.080706338293315],[103.12129858789633,2.078892367184574],[103.12163877518255,2.077058087844318],[103.12188243432085,2.075208527844632],[103.1220288974585,2.073348756658137],[103.1220777631502,2.071483871763344]],[[103.15725458875522,1.911525730885074],[103.15720825627135,1.90975734840529],[103.1570693858138,1.907993811126554],[103.15683835801683,1.906239952805938],[103.1565158061116,1.904500580685767],[103.15610261419049,1.902780462316774],[103.15559991478376,1.901084312490027],[103.15500908575562,1.899416780313268],[103.15433174652733,1.897782436467142],[103.15356975363864,1.896185760676241],[103.15272519565907,1.894631129429442],[103.15180038746337,1.893122803982967],[103.15079786388651,1.891664918679276],[103.14972037277593,1.890261469613719],[103.14857086745985,1.888916303680097],[103.14735249865247,1.887633108025073],[103.146068605818,1.886415399940395],[103.14472270801744,1.885266517220803],[103.14331849426313,1.884189609013739],[103.14185981340732,1.883187627186304],[103.14035066359291,1.882263318232856],[103.13879518129458,1.881419215745711],[103.13719762998123,1.880657633469346],[103.13556238842995,1.879980658957313],[103.13389393872416,1.879390147849232],[103.13219685396857,1.878887718783564],[103.13047578575447,1.878474748960026],[103.12873545141025,1.878152370364021],[103.12698062107138,1.877921466663217],[103.12521610460581,1.877782670784993],[103.12344673843054,1.877736363181155],[103.1216773722553,1.877782670784993],[103.11991285578974,1.877921466663217],[103.11815802545085,1.878152370364021],[103.11641769110663,1.878474748960026],[103.11469662289254,1.878887718783564],[103.11299953813695,1.879390147849232],[103.11133108843116,1.879980658957313],[103.10969584687989,1.880657633469346],[103.10809829556652,1.881419215745711],[103.1065428132682,1.882263318232856],[103.10503366345378,1.883187627186304],[103.10357498259799,1.884189609013739],[103.10217076884366,1.885266517220803],[103.1008248710431,1.886415399940395],[103.09954097820864,1.887633108025073],[103.09832260940125,1.888916303680097],[103.09717310408519,1.890261469613719],[103.0960956129746,1.891664918679276],[103.09509308939775,1.893122803982967],[103.09416828120203,1.894631129429442],[103.09332372322247,1.896185760676241],[103.09256173033377,1.897782436467142],[103.09188439110548,1.899416780313268],[103.09129356207733,1.901084312490027],[103.09079086267062,1.902780462316774],[103.09037767074949,1.904500580685767],[103.09005511884428,1.906239952805938],[103.08982409104732,1.907993811126554],[103.08968522058974,1.90975734840529],[103.08963888810587,1.911525730885074],[103.08968522058974,1.913294111543267],[103.08982409104732,1.915057643377236],[103.09005511884428,1.916811492689516],[103.09037767074949,1.918550852336518],[103.09079086267062,1.920270954904147],[103.09129356207733,1.921967085774458],[103.09188439110548,1.923634596047398],[103.09256173033377,1.925268915282341],[103.09332372322247,1.926865564024278],[103.09416828120203,1.928420166080735],[103.09509308939775,1.929928460515288],[103.0960956129746,1.93138631332525],[103.09717310408519,1.932789728771287],[103.09832260940125,1.934134860327922],[103.09954097820864,1.935418021225157],[103.1008248710431,1.936635694552034],[103.10217076884366,1.937784542894652],[103.10357498259799,1.938861417482184],[103.10503366345378,1.939863366815902],[103.1065428132682,1.940787644757428],[103.10809829556652,1.941631718054244],[103.10969584687989,1.942393273281658],[103.11133108843116,1.943070223182495],[103.11299953813695,1.94366071238677],[103.11469662289254,1.944163122496002],[103.11641769110663,1.944576076518188],[103.11815802545085,1.944898442641024],[103.11991285578974,1.945129337333492],[103.1216773722553,1.94526812776695],[103.12344673843054,1.945314433549196],[103.12521610460581,1.94526812776695],[103.12698062107138,1.945129337333492],[103.12873545141025,1.944898442641024],[103.13047578575447,1.944576076518188],[103.13219685396857,1.944163122496002],[103.13389393872416,1.94366071238677],[103.13556238842995,1.943070223182495],[103.13719762998123,1.942393273281658],[103.13879518129458,1.941631718054244],[103.14035066359291,1.940787644757428],[103.14185981340732,1.939863366815902],[103.14331849426313,1.938861417482184],[103.14472270801744,1.937784542894652],[103.146068605818,1.936635694552034],[103.14735249865247,1.935418021225157],[103.14857086745985,1.934134860327922],[103.14972037277593,1.932789728771287],[103.15079786388651,1.93138631332525],[103.15180038746337,1.929928460515288],[103.15272519565907,1.928420166080735],[103.15356975363864,1.926865564024278],[103.15433174652733,1.925268915282341],[103.15500908575562,1.923634596047398],[103.15559991478376,1.921967085774458],[103.15610261419049,1.920270954904147],[103.1565158061116,1.918550852336518],[103.15683835801683,1.916811492689516],[103.1570693858138,1.915057643377236],[103.15720825627135,1.913294111543267],[103.15725458875522,1.911525730885074]],[[103.02941371346309,1.924987261998479],[103.02936325147579,1.923061282879881],[103.0292120038267,1.921140580571326],[103.02896038507507,1.919230419613153],[103.02860908489045,1.917336035669993],[103.02815906616225,1.915462621179609],[103.02761156236045,1.91361531112008],[103.02696807415498,1.911799168934294],[103.02623036530224,1.910019172650362],[103.02540045781093,1.908280201235948],[103.02448062639984,1.906587021224069],[103.02347339226286,1.904944273646837],[103.02238151615877,1.903356461313182],[103.02120799084413,1.90182793646525],[103.01995603287017,1.900362888847572],[103.01862907376675,1.89896533422135],[103.0172307506365,1.897639103355826],[103.01576489618591,1.896387831526491],[103.01423552822018,1.895214948549319],[103.01264683863056,1.894123669377963],[103.01100318190481,1.893116985290106],[103.00930906319176,1.892197655686863],[103.00756912595304,1.89136820052784],[103.00578813923569,1.890630893422588],[103.0039709846005,1.889987755397394],[103.00212264274204,1.88944054935451],[103.00024817983682,1.888990775239006],[102.99835273365738,1.888639665926623],[102.99644149949,1.888388183843627],[102.99451971589463,1.888237018328313],[102.99259265034654,1.888186583741055],[102.99066558479845,1.888237018328313],[102.98874380120309,1.888388183843627],[102.9868325670357,1.888639665926623],[102.98493712085627,1.888990775239006],[102.98306265795104,1.88944054935451],[102.98121431609258,1.889987755397394],[102.97939716145738,1.890630893422588],[102.97761617474004,1.89136820052784],[102.97587623750131,1.892197655686863],[102.97418211878826,1.893116985290106],[102.97253846206252,1.894123669377963],[102.9709497724729,1.895214948549319],[102.96942040450716,1.896387831526491],[102.96795455005659,1.897639103355826],[102.96655622692633,1.89896533422135],[102.9652292678229,1.900362888847572],[102.96397730984896,1.90182793646525],[102.9628037845343,1.903356461313182],[102.96171190843023,1.904944273646837],[102.96070467429324,1.906587021224069],[102.95978484288214,1.908280201235948],[102.95895493539085,1.910019172650362],[102.95821722653811,1.911799168934294],[102.95757373833263,1.91361531112008],[102.95702623453083,1.915462621179609],[102.95657621580263,1.917336035669993],[102.95622491561801,1.919230419613153],[102.9559732968664,1.921140580571326],[102.95582204921729,1.923061282879881],[102.95577158722999,1.924987261998479],[102.95582204921729,1.926913238941131],[102.9559732968664,1.928833934745681],[102.95622491561801,1.930744084943033],[102.95657621580263,1.93263845398649],[102.95702623453083,1.934511849601516],[102.95757373833263,1.936359137016819],[102.95821722653811,1.938175253037632],[102.95895493539085,1.939955219922513],[102.95978484288214,1.941694159025864],[102.96070467429324,1.943387304168711],[102.96171190843023,1.945030014700967],[102.9628037845343,1.946617788219565],[102.96397730984896,1.948146272907625],[102.9652292678229,1.949611279460628],[102.96655622692633,1.951008792567278],[102.96795455005659,1.952334981913231],[102.96942040450716,1.95358621267789],[102.9709497724729,1.954759055495203],[102.97253846206252,1.955850295851502],[102.97418211878826,1.956856942894382],[102.97587623750131,1.957776237628607],[102.97761617474004,1.958605660476579],[102.97939716145738,1.959342938182768],[102.98121431609258,1.959986050042988],[102.98306265795104,1.960533233441672],[102.98493712085627,1.960982988681804],[102.9868325670357,1.961334083094498],[102.98874380120309,1.961585554416685],[102.99066558479845,1.961736713428006],[102.99259265034654,1.961787145839307],[102.99451971589463,1.961736713428006],[102.99644149949,1.961585554416685],[102.99835273365738,1.961334083094498],[103.00024817983682,1.960982988681804],[103.00212264274204,1.960533233441672],[103.0039709846005,1.959986050042988],[103.00578813923569,1.959342938182768],[103.00756912595304,1.958605660476579],[103.00930906319176,1.957776237628607],[103.01100318190481,1.956856942894382],[103.01264683863056,1.955850295851502],[103.01423552822018,1.954759055495203],[103.01576489618591,1.95358621267789],[103.0172307506365,1.952334981913231],[103.01862907376675,1.951008792567278],[103.01995603287017,1.949611279460628],[103.02120799084413,1.948146272907625],[103.02238151615877,1.946617788219565],[103.02347339226286,1.945030014700967],[103.02448062639984,1.943387304168711],[103.02540045781093,1.941694159025864],[103.02623036530224,1.939955219922513],[103.02696807415498,1.938175253037632],[103.02761156236045,1.936359137016819],[103.02815906616225,1.934511849601516],[103.02860908489045,1.93263845398649],[103.02896038507507,1.930744084943033],[103.0292120038267,1.928833934745681],[103.02936325147579,1.926913238941131],[103.02941371346309,1.924987261998479]],[[103.09280547553026,1.838657881572923],[103.09275800002841,1.836845797833662],[103.09261570364994,1.835038679059567],[103.09237897641934,1.833241478461939],[103.09204846718946,1.831459122081743],[103.09162508186314,1.829696495287191],[103.09110998091015,1.827958429382775],[103.09050457618636,1.826249688366105],[103.08981052706406,1.824574955869384],[103.08902973588367,1.822938822320737],[103.0881643427395,1.821345772361168],[103.08721671961405,1.819800172551096],[103.0861894638764,1.818306259400692],[103.08508539116316,1.816868127756453],[103.08390752766087,1.815489719576033],[103.08265910181152,1.814174813122104],[103.08134353546357,1.812927012604892],[103.07996443449296,1.81174973830171],[103.0785255789196,1.810646217180651],[103.07703091254656,1.80961947405423],[103.07548453215053,1.808672323287015],[103.07389067625266,1.807807361080289],[103.07225371350117,1.807026958354633],[103.07057813069717,1.806333254250138],[103.06886852049668,1.805728150261966],[103.06712956882244,1.805213305027412],[103.06536604202009,1.804790129778754],[103.06358277379401,1.804459784474322],[103.06178465195846,1.804223174618402],[103.05997660504043,1.804080948778891],[103.05816358877081,1.804033496809061],[103.05635057250119,1.804080948778891],[103.05454252558316,1.804223174618402],[103.05274440374761,1.804459784474322],[103.05096113552153,1.804790129778754],[103.04919760871918,1.805213305027412],[103.04745865704494,1.805728150261966],[103.04574904684445,1.806333254250138],[103.04407346404047,1.807026958354633],[103.04243650128898,1.807807361080289],[103.0408426453911,1.808672323287015],[103.03929626499506,1.80961947405423],[103.03780159862202,1.810646217180651],[103.03636274304866,1.81174973830171],[103.03498364207805,1.812927012604892],[103.0336680757301,1.814174813122104],[103.03241964988075,1.815489719576033],[103.03124178637847,1.816868127756453],[103.03013771366523,1.818306259400692],[103.02911045792759,1.819800172551096],[103.02816283480212,1.821345772361168],[103.02729744165796,1.822938822320737],[103.02651665047756,1.824574955869384],[103.02582260135527,1.826249688366105],[103.02521719663147,1.827958429382775],[103.02470209567848,1.829696495287191],[103.02427871035216,1.831459122081743],[103.0239482011223,1.833241478461939],[103.02371147389168,1.835038679059567],[103.02356917751321,1.836845797833662],[103.02352170201138,1.838657881572923],[103.02356917751321,1.840469963472425],[103.02371147389168,1.842277076747404],[103.0239482011223,1.844074268246801],[103.02427871035216,1.845856612029341],[103.02470209567848,1.847619222864812],[103.02521719663147,1.849357269623624],[103.02582260135527,1.85106598851787],[103.02651665047756,1.852740696157767],[103.02729744165796,1.854376802387511],[103.02816283480212,1.855969822865411],[103.02911045792759,1.857515391354055],[103.03013771366523,1.85900927168644],[103.03124178637847,1.860447369375624],[103.03241964988075,1.861825742835977],[103.0336680757301,1.86314061418522],[103.03498364207805,1.864388379597747],[103.03636274304866,1.865565619180875],[103.03780159862202,1.866669106346879],[103.03929626499506,1.867695816655282],[103.0408426453911,1.868642936101067],[103.04243650128898,1.869507868826138],[103.04407346404047,1.87028824423289],[103.04574904684445,1.870981923480562],[103.04745865704494,1.871587005346323],[103.04919760871918,1.87210183143526],[103.05096113552153,1.872524990724862],[103.05274440374761,1.872855323431651],[103.05454252558316,1.873091924189327],[103.05635057250119,1.873234144529722],[103.05816358877081,1.873281594659792],[103.05997660504043,1.873234144529722],[103.06178465195846,1.873091924189327],[103.06358277379401,1.872855323431651],[103.06536604202009,1.872524990724862],[103.06712956882244,1.87210183143526],[103.06886852049668,1.871587005346323],[103.07057813069717,1.870981923480562],[103.07225371350117,1.87028824423289],[103.07389067625266,1.869507868826138],[103.07548453215053,1.868642936101067],[103.07703091254656,1.867695816655282],[103.0785255789196,1.866669106346879],[103.07996443449296,1.865565619180875],[103.08134353546357,1.864388379597747],[103.08265910181152,1.86314061418522],[103.08390752766087,1.861825742835977],[103.08508539116316,1.860447369375624],[103.0861894638764,1.85900927168644],[103.08721671961405,1.857515391354055],[103.0881643427395,1.855969822865411],[103.08902973588367,1.854376802387511],[103.08981052706406,1.852740696157767],[103.09050457618636,1.85106598851787],[103.09110998091015,1.849357269623624],[103.09162508186314,1.847619222864812],[103.09204846718946,1.845856612029341],[103.09237897641934,1.844074268246801],[103.09261570364994,1.842277076747404],[103.09275800002841,1.840469963472425],[103.09280547553026,1.838657881572923]],[[102.98637444606142,1.859356157033701],[102.98630738419818,1.856796514346951],[102.98610638242043,1.854243883771056],[102.98577199166004,1.851705261939515],[102.98530512845885,1.849187607118415],[102.98470707245643,1.84669782013337],[102.98397946288271,1.8442427254536],[102.983124294065,1.841829052484959],[102.98214390996152,1.839463417123298],[102.981040997737,1.837152303618687],[102.97981858039716,1.83490204680019],[102.97848000850298,1.832718814710084],[102.97702895098698,1.830608591694987],[102.97546938509691,1.828577162000316],[102.97380558549455,1.826630093913137],[102.97204211253887,1.824772724496823],[102.97018379978671,1.823010144959512],[102.96823574074415,1.821347186696266],[102.96620327490561,1.819788408043515],[102.96409197311871,1.81833808178194],[102.96190762231485,1.817000183422025],[102.95965620964776,1.815778380304736],[102.9573439060831,1.814676021546737],[102.95497704948417,1.813696128858237],[102.9525621272404,1.812841388258314],[102.95010575848583,1.812114142710524],[102.94761467595646,1.811516385699191],[102.94509570753632,1.811049755763673],[102.94255575754282,1.810715532005979],[102.94000178780227,1.810514630583627],[102.93744079856828,1.81044760219784],[102.93487980933428,1.810514630583627],[102.93232583959373,1.810715532005979],[102.92978588960023,1.811049755763673],[102.92726692118008,1.811516385699191],[102.9247758386507,1.812114142710524],[102.92231946989615,1.812841388258314],[102.91990454765237,1.813696128858237],[102.91753769105345,1.814676021546737],[102.91522538748877,1.815778380304736],[102.9129739748217,1.817000183422025],[102.91078962401785,1.81833808178194],[102.90867832223093,1.819788408043515],[102.9066458563924,1.821347186696266],[102.90469779734984,1.823010144959512],[102.90283948459769,1.824772724496823],[102.901076011642,1.826630093913137],[102.89941221203962,1.828577162000316],[102.89785264614957,1.830608591694987],[102.89640158863355,1.832718814710084],[102.89506301673939,1.83490204680019],[102.89384059939955,1.837152303618687],[102.89273768717503,1.839463417123298],[102.89175730307156,1.841829052484959],[102.89090213425384,1.8442427254536],[102.89017452468012,1.84669782013337],[102.8895764686777,1.849187607118415],[102.8891096054765,1.851705261939515],[102.8887752147161,1.854243883771056],[102.88857421293835,1.856796514346951],[102.88850715107513,1.859356157033701],[102.88857421293835,1.86191579600826],[102.8887752147161,1.86446841548832],[102.8891096054765,1.867007018961928],[102.8895764686777,1.869524648364124],[102.89017452468012,1.872014403147784],[102.89090213425384,1.874469459196511],[102.89175730307156,1.876883087527683],[102.89273768717503,1.879248672734528],[102.89384059939955,1.881559731116475],[102.89506301673939,1.883809928448384],[102.89640158863355,1.885993097339723],[102.89785264614957,1.888103254136321],[102.89941221203962,1.890134615318243],[102.901076011642,1.892081613349074],[102.90283948459769,1.893938911932985],[102.90469779734984,1.895701420637893],[102.9066458563924,1.897364308844791],[102.90867832223093,1.898923018984794],[102.91078962401785,1.900373279027895],[102.9129739748217,1.901711114189056],[102.91522538748877,1.902932857819795],[102.91753769105345,1.904035161455143],[102.91990454765237,1.905015003988827],[102.92231946989615,1.905869699951332],[102.9247758386507,1.906596906868092],[102.92726692118008,1.907194631678065],[102.92978588960023,1.907661236194679],[102.93232583959373,1.907995441594452],[102.93487980933428,1.908196331920982],[102.93744079856828,1.90826335659459],[102.94000178780227,1.908196331920982],[102.94255575754282,1.907995441594452],[102.94509570753632,1.907661236194679],[102.94761467595646,1.907194631678065],[102.95010575848583,1.906596906868092],[102.9525621272404,1.905869699951332],[102.95497704948417,1.905015003988827],[102.9573439060831,1.904035161455143],[102.95965620964776,1.902932857819795],[102.96190762231485,1.901711114189056],[102.96409197311871,1.900373279027895],[102.96620327490561,1.898923018984794],[102.96823574074415,1.897364308844791],[102.97018379978671,1.895701420637893],[102.97204211253887,1.893938911932985],[102.97380558549455,1.892081613349074],[102.97546938509691,1.890134615318243],[102.97702895098698,1.888103254136321],[102.97848000850298,1.885993097339723],[102.97981858039716,1.883809928448384],[102.981040997737,1.881559731116475],[102.98214390996152,1.879248672734528],[102.983124294065,1.876883087527683],[102.98397946288271,1.874469459196511],[102.98470707245643,1.872014403147784],[102.98530512845885,1.869524648364124],[102.98577199166004,1.867007018961928],[102.98610638242043,1.86446841548832],[102.98630738419818,1.86191579600826],[102.98637444606142,1.859356157033701]],[[103.04267063980537,1.772770248670335],[103.04261985098331,1.770831629106434],[103.04246762372576,1.768898321144396],[103.04221437527704,1.766975623874034],[103.04186079977357,1.765068807318204],[103.04140786634122,1.763183097987542],[103.04085681643903,1.76132366455425],[103.0402091604565,1.759495603684373],[103.03946667357366,1.757703926067088],[103.03863139089539,1.755953542679733],[103.03770560187354,1.754249251325866],[103.0366918440314,1.752595723483419],[103.0355928960088,1.75099749149907],[103.03441176994583,1.749458936163829],[103.03315170322698,1.747984274703998],[103.03181614960751,1.746577549220365],[103.03040876974705,1.745242615607385],[103.028933421176,1.743983132982711],[103.02739414772223,1.742802553656193],[103.02579516842728,1.741704113665558],[103.02414086598228,1.740690823905069],[103.02243577471519,1.739765461871302],[103.02068456816268,1.738930564048688],[103.01889204626022,1.738188418955809],[103.01706312218569,1.737541060871392],[103.01520280889288,1.736990264257353],[103.01331620537123,1.736537538894028],[103.01140848266985,1.73618412574106],[103.00948486972402,1.735930993535279],[103.00755063902317,1.735778836134866],[103.00561109215917,1.735728070617089],[103.00367154529518,1.735778836134866],[103.00173731459432,1.735930993535279],[102.9998137016485,1.73618412574106],[102.99790597894712,1.736537538894028],[102.99601937542546,1.736990264257353],[102.99415906213264,1.737541060871392],[102.99233013805812,1.738188418955809],[102.99053761615566,1.738930564048688],[102.98878640960315,1.739765461871302],[102.98708131833608,1.740690823905069],[102.98542701589106,1.741704113665558],[102.98382803659611,1.742802553656193],[102.98228876314234,1.743983132982711],[102.98081341457129,1.745242615607385],[102.97940603471085,1.746577549220365],[102.97807048109136,1.747984274703998],[102.97681041437251,1.749458936163829],[102.97562928830956,1.75099749149907],[102.97453034028695,1.752595723483419],[102.9735165824448,1.754249251325866],[102.97259079342295,1.755953542679733],[102.97175551074469,1.757703926067088],[102.97101302386184,1.759495603684373],[102.97036536787931,1.76132366455425],[102.96981431797713,1.763183097987542],[102.96936138454477,1.765068807318204],[102.9690078090413,1.766975623874034],[102.96875456059259,1.768898321144396],[102.96860233333503,1.770831629106434],[102.96855154451298,1.772770248670335],[102.96860233333503,1.774708866204063],[102.96875456059259,1.776642168097857],[102.9690078090413,1.778564855328378],[102.96936138454477,1.78047165798278],[102.96981431797713,1.782357349702723],[102.97036536787931,1.784216762008952],[102.97101302386184,1.786044798466901],[102.97175551074469,1.787836448654841],[102.97259079342295,1.78958680189597],[102.9735165824448,1.791291060717024],[102.97453034028695,1.792944553996485],[102.97562928830956,1.794542749766377],[102.97681041437251,1.796081267632432],[102.97807048109136,1.797555890778895],[102.97940603471085,1.798962577524758],[102.98081341457129,1.800297472399969],[102.98228876314234,1.801556916711274],[102.98382803659611,1.802737458568632],[102.98542701589106,1.80383586234481],[102.98708131833608,1.804849117542312],[102.98878640960315,1.805774447043267],[102.99053761615566,1.806609314719667],[102.99233013805812,1.807351432383214],[102.99415906213264,1.80799876605569],[102.99601937542546,1.808549541542679],[102.99790597894712,1.809002249295298],[102.9998137016485,1.809355648546838],[103.00173731459432,1.809608770712778],[103.00367154529518,1.809760922044959],[103.00561109215917,1.809811685532576],[103.00755063902317,1.809760922044959],[103.00948486972402,1.809608770712778],[103.01140848266985,1.809355648546838],[103.01331620537123,1.809002249295298],[103.01520280889288,1.808549541542679],[103.01706312218569,1.80799876605569],[103.01889204626022,1.807351432383214],[103.02068456816268,1.806609314719667],[103.02243577471519,1.805774447043267],[103.02414086598228,1.804849117542312],[103.02579516842728,1.80383586234481],[103.02739414772223,1.802737458568632],[103.028933421176,1.801556916711274],[103.03040876974705,1.800297472399969],[103.03181614960751,1.798962577524758],[103.03315170322698,1.797555890778895],[103.03441176994583,1.796081267632432],[103.0355928960088,1.794542749766377],[103.0366918440314,1.792944553996485],[103.03770560187354,1.791291060717024],[103.03863139089539,1.78958680189597],[103.03946667357366,1.787836448654841],[103.0402091604565,1.786044798466901],[103.04085681643903,1.784216762008952],[103.04140786634122,1.782357349702723],[103.04186079977357,1.78047165798278],[103.04221437527704,1.778564855328378],[103.04246762372576,1.776642168097857],[103.04261985098331,1.774708866204063],[103.04267063980537,1.772770248670335]],[[103.1909485046696,1.724716209182541],[103.19090320442173,1.722987045443523],[103.19076742784296,1.721262619658777],[103.19054154708746,1.719547658380351],[103.19022618127866,1.717846862231265],[103.18982219481232,1.716164893021072],[103.18933069498729,1.714506360967653],[103.1887530289704,1.712875812060292],[103.18809078010406,1.711277715598615],[103.18734576356638,1.709716451941749],[103.18652002139594,1.708196300501096],[103.18561581689458,1.706721428009617],[103.18463562842398,1.70529587710008],[103.18358214261266,1.703923555223183],[103.18245824699196,1.702608223936357],[103.18126702208167,1.70135348859222],[103.18001173294647,1.700162788455257],[103.17869582024662,1.699039387273753],[103.17732289080737,1.697986364332726],[103.17589670773287,1.697006606012561],[103.1744211800918,1.696102797876304],[103.17290035220287,1.69527741730755],[103.17133839254961,1.69453272671895],[103.16973958235484,1.693870767349967],[103.1681083038462,1.693293353670953],[103.16644902824467,1.692802068408955],[103.16476630350934,1.692398258208701],[103.16306474187175,1.69208302994084],[103.16134900719409,1.69185724766754],[103.15962380218586,1.691721530273636],[103.15789385551402,1.691676249769985],[103.15616390884217,1.691721530273636],[103.15443870383395,1.69185724766754],[103.15272296915627,1.69208302994084],[103.15102140751868,1.692398258208701],[103.14933868278337,1.692802068408955],[103.14767940718183,1.693293353670953],[103.14604812867319,1.693870767349967],[103.14444931847842,1.69453272671895],[103.14288735882516,1.69527741730755],[103.14136653093622,1.696102797876304],[103.13989100329516,1.697006606012561],[103.13846482022066,1.697986364332726],[103.13709189078142,1.699039387273753],[103.13577597808157,1.700162788455257],[103.13452068894637,1.70135348859222],[103.13332946403608,1.702608223936357],[103.13220556841537,1.703923555223183],[103.13115208260405,1.70529587710008],[103.13017189413345,1.706721428009617],[103.12926768963209,1.708196300501096],[103.12844194746165,1.709716451941749],[103.12769693092397,1.711277715598615],[103.12703468205764,1.712875812060292],[103.12645701604075,1.714506360967653],[103.12596551621571,1.716164893021072],[103.12556152974938,1.717846862231265],[103.12524616394057,1.719547658380351],[103.12502028318507,1.721262619658777],[103.12488450660629,1.722987045443523],[103.12483920635843,1.724716209182541],[103.12488450660629,1.726445371350187],[103.12502028318507,1.728169792438067],[103.12524616394057,1.729884745945597],[103.12556152974938,1.73158553133488],[103.12596551621571,1.733267486914245],[103.12645701604075,1.734926002615173],[103.12703468205764,1.736556532627533],[103.12769693092397,1.738154607858702],[103.12844194746165,1.739715848182166],[103.12926768963209,1.741235974442203],[103.13017189413345,1.74271082018168],[103.13115208260405,1.744136343060976],[103.13220556841537,1.745508635936456],[103.13332946403608,1.746823937568477],[103.13452068894637,1.748078642929309],[103.13577597808157,1.749269313082954],[103.13709189078142,1.750392684609653],[103.13846482022066,1.751445678549275],[103.13989100329516,1.7524254088392],[103.14136653093622,1.753329190223468],[103.14288735882516,1.754154545611579],[103.14444931847842,1.754899212866803],[103.14604812867319,1.755561151005304],[103.14767940718183,1.756138545789304],[103.14933868278337,1.756629814698824],[103.15102140751868,1.757033611268251],[103.15272296915627,1.757348828776308],[103.15443870383395,1.757574603278699],[103.15616390884217,1.75771031597575],[103.15789385551402,1.757755594908042],[103.15962380218586,1.75771031597575],[103.16134900719409,1.757574603278699],[103.16306474187175,1.757348828776308],[103.16476630350934,1.757033611268251],[103.16644902824467,1.756629814698824],[103.1681083038462,1.756138545789304],[103.16973958235484,1.755561151005304],[103.17133839254961,1.754899212866803],[103.17290035220287,1.754154545611579],[103.1744211800918,1.753329190223468],[103.17589670773287,1.7524254088392],[103.17732289080737,1.751445678549275],[103.17869582024662,1.750392684609653],[103.18001173294647,1.749269313082954],[103.18126702208167,1.748078642929309],[103.18245824699196,1.746823937568477],[103.18358214261266,1.745508635936456],[103.18463562842398,1.744136343060976],[103.18561581689458,1.74271082018168],[103.18652002139594,1.741235974442203],[103.18734576356638,1.739715848182166],[103.18809078010406,1.738154607858702],[103.1887530289704,1.736556532627533],[103.18933069498729,1.734926002615173],[103.18982219481232,1.733267486914245],[103.19022618127866,1.73158553133488],[103.19054154708746,1.729884745945597],[103.19076742784296,1.728169792438067],[103.19090320442173,1.726445371350187],[103.1909485046696,1.724716209182541]],[[103.30776267285893,1.841320832916768],[103.30771391927524,1.839459969057671],[103.30756779215443,1.837604203764034],[103.30732469202071,1.835758623585309],[103.30698528519471,1.833928287169749],[103.30655050196691,1.832118211398561],[103.30602153404794,1.830333357634348],[103.30539983130207,1.828578618121517],[103.30468709777334,1.826858802576112],[103.30388528701478,1.825178625001569],[103.30299659673399,1.823542690766808],[103.30202346276921,1.821955483981898],[103.30096855241302,1.820421355206026],[103.2998347571014,1.818944509521449],[103.29862518448844,1.817528995006073],[103.29734314992864,1.816178691636389],[103.2959921673896,1.814897300651093],[103.29457593982053,1.813688334404618],[103.2930983490028,1.812555106738337],[103.29156344491012,1.811500723896018],[103.2899754346079,1.810528076008187],[103.28833867072201,1.809639829169053],[103.28665763950849,1.808838418127372],[103.28493694855706,1.808126039611731],[103.28318131416201,1.807504646308131],[103.28139554839517,1.806975941506728],[103.27958454591636,1.806541374432213],[103.27775327055755,1.806202136270671],[103.27590674171718,1.805959156903966],[103.27405002060246,1.805813102360362],[103.27218819635688,1.805764372988604],[103.2703263721113,1.805813102360362],[103.26846965099656,1.805959156903966],[103.26662312215619,1.806202136270671],[103.26479184679738,1.806541374432213],[103.2629808443186,1.806975941506728],[103.26119507855175,1.807504646308131],[103.25943944415668,1.808126039611731],[103.25771875320525,1.808838418127372],[103.25603772199175,1.809639829169053],[103.25440095810585,1.810528076008187],[103.25281294780363,1.811500723896018],[103.25127804371095,1.812555106738337],[103.24980045289321,1.813688334404618],[103.24838422532416,1.814897300651093],[103.24703324278512,1.816178691636389],[103.24575120822533,1.817528995006073],[103.24454163561236,1.818944509521449],[103.24340784030073,1.820421355206026],[103.24235292994453,1.821955483981898],[103.24137979597975,1.823542690766808],[103.24049110569896,1.825178625001569],[103.23968929494042,1.826858802576112],[103.23897656141168,1.828578618121517],[103.23835485866582,1.830333357634348],[103.23782589074683,1.832118211398561],[103.23739110751903,1.833928287169749],[103.23705170069303,1.835758623585309],[103.23680860055933,1.837604203764034],[103.2366624734385,1.839459969057671],[103.23661371985482,1.841320832916768],[103.2366624734385,1.843181694832915],[103.23680860055933,1.845037454318973],[103.23705170069303,1.846883024889128],[103.23739110751903,1.848713348000403],[103.23782589074683,1.850523406917361],[103.23835485866582,1.852308240462049],[103.23897656141168,1.854062956611569],[103.23968929494042,1.855782745905884],[103.24049110569896,1.857462894629157],[103.24137979597975,1.859098797728578],[103.24235292994453,1.860685971435185],[103.24340784030073,1.862220065552223],[103.24454163561236,1.863696875377152],[103.24575120822533,1.865112353224956],[103.24703324278512,1.866462619520861],[103.24838422532416,1.867743973432403],[103.24980045289321,1.868952903011306],[103.25127804371095,1.87008609481794],[103.25281294780363,1.871140443001424],[103.25440095810585,1.872113057810952],[103.25603772199175,1.873001273514746],[103.25771875320525,1.87380265570517],[103.25943944415668,1.874515007969733],[103.26119507855175,1.875136377910035],[103.2629808443186,1.875665062491901],[103.26479184679738,1.876099612712198],[103.26662312215619,1.876438837569455],[103.26846965099656,1.87668180732759],[103.2703263721113,1.876827856063628],[103.27218819635688,1.876876583492436],[103.27405002060246,1.876827856063628],[103.27590674171718,1.87668180732759],[103.27775327055755,1.876438837569455],[103.27958454591636,1.876099612712198],[103.28139554839517,1.875665062491901],[103.28318131416201,1.875136377910035],[103.28493694855706,1.874515007969733],[103.28665763950849,1.87380265570517],[103.28833867072201,1.873001273514746],[103.2899754346079,1.872113057810952],[103.29156344491012,1.871140443001424],[103.2930983490028,1.87008609481794],[103.29457593982053,1.868952903011306],[103.2959921673896,1.867743973432403],[103.29734314992864,1.866462619520861],[103.29862518448844,1.865112353224956],[103.2998347571014,1.863696875377152],[103.30096855241302,1.862220065552223],[103.30202346276921,1.860685971435185],[103.30299659673399,1.859098797728578],[103.30388528701478,1.857462894629157],[103.30468709777334,1.855782745905884],[103.30539983130207,1.854062956611569],[103.30602153404794,1.852308240462049],[103.30655050196691,1.850523406917361],[103.30698528519471,1.848713348000403],[103.30732469202071,1.846883024889128],[103.30756779215443,1.845037454318973],[103.30771391927524,1.843181694832915],[103.30776267285893,1.841320832916768]],[[103.49294161445268,1.842931076981013],[103.49289508834885,1.841155234913835],[103.49275563756223,1.839384258544307],[103.49252364431771,1.837623002018917],[103.49219974449264,1.835876292856942],[103.49178482587395,1.834148918718044],[103.49128002572473,1.832445614279074],[103.49068672766707,1.830771048255906],[103.49000655788974,1.829129810605979],[103.48924138069081,1.827526399946547],[103.4883932933678,1.825965211223193],[103.48746462046911,1.824450523662402],[103.48645790742259,1.822986489041212],[103.48537591355873,1.821577120306125],[103.48422160454753,1.820226280572483],[103.48299814426973,1.818937672534518],[103.4817088861449,1.817714828314993],[103.48035736393996,1.816561099782413],[103.47894728208333,1.815479649362348],[103.47748250551136,1.814473441367918],[103.47596704907484,1.813545233873398],[103.4744050665345,1.812697571153175],[103.4728008391759,1.811932776706715],[103.47115876407477,1.811252946888828],[103.46948334204477,1.810659945162483],[103.46777916530127,1.810155396990211],[103.46605090487421,1.809740685377923],[103.46430329780537,1.809416947083292],[103.4625411341642,1.809185069499431],[103.46076924391873,1.809045688221988],[103.45899248369703,1.808999185306699],[103.45721572347531,1.809045688221988],[103.45544383322986,1.809185069499431],[103.45368166958868,1.809416947083292],[103.45193406251984,1.809740685377923],[103.45020580209278,1.810155396990211],[103.44850162534928,1.810659945162483],[103.44682620331929,1.811252946888828],[103.44518412821814,1.811932776706715],[103.44357990085956,1.812697571153175],[103.44201791831921,1.813545233873398],[103.44050246188269,1.814473441367918],[103.43903768531072,1.815479649362348],[103.43762760345409,1.816561099782413],[103.43627608124915,1.817714828314993],[103.43498682312432,1.818937672534518],[103.43376336284653,1.820226280572483],[103.43260905383532,1.821577120306125],[103.43152705997146,1.822986489041212],[103.43052034692494,1.824450523662402],[103.42959167402624,1.825965211223193],[103.42874358670323,1.827526399946547],[103.42797840950432,1.829129810605979],[103.42729823972698,1.830771048255906],[103.42670494166931,1.832445614279074],[103.42620014152011,1.834148918718044],[103.42578522290141,1.835876292856942],[103.42546132307635,1.837623002018917],[103.42522932983182,1.839384258544307],[103.4250898790452,1.841155234913835],[103.42504335294139,1.842931076981013],[103.4250898790452,1.844706917277156],[103.42522932983182,1.846477888353057],[103.42546132307635,1.848239136120179],[103.42578522290141,1.849985833155233],[103.42620014152011,1.851713191931391],[103.42670494166931,1.853416477940141],[103.42729823972698,1.855091022667536],[103.42797840950432,1.85673223638945],[103.42874358670323,1.858335620750784],[103.42959167402624,1.859896781094099],[103.43052034692494,1.86141143850383],[103.43152705997146,1.862875441533283],[103.43260905383532,1.864284777582102],[103.43376336284653,1.865635583893025],[103.43498682312432,1.866924158138042],[103.43627608124915,1.868146968564631],[103.43762760345409,1.869300663674505],[103.43903768531072,1.870382081408289],[103.44050246188269,1.871388257810995],[103.44201791831921,1.872316435154467],[103.44357990085956,1.873164069494639],[103.44518412821814,1.873928837643014],[103.44682620331929,1.874608643532901],[103.44850162534928,1.875201623963473],[103.45020580209278,1.875706153705512],[103.45193406251984,1.876120849955084],[103.45368166958868,1.876444576122782],[103.45544383322986,1.876676444948388],[103.45721572347531,1.876815820932192],[103.45899248369703,1.876862322076459],[103.46076924391873,1.876815820932192],[103.4625411341642,1.876676444948388],[103.46430329780537,1.876444576122782],[103.46605090487421,1.876120849955084],[103.46777916530127,1.875706153705512],[103.46948334204477,1.875201623963473],[103.47115876407477,1.874608643532901],[103.4728008391759,1.873928837643014],[103.4744050665345,1.873164069494639],[103.47596704907484,1.872316435154467],[103.47748250551136,1.871388257810995],[103.47894728208333,1.870382081408289],[103.48035736393996,1.869300663674505],[103.4817088861449,1.868146968564631],[103.48299814426973,1.866924158138042],[103.48422160454753,1.865635583893025],[103.48537591355873,1.864284777582102],[103.48645790742259,1.862875441533283],[103.48746462046911,1.86141143850383],[103.4883932933678,1.859896781094099],[103.48924138069081,1.858335620750784],[103.49000655788974,1.85673223638945],[103.49068672766707,1.855091022667536],[103.49128002572473,1.853416477940141],[103.49178482587395,1.851713191931391],[103.49219974449264,1.849985833155233],[103.49252364431771,1.848239136120179],[103.49275563756223,1.846477888353057],[103.49289508834885,1.844706917277156],[103.49294161445268,1.842931076981013]],[[103.37453394118957,1.975907048999946],[103.3744661700867,1.973320511816452],[103.37426304253403,1.970741060144997],[103.37392511529002,1.968175764137895],[103.37345331458977,1.965631655179869],[103.37284893360622,1.963115706614502],[103.37211362890562,1.960634814629497],[103.37124941590703,1.958195779352934],[103.37025866335824,1.955805286212691],[103.3691440868431,1.953469887609883],[103.36790874133837,1.951195984956691],[103.3665560128402,1.948989811127805],[103.36508960908341,1.946857413373634],[103.36351354937872,1.944804636742144],[103.36183215359628,1.942837108054794],[103.36005003032503,1.940960220480489],[103.35817206424096,1.939179118749907],[103.35620340271862,1.937498685050868],[103.35414944172238,1.935923525643102],[103.35201581101654,1.934457958229624],[103.3498083587346,1.9331060001189],[103.34753313534979,1.931871357210603],[103.34519637709128,1.930757413835046],[103.34280448885104,1.929767223474209],[103.34036402662845,1.928903500389742],[103.33788167956084,1.928168612181081],[103.33536425158897,1.927564573293931],[103.33281864280795,1.92709303949702],[103.33025183055447,1.926755303342261],[103.32767085028253,1.926552290620817],[103.32508277627964,1.926484557824659],[103.32249470227676,1.926552290620817],[103.3199137220048,1.926755303342261],[103.31734690975134,1.92709303949702],[103.31480130097032,1.927564573293931],[103.31228387299845,1.928168612181081],[103.30980152593084,1.928903500389742],[103.30736106370824,1.929767223474209],[103.304969175468,1.930757413835046],[103.3026324172095,1.931871357210603],[103.30035719382468,1.9331060001189],[103.29814974154273,1.934457958229624],[103.2960161108369,1.935923525643102],[103.29396214984067,1.937498685050868],[103.29199348831833,1.939179118749907],[103.29011552223425,1.940960220480489],[103.288333398963,1.942837108054794],[103.28665200318055,1.944804636742144],[103.28507594347586,1.946857413373634],[103.28360953971908,1.948989811127805],[103.28225681122092,1.951195984956691],[103.2810214657162,1.953469887609883],[103.27990688920106,1.955805286212691],[103.27891613665226,1.958195779352934],[103.27805192365366,1.960634814629497],[103.27731661895307,1.963115706614502],[103.2767122379695,1.965631655179869],[103.27624043726927,1.968175764137895],[103.27590251002526,1.970741060144997],[103.27569938247258,1.973320511816452],[103.2756316113697,1.975907048999946],[103.27569938247258,1.978493582155065],[103.27590251002526,1.981073021785512],[103.27624043726927,1.98363829787093],[103.2767122379695,1.986182379244832],[103.27731661895307,1.988698292865852],[103.27805192365366,1.991179142929175],[103.27891613665226,1.993618129765991],[103.27990688920106,1.996008568479145],[103.2810214657162,1.998343907263849],[103.28225681122092,2.000617745363308],[103.28360953971908,2.002823850610084],[103.28507594347586,2.004956176505156],[103.28665200318055,2.007008878787885],[103.288333398963,2.008976331451378],[103.29011552223425,2.010853142159679],[103.29199348831833,2.012634167024244],[103.29396214984067,2.014314524699438],[103.2960161108369,2.015889609758443],[103.29814974154273,2.017355105312848],[103.30035719382468,2.018706994841474],[103.3026324172095,2.019941573196063],[103.304969175468,2.021055456753529],[103.30736106370824,2.022045592687316],[103.30980152593084,2.022909267332061],[103.31228387299845,2.023644113619052],[103.31480130097032,2.024248117561881],[103.31734690975134,2.024719623774681],[103.3199137220048,2.025057340007756],[103.32249470227676,2.025260340688218],[103.32508277627964,2.025328069456],[103.32767085028253,2.025260340688218],[103.33025183055447,2.025057340007756],[103.33281864280795,2.024719623774681],[103.33536425158897,2.024248117561881],[103.33788167956084,2.023644113619052],[103.34036402662845,2.022909267332061],[103.34280448885104,2.022045592687316],[103.34519637709128,2.021055456753529],[103.34753313534979,2.019941573196063],[103.3498083587346,2.018706994841474],[103.35201581101654,2.017355105312848],[103.35414944172238,2.015889609758443],[103.35620340271862,2.014314524699438],[103.35817206424096,2.012634167024244],[103.36005003032503,2.010853142159679],[103.36183215359628,2.008976331451378],[103.36351354937872,2.007008878787885],[103.36508960908341,2.004956176505156],[103.3665560128402,2.002823850610084],[103.36790874133837,2.000617745363308],[103.3691440868431,1.998343907263849],[103.37025866335824,1.996008568479145],[103.37124941590703,1.993618129765991],[103.37211362890562,1.991179142929175],[103.37284893360622,1.988698292865852],[103.37345331458977,1.986182379244832],[103.37392511529002,1.98363829787093],[103.37426304253403,1.981073021785512],[103.3744661700867,1.978493582155065],[103.37453394118957,1.975907048999946]],[[103.36821202943197,2.075019848794905],[103.36814356309517,2.072406937195812],[103.36793835174628,2.069801183111594],[103.3675969578553,2.067209728791338],[103.36712031715918,2.064639677323937],[103.36650973609693,2.062098073167833],[103.36576688822883,2.059591882841331],[103.36489380964922,2.057127975825969],[103.3638928934058,2.054713105735705],[103.3627668829404,2.052353891803262],[103.3615188645695,2.050056800734658],[103.36015225902466,2.04782812898144],[103.35867081207671,2.045673985479451],[103.35707858426873,2.043600274901408],[103.35537993978649,2.041612681469081],[103.35357953449643,2.039716653369743],[103.35168230318432,2.037917387819518],[103.3496934460293,2.036219816814455],[103.3476184143506,2.03462859360877],[103.34546289566583,2.03314807995695],[103.34323279810184,2.031782334155066],[103.34093423420107,2.030535099913975],[103.33857350416737,2.029409796094814],[103.33615707859771,2.028409507335196],[103.33369158074659,2.02753697559168],[103.33118376837224,2.026794592621758],[103.32864051521408,2.026184393425964],[103.3260687921522,2.025708050668235],[103.32347564810082,2.025366870089521],[103.32086819068748,2.025161786927714],[103.31825356677173,2.025093363353259],[103.31563894285597,2.025161786927714],[103.31303148544262,2.025366870089521],[103.31043834139123,2.025708050668235],[103.30786661832938,2.026184393425964],[103.3053233651712,2.026794592621758],[103.30281555279686,2.02753697559168],[103.30035005494574,2.028409507335196],[103.29793362937608,2.029409796094814],[103.29557289934237,2.030535099913975],[103.29327433544161,2.031782334155066],[103.29104423787763,2.03314807995695],[103.28888871919284,2.03462859360877],[103.28681368751414,2.036219816814455],[103.28482483035913,2.037917387819518],[103.28292759904701,2.039716653369743],[103.28112719375696,2.041612681469081],[103.27942854927471,2.043600274901408],[103.27783632146675,2.045673985479451],[103.27635487451877,2.04782812898144],[103.27498826897394,2.050056800734658],[103.27374025060304,2.052353891803262],[103.27261424013764,2.054713105735705],[103.27161332389423,2.057127975825969],[103.27074024531461,2.059591882841331],[103.2699973974465,2.062098073167833],[103.26938681638427,2.064639677323924],[103.26891017568816,2.067209728791338],[103.26856878179717,2.069801183111594],[103.26836357044827,2.072406937195812],[103.26829510411147,2.075019848794905],[103.26836357044827,2.077632756076661],[103.26856878179717,2.080238497256173],[103.26891017568816,2.082829930225747],[103.26938681638427,2.085399952130427],[103.2699973974465,2.087941518835627],[103.27074024531461,2.090447664233384],[103.27161332389423,2.09291151933441],[103.27261424013764,2.095326331093542],[103.27374025060304,2.097685480917135],[103.27498826897394,2.099982502801551],[103.27635487451877,2.102211101053269],[103.27783632146675,2.104365167541689],[103.27942854927471,2.106438798437944],[103.28112719375696,2.108426310393225],[103.28292759904701,2.110322256112942],[103.28482483035913,2.112121439283568],[103.28681368751414,2.113818928811573],[103.28888871919284,2.115410072335484],[103.29104423787763,2.116890508973773],[103.29327433544161,2.118256181274157],[103.29557289934237,2.119503346331097],[103.29793362937608,2.120628586041434],[103.30035005494574,2.121628816469933],[103.30281555279686,2.12250129629915],[103.3053233651712,2.123243634340354],[103.30786661832938,2.123853796085269],[103.31043834139123,2.124330109280289],[103.31303148544262,2.124671268508334],[103.31563894285597,2.124876338765447],[103.31825356677173,2.124944758022567],[103.32086819068748,2.124876338765447],[103.32347564810082,2.124671268508334],[103.3260687921522,2.124330109280289],[103.32864051521408,2.123853796085269],[103.33118376837224,2.123243634340354],[103.33369158074659,2.12250129629915],[103.33615707859771,2.121628816469933],[103.33857350416737,2.120628586041434],[103.34093423420107,2.119503346331097],[103.34323279810184,2.118256181274157],[103.34546289566583,2.116890508973773],[103.3476184143506,2.115410072335484],[103.3496934460293,2.113818928811573],[103.35168230318432,2.112121439283568],[103.35357953449643,2.110322256112942],[103.35537993978649,2.108426310393225],[103.35707858426873,2.106438798437944],[103.35867081207671,2.104365167541689],[103.36015225902466,2.102211101053269],[103.3615188645695,2.099982502801551],[103.3627668829404,2.097685480917135],[103.3638928934058,2.095326331093542],[103.36489380964922,2.09291151933441],[103.36576688822883,2.090447664233384],[103.36650973609693,2.087941518835627],[103.36712031715918,2.085399952130427],[103.3675969578553,2.082829930225747],[103.36793835174628,2.080238497256173],[103.36814356309517,2.077632756076661],[103.36821202943197,2.075019848794905]],[[103.34181699662341,2.186527168698248],[103.34177122002215,2.184780302599956],[103.34163401568885,2.183038222516714],[103.34140575969106,2.181305703395468],[103.3410870776626,2.179587493993499],[103.34067884308878,2.17788830386195],[103.34018217491213,2.176212790436514],[103.33959843446567,2.174565546271032],[103.33892922174135,2.172951086448526],[103.33817637100474,2.171373836204645],[103.33734194576735,2.169838118797064],[103.3364282331308,2.168348143654434],[103.3354377375179,2.166907994837138],[103.33437317380827,2.165521619841589],[103.33323745989706,2.164192818778834],[103.33203370869713,2.162925233957029],[103.33076521960686,2.161722339896358],[103.32943546946669,2.160587433804007],[103.3280481030293,2.159523626534924],[103.32660692296966,2.158533834063564],[103.32511587946216,2.15762076948972],[103.32357905935342,2.156786935600508],[103.32200067496049,2.156034618008896],[103.3203850525253,2.155365878887572],[103.31873662035667,2.154782551315335],[103.31705989669256,2.154286234251587],[103.31535947731601,2.153878288152577],[103.31364002295831,2.153559831241638],[103.31190624652436,2.15333173644335],[103.31016290017484,2.153194628990402],[103.30841476230093,2.153148884709386],[103.306666624427,2.153194628990402],[103.3049232780775,2.15333173644335],[103.30318950164353,2.153559831241638],[103.30147004728585,2.153878288152577],[103.2997696279093,2.154286234251587],[103.29809290424518,2.154782551315335],[103.29644447207654,2.155365878887572],[103.29482884964136,2.156034618008896],[103.29325046524845,2.156786935600508],[103.29171364513968,2.15762076948972],[103.29022260163218,2.158533834063564],[103.28878142157257,2.159523626534924],[103.28739405513517,2.160587433804007],[103.286064304995,2.161722339896358],[103.28479581590472,2.162925233957029],[103.2835920647048,2.164192818778834],[103.28245635079357,2.165521619841589],[103.28139178708396,2.166907994837138],[103.28040129147105,2.168348143654434],[103.27948757883449,2.169838118797064],[103.27865315359713,2.171373836204645],[103.2779003028605,2.172951086448526],[103.27723109013618,2.174565546271032],[103.27664734968972,2.176212790436514],[103.27615068151309,2.17788830386195],[103.27574244693925,2.179587493993499],[103.2754237649108,2.181305703395468],[103.27519550891299,2.183038222516714],[103.2750583045797,2.184780302599956],[103.27501252797843,2.186527168698248],[103.2750583045797,2.188274032763057],[103.27519550891299,2.190016106768158],[103.2754237649108,2.191748615833164],[103.27574244693925,2.193466811310996],[103.27615068151309,2.195165983803074],[103.27664734968972,2.196841476066932],[103.27723109013618,2.198488695780614],[103.2779003028605,2.200103128128979],[103.27865315359713,2.201680348177412],[103.27948757883449,2.203216032999041],[103.28040129147105,2.204705973522237],[103.28139178708396,2.206146086065929],[103.28245635079357,2.207532423531098],[103.2835920647048,2.208861186217917],[103.28479581590472,2.210128732238685],[103.286064304995,2.211331587498306],[103.28739405513517,2.212466455214734],[103.28878142157257,2.213530224953448],[103.29022260163218,2.214519981151206],[103.29171364513968,2.215433011105616],[103.29325046524845,2.216266812408887],[103.29482884964136,2.217019099805039],[103.29644447207654,2.217687811452235],[103.29809290424518,2.218271114572673],[103.2997696279093,2.218767410474855],[103.30147004728585,2.219175338934381],[103.30318950164353,2.219493781921196],[103.3049232780775,2.219721866663257],[103.306666624427,2.21985896803805],[103.30841476230093,2.219904710285598],[103.31016290017484,2.21985896803805],[103.31190624652436,2.219721866663257],[103.31364002295831,2.219493781921196],[103.31535947731601,2.219175338934381],[103.31705989669256,2.218767410474855],[103.31873662035667,2.218271114572673],[103.3203850525253,2.217687811452235],[103.32200067496049,2.217019099805039],[103.32357905935342,2.216266812408887],[103.32511587946216,2.215433011105616],[103.32660692296966,2.214519981151206],[103.3280481030293,2.213530224953448],[103.32943546946669,2.212466455214734],[103.33076521960686,2.211331587498306],[103.33203370869713,2.210128732238685],[103.33323745989706,2.208861186217917],[103.33437317380827,2.207532423531098],[103.3354377375179,2.206146086065929],[103.3364282331308,2.204705973522237],[103.33734194576735,2.203216032999041],[103.33817637100474,2.201680348177412],[103.33892922174135,2.200103128128979],[103.33959843446567,2.198488695780614],[103.34018217491213,2.196841476066932],[103.34067884308878,2.195165983803074],[103.3410870776626,2.193466811310996],[103.34140575969106,2.191748615833164],[103.34163401568885,2.190016106768158],[103.34177122002215,2.188274032763057],[103.34181699662341,2.186527168698248]],[[103.53587573470394,2.146054019408776],[103.53582853856527,2.14425293466416],[103.53568707951062,2.142456784456495],[103.5354517452694,2.140670491936441],[103.53512318087644,2.138898953252364],[103.53470228690388,2.137147024129848],[103.53419021699285,2.135419506561789],[103.53358837469136,2.133721135645594],[103.53289840960738,2.132056566603623],[103.5321222128872,2.130430362022352],[103.53126191203206,2.128846979345303],[103.53031986506689,2.127310758654128],[103.52929865407684,2.125825910771209],[103.5282010781303,2.124396505716399],[103.52703014560664,2.123026461549781],[103.52578906595055,2.121719533630715],[103.52448124087505,2.120479304322921],[103.52311025503779,2.119309173173682],[103.52167986621565,2.118212347594068],[103.52019399500497,2.117191834065983],[103.51865671407545,2.11625042989979],[103.51707223700726,2.115390715565465],[103.51544490674192,2.114615047618145],[103.51377918367858,2.113925552237427],[103.51207963344834,2.113324119398338],[103.51035091440028,2.112812397689759],[103.50859776483314,2.112391789794662],[103.50682499000803,2.112063448644512],[103.50503744897749,2.111828274258312],[103.50324004126726,2.111686911275132],[103.50143769344696,2.111639747186721],[103.49963534562663,2.111686911275132],[103.49783793791642,2.111828274258312],[103.49605039688588,2.112063448644512],[103.49427762206075,2.112391789794662],[103.49252447249361,2.112812397689759],[103.49079575344555,2.113324119398338],[103.48909620321533,2.113925552237427],[103.48743048015199,2.114615047618145],[103.48580314988665,2.115390715565465],[103.48421867281847,2.11625042989979],[103.48268139188893,2.117191834065983],[103.48119552067824,2.118212347594068],[103.4797651318561,2.119309173173682],[103.47839414601884,2.120479304322921],[103.47708632094336,2.121719533630715],[103.47584524128726,2.123026461549781],[103.4746743087636,2.124396505716399],[103.47357673281705,2.125825910771209],[103.47255552182702,2.127310758654128],[103.47161347486183,2.128846979345303],[103.4707531740067,2.130430362022352],[103.46997697728652,2.132056566603623],[103.46928701220253,2.133721135645594],[103.46868516990105,2.135419506561789],[103.46817309999003,2.137147024129848],[103.46775220601745,2.138898953252364],[103.46742364162449,2.140670491936441],[103.46718830738328,2.142456784456495],[103.46704684832864,2.14425293466416],[103.46699965218995,2.146054019408776],[103.46704684832864,2.147855102031798],[103.46718830738328,2.149651245897855],[103.46742364162449,2.151437527925808],[103.46775220601745,2.153209052082242],[103.46817309999003,2.154960962800733],[103.46868516990105,2.156688458290018],[103.46928701220253,2.158386803694589],[103.46997697728652,2.16005134407162],[103.4707531740067,2.161677517148671],[103.47161347486183,2.163260865827397],[103.47255552182702,2.164797050398628],[103.47357673281705,2.166281860435732],[103.4746743087636,2.1677112263335],[103.47584524128723,2.169081230460852],[103.47708632094336,2.170388117897119],[103.47839414601884,2.171628306722113],[103.4797651318561,2.172798397832112],[103.48119552067824,2.173895184254672],[103.48268139188893,2.174915659936954],[103.48421867281847,2.175857027983216],[103.48580314988665,2.176716708319218],[103.48743048015199,2.177492344762317],[103.48909620321533,2.178181811478096],[103.49079575344555,2.178783218805574],[103.49252447249361,2.17929491843539],[103.49427762206075,2.179715507926463],[103.49605039688588,2.180043834548971],[103.49783793791642,2.180278998443068],[103.49963534562663,2.180420355084655],[103.50143769344696,2.180467517051458],[103.50324004126726,2.180420355084655],[103.50503744897749,2.180278998443068],[103.50682499000803,2.180043834548971],[103.50859776483314,2.179715507926463],[103.51035091440028,2.17929491843539],[103.51207963344834,2.178783218805574],[103.51377918367858,2.178181811478096],[103.51544490674192,2.177492344762317],[103.51707223700726,2.176716708319218],[103.51865671407545,2.175857027983216],[103.52019399500497,2.174915659936954],[103.52167986621565,2.173895184254672],[103.52311025503779,2.172798397832112],[103.52448124087505,2.171628306722113],[103.52578906595055,2.170388117897119],[103.52703014560664,2.169081230460852],[103.5282010781303,2.1677112263335],[103.52929865407684,2.166281860435732],[103.53031986506689,2.164797050398628],[103.53126191203206,2.163260865827397],[103.5321222128872,2.161677517148671],[103.53289840960738,2.16005134407162],[103.53358837469136,2.158386803694589],[103.53419021699285,2.156688458290018],[103.53470228690388,2.154960962800733],[103.53512318087644,2.153209052082242],[103.5354517452694,2.151437527925808],[103.53568707951062,2.149651245897855],[103.53582853856527,2.147855102031798],[103.53587573470394,2.146054019408776]],[[103.62233847285952,2.494637818288159],[103.62229243374712,2.492881320557334],[103.62215444259994,2.491129634929929],[103.6219248776421,2.489387562684935],[103.62160436809519,2.487659878770443],[103.62119379245364,2.485951318715362],[103.6206942760767,2.484266565648886],[103.62010718810407,2.482610237463419],[103.61943413770304,2.480986874156121],[103.61867696965801,2.479400925383815],[103.61783775931396,2.477856738265321],[103.61691880688808,2.476358545464733],[103.61592263116512,2.474910453588342],[103.61485196259349,2.473516431926828],[103.61370973580131,2.472180301573878],[103.61249908155283,2.470905724950943],[103.61122331816722,2.469696195766747],[103.60988594242319,2.468555029439352],[103.60849061997473,2.467485354006782],[103.60704117530368,2.466490101551384],[103.60554158123712,2.465572000161276],[103.60399594805817,2.464733566450962],[103.60240851223993,2.463977098661748],[103.60078362483364,2.463304670360763],[103.59912573954273,2.462718124755905],[103.59743940051553,2.4622190696424],[103.59572922989013,2.461808872994653],[103.59399991512531,2.461488659215674],[103.59225619615266,2.461259306054335],[103.59050285238467,2.461121442198692],[103.58874468961474,2.461075445552444],[103.58698652684481,2.461121442198692],[103.5852331830768,2.461259306054335],[103.58348946410416,2.461488659215674],[103.58176014933935,2.461808872994653],[103.58004997871393,2.4622190696424],[103.57836363968674,2.462718124755905],[103.57670575439583,2.463304670360763],[103.57508086698954,2.463977098661748],[103.57349343117129,2.464733566450962],[103.57194779799235,2.465572000161276],[103.57044820392579,2.466490101551384],[103.56899875925474,2.467485354006782],[103.56760343680628,2.468555029439352],[103.56626606106227,2.469696195766747],[103.56499029767663,2.470905724950943],[103.56377964342818,2.472180301573878],[103.56263741663598,2.473516431926828],[103.56156674806435,2.474910453588342],[103.56057057234139,2.476358545464733],[103.55965161991551,2.477856738265321],[103.55881240957146,2.479400925383815],[103.55805524152645,2.480986874156121],[103.55738219112541,2.482610237463419],[103.55679510315278,2.484266565648886],[103.55629558677585,2.485951318715362],[103.55588501113428,2.487659878770443],[103.55556450158737,2.489387562684935],[103.55533493662954,2.491129634929929],[103.55519694548235,2.492881320557334],[103.55515090636993,2.494637818288159],[103.55519694548235,2.496394313672983],[103.55533493662954,2.498145992288027],[103.55556450158737,2.499888052931159],[103.55588501113428,2.501615720781408],[103.55629558677585,2.503324260485862],[103.55679510315278,2.505008989138273],[103.55738219112541,2.506665289113747],[103.55805524152645,2.508288620724184],[103.55881240957146,2.50987453466004],[103.55965161991551,2.511418684184186],[103.56057057234139,2.512916837044399],[103.56156674806435,2.514364887072006],[103.56263741663598,2.51575886543481],[103.56377964342818,2.517094951513523],[103.56499029767663,2.518369483371766],[103.56626606106227,2.519578967791271],[103.56760343680628,2.520720089844429],[103.56899875925474,2.521789721978301],[103.57044820392579,2.522784932584902],[103.57194779799235,2.523702994034648],[103.57349343117129,2.524541390150615],[103.57508086698954,2.525297823103392],[103.57670575439583,2.525970219707528],[103.57836363968674,2.526556737102393],[103.58004997871393,2.527055767801845],[103.58176014933935,2.527465944098966],[103.58348946410416,2.527786141813688],[103.5852331830768,2.528015483373191],[103.58698652684481,2.528153340216474],[103.58874468961474,2.528199334516708],[103.59050285238467,2.528153340216474],[103.59225619615266,2.528015483373191],[103.59399991512531,2.527786141813688],[103.59572922989013,2.527465944098966],[103.59743940051553,2.527055767801845],[103.59912573954273,2.526556737102393],[103.60078362483364,2.525970219707528],[103.60240851223993,2.525297823103392],[103.60399594805817,2.524541390150615],[103.60554158123712,2.523702994034648],[103.60704117530368,2.522784932584902],[103.60849061997473,2.521789721978301],[103.60988594242319,2.520720089844429],[103.61122331816722,2.519578967791271],[103.61249908155283,2.518369483371766],[103.61370973580131,2.517094951513523],[103.61485196259349,2.51575886543481],[103.61592263116512,2.514364887072006],[103.61691880688808,2.512916837044399],[103.61783775931396,2.511418684184186],[103.61867696965801,2.50987453466004],[103.61943413770304,2.508288620724184],[103.62010718810407,2.506665289113747],[103.6206942760767,2.505008989138273],[103.62119379245364,2.503324260485862],[103.62160436809519,2.501615720781408],[103.6219248776421,2.499888052931159],[103.62215444259994,2.498145992288027],[103.62229243374712,2.496394313672983],[103.62233847285952,2.494637818288159]],[[103.8428269199789,2.215113731944322],[103.84277564989276,2.213157268103615],[103.84262198016205,2.211206164223069],[103.84236633198483,2.209265768176749],[103.842009406075,2.20734139850995],[103.84155218074166,2.20543832986075],[103.84099590920763,2.203561778501888],[103.84034211617458,2.201716888042107],[103.83959259364373,2.199908715326743],[103.83874939600426,2.198142216575835],[103.83781483440227,2.196422233797794],[103.83679147040615,2.194753481516138],[103.83568210898551,2.193140533845432],[103.83448979082289,2.191587811951903],[103.83321778397944,2.190099571933399],[103.83186957493756,2.188679893151492],[103.83044885904451,2.187332667048091],[103.82895953038377,2.186061586477122],[103.82740567110172,2.184870135580455],[103.82579154021862,2.183761580235973],[103.82412156195502,2.182738959103978],[103.82240031360527,2.181805075296341],[103.82063251299145,2.180962488691493],[103.81882300553218,2.180213508916172],[103.81697675096163,2.179560189013184],[103.81509880973522,2.179004319812659],[103.81319432915932,2.178547425022188],[103.81126852928283,2.178190757049223],[103.80932668858934,2.177935293567392],[103.80737412952921,2.177781734835948],[103.80541620393112,2.177730501779902],[103.80345827833303,2.177781734835948],[103.80150571927291,2.177935293567392],[103.79956387857942,2.178190757049223],[103.79763807870293,2.178547425022188],[103.79573359812704,2.179004319812659],[103.79385565690063,2.179560189013184],[103.79200940233007,2.180213508916172],[103.7901998948708,2.180962488691493],[103.78843209425698,2.181805075296341],[103.78671084590724,2.182738959103978],[103.78504086764364,2.183761580235973],[103.78342673676053,2.184870135580455],[103.78187287747848,2.186061586477122],[103.78038354881775,2.187332667048091],[103.77896283292469,2.188679893151492],[103.77761462388283,2.190099571933399],[103.77634261703938,2.191587811951903],[103.77515029887674,2.193140533845432],[103.77404093745609,2.194753481516138],[103.77301757346,2.196422233797794],[103.77208301185799,2.198142216575835],[103.77123981421852,2.199908715326743],[103.77049029168766,2.201716888042107],[103.76983649865463,2.203561778501888],[103.7692802271206,2.20543832986075],[103.76882300178725,2.20734139850995],[103.76846607587743,2.209265768176749],[103.76821042770021,2.211206164223069],[103.76805675796949,2.213157268103615],[103.76800548788334,2.215113731944322],[103.76805675796949,2.21707019320093],[103.76821042770021,2.219021289357462],[103.76846607587743,2.220961672624503],[103.76882300178725,2.22288602459677],[103.7692802271206,2.224789070830018],[103.76983649865463,2.226665595297163],[103.77049029168766,2.228510454684032],[103.77123981421852,2.230318592485748],[103.77208301185799,2.232085052864815],[103.77301757346,2.233804994233218],[103.77404093745609,2.23547370252111],[103.77515029887674,2.237086604095987],[103.77634261703938,2.238639278296589],[103.77761462388283,2.240127469547648],[103.77896283292469,2.241547099021886],[103.78038354881775,2.242894275817619],[103.78187287747848,2.244165307621156],[103.78342673676053,2.245356710824922],[103.78504086764364,2.246465220073549],[103.78671084590724,2.247487797211806],[103.78843209425698,2.248421639609804],[103.7901998948708,2.249264187842812],[103.79200940233007,2.250013132704497],[103.79385565690063,2.250666421534586],[103.79573359812704,2.251222263843382],[103.79763807870293,2.251679136217926],[103.79956387857942,2.252035786496358],[103.80150571927291,2.252291237198911],[103.80345827833303,2.252444788206354],[103.80541620393112,2.252496018678288],[103.80737412952921,2.252444788206354],[103.80932668858934,2.252291237198911],[103.81126852928283,2.252035786496358],[103.81319432915932,2.251679136217926],[103.81509880973522,2.251222263843382],[103.81697675096163,2.250666421534586],[103.81882300553218,2.250013132704497],[103.82063251299145,2.249264187842812],[103.82240031360527,2.248421639609804],[103.82412156195502,2.247487797211806],[103.82579154021862,2.246465220073549],[103.82740567110172,2.245356710824922],[103.82895953038377,2.244165307621156],[103.83044885904451,2.242894275817619],[103.83186957493756,2.241547099021886],[103.83321778397944,2.240127469547648],[103.83448979082289,2.238639278296589],[103.83568210898551,2.237086604095987],[103.83679147040615,2.23547370252111],[103.83781483440227,2.233804994233218],[103.83874939600426,2.232085052864815],[103.83959259364373,2.230318592485748],[103.84034211617458,2.228510454684032],[103.84099590920763,2.226665595297163],[103.84155218074166,2.224789070830018],[103.842009406075,2.22288602459677],[103.84236633198483,2.220961672624503],[103.84262198016205,2.219021289357462],[103.84277564989276,2.21707019320093],[103.8428269199789,2.215113731944322]],[[103.7491992128885,1.892024677656993],[103.74915582681189,1.890368732722869],[103.74902578750019,1.888717325045602],[103.74880945138216,1.887074981039552],[103.74850741142004,1.885446202288919],[103.74812049548439,1.883835453208645],[103.74764976408488,1.882247148807405],[103.74709650746358,1.880685642585639],[103.7464622420584,1.879155214602166],[103.74574870634676,1.877660059741969],[103.74495785608043,1.876204276217384],[103.74409185892502,1.874791854333995],[103.74315308851854,1.873426665552474],[103.7421441179654,1.872112451875923],[103.7410677127838,1.870852815591986],[103.73992682332549,1.869651209397993],[103.7387245766892,1.868510926936044],[103.73746426814935,1.867435093763956],[103.73614935212407,1.866426658787071],[103.73478343270679,1.86548838617414],[103.7333702537877,1.864622847779667],[103.73191368879195,1.863832416093431],[103.73041773006297,1.863119257736443],[103.72888647791966,1.86248532752126],[103.7273241294177,1.861932363093005],[103.72573496684575,1.861461880165672],[103.72412334598795,1.861075168366797],[103.722493684185,1.860773287701961],[103.72085044822671,1.860557065648837],[103.7191981421086,1.860427094888625],[103.71754129468685,1.860383731681248],[103.71588444726511,1.860427094888625],[103.714232141147,1.860557065648837],[103.71258890518871,1.860773287701961],[103.71095924338576,1.861075168366797],[103.70934762252796,1.861461880165672],[103.70775845995601,1.861932363093005],[103.70619611145405,1.86248532752126],[103.70466485931074,1.863119257736443],[103.70316890058176,1.863832416093431],[103.70171233558601,1.864622847779667],[103.70029915666692,1.86548838617414],[103.69893323724963,1.866426658787071],[103.69761832122435,1.867435093763956],[103.69635801268451,1.868510926936044],[103.69515576604822,1.869651209397993],[103.6940148765899,1.870852815591986],[103.69293847140831,1.872112451875923],[103.69192950085517,1.873426665552474],[103.69099073044869,1.874791854333995],[103.69012473329327,1.876204276217384],[103.68933388302695,1.877660059741969],[103.68862034731531,1.879155214602166],[103.68798608191013,1.880685642585639],[103.68743282528882,1.882247148807405],[103.68696209388932,1.883835453208645],[103.68657517795367,1.885446202288919],[103.68627313799155,1.887074981039552],[103.68605680187352,1.888717325045602],[103.68592676256182,1.890368732722869],[103.68588337648521,1.892024677656993],[103.68592676256182,1.893680621010114],[103.68605680187352,1.895332023961726],[103.68627313799155,1.896974360149196],[103.68657517795367,1.898603128074048],[103.68696209388932,1.900213863439898],[103.68743282528882,1.901802151388357],[103.68798608191013,1.903363638599236],[103.68862034731531,1.904894045222001],[103.68933388302695,1.906389176605698],[103.69012473329327,1.907844934795231],[103.69099073044869,1.909257329762552],[103.69192950085517,1.910622490341904],[103.69293847140831,1.911936674839207],[103.6940148765899,1.913196281286462],[103.69515576604822,1.91439785731325],[103.69635801268451,1.915538109607994],[103.69761832122435,1.9166139129434],[103.69893323724963,1.917622318741025],[103.70029915666692,1.918560563151812],[103.70171233558601,1.919426074630217],[103.70316890058176,1.920216480981389],[103.70466485931074,1.920929615861901],[103.70619611145405,1.921563524716377],[103.70775845995601,1.922116470133744],[103.70934762252796,1.922586936608296],[103.71095924338576,1.92297363469276],[103.71258890518871,1.923275504531802],[103.714232141147,1.923491718766359],[103.71588444726511,1.923621684800903],[103.71754129468685,1.92366504642729],[103.7191981421086,1.923621684800903],[103.72085044822671,1.923491718766359],[103.722493684185,1.923275504531802],[103.72412334598795,1.92297363469276],[103.72573496684575,1.922586936608296],[103.7273241294177,1.922116470133744],[103.72888647791966,1.921563524716377],[103.73041773006297,1.920929615861901],[103.73191368879195,1.920216480981389],[103.7333702537877,1.919426074630217],[103.73478343270679,1.918560563151812],[103.73614935212407,1.917622318741025],[103.73746426814935,1.9166139129434],[103.7387245766892,1.915538109607994],[103.73992682332549,1.91439785731325],[103.7410677127838,1.913196281286462],[103.7421441179654,1.911936674839207],[103.74315308851854,1.910622490341904],[103.74409185892502,1.909257329762552],[103.74495785608043,1.907844934795231],[103.74574870634676,1.906389176605698],[103.7464622420584,1.904894045222001],[103.74709650746358,1.903363638599236],[103.74764976408488,1.901802151388357],[103.74812049548439,1.900213863439898],[103.74850741142004,1.898603128074048],[103.74880945138216,1.896974360149196],[103.74902578750019,1.895332023961726],[103.74915582681189,1.893680621010114],[103.7491992128885,1.892024677656993]],[[103.82350148151862,1.713124284387828],[103.82345325860383,1.711283547791136],[103.82330872203514,1.709447854765951],[103.82306826797719,1.707622236842823],[103.8227325554979,1.705811697951259],[103.82230250476178,1.70402120070387],[103.82177929450803,1.702255652793627],[103.82116435881962,1.700519893541457],[103.82045938319249,1.698818680631174],[103.81966629991584,1.697156677067992],[103.81878728277579,1.695538438396512],[103.81782474109727,1.693968400212974],[103.81678131314004,1.692450866006482],[103.81565985886769,1.690989995361955],[103.81446345210836,1.68958979255765],[103.81319537212985,1.688254095588252],[103.81185909465125,1.686986565643699],[103.8104582823162,1.685790677072668],[103.80899677465396,1.684669707858078],[103.80747857755547,1.683626730630988],[103.80590785229343,1.682664604247233],[103.80428890411659,1.68178596595015],[103.80262617044939,1.680993224140767],[103.80092420872921,1.680288551775339],[103.79918768391487,1.679673880408224],[103.79742135570014,1.679150894896674],[103.79563006546789,1.678721028781784],[103.79381872302015,1.678385460358495],[103.79199229312064,1.678145109445282],[103.79015578188678,1.678000634862495],[103.78831422306823,1.677952432626201],[103.78647266424966,1.678000634862495],[103.78463615301581,1.678145109445282],[103.78280972311629,1.678385460358495],[103.78099838066855,1.678721028781784],[103.77920709043632,1.679150894896674],[103.77744076222159,1.679673880408224],[103.77570423740723,1.680288551775339],[103.77400227568707,1.680993224140767],[103.77233954201985,1.68178596595015],[103.77072059384301,1.682664604247233],[103.76914986858098,1.683626730630988],[103.76763167148248,1.684669707858078],[103.76617016382023,1.685790677072668],[103.7647693514852,1.686986565643699],[103.7634330740066,1.688254095588252],[103.76216499402808,1.68958979255765],[103.76096858726875,1.690989995361955],[103.7598471329964,1.692450866006482],[103.75880370503917,1.693968400212974],[103.75784116336065,1.695538438396512],[103.75696214622062,1.697156677067992],[103.75616906294395,1.698818680631174],[103.75546408731684,1.700519893541457],[103.7548491516284,1.702255652793627],[103.75432594137467,1.70402120070387],[103.75389589063856,1.705811697951259],[103.75356017815926,1.707622236842823],[103.7533197241013,1.709447854765951],[103.7531751875326,1.711283547791136],[103.75312696461782,1.713124284387828],[103.7531751875326,1.714965019215814],[103.7533197241013,1.716800706954256],[103.75356017815926,1.718626316130514],[103.75389589063856,1.720436842910959],[103.75432594137467,1.722227324815619],[103.7548491516284,1.723992854319649],[103.75546408731684,1.725728592303768],[103.75616906294395,1.727429781317195],[103.75696214622062,1.729091758616527],[103.75784116336065,1.730709968944927],[103.75880370503917,1.732279977016665],[103.7598471329964,1.733797479672576],[103.76096858726875,1.735258317673391],[103.76216499402808,1.736658487098512],[103.7634330740066,1.737994150318982],[103.7647693514852,1.739261646514592],[103.76617016382023,1.740457501706453],[103.76763167148248,1.74157843827733],[103.76914986858098,1.74262138395384],[103.77072059384301,1.743583480225807],[103.77233954201985,1.74446209017981],[103.77400227568707,1.745254805725343],[103.77570423740723,1.74595945419394],[103.77744076222159,1.746574104293005],[103.77920709043632,1.747097071398341],[103.78099838066855,1.747526922170502],[103.78280972311629,1.747862478482659],[103.78463615301581,1.748102820649029],[103.78647266424966,1.748247289945072],[103.78831422306823,1.748295490412647],[103.79015578188678,1.748247289945072],[103.79199229312064,1.748102820649029],[103.79381872302015,1.747862478482659],[103.79563006546789,1.747526922170502],[103.79742135570014,1.747097071398341],[103.79918768391487,1.746574104293005],[103.80092420872921,1.74595945419394],[103.80262617044939,1.745254805725343],[103.80428890411659,1.74446209017981],[103.80590785229343,1.743583480225807],[103.80747857755547,1.74262138395384],[103.80899677465396,1.74157843827733],[103.8104582823162,1.740457501706453],[103.81185909465125,1.739261646514592],[103.81319537212985,1.737994150318982],[103.81446345210836,1.736658487098512],[103.81565985886769,1.735258317673391],[103.81678131314004,1.733797479672576],[103.81782474109727,1.732279977016665],[103.81878728277579,1.730709968944927],[103.81966629991584,1.729091758616527],[103.82045938319249,1.727429781317195],[103.82116435881962,1.725728592303768],[103.82177929450803,1.723992854319649],[103.82230250476178,1.722227324815619],[103.8227325554979,1.720436842910959],[103.82306826797719,1.718626316130514],[103.82330872203514,1.716800706954256],[103.82345325860383,1.714965019215814],[103.82350148151862,1.713124284387828]],[[104.02275238556965,1.887607902240605],[104.02270238395832,1.885699452850442],[104.02255251617527,1.883796232303116],[104.02230319299768,1.881903457221621],[104.02195509780303,1.880026315615396],[104.02150918469609,1.878169952659849],[104.02096667589365,1.876339456593038],[104.02032905837466,1.874539844768383],[104.01959807980441,1.872776049901397],[104.01877574374436,1.87105290654827],[104.01786430416045,1.869375137853441],[104.01686625924529,1.867747342602349],[104.01578434457058,1.866173982614971],[104.01462152558922,1.864659370514683],[104.01338098950725,1.863207657906001],[104.01206613654783,1.861822823993568],[104.01068057063154,1.860508664673714],[104.00922808949822,1.859268782128388],[104.0077126742977,1.858106574950069],[104.00613847867773,1.857025228824718],[104.00450981739907,1.856027707798363],[104.00283115450908,1.855116746151194],[104.00110709110606,1.854294840901566],[103.99934235272795,1.853564244960376],[103.9975417764,1.852926960954628],[103.99571029737673,1.852384735737154],[103.9938529356149,1.851939055597554],[103.99197478201394,1.851591142187377],[103.99008098446235,1.851341949170933],[103.98817673372756,1.851192159610684],[103.9862672492285,1.851142184094651],[103.98435776472942,1.851192159610684],[103.98245351399463,1.851341949170933],[103.98055971644304,1.851591142187377],[103.9786815628421,1.851939055597554],[103.97682420108025,1.852384735737154],[103.974992722057,1.852926960954628],[103.97319214572904,1.853564244960376],[103.97142740735093,1.854294840901566],[103.96970334394791,1.855116746151194],[103.96802468105791,1.856027707798363],[103.96639601977927,1.857025228824718],[103.96482182415929,1.858106574950069],[103.96330640895877,1.859268782128388],[103.96185392782546,1.860508664673714],[103.96046836190915,1.861822823993568],[103.95915350894973,1.863207657906001],[103.95791297286776,1.864659370514683],[103.95675015388642,1.866173982614971],[103.9556682392117,1.867747342602349],[103.95467019429653,1.869375137853441],[103.95375875471264,1.87105290654827],[103.95293641865257,1.872776049901397],[103.95220544008232,1.874539844768383],[103.95156782256333,1.876339456593038],[103.95102531376091,1.878169952659849],[103.95057940065396,1.880026315615396],[103.95023130545933,1.881903457221621],[103.94998198228171,1.883796232303116],[103.94983211449868,1.885699452850442],[103.94978211288735,1.887607902240605],[103.94983211449868,1.889516349535763],[103.94998198228171,1.891419563821048],[103.95023130545933,1.893312328542038],[103.95057940065396,1.895189455802842],[103.95102531376091,1.897045800585209],[103.95156782256333,1.898876274850169],[103.95220544008232,1.900675861483203],[103.95293641865257,1.902439628044792],[103.95375875471264,1.904162740288863],[103.95467019429653,1.905840475411805],[103.9556682392117,1.907468234996017],[103.95675015388642,1.909041557612272],[103.95791297286776,1.910556131046657],[103.95915350894973,1.912007804118298],[103.96046836190915,1.913392598055712],[103.96185392782546,1.914706717400549],[103.96330640895877,1.915946560408832],[103.96482182415929,1.917108728921262],[103.96639601977927,1.918190037675503],[103.96802468105791,1.91918752303499],[103.96970334394791,1.920098451110272],[103.97142740735093,1.920920325250844],[103.97319214572904,1.92165089288665],[103.974992722057,1.922288151700776],[103.97682420108025,1.922830355116413],[103.9786815628421,1.923276017082833],[103.98055971644304,1.923623916147588],[103.98245351399463,1.923873098803541],[103.98435776472942,1.924022882101735],[103.9862672492285,1.924072855522775],[103.98817673372756,1.924022882101735],[103.99008098446235,1.923873098803541],[103.99197478201394,1.923623916147588],[103.9938529356149,1.923276017082833],[103.99571029737673,1.922830355116413],[103.9975417764,1.922288151700776],[103.99934235272795,1.92165089288665],[104.00110709110606,1.920920325250844],[104.00283115450908,1.920098451110272],[104.00450981739907,1.91918752303499],[104.00613847867773,1.918190037675503],[104.0077126742977,1.917108728921262],[104.00922808949822,1.915946560408832],[104.01068057063154,1.914706717400549],[104.01206613654783,1.913392598055712],[104.01338098950725,1.912007804118298],[104.01462152558922,1.910556131046657],[104.01578434457058,1.909041557612272],[104.01686625924529,1.907468234996017],[104.01786430416045,1.905840475411805],[104.01877574374436,1.904162740288863],[104.01959807980441,1.902439628044792],[104.02032905837466,1.900675861483203],[104.02096667589365,1.898876274850169],[104.02150918469609,1.897045800585209],[104.02195509780303,1.895189455802842],[104.02230319299768,1.893312328542038],[104.02255251617527,1.891419563821048],[104.02270238395832,1.889516349535763],[104.02275238556965,1.887607902240605]],[[104.02349369627682,1.680630332722578],[104.02344948916499,1.678942856713394],[104.02331698899816,1.677260004507879],[104.02309655895004,1.675586388706273],[104.0227888032041,1.673926596604122],[104.02239456529742,1.672285177618458],[104.02191492580872,1.670666630817702],[104.02135119939649,1.669075392589431],[104.02070493119565,1.667515824479803],[104.01997789258243,1.665992201238073],[104.0191720763191,1.664508699098946],[104.01828969109202,1.663069384334764],[104.0173331554578,1.661678202109116],[104.01630509121414,1.660338965662277],[104.01520831621362,1.659055345858264],[104.01404583664029,1.657830861122018],[104.01282083876988,1.656668867794413],[104.0115366802364,1.655572550931594],[104.01019688082913,1.654544915573671],[104.0088051128451,1.65358877850694],[104.00736519102361,1.652706760542046],[104.00588106209032,1.651901279329477],[104.00435679393945,1.651174542731744],[104.00279656448406,1.650528542770906],[104.00120465020461,1.6499650501675],[103.99958541442754,1.649485609486384],[103.99794329536553,1.649091534902384],[103.99628279395279,1.648783906597516],[103.99460846150826,1.648563567799852],[103.99292488726081,1.648431122471778],[103.99123668577042,1.648386933654299],[103.98954848428002,1.648431122471778],[103.98786491003257,1.648563567799852],[103.98619057758805,1.648783906597516],[103.98453007617529,1.649091534902384],[103.98288795711329,1.649485609486384],[103.9812687213362,1.6499650501675],[103.97967680705676,1.650528542770906],[103.97811657760138,1.651174542731744],[103.97659230945051,1.651901279329477],[103.97510818051722,1.652706760542046],[103.97366825869574,1.65358877850694],[103.9722764907117,1.654544915573671],[103.97093669130443,1.655572550931594],[103.96965253277094,1.656668867794413],[103.96842753490053,1.657830861122018],[103.96726505532722,1.659055345858264],[103.9661682803267,1.660338965662277],[103.96514021608301,1.661678202109116],[103.96418368044881,1.663069384334764],[103.96330129522174,1.664508699098946],[103.9624954789584,1.665992201238073],[103.96176844034518,1.667515824479803],[103.96112217214433,1.669075392589431],[103.9605584457321,1.670666630817702],[103.96007880624342,1.672285177618458],[103.95968456833673,1.673926596604122],[103.95937681259079,1.675586388706273],[103.95915638254267,1.677260004507879],[103.95902388237585,1.678942856713394],[103.95897967526402,1.680630332722578],[103.95902388237585,1.682317807273528],[103.95915638254267,1.684000655120335],[103.95937681259079,1.685674263710504],[103.95968456833673,1.687334045827495],[103.96007880624342,1.68897545216366],[103.9605584457321,1.690593983789188],[103.96112217214433,1.692185204482782],[103.96176844034518,1.693744752890375],[103.9624954789584,1.695268354478557],[103.96330129522174,1.696751833249907],[103.96418368044881,1.698191123188067],[103.96514021608301,1.699582279401472],[103.9661682803267,1.700921488934826],[103.96726505532722,1.702205081218988],[103.96842753490053,1.703429538130532],[103.96965253277094,1.704591503633424],[103.97093669130443,1.705687792976404],[103.9722764907117,1.706715401420843],[103.97366825869574,1.707671512475331],[103.97510818051722,1.708553505614202],[103.97659230945051,1.709358963459007],[103.97811657760138,1.710085678403205],[103.97967680705676,1.710731658662008],[103.9812687213362,1.711295133730723],[103.98288795711329,1.711774559236624],[103.98453007617529,1.712168621171151],[103.98619057758805,1.712476239490846],[103.98786491003257,1.712696571077073],[103.98954848428002,1.712829012046426],[103.99123668577042,1.712873199405672],[103.99292488726081,1.712829012046426],[103.99460846150826,1.712696571077073],[103.99628279395279,1.712476239490846],[103.99794329536553,1.712168621171151],[103.99958541442754,1.711774559236624],[104.00120465020461,1.711295133730723],[104.00279656448406,1.710731658662008],[104.00435679393945,1.710085678403205],[104.00588106209032,1.709358963459007],[104.00736519102361,1.708553505614202],[104.0088051128451,1.707671512475331],[104.01019688082913,1.706715401420843],[104.0115366802364,1.705687792976404],[104.01282083876988,1.704591503633424],[104.01404583664029,1.703429538130532],[104.01520831621362,1.702205081218988],[104.01630509121414,1.700921488934826],[104.0173331554578,1.699582279401472],[104.01828969109202,1.698191123188067],[104.0191720763191,1.696751833249907],[104.01997789258243,1.695268354478557],[104.02070493119565,1.693744752890375],[104.02135119939649,1.692185204482782],[104.02191492580872,1.690593983789188],[104.02239456529742,1.68897545216366],[104.0227888032041,1.687334045827495],[104.02309655895004,1.685674263710504],[104.02331698899816,1.684000655120335],[104.02344948916499,1.682317807273528],[104.02349369627682,1.680630332722578]],[[104.19283884237404,1.594860975672548],[104.19279248037408,1.593091167425415],[104.19265352144923,1.591326208585513],[104.19242234647625,1.589570936802657],[104.19209958908965,1.587830163187274],[104.19168613394504,1.586108659123084],[104.19118311429416,1.5844111431886],[104.19059190887896,1.582742268223154],[104.18991413815237,1.581106608573083],[104.18915165983687,1.57950864755291],[104.18830656383247,1.57795276515596],[104.18738116648862,1.576443226048049],[104.1863780042551,1.574984167877263],[104.18529982672989,1.573579589931771],[104.1841495891226,1.572233342176812],[104.18293044415458,1.570949114701047],[104.18164573341743,1.569730427600901],[104.18029897821401,1.568580621331051],[104.1788938699067,1.567502847547112],[104.17743425979971,1.566500060465926],[104.17592414858288,1.565575008767098],[104.1743676753661,1.564730228057773],[104.17276910633429,1.563968033921692],[104.17113282305397,1.563290515571195],[104.16946331046397,1.562699530119883],[104.16776514458219,1.562196697491582],[104.16604297996331,1.561783395979319],[104.16430153694081,1.561460758466991],[104.162545588689,1.561229669323501],[104.16077994813996,1.561090761978413],[104.15900945479173,1.561044417185379],[104.15723896144351,1.561090761978413],[104.15547332089447,1.561229669323501],[104.15371737264266,1.561460758466991],[104.15197592962016,1.561783395979319],[104.15025376500128,1.562196697491582],[104.1485555991195,1.562699530119883],[104.14688608652948,1.563290515571195],[104.14524980324919,1.563968033921692],[104.14365123421736,1.564730228057773],[104.14209476100059,1.565575008767098],[104.14058464978376,1.566500060465926],[104.13912503967677,1.567502847547112],[104.13771993136946,1.568580621331051],[104.13637317616605,1.569730427600901],[104.1350884654289,1.570949114701047],[104.13386932046087,1.572233342176812],[104.13271908285357,1.573579589931771],[104.13164090532835,1.574984167877263],[104.13063774309485,1.576443226048049],[104.12971234575097,1.57795276515596],[104.1288672497466,1.57950864755291],[104.1281047714311,1.581106608573083],[104.12742700070451,1.582742268223154],[104.12683579528931,1.5844111431886],[104.12633277563843,1.586108659123084],[104.12591932049382,1.587830163187274],[104.12559656310722,1.589570936802657],[104.12536538813423,1.591326208585513],[104.12522642920939,1.593091167425415],[104.12518006720943,1.594860975672548],[104.12522642920939,1.596630782397569],[104.12536538813423,1.598395736687866],[104.12559656310722,1.600151000943456],[104.12591932049382,1.601891764136365],[104.12633277563843,1.603613254997067],[104.12683579528931,1.605310755091728],[104.12742700070451,1.606979611754544],[104.1281047714311,1.60861525083972],[104.1288672497466,1.61021318925802],[104.12971234575097,1.611769047263792],[104.13063774309485,1.613278560458414],[104.13164090532835,1.614737591477721],[104.13271908285357,1.616142141331052],[104.13386932046087,1.617488360360908],[104.1350884654289,1.618772558793375],[104.13637317616605,1.619991216850209],[104.13771993136946,1.621140994394968],[104.13912503967677,1.622218740086735],[104.14058464978376,1.623221500016454],[104.14209476100059,1.624146525802006],[104.14365123421736,1.624991282120127],[104.14524980324919,1.62575345365436],[104.14688608652948,1.626430951439963],[104.1485555991195,1.627021918588646],[104.15025376500128,1.627524735377136],[104.15197592962016,1.627938023685911],[104.15371737264266,1.628260650775765],[104.15547332089447,1.628491732391988],[104.15723896144351,1.628630635187472],[104.15900945479173,1.628676978458407],[104.16077994813996,1.628630635187472],[104.162545588689,1.628491732391988],[104.16430153694081,1.628260650775765],[104.16604297996331,1.627938023685911],[104.16776514458219,1.627524735377136],[104.16946331046397,1.627021918588646],[104.17113282305397,1.626430951439963],[104.17276910633429,1.62575345365436],[104.1743676753661,1.624991282120127],[104.17592414858288,1.624146525802006],[104.17743425979971,1.623221500016454],[104.1788938699067,1.622218740086735],[104.18029897821401,1.621140994394968],[104.18164573341743,1.619991216850209],[104.18293044415458,1.618772558793375],[104.1841495891226,1.617488360360908],[104.18529982672989,1.616142141331052],[104.1863780042551,1.614737591477721],[104.18738116648862,1.613278560458414],[104.18830656383247,1.611769047263792],[104.18915165983687,1.61021318925802],[104.18991413815237,1.60861525083972],[104.19059190887896,1.606979611754544],[104.19118311429416,1.605310755091728],[104.19168613394504,1.603613254997067],[104.19209958908965,1.601891764136365],[104.19242234647625,1.600151000943456],[104.19265352144923,1.598395736687866],[104.19279248037408,1.596630782397569],[104.19283884237404,1.594860975672548]],[[104.19801281648186,1.442591845930707],[104.1979664460522,1.440821591233718],[104.19782746186132,1.439056187311727],[104.19759624485526,1.437300473032751],[104.19727342878373,1.435559260717099],[104.19685989846315,1.433837322946888],[104.1963567873514,1.432139379484228],[104.19576547444105,1.430470084334088],[104.19508758047968,1.42883401298737],[104.19432496352756,1.427235649878993],[104.19347971386468,1.425679376095528],[104.19255414826168,1.424169457366088],[104.1915508036295,1.422710032369094],[104.19047243006605,1.42130510138758],[104.18932198331831,1.419958515343481],[104.18810261668084,1.41867396524146],[104.18681767235286,1.41745497205089],[104.18547067227743,1.416304877054064],[104.18406530848813,1.415226832686789],[104.18260543298945,1.41422379389657],[104.18109504719861,1.413298510042312],[104.17953829097813,1.412453517357402],[104.17793943128858,1.411691131997022],[104.17630285049322,1.41101344368884],[104.17463303434624,1.410422310004279],[104.17293455969768,1.409919351266285],[104.17121208194845,1.409505946107391],[104.16947032229038,1.409183227690378],[104.16771405476555,1.408952080601876],[104.16594809318124,1.408813138427322],[104.16417727791539,1.408766782014043],[104.16240646264951,1.408813138427322],[104.16064050106519,1.408952080601876],[104.15888423354036,1.409183227690378],[104.15714247388229,1.409505946107391],[104.15541999613306,1.409919351266285],[104.15372152148451,1.410422310004279],[104.15205170533754,1.41101344368884],[104.15041512454218,1.411691131997022],[104.14881626485261,1.412453517357402],[104.14725950863215,1.413298510042312],[104.1457491228413,1.41422379389657],[104.14428924734263,1.415226832686789],[104.14288388355332,1.416304877054064],[104.14153688347791,1.41745497205089],[104.14025193914992,1.41867396524146],[104.13903257251245,1.419958515343481],[104.1378821257647,1.42130510138758],[104.13680375220125,1.422710032369094],[104.13580040756908,1.424169457366088],[104.13487484196608,1.425679376095528],[104.1340295923032,1.427235649878993],[104.13326697535108,1.42883401298737],[104.1325890813897,1.430470084334088],[104.13199776847935,1.432139379484228],[104.1314946573676,1.433837322946888],[104.13108112704701,1.435559260717099],[104.13075831097548,1.437300473032751],[104.13052709396942,1.439056187311727],[104.13038810977855,1.440821591233718],[104.13034173934888,1.442591845930707],[104.13038810977855,1.444362099250311],[104.13052709396942,1.446127499055176],[104.13075831097548,1.447883206522435],[104.13108112704701,1.449624409406381],[104.1314946573676,1.45134633522824],[104.13199776847935,1.453044264356827],[104.1325890813897,1.454713542944204],[104.13326697535108,1.456349595680936],[104.1340295923032,1.457947938336005],[104.13487484196608,1.459504190046917],[104.13580040756908,1.461014085326433],[104.13680375220125,1.462473485752993],[104.1378821257647,1.463878391312791],[104.13903257251245,1.46522495136242],[104.14025193914992,1.46650947518203],[104.14153688347791,1.467728442090176],[104.14288388355332,1.468878511092531],[104.14428924734263,1.469956530038116],[104.1457491228413,1.470959544257915],[104.14725950863215,1.471884804662222],[104.14881626485261,1.472729775274592],[104.15041512454218,1.473492140181664],[104.15205170533754,1.474169809879874],[104.15372152148451,1.474760927001671],[104.15541999613306,1.475263871405592],[104.15714247388229,1.475677264616147],[104.15888423354036,1.475999973601442],[104.16064050106519,1.476231113878226],[104.16240646264951,1.476370051935679],[104.16417727791539,1.476416406971537],[104.16594809318124,1.476370051935679],[104.16771405476555,1.476231113878226],[104.16947032229038,1.475999973601442],[104.17121208194845,1.475677264616147],[104.17293455969768,1.475263871405592],[104.17463303434624,1.474760927001671],[104.17630285049322,1.474169809879874],[104.17793943128858,1.473492140181664],[104.17953829097813,1.472729775274592],[104.18109504719861,1.471884804662222],[104.18260543298945,1.470959544257915],[104.18406530848813,1.469956530038116],[104.18547067227743,1.468878511092531],[104.18681767235286,1.467728442090176],[104.18810261668084,1.46650947518203],[104.18932198331831,1.46522495136242],[104.19047243006605,1.463878391312791],[104.1915508036295,1.462473485752993],[104.19255414826168,1.461014085326433],[104.19347971386468,1.459504190046917],[104.19432496352756,1.457947938336005],[104.19508758047968,1.456349595680936],[104.19576547444105,1.454713542944204],[104.1963567873514,1.453044264356827],[104.19685989846315,1.45134633522824],[104.19727342878373,1.449624409406381],[104.19759624485526,1.447883206522435],[104.19782746186132,1.446127499055176],[104.1979664460522,1.444362099250311],[104.19801281648186,1.442591845930707]],[[103.99309233510921,1.552316674570741],[103.99302576168418,1.549775269533288],[103.99282622388216,1.547240827273082],[103.99249426862241,1.544720294562535],[103.99203080577125,1.542220580073258],[103.99143710564809,1.539748535439105],[103.99071479554374,1.537310936475236],[103.98986585525996,1.534914464604776],[103.98889261168311,1.532565688544043],[103.98779773240614,1.530271046296418],[103.98658421841704,1.528036827504289],[103.98525539587334,1.525869156207531],[103.98381490698522,1.523773974055764],[103.98226670003264,1.52175702402027],[103.98061501854322,1.519823834650607],[103.97886438966113,1.517979704918642],[103.97701961173843,1.516229689692018],[103.97508574118316,1.514578585876434],[103.97306807860015,1.513030919265266],[103.97097215426227,1.511590932132091],[103.9688037129524,1.510262571600548],[103.9665686982175,1.509049478823157],[103.9642732360776,1.50795497899904],[103.96192361823482,1.506982072257592],[103.9595262848284,1.50613342543351],[103.95708780678255,1.505411364755379],[103.9546148677961,1.504817869468116],[103.95211424602293,1.504354566406674],[103.94959279549347,1.504022725535853],[103.94705742732837,1.503823256468554],[103.94451509079559,1.503756705971973],[103.94197275426279,1.503823256468554],[103.9394373860977,1.504022725535853],[103.93691593556824,1.504354566406674],[103.93441531379507,1.504817869468116],[103.9319423748086,1.505411364755379],[103.92950389676277,1.50613342543351],[103.92710656335633,1.506982072257592],[103.92475694551356,1.50795497899904],[103.92246148337367,1.509049478823157],[103.92022646863877,1.510262571600548],[103.91805802732891,1.511590932132091],[103.91596210299102,1.513030919265266],[103.913944440408,1.514578585876434],[103.91201056985274,1.516229689692018],[103.91016579193005,1.517979704918642],[103.90841516304795,1.519823834650607],[103.90676348155853,1.52175702402027],[103.90521527460595,1.523773974055764],[103.90377478571783,1.525869156207531],[103.90244596317413,1.528036827504289],[103.90123244918503,1.530271046296418],[103.90013756990805,1.532565688544043],[103.8991643263312,1.534914464604776],[103.89831538604743,1.537310936475236],[103.89759307594306,1.539748535439105],[103.89699937581993,1.542220580073258],[103.89653591296876,1.544720294562535],[103.896203957709,1.547240827273082],[103.89600441990699,1.549775269533288],[103.89593784648194,1.552316674570741],[103.89600441990699,1.554858076553359],[103.896203957709,1.557392509682511],[103.89653591296876,1.559913027285843],[103.89699937581993,1.562412720857236],[103.89759307594306,1.564884738992037],[103.89831538604743,1.567322306165435],[103.8991643263312,1.569718741302562],[103.90013756990805,1.572067476089594],[103.90123244918503,1.574362072975346],[103.90244596317413,1.576596242814426],[103.90377478571783,1.578763862103288],[103.90521527460595,1.580858989762141],[103.90676348155853,1.582875883416719],[103.90841516304795,1.584809015135215],[103.91016579193005,1.586653086577344],[103.91201056985274,1.588403043514159],[103.913944440408,1.590054089678551],[103.91596210299102,1.591601699908828],[103.91805802732891,1.593041632549089],[103.92022646863877,1.594369941072762],[103.92246148337367,1.595582984897103],[103.92475694551356,1.596677439359373],[103.92710656335633,1.597650304827144],[103.92950389676277,1.598498914917919],[103.9319423748086,1.599220943805579],[103.93441531379507,1.599814412593504],[103.93691593556824,1.600277694737086],[103.9394373860977,1.600609520500693],[103.94197275426279,1.600808980436937],[103.94451509079559,1.600875527878685],[103.94705742732837,1.600808980436937],[103.94959279549347,1.600609520500693],[103.95211424602293,1.600277694737086],[103.9546148677961,1.599814412593504],[103.95708780678255,1.599220943805579],[103.9595262848284,1.598498914917919],[103.96192361823482,1.597650304827144],[103.9642732360776,1.596677439359373],[103.9665686982175,1.595582984897103],[103.9688037129524,1.594369941072762],[103.97097215426227,1.593041632549089],[103.97306807860015,1.591601699908828],[103.97508574118316,1.590054089678551],[103.97701961173843,1.588403043514159],[103.97886438966113,1.586653086577344],[103.98061501854322,1.584809015135215],[103.98226670003264,1.582875883416719],[103.98381490698522,1.580858989762141],[103.98525539587334,1.578763862103288],[103.98658421841704,1.576596242814426],[103.98779773240614,1.574362072975346],[103.98889261168311,1.572067476089594],[103.98986585525996,1.569718741302562],[103.99071479554374,1.567322306165435],[103.99143710564809,1.564884738992037],[103.99203080577125,1.562412720857236],[103.99249426862241,1.559913027285843],[103.99282622388216,1.557392509682511],[103.99302576168418,1.554858076553359],[103.99309233510921,1.552316674570741]],[[103.86098091264508,1.638680812054116],[103.86091999124572,1.636355267775277],[103.86073739402902,1.634036094966228],[103.86043362148122,1.631729650355323],[103.86000950622177,1.629442255805278],[103.85946621072114,1.62718018098479],[103.8588052241145,1.624949626182825],[103.85802835812022,1.622756705312957],[103.85713774207396,1.62060742915425],[103.85613581709241,1.618507688874558],[103.85502532938233,1.616463239881668],[103.85380932271329,1.614479686046169],[103.8524911300751,1.612562464339831],[103.85107436454214,1.610716829931021],[103.84956290937022,1.608947841778628],[103.84796090735294,1.607260348763565],[103.84627274946648,1.605658976396035],[103.84450306283425,1.604148114135151],[103.84265669804432,1.602731903355402],[103.8407387158542,1.601414225993291],[103.8387543733198,1.600198693905021],[103.83670910938605,1.59908863896459],[103.83460852997925,1.598087103929352],[103.83245839264151,1.597196834098235],[103.83026459074985,1.596420269785291],[103.82803313736274,1.595759539629422],[103.82577014873883,1.595216454758613],[103.82348182757264,1.594792503824461],[103.82117444599339,1.594488848920973],[103.81885432837367,1.594306322398522],[103.81652783399456,1.594245424581882],[103.81420133961544,1.594306322398522],[103.8118812219957,1.594488848920973],[103.80957384041648,1.594792503824461],[103.80728551925027,1.595216454758613],[103.80502253062636,1.595759539629422],[103.80279107723926,1.596420269785291],[103.80059727534758,1.597196834098235],[103.79844713800985,1.598087103929352],[103.79634655860305,1.59908863896459],[103.7943012946693,1.600198693905021],[103.79231695213488,1.601414225993291],[103.79039896994477,1.602731903355402],[103.78855260515485,1.604148114135151],[103.7867829185226,1.605658976396035],[103.78509476063617,1.607260348763565],[103.78349275861888,1.608947841778628],[103.78198130344697,1.610716829931021],[103.780564537914,1.612562464339831],[103.77924634527581,1.614479686046169],[103.77803033860677,1.616463239881668],[103.77691985089668,1.618507688874558],[103.77591792591514,1.62060742915425],[103.77502730986889,1.622756705312957],[103.7742504438746,1.624949626182825],[103.77358945726796,1.62718018098479],[103.77304616176731,1.629442255805278],[103.77262204650789,1.631729650355323],[103.7723182739601,1.634036094966228],[103.77213567674339,1.636355267775277],[103.77207475534404,1.638680812054116],[103.77213567674339,1.641006353632627],[103.7723182739601,1.643325518370293],[103.77262204650789,1.645631949627169],[103.77304616176731,1.647919325686855],[103.77358945726796,1.650181377083245],[103.7742504438746,1.652411903784017],[103.77502730986889,1.654604792183462],[103.77591792591514,1.656754031858294],[103.77691985089668,1.658853732040364],[103.77803033860677,1.660898137761197],[103.77924634527581,1.662881645624323],[103.780564537914,1.664798819161655],[103.78198130344697,1.666644403732548],[103.78349275861888,1.668413340924173],[103.78509476063617,1.670100782413957],[103.7867829185226,1.671702103256197],[103.78855260515485,1.673212914556325],[103.79039896994477,1.674629075498169],[103.79231695213488,1.675946704691275],[103.7943012946693,1.677162190807185],[103.79634655860305,1.678272202475583],[103.79844713800985,1.6792736974132],[103.80059727534758,1.680163930760454],[103.80279107723926,1.680940462603001],[103.80502253062636,1.681601164657677],[103.80728551925027,1.6821442261044],[103.80957384041648,1.682568158548207],[103.8118812219957,1.682871800097665],[103.81420133961544,1.683054318548733],[103.81652783399456,1.683115213665044],[103.81885432837367,1.683054318548733],[103.82117444599339,1.682871800097665],[103.82348182757264,1.682568158548207],[103.82577014873883,1.6821442261044],[103.82803313736274,1.681601164657677],[103.83026459074985,1.680940462603001],[103.83245839264151,1.680163930760454],[103.83460852997925,1.6792736974132],[103.83670910938605,1.678272202475583],[103.8387543733198,1.677162190807185],[103.8407387158542,1.675946704691275],[103.84265669804432,1.674629075498169],[103.84450306283425,1.673212914556325],[103.84627274946648,1.671702103256197],[103.84796090735294,1.670100782413957],[103.84956290937022,1.668413340924173],[103.85107436454214,1.666644403732548],[103.8524911300751,1.664798819161655],[103.85380932271329,1.662881645624323],[103.85502532938233,1.660898137761197],[103.85613581709241,1.658853732040364],[103.85713774207396,1.656754031858294],[103.85802835812022,1.654604792183462],[103.8588052241145,1.652411903784017],[103.85946621072114,1.650181377083245],[103.86000950622177,1.647919325686855],[103.86043362148122,1.645631949627169],[103.86073739402902,1.643325518370293],[103.86091999124572,1.641006353632627],[103.86098091264508,1.638680812054116]],[[103.89608419652838,1.546909599919859],[103.89601368006467,1.544217664519588],[103.89580232395424,1.541533104131588],[103.89545070750951,1.538863276996964],[103.89495979448671,1.536215501001166],[103.89433093044434,1.533597033615275],[103.89356583905497,1.531015052002616],[103.89266661738098,1.52847663334515],[103.89163573012642,1.525988735443776],[103.89047600288163,1.523558177645536],[103.88919061437838,1.521191622150104],[103.88778308777721,1.518895555746909],[103.88625728101066,1.516676272032721],[103.88461737620908,1.514539854158841],[103.88286786823748,1.512492158154826],[103.88101355237568,1.510538796874742],[103.87905951117448,1.508685124609971],[103.87701110052505,1.506936222410494],[103.87487393497857,1.50529688415542],[103.87265387235725,1.503771603410403],[103.87035699769844,1.502364561108462],[103.8679896065759,1.501079614087669],[103.86555818784416,1.499920284517407],[103.86306940585295,1.498889750242016],[103.86053008218072,1.497990836068376],[103.85794717693715,1.497226006021433],[103.85532776968596,1.496597356588652],[103.85267904004039,1.496106610972283],[103.85000824798423,1.495755114364939],[103.84732271397291,1.495543830261478],[103.84462979886848,1.49547333781751],[103.84193688376405,1.495543830261478],[103.83925134975273,1.495755114364939],[103.83658055769658,1.496106610972283],[103.83393182805099,1.496597356588652],[103.83131242079982,1.497226006021433],[103.82872951555623,1.497990836068376],[103.82619019188401,1.498889750242016],[103.8237014098928,1.499920284517407],[103.82126999116106,1.501079614087669],[103.81890260003853,1.502364561108462],[103.8166057253797,1.503771603410403],[103.8143856627584,1.50529688415542],[103.81224849721191,1.506936222410494],[103.81020008656247,1.508685124609971],[103.80824604536129,1.510538796874742],[103.80639172949948,1.512492158154826],[103.80464222152789,1.514539854158841],[103.80300231672629,1.516676272032721],[103.80147650995976,1.518895555746909],[103.80006898335859,1.521191622150104],[103.79878359485532,1.523558177645536],[103.79762386761053,1.525988735443776],[103.79659298035598,1.52847663334515],[103.79569375868198,1.531015052002616],[103.79492866729262,1.533597033615275],[103.79429980325025,1.536215501001166],[103.79380889022745,1.538863276996964],[103.79345727378272,1.541533104131588],[103.7932459176723,1.544217664519588],[103.79317540120859,1.546909599919859],[103.7932459176723,1.549601531904622],[103.79345727378272,1.552286082083563],[103.79380889022745,1.554955892327394],[103.79429980325025,1.557603644935746],[103.79492866729262,1.560222082693739],[103.79569375868198,1.562804028762721],[103.79659298035598,1.565342406350104],[103.79762386761053,1.567830258104988],[103.79878359485532,1.570260765185913],[103.80006898335859,1.572627265948858],[103.80147650995976,1.574923274204084],[103.80300231672629,1.577142496991885],[103.80464222152789,1.579278851828494],[103.80639172949948,1.581326483374993],[103.80824604536129,1.583279779483527],[103.81020008656247,1.585133386576761],[103.81224849721191,1.586882224318722],[103.8143856627584,1.588521499536526],[103.8166057253797,1.590046719355168],[103.81890260003853,1.591453703509165],[103.82126999116106,1.59273859579751],[103.8237014098928,1.593897874650469],[103.82619019188401,1.594928362779383],[103.82872951555623,1.595827235882953],[103.83131242079982,1.596592030386243],[103.83393182805099,1.597220650191152],[103.83658055769658,1.597711372420088],[103.83925134975273,1.598062852136651],[103.84193688376405,1.598274126031054],[103.84462979886848,1.598344615059526],[103.84732271397291,1.598274126031054],[103.85000824798423,1.598062852136651],[103.85267904004039,1.597711372420088],[103.85532776968596,1.597220650191152],[103.85794717693715,1.596592030386243],[103.86053008218072,1.595827235882953],[103.86306940585295,1.594928362779383],[103.86555818784416,1.593897874650469],[103.8679896065759,1.59273859579751],[103.87035699769844,1.591453703509165],[103.87265387235725,1.590046719355168],[103.87487393497857,1.588521499536526],[103.87701110052505,1.586882224318722],[103.87905951117448,1.585133386576761],[103.88101355237568,1.583279779483527],[103.88286786823748,1.581326483374993],[103.88461737620908,1.579278851828494],[103.88625728101066,1.577142496991885],[103.88778308777721,1.574923274204084],[103.88919061437838,1.572627265948858],[103.89047600288163,1.570260765185913],[103.89163573012642,1.567830258104988],[103.89266661738098,1.565342406350104],[103.89356583905497,1.562804028762721],[103.89433093044434,1.560222082693739],[103.89495979448671,1.557603644935746],[103.89545070750951,1.554955892327394],[103.89580232395424,1.552286082083563],[103.89601368006467,1.549601531904622],[103.89608419652838,1.546909599919859]],[[103.95274504496156,1.452163865644216],[103.9526778123535,1.449597179074575],[103.95247629880927,1.447037524716729],[103.95214105666342,1.444491918446113],[103.95167300479146,1.441967337656531],[103.95107342609096,1.439470702134802],[103.95034396396552,1.437008855093145],[103.94948661782006,1.434588544411091],[103.94850373758082,1.43221640413864],[103.94739801725422,1.429898936311143],[103.94617248754278,1.427642493125795],[103.94483050753826,1.425453259528807],[103.94337575551461,1.423337236260726],[103.94181221884595,1.421300223406627],[103.94014418307768,1.419347804496156],[103.93837622017983,1.417485331197105],[103.93651317601582,1.415717908644447],[103.93456015706028,1.414050381445104],[103.93252251640232,1.41248732039679],[103.93040583907343,1.411033009957416],[103.92821592673897,1.409691436499402],[103.92595878179647,1.408466277381063],[103.92364059092331,1.407360890865092],[103.92126770811954,1.406378306911929],[103.91884663729199,1.405521218872874],[103.91638401442754,1.40479197610628],[103.91388658940421,1.404192577536556],[103.9113612074905,1.403724666174055],[103.90881479058262,1.403389524610593],[103.90625431823233,1.403188071503144],[103.90368680851638,1.403120859055248],[103.90111929880042,1.403188071503144],[103.89855882645014,1.403389524610593],[103.89601240954227,1.403724666174055],[103.89348702762854,1.404192577536556],[103.89098960260522,1.40479197610628],[103.88852697974076,1.405521218872874],[103.88610590891321,1.406378306911929],[103.88373302610944,1.407360890865092],[103.88141483523628,1.408466277381063],[103.87915769029378,1.409691436499402],[103.87696777795934,1.411033009957416],[103.87485110063044,1.41248732039679],[103.87281345997249,1.414050381445104],[103.87086044101693,1.415717908644447],[103.86899739685293,1.417485331197105],[103.86722943395509,1.419347804496156],[103.8655613981868,1.421300223406627],[103.86399786151816,1.423337236260726],[103.8625431094945,1.425453259528807],[103.86120112948998,1.427642493125795],[103.85997559977854,1.429898936311143],[103.85886987945193,1.43221640413864],[103.8578869992127,1.434588544411091],[103.85702965306723,1.437008855093145],[103.8563001909418,1.439470702134802],[103.8557006122413,1.441967337656531],[103.85523256036933,1.444491918446113],[103.8548973182235,1.447037524716729],[103.85469580467925,1.449597179074575],[103.8546285720712,1.452163865644216],[103.85469580467925,1.454730549299045],[103.8548973182235,1.457290194944435],[103.85523256036933,1.459835786800383],[103.8557006122413,1.462360347631031],[103.8563001909418,1.464856957868202],[103.85702965306723,1.467318774576744],[103.8578869992127,1.469739050209441],[103.85886987945193,1.472111151100277],[103.85997559977854,1.474428575645424],[103.86120112948998,1.476684972121859],[103.8625431094945,1.478874156095133],[103.86399786151816,1.480990127368397],[103.8655613981868,1.48302708642625],[103.86722943395509,1.48497945032843],[103.86899739685293,1.486841868009821],[103.87086044101693,1.488609234944819],[103.87281345997249,1.490276707135871],[103.87485110063044,1.49183971438794],[103.87696777795934,1.493293972832497],[103.87915769029378,1.494635496666822],[103.88141483523628,1.495860609076285],[103.88373302610944,1.496965952309894],[103.88610590891321,1.497948496881492],[103.88852697974076,1.498805549871192],[103.89098960260522,1.49953476230467],[103.89348702762854,1.500134135589862],[103.89601240954227,1.500602026993428],[103.89855882645014,1.500937154142235],[103.90111929880042,1.501138598537242],[103.90368680851638,1.501205808070337],[103.90625431823233,1.501138598537242],[103.90881479058262,1.500937154142235],[103.9113612074905,1.500602026993428],[103.91388658940421,1.500134135589862],[103.91638401442754,1.49953476230467],[103.91884663729199,1.498805549871192],[103.92126770811954,1.497948496881492],[103.92364059092331,1.496965952309894],[103.92595878179647,1.495860609076285],[103.92821592673897,1.494635496666822],[103.93040583907343,1.493293972832497],[103.93252251640232,1.49183971438794],[103.93456015706028,1.490276707135871],[103.93651317601582,1.488609234944819],[103.93837622017983,1.486841868009821],[103.94014418307768,1.48497945032843],[103.94181221884595,1.48302708642625],[103.94337575551461,1.480990127368397],[103.94483050753826,1.478874156095133],[103.94617248754278,1.476684972121859],[103.94739801725422,1.474428575645424],[103.94850373758082,1.472111151100277],[103.94948661782006,1.469739050209441],[103.95034396396552,1.467318774576744],[103.95107342609096,1.464856957868202],[103.95167300479146,1.462360347631031],[103.95214105666342,1.459835786800383],[103.95247629880927,1.457290194944435],[103.9526778123535,1.454730549299045],[103.95274504496156,1.452163865644216]],[[103.78069098514392,1.597753290263665],[103.78061268154875,1.594764157032278],[103.78037798538797,1.591783212483499],[103.77998753994744,1.588818627240406],[103.77944241541098,1.58587852712095],[103.77874410592706,1.582970970864448],[103.77789452551339,1.580103928041688],[103.77689600281089,1.577285257208944],[103.77575127470084,1.57452268436613],[103.77446347880344,1.571823781777897],[103.77303614487774,1.569195947215864],[103.77147318514677,1.566646383678847],[103.76977888357457,1.564182079646828],[103.76795788412396,1.561809789922721],[103.76601517802783,1.559536017114401],[103.76395609010859,1.557366993808046],[103.7617862641831,1.555308665481427],[103.7595116475934,1.553366674204192],[103.75713847490542,1.551546343169687],[103.75467325082056,1.549852662101048],[103.7521227323467,1.548290273571187],[103.74949391027766,1.546863460274536],[103.74679399003205,1.545576133285425],[103.74403037190355,1.544431821335049],[103.74121063077736,1.543433661136844],[103.73834249536793,1.54258438878647],[103.73543382703505,1.541886332260164],[103.7324925982364,1.541341405032065],[103.72952687067574,1.540951100827935],[103.72654477320614,1.540716489529718],[103.72355447954949,1.540638214242198],[103.72056418589281,1.540716489529718],[103.71758208842321,1.540951100827935],[103.71461636086256,1.541341405032065],[103.71167513206393,1.541886332260164],[103.70876646373105,1.54258438878647],[103.70589832832161,1.543433661136844],[103.70307858719542,1.544431821335049],[103.70031496906692,1.545576133285425],[103.6976150488213,1.546863460274536],[103.69498622675228,1.548290273571187],[103.69243570827841,1.549852662101048],[103.68997048419355,1.551546343169687],[103.68759731150557,1.553366674204192],[103.68532269491587,1.555308665481427],[103.68315286899038,1.557366993808046],[103.68109378107114,1.559536017114401],[103.679151074975,1.561809789922721],[103.67733007552438,1.564182079646828],[103.6756357739522,1.566646383678847],[103.67407281422123,1.569195947215864],[103.67264548029553,1.571823781777897],[103.67135768439813,1.57452268436613],[103.67021295628808,1.577285257208944],[103.66921443358557,1.580103928041688],[103.66836485317192,1.582970970864448],[103.66766654368799,1.58587852712095],[103.66712141915153,1.588818627240406],[103.666730973711,1.591783212483499],[103.66649627755022,1.594764157032278],[103.66641797395506,1.597753290263665],[103.66649627755022,1.600742419145274],[103.666730973711,1.603723350692377],[103.66712141915153,1.606687914424349],[103.66766654368799,1.609627984758929],[103.66836485317192,1.612535503283085],[103.66921443358557,1.615402500839504],[103.67021295628808,1.61822111936781],[103.67135768439813,1.620983633441161],[103.67264548029553,1.623682471438779],[103.67407281422123,1.626310236296755],[103.6756357739522,1.628859725779938],[103.67733007552438,1.631323952219679],[103.679151074975,1.633696161663227],[103.68109378107114,1.635969852382232],[103.68315286899038,1.63813879268994],[103.68532269491587,1.640197038017911],[103.68759731150557,1.642138947205855],[103.68997048419355,1.643959197959802],[103.69243570827841,1.645652801436202],[103.69498622675228,1.647215115912254],[103.6976150488213,1.64864185950486],[103.70031496906692,1.649929121903408],[103.70307858719542,1.651073375084358],[103.70589832832161,1.652071482978152],[103.70876646373105,1.652920710062197],[103.71167513206393,1.653618728856208],[103.71461636086256,1.654163626299444],[103.71758208842321,1.654553908992477],[103.72056418589281,1.654788507289032],[103.72355447954949,1.654866778226774],[103.72654477320614,1.654788507289032],[103.72952687067574,1.654553908992477],[103.7324925982364,1.654163626299444],[103.73543382703505,1.653618728856208],[103.73834249536793,1.652920710062197],[103.74121063077736,1.652071482978152],[103.74403037190355,1.651073375084358],[103.74679399003205,1.649929121903408],[103.74949391027766,1.64864185950486],[103.7521227323467,1.647215115912254],[103.75467325082056,1.645652801436202],[103.75713847490542,1.643959197959802],[103.7595116475934,1.642138947205855],[103.7617862641831,1.640197038017911],[103.76395609010859,1.63813879268994],[103.76601517802783,1.635969852382232],[103.76795788412396,1.633696161663227],[103.76977888357457,1.631323952219679],[103.77147318514677,1.628859725779938],[103.77303614487774,1.626310236296755],[103.77446347880344,1.623682471438779],[103.77575127470084,1.620983633441161],[103.77689600281089,1.61822111936781],[103.77789452551339,1.615402500839504],[103.77874410592706,1.612535503283085],[103.77944241541098,1.609627984758929],[103.77998753994744,1.606687914424349],[103.78037798538797,1.603723350692377],[103.78061268154875,1.600742419145274],[103.78069098514392,1.597753290263665]],[[103.85466696190245,1.44934660482351],[103.85459240768635,1.446500403246805],[103.85436894938599,1.443661999355188],[103.85399719948504,1.440839173067195],[103.85347817692411,1.438039661632591],[103.85281330430801,1.435271138424205],[103.85200440400632,1.432541191904539],[103.85105369315856,1.429857304824686],[103.84996377759713,1.427226833712932],[103.84873764470473,1.42465698870896],[103.84737865522645,1.422154813799144],[103.84589053405797,1.419727167506994],[103.84427736003597,1.41738070409188],[103.84254355475835,1.415121855307395],[103.84069387046482,1.412956812769551],[103.83873337701148,1.410891510983132],[103.8366674479746,1.408931611072578],[103.83450174592208,1.407082485262383],[103.83224220689272,1.40534920214918],[103.8298950241259,1.403736512806242],[103.82746663108648,1.402248837758279],[103.82496368383096,1.400890254862335],[103.82239304276378,1.399664488128209],[103.81976175383346,1.398574897508677],[103.81707702922002,1.397624469687976],[103.81434622756703,1.396815809893394],[103.81157683381201,1.396151134752823],[103.80877643867073,1.395632266217523],[103.80595271783163,1.395260626567033],[103.80311341091728,1.395037234509824],[103.80026630027051,1.39496270239024],[103.79741918962374,1.395037234509824],[103.79457988270939,1.395260626567033],[103.79175616187028,1.395632266217523],[103.78895576672902,1.396151134752823],[103.78618637297399,1.396815809893394],[103.783455571321,1.397624469687976],[103.78077084670755,1.398574897508677],[103.77813955777724,1.399664488128209],[103.77556891671006,1.400890254862335],[103.77306596945454,1.402248837758279],[103.77063757641511,1.403736512806242],[103.7682903936483,1.40534920214918],[103.76603085461892,1.407082485262383],[103.7638651525664,1.408931611072578],[103.76179922352954,1.410891510983132],[103.75983873007618,1.412956812769551],[103.75798904578267,1.415121855307395],[103.75625524050503,1.41738070409188],[103.75464206648304,1.419727167506994],[103.75315394531457,1.422154813799144],[103.75179495583629,1.42465698870896],[103.75056882294389,1.427226833712932],[103.74947890738244,1.429857304824673],[103.74852819653468,1.432541191904539],[103.74771929623299,1.435271138424205],[103.74705442361692,1.438039661632591],[103.74653540105597,1.440839173067195],[103.74616365115503,1.443661999355188],[103.74594019285466,1.446500403246805],[103.74586563863856,1.44934660482351],[103.74594019285466,1.452192802822956],[103.74616365115503,1.455031196021981],[103.74653540105597,1.45785400461922],[103.74705442361692,1.460653491558718],[103.74771929623299,1.463421983735997],[103.74852819653468,1.466151893028606],[103.74947890738244,1.468835737093251],[103.75056882294389,1.471466159872953],[103.75179495583629,1.474035951757565],[103.75315394531457,1.476538069342705],[103.75464206648304,1.478965654732932],[103.75625524050503,1.481312054336119],[103.75798904578267,1.483570837097824],[103.75983873007618,1.485735812125354],[103.76179922352954,1.487801045653635],[103.7638651525664,1.48976087730605],[103.76603085461892,1.491609935605957],[103.7682903936483,1.493343152696378],[103.77063757641511,1.49495577822739],[103.77306596945454,1.496443392373456],[103.77556891671006,1.497801917944749],[103.77813955777724,1.499027631559553],[103.78077084670755,1.500117173847046],[103.783455571321,1.501067558652576],[103.78618637297399,1.501876181220102],[103.78895576672902,1.502540825329616],[103.79175616187028,1.503059669369823],[103.79457988270939,1.503431291329547],[103.79741918962374,1.503654672694189],[103.80026630027051,1.503729201236514],[103.80311341091728,1.503654672694189],[103.80595271783163,1.503431291329547],[103.80877643867073,1.503059669369823],[103.81157683381201,1.502540825329616],[103.81434622756703,1.501876181220102],[103.81707702922002,1.501067558652576],[103.81976175383346,1.500117173847046],[103.82239304276378,1.499027631559553],[103.82496368383096,1.497801917944749],[103.82746663108648,1.496443392373456],[103.8298950241259,1.49495577822739],[103.83224220689272,1.493343152696378],[103.83450174592208,1.491609935605957],[103.8366674479746,1.48976087730605],[103.83873337701148,1.487801045653635],[103.84069387046482,1.485735812125354],[103.84254355475835,1.483570837097824],[103.84427736003597,1.481312054336119],[103.84589053405797,1.478965654732932],[103.84737865522645,1.476538069342705],[103.84873764470473,1.474035951757565],[103.84996377759713,1.471466159872953],[103.85105369315856,1.468835737093251],[103.85200440400632,1.466151893028606],[103.85281330430801,1.463421983735997],[103.85347817692411,1.460653491558718],[103.85399719948504,1.45785400461922],[103.85436894938599,1.455031196021981],[103.85459240768635,1.452192802822956],[103.85466696190245,1.44934660482351]],[[103.73182423711522,1.394738247366123],[103.73174626532706,1.391761505207938],[103.73151256367777,1.388792918351117],[103.73112377272736,1.385840623539925],[103.7305809581248,1.382912712893105],[103.72988560768717,1.38001721172298],[103.72903962732171,1.37716205653725],[103.72804533580178,1.374355073283998],[103.72690545841132,1.371603955899368],[103.72562311947503,1.368916245216942],[103.72420183379482,1.366299308296407],[103.7226454970159,1.363760318228451],[103.72095837494926,1.361306234471067],[103.71914509187918,1.358943783771277],[103.71721061788851,1.356679441724635],[103.71516025523603,1.354519415023022],[103.71299962382321,1.352469624439379],[103.71073464579058,1.350535688596293],[103.7083715292855,1.348722908562507],[103.70591675144607,1.347036253320165],[103.70337704064768,1.345480346142153],[103.70075935806109,1.344059451917241],[103.69807087857237,1.342777465457582],[103.6953189711169,1.341637900820847],[103.69251117848171,1.340643881676058],[103.68965519663126,1.339798132739746],[103.6867588536133,1.339102972305825],[103.6838300881027,1.338560305889693],[103.68087692764215,1.338171621004001],[103.67790746663921,1.337937983080423],[103.6749298441801,1.337860032548618],[103.67195222172099,1.337937983080423],[103.66898276071804,1.338171621004001],[103.66602960025752,1.338560305889693],[103.6631008347469,1.339102972305825],[103.66020449172893,1.339798132739746],[103.6573485098785,1.340643881676058],[103.65454071724331,1.341637900820847],[103.65178880978783,1.342777465457582],[103.6491003302991,1.344059451917241],[103.64648264771253,1.345480346142153],[103.64394293691414,1.347036253320165],[103.6414881590747,1.348722908562507],[103.63912504256963,1.350535688596293],[103.63686006453699,1.352469624439379],[103.63469943312418,1.354519415023022],[103.63264907047169,1.356679441724635],[103.63071459648101,1.358943783771277],[103.62890131341092,1.361306234471067],[103.6272141913443,1.363760318228451],[103.62565785456538,1.366299308296407],[103.62423656888517,1.368916245216942],[103.62295422994887,1.371603955899368],[103.62181435255842,1.374355073283998],[103.62082006103849,1.37716205653725],[103.61997408067303,1.38001721172298],[103.6192787302354,1.382912712893105],[103.61873591563283,1.385840623539925],[103.61834712468243,1.388792918351117],[103.61811342303315,1.391761505207938],[103.61803545124498,1.394738247366123],[103.61811342303315,1.397714985758876],[103.61834712468243,1.400683561360642],[103.61873591563283,1.403635837550501],[103.6192787302354,1.406563722413683],[103.61997408067303,1.409459190920377],[103.62082006103849,1.412314306920757],[103.62181435255842,1.415121244896065],[103.62295422994887,1.417872311406209],[103.62423656888517,1.420559966175044],[103.62565785456538,1.423176842755443],[103.6272141913443,1.425715768717831],[103.62890131341092,1.42816978530657],[103.63071459648101,1.430532166510553],[103.63264907047169,1.432796437495627],[103.63469943312418,1.434956392348497],[103.63686006453699,1.437006111083397],[103.63912504256963,1.43893997586494],[103.6414881590747,1.440752686402931],[103.64394293691414,1.44243927447664],[103.64648264771253,1.44399511754911],[103.6491003302991,1.445415951433912],[103.65178880978783,1.446697881979993],[103.65454071724331,1.447837395742293],[103.6573485098785,1.44883136960915],[103.66020449172893,1.449677079360138],[103.6631008347469,1.450372207130666],[103.66602960025752,1.450914847763186],[103.66898276071804,1.451303514027531],[103.67195222172099,1.45153714069608],[103.6749298441801,1.451615087462453],[103.67790746663921,1.45153714069608],[103.68087692764215,1.451303514027531],[103.6838300881027,1.450914847763186],[103.6867588536133,1.450372207130666],[103.68965519663126,1.449677079360138],[103.69251117848171,1.44883136960915],[103.6953189711169,1.447837395742293],[103.69807087857237,1.446697881979993],[103.70075935806109,1.445415951433912],[103.70337704064768,1.44399511754911],[103.70591675144607,1.44243927447664],[103.7083715292855,1.440752686402931],[103.71073464579058,1.43893997586494],[103.71299962382321,1.437006111083397],[103.71516025523603,1.434956392348497],[103.71721061788851,1.432796437495627],[103.71914509187918,1.430532166510553],[103.72095837494926,1.42816978530657],[103.7226454970159,1.425715768717831],[103.72420183379482,1.423176842755443],[103.72562311947503,1.420559966175044],[103.72690545841132,1.417872311406209],[103.72804533580178,1.415121244896065],[103.72903962732171,1.412314306920757],[103.72988560768717,1.409459190920377],[103.7305809581248,1.406563722413683],[103.73112377272736,1.403635837550501],[103.73151256367777,1.400683561360642],[103.73174626532706,1.397714985758876],[103.73182423711522,1.394738247366123]],[[103.75611986374108,1.493953895658413],[103.7560543357374,1.491452331349907],[103.75585793133408,1.488957620823251],[103.75553118886195,1.486476601946187],[103.75507500389936,1.484016075081267],[103.75449062681763,1.481582784445778],[103.75377965935373,1.47918339962532],[103.75294405022001,1.476824497291755],[103.75198608976307,1.474512543175601],[103.75090840368591,1.472253874342294],[103.74971394585117,1.47005468182096],[103.74840599018475,1.467920993633289],[103.74698812170222,1.465858658269155],[103.74546422668251,1.463873328654025],[103.74383848201597,1.461970446652496],[103.74211534375573,1.460155228150208],[103.74029953490398,1.458432648755073],[103.73839603246654,1.456807430157114],[103.73641005381134,1.455284027184305],[103.73434704236776,1.453866615589838],[103.73221265270683,1.452559080604482],[103.73001273504221,1.451365006285198],[103.72775331919532,1.45028766568946],[103.72544059806795,1.449330011902064],[103.72308091066795,1.448494669939161],[103.72068072473448,1.44778392955167],[103.7182466190103,1.447199738947714],[103.71578526521006,1.446743699451538],[103.71330340973341,1.446417061113357],[103.71080785517373,1.446220719282175],[103.70830544167256,1.446155212151176],[103.7058030281714,1.446220719282175],[103.70330747361172,1.446417061113357],[103.70082561813507,1.446743699451538],[103.69836426433483,1.447199738947714],[103.69593015861065,1.44778392955167],[103.69352997267718,1.448494669939161],[103.69117028527718,1.449330011902064],[103.6888575641498,1.45028766568946],[103.6865981483029,1.451365006285198],[103.6843982306383,1.452559080604482],[103.68226384097737,1.453866615589838],[103.68020082953379,1.455284027184305],[103.67821485087858,1.456807430157114],[103.67631134844115,1.458432648755073],[103.6744955395894,1.460155228150208],[103.67277240132915,1.461970446652496],[103.67114665666261,1.463873328654025],[103.66962276164291,1.465858658269155],[103.66820489316038,1.467920993633289],[103.66689693749396,1.47005468182096],[103.66570247965922,1.472253874342294],[103.66462479358206,1.474512543175601],[103.6636668331251,1.476824497291755],[103.6628312239914,1.47918339962532],[103.6621202565275,1.481582784445778],[103.66153587944576,1.484016075081267],[103.66107969448318,1.486476601946187],[103.66075295201104,1.488957620823251],[103.66055654760773,1.491452331349907],[103.66049101960405,1.493953895658413],[103.66055654760773,1.496455457118439],[103.66075295201104,1.498950159130864],[103.66107969448318,1.501431163921226],[103.66153587944576,1.503891671281306],[103.6621202565275,1.506324937207536],[103.6628312239914,1.508724292385021],[103.6636668331251,1.511083160466671],[103.66462479358206,1.513395076097249],[103.66570247965922,1.51565370263297],[103.66689693749396,1.517852849508128],[103.66820489316038,1.519986489201131],[103.66962276164291,1.522048773753461],[103.67114665666261,1.524034050796325],[103.67277240132915,1.525936879041111],[103.6744955395894,1.527752043191167],[103.67631134844115,1.529474568234083],[103.67821485087858,1.531099733075312],[103.68020082953379,1.532623083475868],[103.68226384097737,1.534040444258531],[103.6843982306383,1.535347930749231],[103.6865981483029,1.536541959422353],[103.6888575641498,1.53761925772053],[103.69117028527718,1.538576873022362],[103.69352997267718,1.539412180733362],[103.69593015861065,1.540122891477893],[103.69836426433483,1.540707057372604],[103.70082561813507,1.541163077363951],[103.70330747361172,1.541489701615443],[103.7058030281714,1.541686034932394],[103.70830544167256,1.541751539214914],[103.71080785517373,1.541686034932394],[103.71330340973341,1.541489701615443],[103.71578526521006,1.541163077363951],[103.7182466190103,1.540707057372604],[103.72068072473448,1.540122891477893],[103.72308091066795,1.539412180733362],[103.72544059806795,1.538576873022362],[103.72775331919532,1.53761925772053],[103.73001273504221,1.536541959422353],[103.73221265270683,1.535347930749231],[103.73434704236776,1.534040444258531],[103.73641005381134,1.532623083475868],[103.73839603246654,1.531099733075312],[103.74029953490398,1.529474568234083],[103.74211534375573,1.527752043191167],[103.74383848201597,1.525936879041111],[103.74546422668251,1.524034050796325],[103.74698812170222,1.522048773753461],[103.74840599018475,1.519986489201131],[103.74971394585117,1.517852849508128],[103.75090840368591,1.51565370263297],[103.75198608976307,1.513395076097249],[103.75294405022001,1.511083160466671],[103.75377965935373,1.508724292385021],[103.75449062681763,1.506324937207536],[103.75507500389936,1.503891671281306],[103.75553118886195,1.501431163921226],[103.75585793133408,1.498950159130864],[103.7560543357374,1.496455457118439],[103.75611986374108,1.493953895658413]],[[103.67627370521889,1.550870538438822],[103.67619759791144,1.547965180285225],[103.67596948459392,1.545067781551472],[103.67558999050911,1.54218628386229],[103.67506015582387,1.539328585290477],[103.67438143277826,1.536502518707711],[103.67355568170498,1.533715830313864],[103.67258516593033,1.530976158403466],[103.67147254557061,1.528291012427691],[103.67022087024083,1.525667752409239],[103.6688335706961,1.523113568766521],[103.66731444942803,1.520635462602492],[103.66566767024243,1.518240226512242],[103.66389774684659,1.515934425961942],[103.66200953047749,1.513724381290162],[103.66000819660498,1.511616150381064],[103.6578992307461,1.509615512056784],[103.65568841342962,1.507727950234885],[103.65338180435215,1.50595863889399],[103.65098572576888,1.504312427888988],[103.64850674516465,1.502793829654848],[103.64595165725297,1.501407006835266],[103.64332746535216,1.500155760870342],[103.64064136218988,1.499043521574343],[103.63790071018818,1.498073337732323],[103.63511302128369,1.497247868741452],[103.6322859363379,1.496569377319676],[103.62942720419416,1.49603972330211],[103.62654466043857,1.495660358541891],[103.6236462059232,1.495432322929655],[103.6207397851104,1.49535624154237],[103.6178333642976,1.495432322929655],[103.61493490978224,1.495660358541891],[103.61205236602665,1.49603972330211],[103.6091936338829,1.496569377319676],[103.6063665489371,1.497247868741452],[103.60357886003263,1.498073337732323],[103.60083820803092,1.499043521574343],[103.59815210486865,1.500155760870342],[103.59552791296785,1.501407006835266],[103.59297282505615,1.502793829654848],[103.59049384445193,1.504312427888988],[103.58809776586865,1.50595863889399],[103.58579115679119,1.507727950234885],[103.58358033947472,1.509615512056784],[103.58147137361583,1.511616150381064],[103.57947003974331,1.513724381290162],[103.57758182337422,1.515934425961942],[103.57581189997838,1.518240226512242],[103.57416512079277,1.520635462602492],[103.57264599952471,1.523113568766521],[103.57125869997998,1.525667752409239],[103.5700070246502,1.528291012427691],[103.56889440429048,1.530976158403466],[103.56792388851581,1.533715830313864],[103.56709813744254,1.536502518707711],[103.56641941439695,1.539328585290477],[103.56588957971171,1.54218628386229],[103.56551008562688,1.545067781551472],[103.56528197230936,1.547965180285225],[103.56520586500191,1.550870538438822],[103.56528197230936,1.553775892603673],[103.56551008562688,1.556673279414927],[103.56588957971171,1.559554757378473],[103.56641941439695,1.562412428637617],[103.56709813744254,1.56523846061993],[103.56792388851581,1.568025107504638],[103.56889440429048,1.570764731451991],[103.5700070246502,1.57344982353632],[103.57125869997998,1.576073024325337],[103.57264599952471,1.578627144049606],[103.57416512079277,1.581105182306452],[103.57581189997838,1.583500347244793],[103.57758182337422,1.585806074178],[103.57947003974331,1.58801604357409],[103.58147137361583,1.590124198373635],[103.58358033947472,1.59212476058836],[103.58579115679119,1.594012247134571],[103.58809776586865,1.595781484858411],[103.59049384445193,1.597427624711517],[103.59297282505615,1.598946155038499],[103.59552791296785,1.600332913939644],[103.59815210486865,1.601584100675172],[103.60083820803092,1.60269628607975],[103.60357886003263,1.603666421958752],[103.6063665489371,1.604491849440509],[103.6091936338829,1.605170306261869],[103.61205236602665,1.605699932966791],[103.61493490978224,1.606079278001376],[103.6178333642976,1.606307301691124],[103.6207397851104,1.606383379089663],[103.6236462059232,1.606307301691124],[103.62654466043857,1.606079278001376],[103.62942720419416,1.605699932966791],[103.6322859363379,1.605170306261869],[103.63511302128369,1.604491849440509],[103.63790071018818,1.603666421958752],[103.64064136218988,1.60269628607975],[103.64332746535216,1.601584100675172],[103.64595165725297,1.600332913939644],[103.64850674516465,1.598946155038499],[103.65098572576888,1.597427624711517],[103.65338180435215,1.595781484858411],[103.65568841342962,1.594012247134571],[103.6578992307461,1.59212476058836],[103.66000819660498,1.590124198373635],[103.66200953047749,1.58801604357409],[103.66389774684659,1.585806074178],[103.66566767024243,1.583500347244793],[103.66731444942803,1.581105182306452],[103.6688335706961,1.578627144049606],[103.67022087024083,1.576073024325337],[103.67147254557061,1.57344982353632],[103.67258516593033,1.570764731451991],[103.67355568170498,1.568025107504638],[103.67438143277826,1.56523846061993],[103.67506015582387,1.562412428637617],[103.67558999050911,1.559554757378473],[103.67596948459392,1.556673279414927],[103.67619759791144,1.553775892603673],[103.67627370521889,1.550870538438822]],[[103.62707345795634,1.455655388612899],[103.62700669009317,1.453106448192421],[103.62680656950965,1.450564491375752],[103.62647364472247,1.448036485530139],[103.62600882825528,1.445529359807059],[103.62541339413772,1.443049986149166],[103.62468897441332,1.440605160453844],[103.6238375546662,1.438201583944838],[103.62286146857869,1.435845844803218],[103.6217633915349,1.433544400108085],[103.6205463332877,1.431303558136317],[103.61921362970917,1.429129461070055],[103.61776893364713,1.427028068159355],[103.61621620491309,1.425005139386099],[103.6145596994286,1.423066219673965],[103.61280395756003,1.421216623687868],[103.61095379167381,1.419461421264398],[103.60901427294603,1.417805423513449],[103.6069907174627,1.416253169628822],[103.60488867164875,1.414808914444322],[103.60271389706564,1.413476616769276],[103.60047235461936,1.4122599285355],[103.59817018822193,1.41116218478551],[103.5958137079514,1.410186394529525],[103.59340937275643,1.409335232496046],[103.59096377275264,1.408611031799102],[103.58848361115967,1.408015777541809],[103.58597568592806,1.407551101374112],[103.58344687110652,1.407218277019512],[103.5809040980007,1.407018216783049],[103.57835433617495,1.406951469050107],[103.57580457434922,1.407018216783049],[103.57326180124339,1.407218277019512],[103.57073298642185,1.407551101374112],[103.56822506119023,1.408015777541809],[103.56574489959726,1.408611031799102],[103.56329929959348,1.409335232496046],[103.56089496439851,1.410186394529525],[103.55853848412798,1.41116218478551],[103.55623631773054,1.4122599285355],[103.55399477528427,1.413476616769276],[103.55182000070116,1.414808914444322],[103.54971795488721,1.416253169628822],[103.54769439940388,1.417805423513449],[103.54575488067609,1.419461421264398],[103.54390471478987,1.421216623687868],[103.54214897292131,1.423066219673965],[103.54049246743682,1.425005139386099],[103.53893973870278,1.427028068159355],[103.53749504264074,1.429129461070055],[103.5361623390622,1.431303558136317],[103.53494528081501,1.433544400108085],[103.53384720377122,1.435845844803218],[103.53287111768371,1.438201583944838],[103.53201969793659,1.440605160453844],[103.53129527821218,1.443049986149166],[103.53069984409463,1.445529359807059],[103.53023502762744,1.448036485530139],[103.52990210284024,1.450564491375752],[103.52970198225674,1.453106448192421],[103.52963521439356,1.455655388612899],[103.52970198225674,1.458204326151833],[103.52990210284024,1.460746274355419],[103.53023502762744,1.463274265950812],[103.53069984409463,1.465781371942646],[103.53129527821218,1.468260720604433],[103.53201969793659,1.470705516312672],[103.53287111768371,1.473109058172168],[103.53384720377122,1.475464758381445],[103.53494528081501,1.477766160287977],[103.5361623390622,1.480006956083702],[103.53749504264074,1.482181004092364],[103.53893973870278,1.484282345601395],[103.54049246743682,1.486305221192099],[103.54214897292131,1.488244086523478],[103.54390471478987,1.490093627526411],[103.54575488067609,1.491848774966703],[103.54769439940388,1.493504718336897],[103.54971795488721,1.495056919038986],[103.55182000070116,1.496501122821841],[103.55399477528427,1.4978333714393],[103.55623631773054,1.499050013497045],[103.55853848412798,1.500147714458448],[103.56089496439851,1.501123465782115],[103.56329929959348,1.501974593166084],[103.56574489959726,1.50269876387597],[103.56822506119023,1.50329399313717],[103.57073298642185,1.503758649573634],[103.57326180124339,1.504091459678013],[103.57580457434922,1.50429151130142],[103.57835433617495,1.504358256152817],[103.5809040980007,1.50429151130142],[103.58344687110652,1.504091459678013],[103.58597568592806,1.503758649573634],[103.58848361115967,1.50329399313717],[103.59096377275264,1.50269876387597],[103.59340937275643,1.501974593166084],[103.5958137079514,1.501123465782115],[103.59817018822193,1.500147714458448],[103.60047235461936,1.499050013497045],[103.60271389706564,1.4978333714393],[103.60488867164875,1.496501122821841],[103.6069907174627,1.495056919038986],[103.60901427294603,1.493504718336897],[103.61095379167381,1.491848774966703],[103.61280395756003,1.490093627526411],[103.6145596994286,1.488244086523478],[103.61621620491309,1.486305221192099],[103.61776893364713,1.484282345601395],[103.61921362970917,1.482181004092364],[103.6205463332877,1.480006956083702],[103.6217633915349,1.477766160287977],[103.62286146857869,1.475464758381445],[103.6238375546662,1.473109058172168],[103.62468897441332,1.470705516312672],[103.62541339413772,1.468260720604433],[103.62600882825528,1.465781371942646],[103.62647364472247,1.463274265950812],[103.62680656950965,1.460746274355419],[103.62700669009317,1.458204326151833],[103.62707345795634,1.455655388612899]],[[103.61814112971946,1.731597035186182],[103.61809712494987,1.729917327481204],[103.61796523125507,1.728242222257189],[103.61774581014656,1.726576310880752],[103.61743946304227,1.72492415953077],[103.61704702961842,1.723290296682358],[103.61656958550765,1.721679200694151],[103.61600843935115,1.720095287532831],[103.6153651292115,1.718542898668568],[103.61464141835707,1.717026289174496],[103.61383929042901,1.715549616062962],[103.61296094400424,1.714116926890424],[103.61200878656925,1.712732148662303],[103.61098542792136,1.71139907706823],[103.6098936730155,1.710121366077076],[103.60873651427603,1.708902517920524],[103.60751712339454,1.70774587349237],[103.60623884263673,1.706654603190207],[103.6049051756813,1.705631698224227],[103.60351977801666,1.704679962417385],[103.60208644692152,1.703802004519051],[103.60060911105677,1.70300023105347],[103.59909181969734,1.702276839722542],[103.59753873163336,1.701633813380999],[103.59595410377129,1.701072914600671],[103.59434227946593,1.70059568083841],[103.59270767661569,1.700203420221332],[103.59105477555333,1.699897207960627],[103.58938810676581,1.699677883403939],[103.58771223847637,1.699546047734332],[103.58603176412356,1.699502062322141],[103.58435128977075,1.699546047734332],[103.58267542148131,1.699677883403939],[103.58100875269379,1.699897207960627],[103.57935585163143,1.700203420221332],[103.57772124878119,1.70059568083841],[103.57610942447583,1.701072914600671],[103.57452479661376,1.701633813380999],[103.57297170854979,1.702276839722542],[103.57145441719035,1.70300023105347],[103.56997708132559,1.703802004519051],[103.56854375023046,1.704679962417385],[103.56715835256583,1.705631698224227],[103.5658246856104,1.706654603190207],[103.56454640485258,1.70774587349237],[103.56332701397109,1.708902517920524],[103.56216985523162,1.710121366077076],[103.56107810032576,1.71139907706823],[103.56005474167787,1.712732148662303],[103.55910258424288,1.714116926890424],[103.55822423781811,1.715549616062962],[103.55742210989006,1.717026289174496],[103.55669839903562,1.718542898668568],[103.55605508889597,1.720095287532831],[103.55549394273947,1.721679200694151],[103.5550164986287,1.723290296682358],[103.55462406520485,1.72492415953077],[103.55431771810056,1.726576310880752],[103.55409829699205,1.728242222257189],[103.55396640329725,1.729917327481204],[103.55392239852766,1.731597035186182],[103.55396640329725,1.73327674140247],[103.55409829699205,1.734951842176762],[103.55431771810056,1.736617746191182],[103.55462406520485,1.738269887347499],[103.5550164986287,1.739903737282311],[103.55549394273947,1.741514817778444],[103.55605508889597,1.743098713038966],[103.55669839903562,1.744651081789821],[103.55742210989006,1.74616766917825],[103.55822423781811,1.747644318434097],[103.55910258424288,1.749076982262257],[103.56005474167787,1.750461733934999],[103.56107810032576,1.751794778053647],[103.56216985523162,1.753072460950337],[103.56332701397109,1.754291280701228],[103.56454640485258,1.755447896723708],[103.5658246856104,1.756539138931421],[103.56715835256583,1.757562016421989],[103.56854375023046,1.758513725673451],[103.56997708132559,1.759391658227408],[103.57145441719035,1.760193407837303],[103.57297170854979,1.7609167770626],[103.57452479661376,1.761559783290721],[103.57610942447583,1.762120664170251],[103.57772124878119,1.76259788244045],[103.57935585163143,1.76299013014393],[103.58100875269379,1.763296332210982],[103.58267542148131,1.763515649405653],[103.58435128977075,1.763647480625537],[103.58603176412356,1.76369146454905],[103.58771223847637,1.763647480625537],[103.58938810676581,1.763515649405653],[103.59105477555333,1.763296332210982],[103.59270767661569,1.76299013014393],[103.59434227946593,1.76259788244045],[103.59595410377129,1.762120664170251],[103.59753873163336,1.761559783290721],[103.59909181969734,1.7609167770626],[103.60060911105677,1.760193407837303],[103.60208644692152,1.759391658227408],[103.60351977801666,1.758513725673451],[103.6049051756813,1.757562016421989],[103.60623884263673,1.756539138931421],[103.60751712339454,1.755447896723708],[103.60873651427603,1.754291280701228],[103.6098936730155,1.753072460950337],[103.61098542792136,1.751794778053647],[103.61200878656925,1.750461733934999],[103.61296094400424,1.749076982262257],[103.61383929042901,1.747644318434097],[103.61464141835707,1.74616766917825],[103.6153651292115,1.744651081789821],[103.61600843935115,1.743098713038966],[103.61656958550765,1.741514817778444],[103.61704702961842,1.739903737282311],[103.61743946304227,1.738269887347499],[103.61774581014656,1.736617746191182],[103.61796523125507,1.734951842176762],[103.61809712494987,1.73327674140247],[103.61814112971946,1.731597035186182]],[[103.50986312684535,1.688531248116689],[103.50981265065994,1.686604476419411],[103.50966136045547,1.684682983969359],[103.50940967090781,1.682772037469355],[103.50905827188056,1.680876874731721],[103.50860812653403,1.679002690321387],[103.5080604686853,1.677154621317251],[103.5074167994265,1.675337733231038],[103.50667888301031,1.673557006122216],[103.50584874201432,1.671817320946816],[103.5049286517973,1.67012344617802],[103.50392113426261,1.668480024734708],[103.50282895094574,1.666891561254248],[103.5016550954453,1.665362409744045],[103.50040278521757,1.663896761646103],[103.49907545275785,1.662498634346902],[103.49767673619218,1.661171860164485],[103.49621046930541,1.659920075842718],[103.49468067103317,1.658746712581638],[103.49309153444617,1.657654986631175],[103.49144741525737,1.656647890474115],[103.48975281988317,1.655728184622449],[103.4880123930917,1.654898390049527],[103.4862309052718,1.654160781278994],[103.48441323935778,1.653517380149234],[103.48256437744557,1.652969950270501],[103.48068938713715,1.652519992190022],[103.4787934076506,1.652168739278292],[103.47688163573393,1.65191715434771],[103.47495931142109,1.651765927013036],[103.47303170366939,1.651715471800847],[103.4711040959177,1.651765927013036],[103.46918177160487,1.65191715434771],[103.46726999968818,1.652168739278292],[103.46537402020165,1.652519992190022],[103.46349902989321,1.652969950270501],[103.461650167981,1.653517380149234],[103.459832502067,1.654160781278994],[103.45805101424709,1.654898390049527],[103.45631058745563,1.655728184622449],[103.45461599208141,1.656647890474115],[103.45297187289262,1.657654986631175],[103.45138273630562,1.658746712581638],[103.44985293803339,1.659920075842718],[103.44838667114661,1.661171860164485],[103.44698795458093,1.662498634346902],[103.44566062212122,1.663896761646103],[103.4444083118935,1.665362409744045],[103.44323445639304,1.666891561254248],[103.44214227307619,1.668480024734708],[103.44113475554148,1.67012344617802],[103.44021466532448,1.671817320946816],[103.43938452432849,1.673557006122216],[103.43864660791229,1.675337733231038],[103.43800293865348,1.677154621317251],[103.43745528080477,1.679002690321387],[103.43700513545822,1.680876874731721],[103.43665373643097,1.682772037469355],[103.43640204688332,1.684682983969359],[103.43625075667885,1.686604476419411],[103.43620028049345,1.688531248116689],[103.43625075667885,1.690458017903903],[103.43640204688332,1.692379504644657],[103.43665373643097,1.694290441698718],[103.43700513545822,1.696185591357224],[103.43745528080477,1.698059759198561],[103.43800293865348,1.699907808325362],[103.43864660791229,1.701724673443657],[103.43938452432849,1.703505374745662],[103.44021466532448,1.705245031558072],[103.44113475554148,1.706938875718443],[103.44214227307619,1.708582264643268],[103.44323445639304,1.710170694051463],[103.4444083118935,1.711699810308882],[103.44566062212122,1.713165422359804],[103.44698795458093,1.714563513212672],[103.44838667114661,1.715890250948757],[103.44985293803339,1.717141999223504],[103.45138273630562,1.718315327231825],[103.45297187289262,1.71940701911001],[103.45461599208141,1.720414082748583],[103.45631058745563,1.721333757991838],[103.45805101424709,1.722163524201769],[103.459832502067,1.722901107165485],[103.461650167981,1.723544485327353],[103.46349902989321,1.724091895328764],[103.46537402020165,1.724541836840232],[103.46726999968818,1.72489307667286],[103.46918177160487,1.725144652157488],[103.4711040959177,1.725295873782875],[103.47303170366939,1.725346327085],[103.47495931142109,1.725295873782875],[103.47688163573393,1.725144652157488],[103.4787934076506,1.72489307667286],[103.48068938713715,1.724541836840232],[103.48256437744557,1.724091895328764],[103.48441323935778,1.723544485327353],[103.4862309052718,1.722901107165485],[103.4880123930917,1.722163524201769],[103.48975281988317,1.721333757991838],[103.49144741525737,1.720414082748583],[103.49309153444617,1.71940701911001],[103.49468067103317,1.718315327231825],[103.49621046930541,1.717141999223504],[103.49767673619218,1.715890250948757],[103.49907545275785,1.714563513212672],[103.50040278521757,1.713165422359804],[103.5016550954453,1.711699810308882],[103.50282895094574,1.710170694051463],[103.50392113426261,1.708582264643268],[103.5049286517973,1.706938875718443],[103.50584874201432,1.705245031558072],[103.50667888301031,1.703505374745662],[103.5074167994265,1.701724673443657],[103.5080604686853,1.699907808325362],[103.50860812653403,1.698059759198561],[103.50905827188056,1.696185591357224],[103.50940967090781,1.694290441698718],[103.50966136045547,1.692379504644657],[103.50981265065994,1.690458017903903],[103.50986312684535,1.688531248116689]],[[103.68470185175367,1.65691569559577],[103.68463634264089,1.654415047924561],[103.68443999485844,1.651921251215462],[103.68411334658197,1.649441140835295],[103.68365729313167,1.646981514662736],[103.68307308451838,1.644549114455006],[103.68236232201728,1.642150607368088],[103.681526953779,1.639792567681256],[103.68056926948978,1.637481458775791],[103.67949189409573,1.63522361541759],[103.67829778060789,1.633025226392012],[103.67699020200835,1.630892317538771],[103.67557274227916,1.628830735233183],[103.67404928657889,1.626846130359255],[103.67242401059373,1.624943942818508],[103.67070136909219,1.623129386617051],[103.66888608371487,1.62140743557165],[103.66698313003285,1.619782809674267],[103.66499772390986,1.61825996215223],[103.6629353072061,1.616843067259697],[103.66080153286237,1.615536008833821],[103.65860224940586,1.614342369646897],[103.65634348491965,1.613265421584061],[103.65403143052016,1.612308116673018],[103.65167242338784,1.611473078990843],[103.64927292939726,1.610762597469652],[103.6468395253946,1.610178619621229],[103.64437888117115,1.609722746197704],[103.64189774118168,1.609396226802726],[103.63940290605842,1.609199956465604],[103.63690121397106,1.609134473187328],[103.6343995218837,1.609199956465604],[103.63190468676044,1.609396226802726],[103.62942354677095,1.609722746197704],[103.6269629025475,1.610178619621229],[103.62452949854486,1.610762597469652],[103.62213000455425,1.611473078990843],[103.61977099742195,1.612308116673018],[103.61745894302247,1.613265421584061],[103.61520017853624,1.614342369646897],[103.61300089507974,1.615536008833821],[103.61086712073602,1.616843067259697],[103.60880470403225,1.61825996215223],[103.60681929790925,1.619782809674267],[103.60491634422722,1.62140743557165],[103.60310105884992,1.623129386617051],[103.60137841734837,1.624943942818508],[103.59975314136322,1.626846130359255],[103.59822968566294,1.628830735233183],[103.59681222593375,1.630892317538771],[103.5955046473342,1.633025226392012],[103.59431053384635,1.63522361541759],[103.59323315845232,1.637481458775791],[103.5922754741631,1.639792567681256],[103.59144010592483,1.642150607368088],[103.59072934342372,1.644549114455006],[103.59014513481044,1.646981514662736],[103.58968908136013,1.649441140835295],[103.58936243308366,1.651921251215462],[103.58916608530122,1.654415047924561],[103.58910057618843,1.65691569559577],[103.58916608530122,1.659416340109935],[103.58936243308366,1.661910127382481],[103.58968908136013,1.664390222150005],[103.59014513481044,1.666849826704855],[103.59072934342372,1.669282199526674],[103.59144010592483,1.671680673759492],[103.5922754741631,1.674038675484051],[103.59323315845232,1.676349741734957],[103.59431053384635,1.678607538213652],[103.5955046473342,1.680805876648386],[103.59681222593375,1.682938731753738],[103.59822968566294,1.685000257743281],[103.59975314136322,1.686984804350007],[103.60137841734837,1.688886932310759],[103.60310105884992,1.690701428272242],[103.60491634422722,1.692423319077658],[103.60681929790925,1.694047885395084],[103.60880470403225,1.695570674649906],[103.61086712073602,1.696987513226393],[103.61300089507974,1.698294517904419],[103.61520017853624,1.699488106500512],[103.61745894302247,1.700565007683868],[103.61977099742195,1.701522269940339],[103.62213000455425,1.702357269660253],[103.62452949854486,1.703067718327396],[103.6269629025475,1.703651668789907],[103.62942354677095,1.704107520595736],[103.63190468676044,1.704434024378071],[103.6343995218837,1.704630285278652],[103.63690121397106,1.704695765399884],[103.63940290605842,1.704630285278652],[103.64189774118168,1.704434024378071],[103.64437888117115,1.704107520595736],[103.6468395253946,1.703651668789907],[103.64927292939726,1.703067718327396],[103.65167242338784,1.702357269660253],[103.65403143052016,1.701522269940339],[103.65634348491965,1.700565007683868],[103.65860224940586,1.699488106500512],[103.66080153286237,1.698294517904419],[103.6629353072061,1.696987513226393],[103.66499772390986,1.695570674649906],[103.66698313003285,1.694047885395084],[103.66888608371487,1.692423319077658],[103.67070136909219,1.690701428272242],[103.67242401059373,1.688886932310759],[103.67404928657889,1.686984804350007],[103.67557274227916,1.685000257743281],[103.67699020200835,1.682938731753738],[103.67829778060789,1.680805876648386],[103.67949189409573,1.678607538213652],[103.68056926948978,1.676349741734957],[103.681526953779,1.674038675484051],[103.68236232201728,1.671680673759492],[103.68307308451838,1.669282199526674],[103.68365729313167,1.666849826704855],[103.68411334658197,1.664390222150005],[103.68443999485844,1.661910127382481],[103.68463634264089,1.659416340109935],[103.68470185175367,1.65691569559577]],[[103.31693031298094,1.671232574675262],[103.31688102519014,1.669351149624757],[103.31673329691212,1.667474879636413],[103.31648753305981,1.665608907459931],[103.31614440725491,1.663758347633836],[103.31570485998135,1.661928272466429],[103.31517009600766,1.660123698132276],[103.31454158108471,1.658349570922564],[103.31382103792826,1.656610753686759],[103.31301044149696,1.654912012502844],[103.31211201357934,1.653258003612748],[103.31112821670382,1.651653260658678],[103.3100617473893,1.650102182255422],[103.30891552875401,1.648609019932684],[103.30769270250357,1.647177866480478],[103.30639662031973,1.645812644729608],[103.30503083467369,1.644517096797966],[103.30359908908893,1.643294773832144],[103.3021053078806,1.642149026272398],[103.30055358539916,1.641082994667973],[103.29894817480807,1.640099601067493],[103.29729347642618,1.639201541008492],[103.29559402566672,1.63839127612783],[103.29385448060611,1.637671027413165],[103.29207960921642,1.637042769114363],[103.29027427629681,1.63650822333104],[103.28844343013927,1.636068855291559],[103.2865920889659,1.635725869336079],[103.28472532717416,1.635480205614911],[103.28284826142833,1.635332537511085],[103.28096603663519,1.635283269794265],[103.27908381184206,1.635332537511085],[103.27720674609624,1.635480205614911],[103.2753399843045,1.635725869336079],[103.27348864313112,1.636068855291559],[103.27165779697359,1.63650822333104],[103.26985246405397,1.637042769114363],[103.26807759266428,1.637671027413165],[103.26633804760368,1.63839127612783],[103.26463859684421,1.639201541008492],[103.26298389846232,1.640099601067493],[103.26137848787124,1.641082994667973],[103.2598267653898,1.642149026272398],[103.25833298418146,1.643294773832144],[103.25690123859671,1.644517096797966],[103.25553545295065,1.645812644729608],[103.25423937076683,1.647177866480478],[103.25301654451637,1.648609019932684],[103.25187032588109,1.650102182255422],[103.25080385656656,1.651653260658678],[103.24982005969106,1.653258003612748],[103.24892163177343,1.654912012502844],[103.24811103534213,1.656610753686759],[103.24739049218569,1.658349570922564],[103.24676197726274,1.660123698132276],[103.24622721328905,1.661928272466429],[103.24578766601549,1.663758347633836],[103.24544454021056,1.665608907459931],[103.24519877635828,1.667474879636413],[103.24505104808026,1.669351149624757],[103.24500176028945,1.671232574675262],[103.24505104808026,1.673113997923221],[103.24519877635828,1.674990262523654],[103.24544454021056,1.676856225785906],[103.24578766601549,1.678706773269082],[103.24622721328905,1.68053683280017],[103.24676197726274,1.682341388375883],[103.24739049218569,1.684115493910546],[103.24811103534213,1.685854286792196],[103.24892163177343,1.68755300120967],[103.24982005969106,1.689206981214299],[103.25080385656656,1.690811693480341],[103.25187032588109,1.692362739729246],[103.25301654451637,1.693855868783585],[103.25423937076683,1.695286988217863],[103.25553545295065,1.696652175573961],[103.25690123859671,1.69794768911083],[103.25833298418146,1.699169978058724],[103.2598267653898,1.700315692350072],[103.26137848787124,1.701381691800145],[103.26298389846232,1.702365054712611],[103.26463859684421,1.703263085886144],[103.26633804760368,1.704073324000377],[103.26807759266428,1.704793548360887],[103.26985246405397,1.705421784984654],[103.27165779697359,1.705956312009549],[103.27348864313112,1.706395664412698],[103.2753399843045,1.706738638025284],[103.27720674609624,1.70698429283221],[103.27908381184206,1.707131955548126],[103.28096603663519,1.707181221462398],[103.28284826142833,1.707131955548126],[103.28472532717416,1.70698429283221],[103.2865920889659,1.706738638025284],[103.28844343013927,1.706395664412698],[103.29027427629681,1.705956312009549],[103.29207960921642,1.705421784984654],[103.29385448060611,1.704793548360887],[103.29559402566672,1.704073324000377],[103.29729347642618,1.703263085886144],[103.29894817480807,1.702365054712611],[103.30055358539916,1.701381691800145],[103.3021053078806,1.700315692350072],[103.30359908908893,1.699169978058724],[103.30503083467369,1.69794768911083],[103.30639662031973,1.696652175573961],[103.30769270250357,1.695286988217863],[103.30891552875401,1.693855868783585],[103.3100617473893,1.692362739729246],[103.31112821670382,1.690811693480341],[103.31211201357934,1.689206981214299],[103.31301044149696,1.68755300120967],[103.31382103792826,1.685854286792196],[103.31454158108471,1.684115493910546],[103.31517009600766,1.682341388375883],[103.31570485998135,1.68053683280017],[103.31614440725491,1.678706773269082],[103.31648753305981,1.676856225785906],[103.31673329691212,1.674990262523654],[103.31688102519014,1.673113997923221],[103.31693031298094,1.671232574675262]],[[103.4291293317643,1.582982885705297],[103.42907269833029,1.580820966370003],[103.42890295325655,1.578664970463313],[103.4286205618025,1.57652080745081],[103.42822629798356,1.574394354382898],[103.42772124244938,1.572291439785656],[103.42710677952209,1.570217827684495],[103.42638459340188,1.56817920180438],[103.42555666355072,1.566181149990117],[103.42462525926675,1.564229148889127],[103.42359293346439,1.562328548938979],[103.42246251567688,1.560484559700639],[103.42123710430086,1.558702235577858],[103.41992005810367,1.556986461961632],[103.41851498701745,1.555341941837905],[103.4170257422443,1.553773182895177],[103.41545640570072,1.552284485167374],[103.41381127882904,1.55087992924585],[103.41209487080766,1.54956336509289],[103.41031188619169,1.548338401487383],[103.40846721201801,1.547208396131644],[103.40656590441033,1.546176446446381],[103.4046131747206,1.545245381079273],[103.40261437524521,1.544417752150322],[103.40057498455457,1.543695828255138],[103.39850059247678,1.543081588245701],[103.3963968847764,1.54257671580518],[103.39426962756994,1.542182594832179],[103.3921246515216,1.541900305646725],[103.3899678358616,1.541730622028447],[103.38780509227173,1.541674009095302],[103.38564234868187,1.541730622028447],[103.38348553302187,1.541900305646725],[103.38134055697353,1.542182594832179],[103.37921329976707,1.54257671580518],[103.37710959206667,1.543081588245701],[103.3750351999889,1.543695828255138],[103.37299580929825,1.544417752150322],[103.37099700982287,1.545245381079273],[103.36904428013315,1.546176446446381],[103.36714297252544,1.547208396131644],[103.36529829835177,1.548338401487383],[103.36351531373579,1.54956336509289],[103.36179890571441,1.55087992924585],[103.36015377884274,1.552284485167374],[103.35858444229916,1.553773182895177],[103.35709519752602,1.555341941837905],[103.3556901264398,1.556986461961632],[103.35437308024261,1.558702235577858],[103.35314766886658,1.560484559700639],[103.35201725107908,1.562328548938979],[103.35098492527672,1.564229148889127],[103.35005352099274,1.566181149990117],[103.34922559114158,1.56817920180438],[103.34850340502136,1.570217827684495],[103.34788894209409,1.572291439785656],[103.3473838865599,1.574394354382898],[103.34698962274095,1.57652080745081],[103.34670723128691,1.578664970463313],[103.34653748621317,1.580820966370003],[103.34648085277917,1.582982885705297],[103.34653748621317,1.585144802786238],[103.34670723128691,1.587300791954593],[103.34698962274095,1.589444943818602],[103.3473838865599,1.59157138145001],[103.34788894209409,1.593674276491853],[103.34850340502136,1.595747865132989],[103.34922559114158,1.597786463905478],[103.35005352099274,1.59978448526149],[103.35098492527672,1.601736452887332],[103.35201725107908,1.603637016712206],[103.35314766886658,1.605480967570933],[103.35437308024261,1.607263251480256],[103.3556901264398,1.608978983489751],[103.35709519752602,1.610623461069348],[103.35858444229916,1.612192176996652],[103.36015377884274,1.613680831709043],[103.36179890571441,1.615085345086436],[103.36351531373579,1.616401867632678],[103.36529829835177,1.617626791024715],[103.36714297252544,1.618756758000853],[103.36904428013315,1.619788671560841],[103.37099700982287,1.620719703452815],[103.37299580929825,1.621547301923541],[103.3750351999889,1.622269198711098],[103.37710959206667,1.622883415260523],[103.37921329976707,1.623388268145658],[103.38134055697353,1.623782373682142],[103.38348553302187,1.624064651719116],[103.38564234868187,1.62423432859907],[103.38780509227173,1.624290939277877],[103.3899678358616,1.62423432859907],[103.3921246515216,1.624064651719116],[103.39426962756994,1.623782373682142],[103.3963968847764,1.623388268145658],[103.39850059247678,1.622883415260523],[103.40057498455457,1.622269198711098],[103.40261437524521,1.621547301923541],[103.4046131747206,1.620719703452815],[103.40656590441033,1.619788671560841],[103.40846721201801,1.618756758000853],[103.41031188619169,1.617626791024715],[103.41209487080766,1.616401867632678],[103.41381127882904,1.615085345086436],[103.41545640570072,1.613680831709043],[103.4170257422443,1.612192176996652],[103.41851498701745,1.610623461069348],[103.41992005810367,1.608978983489751],[103.42123710430086,1.607263251480256],[103.42246251567688,1.605480967570933],[103.42359293346439,1.603637016712206],[103.42462525926675,1.601736452887332],[103.42555666355072,1.59978448526149],[103.42638459340188,1.597786463905478],[103.42710677952209,1.595747865132989],[103.42772124244938,1.593674276491853],[103.42822629798356,1.59157138145001],[103.4286205618025,1.589444943818602],[103.42890295325655,1.587300791954593],[103.42907269833029,1.585144802786238],[103.4291293317643,1.582982885705297]],[[103.51105613493488,1.542844387769924],[103.51099572358066,1.540538206338328],[103.51081465510126,1.538238343503568],[103.51051342579281,1.53595110306412],[103.51009286130392,1.533682754241277],[103.5095541143726,1.531439514494982],[103.50889866166678,1.529227532481395],[103.50812829973673,1.527052871198726],[103.50724514009094,1.524921491367849],[103.50625160340867,1.522839235092912],[103.50515041290487,1.520811809846988],[103.50394458686617,1.518844772826612],[103.5026374303779,1.51694351571808],[103.5012325262652,1.515113249917309],[103.49973372527252,1.513358992243728],[103.49814513550925,1.511685551187573],[103.49647111118946,1.510097513727986],[103.49471624069751,1.508599232758388],[103.4928853340114,1.507194815153412],[103.49098340951912,1.505888110510187],[103.48901568026348,1.504682700594886],[103.48698753965357,1.50358188952342],[103.48490454668189,1.502588694703267],[103.48277241068733,1.50170583856129],[103.48059697570649,1.500935741080109],[103.47838420445541,1.500280513163703],[103.4761401619863,1.499741950850284],[103.47387099906358,1.499321530388378],[103.4715829353051,1.499020404189623],[103.46928224213455,1.498839397669381],[103.46697522559204,1.49877900698375],[103.4646682090495,1.498839397669381],[103.46236751587898,1.499020404189623],[103.4600794521205,1.499321530388378],[103.45781028919778,1.499741950850284],[103.45556624672865,1.500280513163703],[103.4533534754776,1.500935741080109],[103.45117804049673,1.50170583856129],[103.44904590450219,1.502588694703267],[103.4469629115305,1.50358188952342],[103.4449347709206,1.504682700594886],[103.44296704166496,1.505888110510187],[103.44106511717267,1.507194815153412],[103.43923421048656,1.508599232758388],[103.43747933999461,1.510097513727986],[103.43580531567484,1.511685551187573],[103.43421672591155,1.513358992243728],[103.43271792491889,1.515113249917309],[103.43131302080616,1.51694351571808],[103.4300058643179,1.518844772826612],[103.4288000382792,1.520811809846988],[103.4276988477754,1.522839235092912],[103.42670531109312,1.524921491367849],[103.42582215144735,1.527052871198726],[103.4250517895173,1.529227532481395],[103.42439633681145,1.531439514494982],[103.42385758988016,1.533682754241277],[103.42343702539127,1.53595110306412],[103.42313579608282,1.538238343503568],[103.42295472760343,1.540538206338328],[103.42289431624918,1.542844387769924],[103.42295472760343,1.545150566701336],[103.42313579608282,1.547450422063002],[103.42343702539127,1.549737650138311],[103.42385758988016,1.55200598184141],[103.42439633681145,1.554249199899923],[103.4250517895173,1.556461155895339],[103.42582215144735,1.558635787114476],[103.42670531109312,1.560767133165852],[103.4276988477754,1.562849352315434],[103.4288000382792,1.564876737496878],[103.4300058643179,1.566843731952615],[103.43131302080616,1.568744944462684],[103.43271792491889,1.570575164119828],[103.43421672591155,1.572329374610134],[103.43580531567484,1.574002767960349],[103.43747933999461,1.575590757713995],[103.43923421048656,1.577088991500331],[103.44106511717267,1.57849336296168],[103.44296704166496,1.579800023006455],[103.4449347709206,1.58100539035713],[103.4469629115305,1.582106161364116],[103.44904590450219,1.583099319058913],[103.45117804049673,1.583982141421416],[103.4533534754776,1.584752208839078],[103.45556624672865,1.585407410737324],[103.45781028919778,1.585945951362974],[103.4600794521205,1.58636635470515],[103.46236751587898,1.586667468539741],[103.4646682090495,1.586848467586901],[103.46697522559204,1.586908855772374],[103.46928224213455,1.586848467586901],[103.4715829353051,1.586667468539741],[103.47387099906358,1.58636635470515],[103.4761401619863,1.585945951362974],[103.47838420445541,1.585407410737324],[103.48059697570649,1.584752208839078],[103.48277241068733,1.583982141421416],[103.48490454668189,1.583099319058913],[103.48698753965357,1.582106161364116],[103.48901568026348,1.58100539035713],[103.49098340951912,1.579800023006455],[103.4928853340114,1.57849336296168],[103.49471624069751,1.577088991500331],[103.49647111118946,1.575590757713995],[103.49814513550925,1.574002767960349],[103.49973372527252,1.572329374610134],[103.5012325262652,1.570575164119828],[103.5026374303779,1.568744944462684],[103.50394458686617,1.566843731952615],[103.50515041290487,1.564876737496878],[103.50625160340867,1.562849352315434],[103.50724514009094,1.560767133165852],[103.50812829973673,1.558635787114476],[103.50889866166678,1.556461155895339],[103.5095541143726,1.554249199899923],[103.51009286130392,1.55200598184141],[103.51051342579281,1.549737650138311],[103.51081465510126,1.547450422063002],[103.51099572358066,1.545150566701336],[103.51105613493488,1.542844387769924]],[[103.52139337035912,1.409086544532539],[103.52134536406811,1.407253811902386],[103.52120147677695,1.405426101230739],[103.52096210287074,1.403608422165016],[103.52062789845668,1.401805756868215],[103.52019977956586,1.400023046362759],[103.5196789196424,1.398265176987053],[103.51906674632717,1.396536967001718],[103.51836493754463,1.394843153382382],[103.51757541690388,1.393188378835207],[103.51670034842613,1.391577179070602],[103.51574213061326,1.390013970370163],[103.51470338987369,1.38850303748103],[103.51358697332357,1.387048521870421],[103.51239594098305,1.385654410373122],[103.51113355738903,1.384324524262674],[103.50980328264717,1.383062508776271],[103.50840876294806,1.381871823122243],[103.50695382057327,1.380755730997403],[103.50544244341873,1.379717291640253],[103.50387877406416,1.378759351444773],[103.50226709841857,1.377884536157408],[103.50061183397288,1.377095243679105],[103.49891751769186,1.376393637491847],[103.49718879357872,1.375781640727702],[103.49543039994603,1.375260930896908],[103.49364715642855,1.374832935289126],[103.49184395077279,1.374498827060756],[103.49002572544013,1.374259522018791],[103.4881974640598,1.374115676110295],[103.48636417776919,1.374067683624178],[103.48453089147858,1.374115676110295],[103.48270263009825,1.374259522018791],[103.48088440476559,1.374498827060756],[103.47908119910984,1.374832935289126],[103.47729795559236,1.375260930896908],[103.47553956195968,1.375781640727702],[103.47381083784651,1.376393637491847],[103.47211652156551,1.377095243679105],[103.47046125711981,1.377884536157408],[103.46884958147422,1.378759351444773],[103.46728591211966,1.379717291640253],[103.4657745349651,1.380755730997403],[103.46431959259033,1.381871823122243],[103.46292507289122,1.383062508776271],[103.46159479814936,1.384324524262674],[103.46033241455534,1.385654410373122],[103.45914138221482,1.387048521870421],[103.4580249656647,1.38850303748103],[103.45698622492513,1.390013970370163],[103.45602800711225,1.391577179070602],[103.4551529386345,1.393188378835207],[103.45436341799376,1.394843153382382],[103.45366160921122,1.396536967001718],[103.45304943589598,1.398265176987053],[103.45252857597254,1.400023046362759],[103.45210045708171,1.401805756868215],[103.45176625266765,1.403608422165016],[103.45152687876144,1.405426101230739],[103.45138299147028,1.407253811902386],[103.45133498517927,1.409086544532539],[103.45138299147028,1.410919275720641],[103.45152687876144,1.412746982081962],[103.45176625266765,1.414564654016296],[103.45210045708171,1.416367309438785],[103.45252857597254,1.418150007435184],[103.45304943589598,1.419907861804154],[103.45366160921122,1.421636054449474],[103.45436341799376,1.423329848585509],[103.4551529386345,1.424984601719548],[103.45602800711225,1.426595778375795],[103.45698622492513,1.428158962525825],[103.4580249656647,1.42966986969151],[103.45914138221482,1.431124358687428],[103.46033241455534,1.432518442970399],[103.46159479814936,1.433848301565042],[103.46292507289122,1.435110289535653],[103.46431959259033,1.436300947975366],[103.4657745349651,1.437417013485529],[103.46728591211966,1.438455427119204],[103.46884958147422,1.439413342764301],[103.47046125711981,1.440288134943308],[103.47211652156551,1.441077406008475],[103.47381083784651,1.441778992712444],[103.47553956195968,1.442390972136574],[103.47729795559236,1.442911666960621],[103.47908119910984,1.443339650059344],[103.48088440476559,1.443673748413415],[103.48270263009825,1.443913046324004],[103.48453089147858,1.444056887922175],[103.48636417776919,1.444104878966241],[103.4881974640598,1.444056887922175],[103.49002572544013,1.443913046324004],[103.49184395077279,1.443673748413415],[103.49364715642855,1.443339650059344],[103.49543039994603,1.442911666960621],[103.49718879357872,1.442390972136574],[103.49891751769186,1.441778992712444],[103.50061183397288,1.441077406008475],[103.50226709841857,1.440288134943308],[103.50387877406416,1.439413342764301],[103.50544244341873,1.438455427119204],[103.50695382057327,1.437417013485529],[103.50840876294806,1.436300947975366],[103.50980328264717,1.435110289535653],[103.51113355738903,1.433848301565042],[103.51239594098305,1.432518442970399],[103.51358697332357,1.431124358687428],[103.51470338987369,1.42966986969151],[103.51574213061326,1.428158962525825],[103.51670034842613,1.426595778375795],[103.51757541690388,1.424984601719548],[103.51836493754463,1.423329848585509],[103.51906674632717,1.421636054449474],[103.5196789196424,1.419907861804154],[103.52019977956586,1.418150007435184],[103.52062789845668,1.416367309438785],[103.52096210287074,1.414564654016296],[103.52120147677695,1.412746982081962],[103.52134536406811,1.410919275720641],[103.52139337035912,1.409086544532539]]],"bbox":[102.51286736603868,1.337860032548618,104.19801281648186,2.712174617190598]}
