{"type":"Topology","objects":{"MYS_GE-00":{"type":"GeometryCollection","geometries":[{"type":"Polygon","arcs":[[0]],"properties":{"state":"Pulau Pinang","parlimen":"P.001 Wellesley North","code_parlimen":"P.001","voters_total":28190}},{"type":"Polygon","arcs":[[1]],"properties":{"state":"Pulau Pinang","parlimen":"P.002 Wellesley South","code_parlimen":"P.002","voters_total":24320}},{"type":"Polygon","arcs":[[2]],"properties":{"state":"Pulau Pinang","parlimen":"P.003 George Town","code_parlimen":"P.003","voters_total":19935}},{"type":"Polygon","arcs":[[3]],"properties":{"state":"Pulau Pinang","parlimen":"P.004 Penang Island","code_parlimen":"P.004","voters_total":27281}},{"type":"Polygon","arcs":[[4]],"properties":{"state":"Melaka","parlimen":"P.005 Malacca Central","code_parlimen":"P.005","voters_total":25511}},{"type":"Polygon","arcs":[[5]],"properties":{"state":"Melaka","parlimen":"P.006 Malacca Luar","code_parlimen":"P.006","voters_total":34204}},{"type":"Polygon","arcs":[[6]],"properties":{"state":"Perak","parlimen":"P.007 Krian","code_parlimen":"P.007","voters_total":27239}},{"type":"Polygon","arcs":[[7]],"properties":{"state":"Perak","parlimen":"P.008 Batang Padang","code_parlimen":"P.008","voters_total":13677}},{"type":"Polygon","arcs":[[8]],"properties":{"state":"Perak","parlimen":"P.009 Larut and Matang","code_parlimen":"P.009","voters_total":30454}},{"type":"Polygon","arcs":[[9]],"properties":{"state":"Perak","parlimen":"P.010 Dindings","code_parlimen":"P.010","voters_total":16512}},{"type":"Polygon","arcs":[[10]],"properties":{"state":"Perak","parlimen":"P.011 Sungei Perak Ulu","code_parlimen":"P.011","voters_total":28206}},{"type":"Polygon","arcs":[[11]],"properties":{"state":"Perak","parlimen":"P.012 Sungei Perak Hilir","code_parlimen":"P.012","voters_total":25677}},{"type":"Polygon","arcs":[[12]],"properties":{"state":"Perak","parlimen":"P.013 Telok Anson","code_parlimen":"P.013","voters_total":18131}},{"type":"Polygon","arcs":[[13]],"properties":{"state":"Perak","parlimen":"P.014 Ipoh and Menglembu","code_parlimen":"P.014","voters_total":12948}},{"type":"Polygon","arcs":[[14]],"properties":{"state":"Perak","parlimen":"P.015 Kinta Utara","code_parlimen":"P.015","voters_total":12304}},{"type":"Polygon","arcs":[[15]],"properties":{"state":"Perak","parlimen":"P.016 Kinta Selatan","code_parlimen":"P.016","voters_total":16216}},{"type":"Polygon","arcs":[[16]],"properties":{"state":"Selangor","parlimen":"P.017 Kuala Lumpur Barat","code_parlimen":"P.017","voters_total":8862}},{"type":"Polygon","arcs":[[17]],"properties":{"state":"Selangor","parlimen":"P.018 Kuala Lumpur Timor","code_parlimen":"P.018","voters_total":13184}},{"type":"Polygon","arcs":[[18]],"properties":{"state":"Selangor","parlimen":"P.019 Ulu Selangor","code_parlimen":"P.019","voters_total":7835}},{"type":"Polygon","arcs":[[19]],"properties":{"state":"Selangor","parlimen":"P.020 Kuala Selangor","code_parlimen":"P.020","voters_total":21410}},{"type":"Polygon","arcs":[[20]],"properties":{"state":"Selangor","parlimen":"P.021 Langat","code_parlimen":"P.021","voters_total":10834}},{"type":"Polygon","arcs":[[21]],"properties":{"state":"Selangor","parlimen":"P.022 Selangor Barat","code_parlimen":"P.022","voters_total":13847}},{"type":"Polygon","arcs":[[22]],"properties":{"state":"Selangor","parlimen":"P.023 Selangor Tengah","code_parlimen":"P.023","voters_total":9465}},{"type":"Polygon","arcs":[[23]],"properties":{"state":"Negeri Sembilan","parlimen":"P.024 Negri Sembilan Utara","code_parlimen":"P.024","voters_total":26502}},{"type":"Polygon","arcs":[[24]],"properties":{"state":"Negeri Sembilan","parlimen":"P.025 Negri Sembilan Selatan","code_parlimen":"P.025","voters_total":18651}},{"type":"Polygon","arcs":[[25]],"properties":{"state":"Negeri Sembilan","parlimen":"P.026 Seremban","code_parlimen":"P.026","voters_total":12979}},{"type":"Polygon","arcs":[[26]],"properties":{"state":"Pahang","parlimen":"P.027 Ulu Pahang","code_parlimen":"P.027","voters_total":22812}},{"type":"Polygon","arcs":[[27]],"properties":{"state":"Pahang","parlimen":"P.028 Semantan","code_parlimen":"P.028","voters_total":19849}},{"type":"Polygon","arcs":[[28]],"properties":{"state":"Pahang","parlimen":"P.029 Pahang Timor","code_parlimen":"P.029","voters_total":22291}},{"type":"Polygon","arcs":[[29]],"properties":{"state":"Johor","parlimen":"P.030 Johore Timor","code_parlimen":"P.030","voters_total":14155}},{"type":"Polygon","arcs":[[30]],"properties":{"state":"Johor","parlimen":"P.031 Johore Bahru","code_parlimen":"P.031","voters_total":15042}},{"type":"Polygon","arcs":[[31]],"properties":{"state":"Johor","parlimen":"P.032 Johore Selatan","code_parlimen":"P.032","voters_total":29090}},{"type":"Polygon","arcs":[[32]],"properties":{"state":"Johor","parlimen":"P.033 Johore Tengah","code_parlimen":"P.033","voters_total":11737}},{"type":"Polygon","arcs":[[33]],"properties":{"state":"Johor","parlimen":"P.034 Batu Pahat","code_parlimen":"P.034","voters_total":27323}},{"type":"Polygon","arcs":[[34]],"properties":{"state":"Johor","parlimen":"P.035 Muar Selatan","code_parlimen":"P.035","voters_total":34321}},{"type":"Polygon","arcs":[[35]],"properties":{"state":"Johor","parlimen":"P.036 Muar Utara","code_parlimen":"P.036","voters_total":29272}},{"type":"Polygon","arcs":[[36]],"properties":{"state":"Johor","parlimen":"P.037 Segamat","code_parlimen":"P.037","voters_total":17482}},{"type":"Polygon","arcs":[[37]],"properties":{"state":"Kedah","parlimen":"P.038 Alor Star","code_parlimen":"P.038","voters_total":35261}},{"type":"Polygon","arcs":[[38]],"properties":{"state":"Kedah","parlimen":"P.039 Kota Star","code_parlimen":"P.039","voters_total":34043}},{"type":"Polygon","arcs":[[39]],"properties":{"state":"Kedah","parlimen":"P.040 Kedah Utara","code_parlimen":"P.040","voters_total":33966}},{"type":"Polygon","arcs":[[40]],"properties":{"state":"Kedah","parlimen":"P.041 Kedah Tengah","code_parlimen":"P.041","voters_total":37176}},{"type":"Polygon","arcs":[[41]],"properties":{"state":"Kedah","parlimen":"P.042 Sungei Muda","code_parlimen":"P.042","voters_total":27426}},{"type":"Polygon","arcs":[[42]],"properties":{"state":"Kedah","parlimen":"P.043 Kedah Selatan","code_parlimen":"P.043","voters_total":25917}},{"type":"Polygon","arcs":[[43]],"properties":{"state":"Kelantan","parlimen":"P.044 Kelantan Selatan","code_parlimen":"P.044","voters_total":39084}},{"type":"Polygon","arcs":[[44]],"properties":{"state":"Kelantan","parlimen":"P.045 Kelantan Timor","code_parlimen":"P.045","voters_total":46221}},{"type":"Polygon","arcs":[[45]],"properties":{"state":"Kelantan","parlimen":"P.046 Pasir Mas","code_parlimen":"P.046","voters_total":34779}},{"type":"Polygon","arcs":[[46]],"properties":{"state":"Kelantan","parlimen":"P.047 Kelantan Utara","code_parlimen":"P.047","voters_total":42510}},{"type":"Polygon","arcs":[[47]],"properties":{"state":"Kelantan","parlimen":"P.048 Kelantan Tengah","code_parlimen":"P.048","voters_total":43149}},{"type":"Polygon","arcs":[[48]],"properties":{"state":"Terengganu","parlimen":"P.049 Trengganu Utara","code_parlimen":"P.049","voters_total":32482}},{"type":"Polygon","arcs":[[49]],"properties":{"state":"Terengganu","parlimen":"P.050 Trengganu Tengah","code_parlimen":"P.050","voters_total":33719}},{"type":"Polygon","arcs":[[50]],"properties":{"state":"Terengganu","parlimen":"P.051 Trengganu Selatan","code_parlimen":"P.051","voters_total":23831}},{"type":"Polygon","arcs":[[51]],"properties":{"state":"Perlis","parlimen":"P.052 Perlis","code_parlimen":"P.052","voters_total":30936}}]}},"arcs":[[[100.55517059739697,5.518801978356321],[100.55505251564506,5.514313503469599],[100.55469859404323,5.509837297373789],[100.55410980266599,5.505385629482262],[100.55328775534957,5.500970702222564],[100.55223470526853,5.496604617582254],[100.55095353875994,5.492299343927075],[100.54944776741215,5.488066683182803],[100.54772151843976,5.483918238470623],[100.54577952337121,5.479865382285017],[100.54362710508,5.47591922530165],[100.54127016319507,5.472090585900929],[100.53871515793026,5.468389960491008],[100.53596909237741,5.464827494711891],[100.53303949331136,5.461412955599806],[100.52993439055949,5.458155704788513],[100.5266622949926,5.455064672821181],[100.52323217519722,5.452148334643625],[100.51965343289329,5.44941468634649],[100.5159358771647,5.446871223220155],[100.51208969757329,5.444524919183094],[100.50812543622997,5.442382207640244],[100.50405395889953,5.440448963824129],[100.49988642521836,5.438730488667376],[100.49563425810655,5.437231494251236],[100.49130911245864,5.435956090870019],[100.48692284319817,5.434907775747293],[100.48248747278433,5.434089423434755],[100.47801515825911,5.433503277920559],[100.47351815792575,5.433150946468539],[100.46900879774958,5.433033395205434],[100.46449943757342,5.433150946468539],[100.46000243724006,5.433503277920559],[100.45553012271483,5.434089423434755],[100.45109475230099,5.434907775747293],[100.44670848304052,5.435956090870019],[100.44238333739261,5.437231494251236],[100.43813117028081,5.438730488667376],[100.43396363659964,5.440448963824129],[100.4298921592692,5.442382207640244],[100.42592789792589,5.444524919183094],[100.42208171833447,5.446871223220155],[100.41836416260588,5.44941468634649],[100.41478542030194,5.452148334643625],[100.41135530050656,5.455064672821181],[100.40808320493969,5.458155704788513],[100.4049781021878,5.461412955599806],[100.40204850312176,5.464827494711891],[100.39930243756892,5.468389960491008],[100.39674743230411,5.472090585900929],[100.39439049041917,5.47591922530165],[100.39223807212797,5.479865382285017],[100.3902960770594,5.483918238470623],[100.38856982808701,5.488066683182803],[100.38706405673923,5.492299343927075],[100.38578289023064,5.496604617582254],[100.38472984014959,5.500970702222564],[100.38390779283317,5.505385629482262],[100.38331900145593,5.509837297373789],[100.3829650798541,5.514313503469599],[100.3828469981022,5.518801978356321],[100.3829650798541,5.523290419269579],[100.38331900145593,5.527766523817212],[100.38390779283317,5.532218023698431],[100.38472984014959,5.536632718326458],[100.38578289023064,5.540998508262499],[100.38706405673923,5.545303428369662],[100.38856982808701,5.549535680595718],[100.3902960770594,5.55368366629531],[100.39223807212797,5.55773601800301],[100.39439049041917,5.561681630570324],[100.39674743230411,5.565509691581591],[100.39930243756892,5.569209710965608],[100.40204850312176,5.572771549722135],[100.4049781021878,5.576185447684738],[100.40808320493969,5.579442050244231],[100.41135530050656,5.582532433959838],[100.41478542030194,5.58544813098809],[100.41836416260588,5.588181152262941],[100.42208171833447,5.59072400936379],[100.42592789792589,5.593069735011881],[100.4298921592692,5.595211902139212],[100.43396363659964,5.59714464147802],[100.43813117028081,5.598862657622795],[100.44238333739261,5.600361243521317],[100.44670848304052,5.601636293355052],[100.45109475230099,5.602684313774007],[100.45553012271483,5.603502433455279],[100.46000243724006,5.604088410959459],[100.46449943757342,5.604440640863493],[100.46900879774958,5.604558158153186],[100.47351815792575,5.604440640863493],[100.47801515825911,5.604088410959459],[100.48248747278433,5.603502433455279],[100.48692284319817,5.602684313774007],[100.49130911245864,5.601636293355052],[100.49563425810655,5.600361243521317],[100.49988642521836,5.598862657622795],[100.50405395889953,5.59714464147802],[100.50812543622997,5.595211902139212],[100.51208969757329,5.593069735011881],[100.5159358771647,5.59072400936379],[100.51965343289329,5.588181152262941],[100.52323217519722,5.58544813098809],[100.5266622949926,5.582532433959838],[100.52993439055949,5.579442050244231],[100.53303949331136,5.576185447684738],[100.53596909237741,5.572771549722135],[100.53871515793026,5.569209710965608],[100.54127016319507,5.565509691581591],[100.54362710508,5.561681630570324],[100.54577952337121,5.55773601800301],[100.54772151843976,5.55368366629531],[100.54944776741215,5.549535680595718],[100.55095353875994,5.545303428369662],[100.55223470526853,5.540998508262499],[100.55328775534957,5.536632718326458],[100.55410980266599,5.532218023698431],[100.55469859404323,5.527766523817212],[100.55505251564506,5.523290419269579],[100.55517059739697,5.518801978356321]],[[100.54991493040623,5.284992855782557],[100.54980525303434,5.280822237417741],[100.54947652153675,5.276663022482922],[100.54892963694363,5.272526611463168],[100.54816609822764,5.26842434256423],[100.54718799819533,5.26436746062852],[100.5459980177509,5.260367086304687],[100.54459941854803,5.256434185555316],[100.5429960340499,5.252579539586481],[100.54119225902203,5.248813715281703],[100.53919303748631,5.245147036221659],[100.5370038491701,5.241589554368954],[100.53463069448632,5.2381510224962],[100.53208007808706,5.234840867432814],[100.52935899103453,5.231668164204339],[100.52647489163925,5.228641611135275],[100.52343568501718,5.225769505984056],[100.52024970142237,5.223059723175671],[100.51692567341446,5.220519692194723],[100.51347271192313,5.218156377198333],[100.50990028127585,5.21597625790502],[100.50621817325667,5.213985311812282],[100.50243648026776,5.212188997791625],[100.49856556766673,5.210592241106522],[100.49461604535594,5.209199419894368],[100.49059873870154,5.208014353149713],[100.48652465886181,5.207040290241894],[100.48240497260643,5.20627990199606],[100.47825097170906,5.205735273361983],[100.4740740419974,5.205407897690963],[100.46988563214546,5.205298672636657],[100.46569722229353,5.205407897690963],[100.46152029258187,5.205735273361983],[100.4573662916845,5.20627990199606],[100.4532466054291,5.207040290241894],[100.44917252558938,5.208014353149713],[100.44515521893499,5.209199419894368],[100.4412056966242,5.210592241106522],[100.43733478402316,5.212188997791625],[100.43355309103424,5.213985311812282],[100.42987098301508,5.21597625790502],[100.42629855236778,5.218156377198333],[100.42284559087645,5.220519692194723],[100.41952156286854,5.223059723175671],[100.41633557927375,5.225769505984056],[100.41329637265167,5.228641611135275],[100.41041227325638,5.231668164204339],[100.40769118620386,5.234840867432814],[100.4051405698046,5.2381510224962],[100.40276741512082,5.241589554368954],[100.4005782268046,5.245147036221659],[100.3985790052689,5.248813715281703],[100.39677523024102,5.252579539586481],[100.3951718457429,5.256434185555316],[100.39377324654002,5.260367086304687],[100.3925832660956,5.26436746062852],[100.39160516606327,5.26842434256423],[100.3908416273473,5.272526611463168],[100.39029474275416,5.276663022482922],[100.38996601125658,5.280822237417741],[100.38985633388468,5.284992855782557],[100.38996601125658,5.289163446065148],[100.39029474275416,5.29332257706102],[100.3908416273473,5.297458849204742],[100.39160516606327,5.301560925812102],[100.3925832660956,5.3056175641475],[100.39377324654002,5.309617646231232],[100.3951718457429,5.313550209302537],[100.39677523024102,5.317404475855065],[100.3985790052689,5.321169883162204],[100.4005782268046,5.324836112212068],[100.40276741512082,5.328393115972406],[100.4051405698046,5.331831146908726],[100.40769118620386,5.335140783679951],[100.41041227325638,5.338312956939101],[100.41329637265167,5.341338974168095],[100.41633557927375,5.344210543479296],[100.41952156286854,5.346919796318469],[100.42284559087645,5.349459309007486],[100.42629855236778,5.351822123067723],[100.42987098301508,5.354001764269013],[100.43355309103424,5.355992260351964],[100.43733478402316,5.357788157375428],[100.4412056966242,5.359384534644631],[100.44515521893499,5.360777018179151],[100.44917252558938,5.3619617926841],[100.4532466054291,5.36293561199195],[100.4573662916845,5.363695807946499],[100.46152029258187,5.364240297704747],[100.46569722229353,5.364567589436947],[100.46988563214546,5.364676786409092],[100.4740740419974,5.364567589436947],[100.47825097170906,5.364240297704747],[100.48240497260643,5.363695807946499],[100.48652465886181,5.36293561199195],[100.49059873870154,5.3619617926841],[100.49461604535594,5.360777018179151],[100.49856556766673,5.359384534644631],[100.50243648026776,5.357788157375428],[100.50621817325667,5.355992260351964],[100.50990028127585,5.354001764269013],[100.51347271192313,5.351822123067723],[100.51692567341446,5.349459309007486],[100.52024970142237,5.346919796318469],[100.52343568501718,5.344210543479296],[100.52647489163925,5.341338974168095],[100.52935899103453,5.338312956939101],[100.53208007808706,5.335140783679951],[100.53463069448632,5.331831146908726],[100.5370038491701,5.328393115972406],[100.53919303748631,5.324836112212068],[100.54119225902203,5.321169883162204],[100.5429960340499,5.317404475855065],[100.54459941854803,5.313550209302537],[100.5459980177509,5.309617646231232],[100.54718799819533,5.3056175641475],[100.54816609822764,5.301560925812102],[100.54892963694363,5.297458849204742],[100.54947652153675,5.29332257706102],[100.54980525303434,5.289163446065148],[100.54991493040623,5.284992855782557]],[[100.42362653695574,5.413106804473394],[100.42352723829984,5.409331641054519],[100.42322961450287,5.40556680163884],[100.42273448133096,5.401822605694692],[100.42204319590974,5.398109316296658],[100.42115765300447,5.394437111989654],[100.42008027982672,5.390816058882617],[100.41881402938148,5.387256083048491],[100.41736237237319,5.383766943306275],[100.41572928769283,5.380358204459782],[100.41391925151194,5.377039211066703],[100.41193722501397,5.373819061809992],[100.4097886407957,5.370706584541971],[100.40747938797715,5.367710312069754],[100.4050157960598,5.364838458748646],[100.40240461757786,5.362098897947643],[100.39965300959,5.359499140449365],[100.3967685140625,5.357046313843494],[100.39375903719706,5.354747142970567],[100.39063282776064,5.352607931470081],[100.38739845447596,5.350634544483365],[100.38406478253538,5.34883239255912],[100.38064094930198,5.347206416805819],[100.37713633926465,5.3457610753319],[100.3735605583159,5.344500331011005],[100.36992340742282,5.343427640606039],[100.3662348557631,5.342545945282071],[100.3625050134005,5.341857662534044],[100.35874410357366,5.341364679551573],[100.35496243467503,5.341068348039356],[100.35117037199618,5.340969480507096],[100.34737830931732,5.341068348039356],[100.3435966404187,5.341364679551573],[100.33983573059186,5.341857662534044],[100.33610588822927,5.342545945282071],[100.33241733656955,5.343427640606039],[100.32878018567645,5.344500331011005],[100.3252044047277,5.3457610753319],[100.32169979469037,5.347206416805819],[100.31827596145698,5.34883239255912],[100.31494228951641,5.350634544483365],[100.31170791623171,5.352607931470081],[100.30858170679528,5.354747142970567],[100.30557222992987,5.357046313843494],[100.30268773440237,5.359499140449365],[100.29993612641451,5.362098897947643],[100.29732494793254,5.364838458748646],[100.2948613560152,5.367710312069754],[100.29255210319666,5.370706584541971],[100.2904035189784,5.373819061809992],[100.28842149248041,5.377039211066703],[100.28661145629954,5.380358204459782],[100.28497837161918,5.383766943306275],[100.28352671461089,5.387256083048491],[100.28226046416563,5.390816058882617],[100.2811830909879,5.394437111989654],[100.28029754808261,5.398109316296658],[100.27960626266139,5.401822605694692],[100.27911112948948,5.40556680163884],[100.27881350569251,5.409331641054519],[100.27871420703663,5.413106804473394],[100.27881350569251,5.416881944321979],[100.27911112948948,5.420646713285013],[100.27960626266139,5.42439079266608],[100.28029754808261,5.428103920667668],[100.2811830909879,5.431775920513173],[100.28226046416563,5.435396728333784],[100.28352671461089,5.43895642074395],[100.28497837161918,5.442445242029948],[100.28661145629954,5.445853630877047],[100.28842149248041,5.44917224656221],[100.2904035189784,5.452391994540753],[100.29255210319666,5.455504051356823],[100.2948613560152,5.458499888809883],[100.29732494793254,5.461371297310814],[100.29993612641451,5.464110408364109],[100.30268773440237,5.466709716114716],[100.30557222992987,5.469162097900498],[100.30858170679528,5.471460833754408],[100.31170791623171,5.473599624803146],[100.31494228951641,5.475572610511937],[100.31827596145698,5.477374384728534],[100.32169979469037,5.479000010482719],[100.3252044047277,5.480445033500725],[100.32878018567645,5.481705494397965],[100.33241733656955,5.482777939516773],[100.33610588822927,5.483659430379472],[100.33983573059186,5.484347551731269],[100.3435966404187,5.484840418150799],[100.34737830931732,5.48513667921046],[100.35117037199618,5.485235523172458],[100.35496243467503,5.48513667921046],[100.35874410357366,5.484840418150799],[100.3625050134005,5.484347551731269],[100.3662348557631,5.483659430379472],[100.36992340742282,5.482777939516773],[100.3735605583159,5.481705494397965],[100.37713633926465,5.480445033500725],[100.38064094930198,5.479000010482719],[100.38406478253538,5.477374384728534],[100.38739845447596,5.475572610511937],[100.39063282776064,5.473599624803146],[100.39375903719706,5.471460833754408],[100.3967685140625,5.469162097900498],[100.39965300959,5.466709716114716],[100.40240461757786,5.464110408364109],[100.4050157960598,5.461371297310814],[100.40747938797715,5.458499888809883],[100.4097886407957,5.455504051356823],[100.41193722501397,5.452391994540753],[100.41391925151194,5.44917224656221],[100.41572928769283,5.445853630877047],[100.41736237237319,5.442445242029948],[100.41881402938148,5.43895642074395],[100.42008027982672,5.435396728333784],[100.42115765300447,5.431775920513173],[100.42204319590974,5.428103920667668],[100.42273448133096,5.42439079266608],[100.42322961450287,5.420646713285013],[100.42352723829984,5.416881944321979],[100.42362653695574,5.413106804473394]],[[100.28933690683006,5.356548139895374],[100.28922074447915,5.352131434795605],[100.28887257581938,5.347726803811676],[100.28829335515685,5.343346320148195],[100.2874846700951,5.33900199107882],[100.28644873718372,5.33470572502762],[100.28518839584277,5.330469298918397],[100.28370710058027,5.326304325882116],[100.28200891152359,5.322222223410705],[100.2800984832909,5.318234182044888],[100.27798105223316,5.314351134682017],[100.27566242208172,5.310583726588356],[100.2731489480407,5.306942286197997],[100.2704475193677,5.303436796778933],[100.26756554049096,5.300076869044211],[100.26451091071425,5.296871714783275],[100.26129200256544,5.293830121586365],[100.25791763884807,5.290960428731323],[100.25439706845849,5.288270504299316],[100.25073994103546,5.285767723582367],[100.24695628051104,5.283458948842269],[100.24305645763572,5.281350510476631],[100.23905116155292,5.27944818964385],[100.23495137050081,5.277757202394993],[100.23076832172168,5.276282185356209],[100.22651348066151,5.2750271830013],[100.22219850954383,5.273995636549329],[100.2178352354046,5.273190374518019],[100.21343561767492,5.272613604958934],[100.20901171540118,5.272266909395893],[100.20457565419203,5.272151238483203],[100.20013959298288,5.272266909395893],[100.19571569070915,5.272613604958934],[100.19131607297946,5.273190374518019],[100.18695279884024,5.273995636549329],[100.18263782772256,5.2750271830013],[100.17838298666237,5.276282185356209],[100.17419993788326,5.277757202394993],[100.17010014683113,5.27944818964385],[100.16609485074834,5.281350510476631],[100.16219502787303,5.283458948842269],[100.15841136734859,5.285767723582367],[100.15475423992557,5.288270504299316],[100.15123366953598,5.290960428731323],[100.14785930581863,5.293830121586365],[100.14464039766982,5.296871714783275],[100.14158576789309,5.300076869044211],[100.13870378901635,5.303436796778933],[100.13600236034337,5.306942286197997],[100.13348888630235,5.310583726588356],[100.13117025615091,5.314351134682017],[100.12905282509317,5.318234182044888],[100.12714239686048,5.322222223410705],[100.1254442078038,5.326304325882116],[100.1239629125413,5.330469298918397],[100.12270257120035,5.33470572502762],[100.12166663828896,5.33900199107882],[100.12085795322722,5.343346320148195],[100.12027873256467,5.347726803811676],[100.11993056390492,5.352131434795605],[100.11981440155401,5.356548139895374],[100.11993056390492,5.360964813072335],[100.12027873256467,5.365369348637538],[100.12085795322722,5.369749674431858],[100.12166663828896,5.374093784911238],[100.12270257120035,5.37838977404658],[100.1239629125413,5.382625867947999],[100.1254442078038,5.386790457124293],[100.12714239686048,5.390872128289195],[100.12905282509317,5.394859695627483],[100.13117025615091,5.398742231435333],[100.13348888630235,5.402509096051229],[100.13600236034337,5.406149966995511],[100.13870378901635,5.409654867239174],[100.14158576789309,5.413014192524296],[100.14464039766982,5.416218737662016],[100.14785930581863,5.419259721735759],[100.15123366953598,5.422128812141367],[100.15475423992557,5.424818147398239],[100.15841136734859,5.427320358669491],[100.16219502787303,5.429628589932245],[100.16609485074834,5.431736516743383],[100.17010014683113,5.433638363549157],[100.17419993788326,5.435328919492066],[100.17838298666237,5.436803552671397],[100.18263782772256,5.43805822281901],[100.18695279884024,5.439089492355555],[100.19131607297946,5.439894535797253],[100.19571569070915,5.440471147487433],[100.20013959298288,5.440817747631938],[100.20457565419203,5.440933386621858],[100.20901171540118,5.440817747631938],[100.21343561767492,5.440471147487433],[100.2178352354046,5.439894535797253],[100.22219850954383,5.439089492355555],[100.22651348066151,5.43805822281901],[100.23076832172168,5.436803552671397],[100.23495137050081,5.435328919492066],[100.23905116155292,5.433638363549157],[100.24305645763572,5.431736516743383],[100.24695628051104,5.429628589932245],[100.25073994103546,5.427320358669491],[100.25439706845849,5.424818147398239],[100.25791763884807,5.422128812141367],[100.26129200256544,5.419259721735759],[100.26451091071425,5.416218737662016],[100.26756554049096,5.413014192524296],[100.2704475193677,5.409654867239174],[100.2731489480407,5.406149966995511],[100.27566242208172,5.402509096051229],[100.27798105223316,5.398742231435333],[100.2800984832909,5.394859695627483],[100.28200891152359,5.390872128289195],[100.28370710058027,5.386790457124293],[100.28518839584277,5.382625867947999],[100.28644873718372,5.37838977404658],[100.2874846700951,5.374093784911238],[100.28829335515685,5.369749674431858],[100.28887257581938,5.365369348637538],[100.28922074447915,5.360964813072335],[100.28933690683006,5.356548139895374]],[[102.31942600110307,2.215664871641628],[102.31931367026701,2.211378330961593],[102.31897698564981,2.207103527058785],[102.31841687008064,2.202852177049185],[102.31763485879732,2.198635933861782],[102.31663309523843,2.194466354295463],[102.31541432516822,2.190354867338284],[102.31398188915081,2.186312742836116],[102.3123397133937,2.182351060596603],[102.31049229898647,2.178480680013124],[102.30844470956367,2.174712210292244],[102.30620255742552,2.171055981366092],[102.30377198815522,2.167522015569836],[102.30115966377417,2.164120000161648],[102.29837274448195,2.160859260760758],[102.29541886903057,2.157748735776575],[102.29230613378736,2.154796951898823],[102.28904307054326,2.152012000716246],[102.28563862312778,2.149401516527898],[102.28210212289468,2.146972655408028],[102.27844326314528,2.144732075582043],[102.27467207255978,2.142685919167339],[102.27079888770949,2.140839795329304],[102.26683432472484,2.139198764898609],[102.2627892501974,2.137767326492087],[102.25867475139532,2.136549404175398],[102.25450210587375,2.135548336701125],[102.25028275056408,2.134766868352238],[102.24602825042592,2.134207141415617],[102.2417502667484,2.133870690306817],[102.23746052518746,2.133758437361682],[102.23317078362652,2.133870690306817],[102.228892799949,2.134207141415617],[102.22463829981083,2.134766868352238],[102.22041894450116,2.135548336701125],[102.21624629897961,2.136549404175398],[102.21213180017752,2.137767326492087],[102.20808672565008,2.139198764898609],[102.20412216266543,2.140839795329304],[102.20024897781514,2.142685919167339],[102.19647778722964,2.144732075582043],[102.19281892748023,2.146972655408028],[102.18928242724714,2.149401516527898],[102.18587797983166,2.152012000716246],[102.18261491658755,2.154796951898823],[102.17950218134435,2.157748735776575],[102.17654830589296,2.160859260760758],[102.17376138660075,2.164120000161648],[102.1711490622197,2.167522015569836],[102.1687184929494,2.171055981366092],[102.16647634081126,2.174712210292244],[102.16442875138844,2.178480680013124],[102.16258133698123,2.182351060596603],[102.16093916122412,2.186312742836116],[102.1595067252067,2.190354867338284],[102.1582879551365,2.194466354295463],[102.1572861915776,2.198635933861782],[102.15650418029428,2.202852177049185],[102.1559440647251,2.207103527058785],[102.15560738010791,2.211378330961593],[102.15549504927185,2.215664871641628],[102.15560738010791,2.219951399914065],[102.1559440647251,2.224226166729976],[102.15650418029428,2.228477455379768],[102.1572861915776,2.232693613606681],[102.1582879551365,2.236863085542699],[102.1595067252067,2.240974443378976],[102.16093916122412,2.245016418684325],[102.16258133698123,2.248977933285733],[102.16442875138844,2.25284812962651],[102.16647634081126,2.256616400518692],[102.1687184929494,2.260272418208546],[102.1711490622197,2.263806162675269],[102.17376138660075,2.267207949085645],[102.17654830589296,2.270468454329366],[102.17950218134435,2.273578742562497],[102.18261491658755,2.276530289689226],[102.18587797983166,2.279315006714698],[102.18928242724714,2.281925261905334],[102.19281892748023,2.284353901695811],[102.19647778722964,2.286594270285677],[102.20024897781514,2.28864022787186],[102.20412216266543,2.290486167467385],[102.20808672565008,2.292127030260177],[102.21213180017752,2.293558319470072],[102.21624629897961,2.29477611266605],[102.22041894450116,2.295777072510174],[102.22463829981083,2.296558455898723],[102.228892799949,2.297118121475612],[102.23317078362652,2.297454535497606],[102.23746052518746,2.297566776035155],[102.2417502667484,2.297454535497606],[102.24602825042592,2.297118121475612],[102.25028275056408,2.296558455898723],[102.25450210587375,2.295777072510174],[102.25867475139532,2.29477611266605],[102.2627892501974,2.293558319470072],[102.26683432472484,2.292127030260177],[102.27079888770949,2.290486167467385],[102.27467207255978,2.28864022787186],[102.27844326314528,2.286594270285677],[102.28210212289468,2.284353901695811],[102.28563862312778,2.281925261905334],[102.28904307054326,2.279315006714698],[102.29230613378736,2.276530289689226],[102.29541886903057,2.273578742562497],[102.29837274448195,2.270468454329366],[102.30115966377417,2.267207949085645],[102.30377198815522,2.263806162675269],[102.30620255742552,2.260272418208546],[102.30844470956367,2.256616400518692],[102.31049229898647,2.25284812962651],[102.3123397133937,2.248977933285733],[102.31398188915081,2.245016418684325],[102.31541432516822,2.240974443378976],[102.31663309523843,2.236863085542699],[102.31763485879732,2.232693613606681],[102.31841687008064,2.228477455379768],[102.31897698564981,2.224226166729976],[102.31931367026701,2.219951399914065],[102.31942600110307,2.215664871641628]],[[102.42343793319468,2.367171165993825],[102.42330786422536,2.36220826223019],[102.42291801382747,2.357258943780205],[102.4222694505538,2.352336776635978],[102.4213639520712,2.34745525251077],[102.42020400028812,2.342627751854362],[102.41879277455173,2.337867507171919],[102.4171341429337,2.333187566746971],[102.415232651628,2.328600758868026],[102.41309351249012,2.324119656657114],[102.41072258875174,2.319756543596499],[102.40812637895006,2.31552337984842],[102.40531199911564,2.311431769460302],[102.40228716326803,2.307492928545245],[102.399060162272,2.303717654525444],[102.39563984111297,2.300116296522767],[102.3920355746535,2.296698726977876],[102.38825724193747,2.293474314575986],[102.38431519911215,2.290451898553286],[102.38022025104299,2.287639764454956],[102.37598362169796,2.285045621411097],[102.37161692338361,2.282676580993241],[102.36713212491654,2.280539137709206],[102.36254151881755,2.278639151190324],[102.35785768761893,2.276981830119512],[102.35309346937639,2.275571717944743],[102.34826192248099,2.274412680416879],[102.34337628986692,2.273507894986331],[102.33844996271358,2.272859842087505],[102.3334964437413,2.272470298335133],[102.32852931020125,2.272340331651107],[102.32356217666118,2.272470298335133],[102.3186086576889,2.272859842087505],[102.31368233053556,2.273507894986331],[102.3087966979215,2.274412680416879],[102.30396515102609,2.275571717944743],[102.29920093278355,2.276981830119512],[102.29451710158493,2.278639151190324],[102.28992649548594,2.280539137709206],[102.28544169701887,2.282676580993241],[102.28107499870453,2.285045621411097],[102.2768383693595,2.287639764454956],[102.27274342129033,2.290451898553286],[102.26880137846501,2.293474314575986],[102.26502304574898,2.296698726977876],[102.26141877928951,2.300116296522767],[102.25799845813049,2.303717654525444],[102.25477145713445,2.307492928545245],[102.25174662128684,2.311431769460302],[102.24893224145242,2.31552337984842],[102.24633603165074,2.319756543596499],[102.24396510791236,2.324119656657114],[102.24182596877448,2.328600758868026],[102.23992447746878,2.333187566746971],[102.23826584585075,2.337867507171919],[102.23685462011436,2.342627751854362],[102.23569466833128,2.34745525251077],[102.2347891698487,2.352336776635978],[102.23414060657502,2.357258943780205],[102.23375075617712,2.36220826223019],[102.2336206872078,2.367171165993825],[102.23375075617712,2.372134051986874],[102.23414060657502,2.37708331731979],[102.2347891698487,2.382005396582466],[102.23569466833128,2.386886799024437],[102.23685462011436,2.391714145529155],[102.23826584585075,2.396474205280358],[102.23992447746878,2.401153932020681],[102.24182596877448,2.405740499802772],[102.24396510791236,2.410221338135186],[102.24633603165074,2.414584166426784],[102.24893224145242,2.418817027635286],[102.25174662128684,2.422908321027963],[102.25477145713445,2.426846833964794],[102.25799845813049,2.430621772616999],[102.26141877928951,2.434222791537078],[102.26502304574898,2.43764002199937],[102.26880137846501,2.440864099033791],[102.27274342129033,2.443886187078468],[102.2768383693595,2.446698004181625],[102.28107499870453,2.449291844686212],[102.28544169701887,2.451660600335395],[102.28992649548594,2.453797779741314],[102.29451710158493,2.455697526163736],[102.29920093278355,2.457354633550305],[102.30396515102609,2.458764560794191],[102.3087966979215,2.45992344417067],[102.31368233053556,2.460828107918247],[102.3186086576889,2.461476072935713],[102.32356217666118,2.46186556357113],[102.32852931020125,2.46199551248462],[102.3334964437413,2.46186556357113],[102.33844996271358,2.461476072935713],[102.34337628986692,2.460828107918247],[102.34826192248099,2.45992344417067],[102.35309346937639,2.458764560794191],[102.35785768761893,2.457354633550305],[102.36254151881755,2.455697526163736],[102.36713212491654,2.453797779741314],[102.37161692338361,2.451660600335395],[102.37598362169796,2.449291844686212],[102.38022025104299,2.446698004181625],[102.38431519911215,2.443886187078468],[102.38825724193747,2.440864099033791],[102.3920355746535,2.43764002199937],[102.39563984111297,2.434222791537078],[102.399060162272,2.430621772616999],[102.40228716326803,2.426846833964794],[102.40531199911564,2.422908321027963],[102.40812637895006,2.418817027635286],[102.41072258875174,2.414584166426784],[102.41309351249012,2.410221338135186],[102.415232651628,2.405740499802772],[102.4171341429337,2.401153932020681],[102.41879277455173,2.396474205280358],[102.42020400028812,2.391714145529155],[102.4213639520712,2.386886799024437],[102.4222694505538,2.382005396582466],[102.42291801382747,2.37708331731979],[102.42330786422536,2.372134051986874],[102.42343793319468,2.367171165993825]],[[100.64721261577142,5.005754334146427],[100.64709654287284,5.00133858045939],[100.64674864232488,4.996934900386235],[100.64616986769875,4.992555364499247],[100.64536180537546,4.988211977431343],[100.64432667019766,4.983916644965152],[100.64306729939896,4.979681141390293],[100.64158714482714,4.975517077218733],[100.63989026348303,4.971435867346812],[100.63798130640042,4.967448699751362],[100.635865505898,4.963566504805846],[100.63354866123787,4.959799925300902],[100.6310371227302,4.956159287251656],[100.62833777432749,4.95265457157202],[100.62545801475606,4.949295386693959],[100.6224057372367,4.946090942206864],[100.61918930785001,4.943050023589815],[100.61581754260526,4.940180968105946],[100.6122996832767,4.937491641925488],[100.6086453720722,4.934989418540379],[100.60486462520475,4.93268115852989],[100.60096780543874,4.930573190732902],[100.59696559368628,4.928671294878815],[100.59286895973158,4.92698068572487],[100.58868913216355,4.925505998743543],[100.58443756759905,4.924251277399495],[100.58012591928102,4.923219962051182],[100.57576600513775,4.922414880507534],[100.5713697753909,4.921838240265934],[100.56694927980065,4.921491622452773],[100.56251663463811,4.921375977483309],[100.55808398947556,4.921491622452773],[100.55366349388531,4.921838240265934],[100.54926726413846,4.922414880507534],[100.54490734999521,4.923219962051182],[100.54059570167716,4.924251277399495],[100.53634413711266,4.925505998743543],[100.53216430954464,4.92698068572487],[100.52806767558994,4.928671294878815],[100.52406546383747,4.930573190732902],[100.52016864407146,4.93268115852989],[100.51638789720401,4.934989418540379],[100.51273358599951,4.937491641925488],[100.50921572667096,4.940180968105946],[100.50584396142622,4.943050023589815],[100.50262753203951,4.946090942206864],[100.49957525452015,4.949295386693959],[100.49669549494872,4.95265457157202],[100.49399614654601,4.956159287251656],[100.49148460803835,4.959799925300902],[100.48916776337822,4.963566504805846],[100.4870519628758,4.967448699751362],[100.48514300579319,4.971435867346812],[100.48344612444909,4.975517077218733],[100.48196596987725,4.979681141390293],[100.48070659907856,4.983916644965152],[100.47967146390076,4.988211977431343],[100.47886340157747,4.992555364499247],[100.47828462695134,4.996934900386235],[100.47793672640337,5.00133858045939],[100.4778206535048,5.005754334146427],[100.47793672640337,5.010170058025128],[100.47828462695134,5.014573648999788],[100.47886340157747,5.01895303747439],[100.47967146390076,5.023296220431037],[100.48070659907856,5.027591294323424],[100.48196596987725,5.031826487694905],[100.48344612444909,5.035990193432202],[100.48514300579319,5.04007100056603],[100.4870519628758,5.044057725532082],[100.48916776337822,5.047939442806412],[100.49148460803835,5.051705514831886],[100.49399614654601,5.055345621153418],[100.49669549494872,5.058849786682816],[100.49957525452015,5.0622084090157],[100.50262753203951,5.065412284726032],[100.50584396142622,5.068452634566371],[100.50921572667096,5.071321127505215],[100.51273358599951,5.074009903535704],[100.51638789720401,5.076511595193441],[100.52016864407146,5.078819347724867],[100.52406546383747,5.080926837851153],[100.52806767558994,5.082828291076338],[100.53216430954464,5.084518497492711],[100.53634413711266,5.085992826040271],[100.54059570167716,5.087247237181411],[100.54490734999521,5.088278293956328],[100.54926726413846,5.089083171389076],[100.55366349388531,5.089659664218543],[100.55808398947556,5.090006192933376],[100.56251663463811,5.090121808094541],[100.56694927980065,5.090006192933376],[100.5713697753909,5.089659664218543],[100.57576600513775,5.089083171389076],[100.58012591928102,5.088278293956328],[100.58443756759905,5.087247237181411],[100.58868913216355,5.085992826040271],[100.59286895973158,5.084518497492711],[100.59696559368628,5.082828291076338],[100.60096780543874,5.080926837851153],[100.60486462520475,5.078819347724867],[100.6086453720722,5.076511595193441],[100.6122996832767,5.074009903535704],[100.61581754260526,5.071321127505215],[100.61918930785001,5.068452634566371],[100.6224057372367,5.065412284726032],[100.62545801475606,5.0622084090157],[100.62833777432749,5.058849786682816],[100.6310371227302,5.055345621153418],[100.63354866123787,5.051705514831886],[100.635865505898,5.047939442806412],[100.63798130640042,5.044057725532082],[100.63989026348303,5.04007100056603],[100.64158714482714,5.035990193432202],[100.64306729939896,5.031826487694905],[100.64432667019766,5.027591294323424],[100.64536180537546,5.023296220431037],[100.64616986769875,5.01895303747439],[100.64674864232488,5.014573648999788],[100.64709654287284,5.010170058025128],[100.64721261577142,5.005754334146427]],[[101.43132481800531,4.036024836227703],[101.43124256899641,4.032891656864511],[101.43099604740853,4.029767053297914],[101.43058592894022,4.02665959000662],[101.43001333769769,4.023577784585641],[101.42927984311372,4.020530084397419],[101.42838745564599,4.017524843414132],[101.42733862126653,4.014570299315268],[101.42613621475743,4.011674550902791],[101.42478353183142,4.00884553589632],[101.42328428009833,4.006091009168896],[101.42164256890295,4.003418521483284],[101.4198628980616,4.000835398787181],[101.41795014552827,3.998348722123962],[101.41590955402478,3.995965308214468],[101.41374671667053,3.993691690762835],[101.41146756165243,3.991534102537944],[101.40907833597592,3.989498458279616],[101.40658558834254,3.987590338476467],[101.40399615120026,3.985814974060157],[101.40131712201634,3.984177232057897],[101.39855584382349,3.982681602242835],[101.39571988509334,3.981332184818795],[101.39281701899165,3.980132679173479],[101.38985520207261,3.979086373730817],[101.38684255247054,3.97819613693046],[101.38378732764858,3.977464409359313],[101.3806979017656,3.976893197056506],[101.37758274272322,3.976484066010412],[101.37445038895581,3.976238137862801],[101.37130942602735,3.976156086831889],[101.36816846309888,3.976238137862801],[101.36503610933148,3.976484066010412],[101.36192095028909,3.976893197056506],[101.35883152440613,3.977464409359313],[101.35577629958416,3.97819613693046],[101.3527636499821,3.979086373730817],[101.34980183306305,3.980132679173479],[101.34689896696136,3.981332184818795],[101.34406300823122,3.982681602242835],[101.34130173003837,3.984177232057897],[101.33862270085444,3.985814974060157],[101.33603326371217,3.987590338476467],[101.33354051607878,3.989498458279616],[101.33115129040227,3.991534102537944],[101.32887213538417,3.993691690762835],[101.32670929802993,3.995965308214468],[101.32466870652644,3.998348722123962],[101.3227559539931,4.000835398787181],[101.32097628315174,4.003418521483284],[101.31933457195638,4.006091009168896],[101.31783532022327,4.00884553589632],[101.31648263729726,4.011674550902791],[101.31528023078816,4.014570299315268],[101.31423139640872,4.017524843414132],[101.31333900894097,4.020530084397419],[101.31260551435702,4.023577784585641],[101.31203292311449,4.02665959000662],[101.31162280464618,4.029767053297914],[101.3113762830583,4.032891656864511],[101.3112940340494,4.036024836227703],[101.3113762830583,4.039158003501721],[101.31162280464618,4.042282570933235],[101.31203292311449,4.04538997443949],[101.31260551435702,4.048471697080439],[101.31333900894097,4.051519292400622],[101.31423139640872,4.054524407576801],[101.31528023078816,4.057478806307892],[101.31648263729726,4.060374391384573],[101.31783532022327,4.063203226876798],[101.31933457195638,4.065957559878314],[101.32097628315174,4.068629841748847],[101.3227559539931,4.071212748795658],[101.32466870652644,4.073699202338094],[101.32670929802993,4.076082388099849],[101.32887213538417,4.078355774876435],[101.33115129040227,4.08051313242628],[101.33354051607878,4.082548548536907],[101.33603326371217,4.084456445219323],[101.33862270085444,4.086231593986418],[101.34130173003837,4.087869130173675],[101.34406300823122,4.089364566262932],[101.34689896696136,4.090713804172815],[101.34980183306305,4.09191314648245],[101.3527636499821,4.09295930655744],[101.35577629958416,4.093849417550792],[101.35883152440613,4.094581040253988],[101.36192095028909,4.095152169776841],[101.36503610933148,4.095561241037946],[101.36816846309888,4.095807133050513],[101.37130942602735,4.095889171992264],[101.37445038895581,4.095807133050513],[101.37758274272322,4.095561241037946],[101.3806979017656,4.095152169776841],[101.38378732764858,4.094581040253988],[101.38684255247054,4.093849417550792],[101.38985520207261,4.09295930655744],[101.39281701899165,4.09191314648245],[101.39571988509334,4.090713804172815],[101.39855584382349,4.089364566262932],[101.40131712201634,4.087869130173675],[101.40399615120026,4.086231593986418],[101.40658558834254,4.084456445219323],[101.40907833597592,4.082548548536907],[101.41146756165243,4.08051313242628],[101.41374671667053,4.078355774876435],[101.41590955402478,4.076082388099849],[101.41795014552827,4.073699202338094],[101.4198628980616,4.071212748795658],[101.42164256890295,4.068629841748847],[101.42328428009833,4.065957559878314],[101.42478353183142,4.063203226876798],[101.42613621475743,4.060374391384573],[101.42733862126653,4.057478806307892],[101.42838745564599,4.054524407576801],[101.42927984311372,4.051519292400622],[101.43001333769769,4.048471697080439],[101.43058592894022,4.04538997443949],[101.43099604740853,4.042282570933235],[101.43124256899641,4.039158003501721],[101.43132481800531,4.036024836227703]],[[100.86995208204755,5.041957096665665],[100.86982935015769,5.037288273724318],[100.86946149088772,5.032632214305462],[100.8688495125143,5.028001680786269],[100.86799509242763,5.023409365847462],[100.8669005725338,5.018867857675339],[100.8655689528357,5.014389605447458],[100.86400388321042,5.009986885196638],[100.862209653405,5.005671766146986],[100.86019118127862,5.001456077614415],[100.85795399932304,4.997351376562652],[100.85550423949856,4.993368915903776],[100.85284861642653,4.989519613630459],[100.84999440898522,4.985814022864965],[100.84694944035884,4.982262302906864],[100.84372205659473,4.978874191359621],[100.84032110372743,4.975658977412317],[100.8367559035324,4.97262547635032],[100.83303622797554,4.969782005364984],[100.82917227242899,4.967136360728889],[100.82517462772634,4.964695796399645],[100.82105425113382,4.962467004111089],[100.81682243631728,4.960456095006724],[100.81249078238703,4.958668582866094],[100.80807116210532,4.957109368970147],[100.80357568934419,4.955782728647493],[100.79901668588201,4.954692299538483],[100.79440664763031,4.953841071609534],[100.78975821038358,4.953231378945304],[100.78508411518519,4.952864893341056],[100.78039717340512,4.95274261971332],[100.77571023162506,4.952864893341056],[100.77103613642666,4.953231378945304],[100.76638769917992,4.953841071609534],[100.76177766092823,4.954692299538483],[100.75721865746604,4.955782728647493],[100.7527231847049,4.957109368970147],[100.74830356442321,4.958668582866094],[100.74397191049295,4.960456095006724],[100.73974009567642,4.962467004111089],[100.7356197190839,4.964695796399645],[100.73162207438124,4.967136360728889],[100.72775811883469,4.969782005364984],[100.72403844327783,4.97262547635032],[100.72047324308281,4.975658977412317],[100.71707229021553,4.978874191359621],[100.7138449064514,4.982262302906864],[100.710799937825,4.985814022864965],[100.70794573038371,4.989519613630459],[100.70529010731167,4.993368915903776],[100.70284034748718,4.997351376562652],[100.70060316553162,5.001456077614415],[100.69858469340522,5.005671766146986],[100.69679046359981,5.009986885196638],[100.69522539397452,5.014389605447458],[100.69389377427645,5.018867857675339],[100.69279925438259,5.023409365847462],[100.69194483429592,5.028001680786269],[100.69133285592252,5.032632214305462],[100.69096499665255,5.037288273724318],[100.69084226476268,5.041957096665665],[100.69096499665255,5.046625886041867],[100.69133285592252,5.051281845133014],[100.69194483429592,5.055912212661157],[100.69279925438259,5.060504297764203],[100.69389377427645,5.065045514774012],[100.69522539397452,5.069523417703035],[100.69679046359981,5.073925734345473],[100.69858469340522,5.078240399899272],[100.70060316553162,5.08245559001708],[100.70284034748718,5.086559753195941],[100.70529010731167,5.090541642416834],[100.70794573038371,5.094390345947883],[100.710799937825,5.098095317226781],[100.7138449064514,5.101646403741184],[100.71707229021553,5.105033874827777],[100.72047324308281,5.108248448314506],[100.72403844327783,5.111281315932997],[100.72775811883469,5.114124167432053],[100.73162207438124,5.116769213326314],[100.7356197190839,5.119209206218096],[100.73974009567642,5.121437460634348],[100.74397191049295,5.123447871324574],[100.74830356442321,5.125234929969987],[100.7527231847049,5.126793740258189],[100.75721865746604,5.128120031282583],[100.76177766092823,5.1292101692298],[100.76638769917992,5.13006116732342],[100.77103613642666,5.130670693996919],[100.77571023162506,5.131037079273661],[100.78039717340512,5.131159319336318],[100.78508411518519,5.131037079273661],[100.78975821038358,5.130670693996919],[100.79440664763031,5.13006116732342],[100.79901668588201,5.1292101692298],[100.80357568934419,5.128120031282583],[100.80807116210532,5.126793740258189],[100.81249078238703,5.125234929969987],[100.81682243631728,5.123447871324574],[100.82105425113382,5.121437460634348],[100.82517462772634,5.119209206218096],[100.82917227242899,5.116769213326314],[100.83303622797554,5.114124167432053],[100.8367559035324,5.111281315932997],[100.84032110372743,5.108248448314506],[100.84372205659473,5.105033874827777],[100.84694944035884,5.101646403741184],[100.84999440898522,5.098095317226781],[100.85284861642653,5.094390345947883],[100.85550423949856,5.090541642416834],[100.85795399932304,5.086559753195941],[100.86019118127862,5.08245559001708],[100.862209653405,5.078240399899272],[100.86400388321042,5.073925734345473],[100.8655689528357,5.069523417703035],[100.8669005725338,5.065045514774012],[100.86799509242763,5.060504297764203],[100.8688495125143,5.055912212661157],[100.86946149088772,5.051281845133014],[100.86982935015769,5.046625886041867],[100.86995208204755,5.041957096665665]],[[100.7771326258534,4.388377273878939],[100.77704225360446,4.384936206835716],[100.77677138456174,4.381504555735877],[100.77632076115842,4.378091726703226],[100.77569161852193,4.374707074398473],[100.77488568108853,4.371359876374897],[100.77390515787671,4.368059307644093],[100.77275273643241,4.364814415521478],[100.77143157546273,4.361634094820611],[100.76994529617801,4.358527063464341],[100.76829797236651,4.3555018385799],[100.76649411922826,4.352566713143325],[100.76453868099934,4.349729733237538],[100.7624370174,4.346998675986476],[100.76019488894414,4.344381028225863],[100.75781844114994,4.341883965969265],[100.75531418769563,4.339514334725807],[100.7526889925659,4.33727863072371],[100.74995005123809,4.335182983091175],[100.74710487096,4.333233137043659],[100.74416125017304,4.331434438123755],[100.74112725713712,4.329791817536988],[100.7380112078163,4.328309778623873],[100.7348216430852,4.326992384505435],[100.73156730531898,4.32584324693619],[100.72825711443129,4.324865516395188],[100.72490014342524,4.324061873442451],[100.72150559352507,4.323434521364566],[100.71808276895605,4.322985180129615],[100.71464105144243,4.322715081668155],[100.71118987449267,4.322624966493133],[100.70773869754291,4.322715081668155],[100.70429698002928,4.322985180129615],[100.70087415546027,4.323434521364566],[100.69747960556009,4.324061873442451],[100.69412263455403,4.324865516395188],[100.69081244366636,4.32584324693619],[100.68755810590014,4.326992384505435],[100.68436854116904,4.328309778623873],[100.68125249184821,4.329791817536988],[100.6782184988123,4.331434438123755],[100.67527487802532,4.333233137043659],[100.67242969774725,4.335182983091175],[100.66969075641943,4.33727863072371],[100.66706556128969,4.339514334725807],[100.6645613078354,4.341883965969265],[100.6621848600412,4.344381028225863],[100.65994273158532,4.346998675986476],[100.657841067986,4.349729733237538],[100.6558856297571,4.352566713143325],[100.65408177661882,4.3555018385799],[100.65243445280733,4.358527063464341],[100.65094817352261,4.361634094820611],[100.64962701255293,4.364814415521478],[100.64847459110861,4.368059307644093],[100.64749406789679,4.371359876374897],[100.64668813046339,4.374707074398473],[100.6460589878269,4.378091726703226],[100.6456083644236,4.381504555735877],[100.64533749538087,4.384936206835716],[100.64524712313192,4.388377273878939],[100.64533749538087,4.391818325062491],[100.6456083644236,4.395249928757181],[100.6460589878269,4.398662679358536],[100.64668813046339,4.402047223065158],[100.64749406789679,4.405394283513613],[100.64847459110861,4.408694687199582],[100.64962701255293,4.411939388615948],[100.65094817352261,4.415119495038545],[100.65243445280733,4.418226290892221],[100.65408177661882,4.421251261629963],[100.6558856297571,4.424186117060192],[100.657841067986,4.427022814058287],[100.65994273158532,4.429753578599861],[100.6621848600412,4.432370927056195],[100.6645613078354,4.434867686692977],[100.66706556128969,4.437237015316629],[100.66969075641943,4.439472420014499],[100.67242969774725,4.441567774937636],[100.67527487802532,4.443517338077561],[100.6782184988123,4.445315766991272],[100.68125249184821,4.44695813343148],[100.68436854116904,4.448439936842166],[100.68755810590014,4.4497571166825],[100.69081244366636,4.450906063545649],[100.69412263455403,4.451883629041982],[100.69747960556009,4.452687134419723],[100.70087415546027,4.453314377899592],[100.70429698002928,4.453763640703324],[100.70773869754291,4.454033691759673],[100.71118987449267,4.454123791075075],[100.71464105144243,4.454033691759673],[100.71808276895605,4.453763640703324],[100.72150559352507,4.453314377899592],[100.72490014342524,4.452687134419723],[100.72825711443129,4.451883629041982],[100.73156730531898,4.450906063545649],[100.7348216430852,4.4497571166825],[100.7380112078163,4.448439936842166],[100.74112725713712,4.44695813343148],[100.74416125017304,4.445315766991272],[100.74710487096,4.443517338077561],[100.74995005123809,4.441567774937636],[100.7526889925659,4.439472420014499],[100.75531418769563,4.437237015316629],[100.75781844114994,4.434867686692977],[100.76019488894414,4.432370927056195],[100.7624370174,4.429753578599861],[100.76453868099934,4.427022814058287],[100.76649411922826,4.424186117060192],[100.76829797236651,4.421251261629963],[100.76994529617801,4.418226290892221],[100.77143157546273,4.415119495038545],[100.77275273643241,4.411939388615948],[100.77390515787671,4.408694687199582],[100.77488568108853,4.405394283513613],[100.77569161852193,4.402047223065158],[100.77632076115842,4.398662679358536],[100.77677138456174,4.395249928757181],[100.77704225360446,4.391818325062491],[100.7771326258534,4.388377273878939]],[[101.33337849491382,5.34324081973746],[101.33326037965641,5.338749763649386],[101.33290635762994,5.334270984472168],[101.33231739918412,5.329816758659002],[101.33149511861316,5.325399295627265],[101.33044176973092,5.321030704285389],[101.3291602396935,5.316722959832527],[101.3276540410856,5.312487870921899],[101.32592730229297,5.308337047278312],[101.32398475618656,5.304281867858562],[101.3218317271503,5.300333449642134],[101.31947411648704,5.296502617138239],[101.31691838624377,5.29279987269282],[101.31417154149945,5.289235367677088],[101.31124111116459,5.285818874637098],[101.30813512734503,5.282559760480847],[101.30486210332651,5.279466960776478],[101.3014310102404,5.27654895523281],[101.29785125247436,5.273813744429183],[101.29413264189554,5.271268827859101],[101.29028537095714,5.268921183347907],[101.28631998476132,5.266777247901205],[101.28224735215603,5.264842900037042],[101.27807863594417,5.263123443650101],[101.27382526228709,5.261623593452824],[101.26949888938637,5.260347462033277],[101.26511137552937,5.25929854856561],[101.2606747465866,5.258479729204137],[101.25620116304964,5.257893249187623],[101.25170288669999,5.257540716675362],[101.24719224700046,5.257423098332349],[101.24268160730091,5.257540716675362],[101.23818333095127,5.257893249187623],[101.23370974741431,5.258479729204137],[101.22927311847154,5.25929854856561],[101.22488560461454,5.260347462033277],[101.2205592317138,5.261623593452824],[101.21630585805673,5.263123443650101],[101.21213714184488,5.264842900037042],[101.20806450923959,5.266777247901205],[101.20409912304378,5.268921183347907],[101.20025185210535,5.271268827859101],[101.19653324152655,5.273813744429183],[101.19295348376049,5.27654895523281],[101.18952239067438,5.279466960776478],[101.18624936665589,5.282559760480847],[101.18314338283632,5.285818874637098],[101.18021295250145,5.289235367677088],[101.17746610775713,5.29279987269282],[101.17491037751387,5.296502617138239],[101.17255276685061,5.300333449642134],[101.17039973781434,5.304281867858562],[101.16845719170794,5.308337047278312],[101.16673045291532,5.312487870921899],[101.1652242543074,5.316722959832527],[101.16394272426997,5.321030704285389],[101.16288937538775,5.325399295627265],[101.16206709481678,5.329816758659002],[101.16147813637097,5.334270984472168],[101.1611241143445,5.338749763649386],[101.16100599908708,5.34324081973746],[101.1611241143445,5.347731842901374],[101.16147813637097,5.352210523666798],[101.16206709481678,5.356664586658794],[101.16288937538775,5.361081824243885],[101.16394272426997,5.365450129983667],[101.1652242543074,5.369757531808134],[101.16673045291532,5.373992224817972],[101.16845719170794,5.378142603625937],[101.17039973781434,5.382197294148988],[101.17255276685061,5.386145184764103],[101.17491037751387,5.389975456742548],[101.17746610775713,5.393677613879679],[101.18021295250145,5.397241511238926],[101.18314338283632,5.400657382931847],[101.18624936665589,5.40391586885808],[101.18952239067438,5.407008040332495],[101.19295348376049,5.409925424529297],[101.19653324152655,5.412660027676732],[101.20025185210535,5.415204356938906],[101.20409912304378,5.417551440925148],[101.20806450923959,5.419694848771046],[101.21213714184488,5.421628707739095],[101.21630585805673,5.423347719291012],[101.2205592317138,5.424847173588071],[101.22488560461454,5.426122962379757],[101.22927311847154,5.427171590245801],[101.23370974741431,5.427990184161009],[101.23818333095127,5.428576501356647],[101.24268160730091,5.428928935457317],[101.24719224700046,5.429046520876221],[101.25170288669999,5.428928935457317],[101.25620116304964,5.428576501356647],[101.2606747465866,5.427990184161009],[101.26511137552937,5.427171590245801],[101.26949888938637,5.426122962379757],[101.27382526228709,5.424847173588071],[101.27807863594417,5.423347719291012],[101.28224735215603,5.421628707739095],[101.28631998476132,5.419694848771046],[101.29028537095714,5.417551440925148],[101.29413264189554,5.415204356938906],[101.29785125247436,5.412660027676732],[101.3014310102404,5.409925424529297],[101.30486210332651,5.407008040332495],[101.30813512734503,5.40391586885808],[101.31124111116459,5.400657382931847],[101.31417154149945,5.397241511238926],[101.31691838624377,5.393677613879679],[101.31947411648704,5.389975456742548],[101.3218317271503,5.386145184764103],[101.32398475618656,5.382197294148988],[101.32592730229297,5.378142603625937],[101.3276540410856,5.373992224817972],[101.3291602396935,5.369757531808134],[101.33044176973092,5.365450129983667],[101.33149511861316,5.361081824243885],[101.33231739918412,5.356664586658794],[101.33290635762994,5.352210523666798],[101.33326037965641,5.347731842901374],[101.33337849491382,5.34324081973746]],[[101.02491327188567,4.240196208728942],[101.02480057617399,4.235904301017698],[101.02446279793007,4.231624133412947],[101.02390086298062,4.227367437872459],[101.02311631155025,4.223145882209126],[101.0221112940399,4.218971038104388],[101.02088856513274,4.214854349383257],[101.01945147624367,4.210807100637791],[101.01780396633346,4.206840386285304],[101.01595055111225,4.202965080146122],[101.01389631066235,4.199191805624451],[101.01164687551405,4.19553090657433],[101.0092084112127,4.19199241893061],[101.00658760141945,4.188586043182913],[101.00379162959183,4.185321117768285],[101.00082815929426,4.182206593455629],[100.9977053131928,4.179251008792272],[100.99443165079157,4.176462466680409],[100.99101614497165,4.173848612147499],[100.98746815739709,4.171416611372095],[100.98379741285524,4.169173132022555],[100.9800139726017,4.167124324962879],[100.97612820678323,4.16527580737597],[100.97215076601385,4.163632647350654],[100.96809255218224,4.162199349975096],[100.96396468857046,4.160979844974743],[100.95977848936568,4.159977475928744],[100.95554542864897,4.159194991094771],[100.95127710894555,4.15863453586731],[100.946985229423,4.158297646890222],[100.9426815538248,4.158185247839858],[100.93837787822658,4.158297646890222],[100.93408599870403,4.15863453586731],[100.9298176790006,4.159194991094771],[100.92558461828392,4.159977475928744],[100.92139841907914,4.160979844974743],[100.91727055546734,4.162199349975096],[100.91321234163573,4.163632647350654],[100.90923490086635,4.16527580737597],[100.9053491350479,4.167124324962879],[100.90156569479434,4.169173132022555],[100.89789495025249,4.171416611372095],[100.89434696267793,4.173848612147499],[100.89093145685801,4.176462466680409],[100.88765779445679,4.179251008792272],[100.88453494835532,4.182206593455629],[100.88157147805774,4.185321117768285],[100.87877550623013,4.188586043182913],[100.87615469643688,4.19199241893061],[100.87371623213554,4.19553090657433],[100.87146679698724,4.199191805624451],[100.86941255653733,4.202965080146122],[100.86755914131614,4.206840386285304],[100.86591163140592,4.210807100637791],[100.86447454251685,4.214854349383257],[100.86325181360968,4.218971038104388],[100.86224679609934,4.223145882209126],[100.86146224466896,4.227367437872459],[100.8609003097195,4.231624133412947],[100.8605625314756,4.235904301017698],[100.86044983576393,4.240196208728942],[100.8605625314756,4.244488092604192],[100.8609003097195,4.248768188962178],[100.86146224466896,4.253024766625698],[100.86224679609934,4.257246159073359],[100.86325181360968,4.261420796411954],[100.86447454251685,4.265537237081829],[100.86591163140592,4.269584199208634],[100.86755914131614,4.273550591515342],[100.86941255653733,4.277425543710006],[100.87146679698724,4.281198436266347],[100.87371623213554,4.284858929515184],[100.87615469643688,4.288396991967748],[100.87877550623013,4.29180292779289],[100.88157147805774,4.295067403373451],[100.88453494835532,4.298181472869014],[100.88765779445679,4.301136602715303],[100.89093145685801,4.303924694993226],[100.89434696267793,4.306538109603771],[100.89789495025249,4.308969685188288],[100.90156569479434,4.311212758736861],[100.9053491350479,4.31326118383155],[100.90923490086635,4.315109347474324],[100.91321234163573,4.316752185454256],[100.91727055546734,4.318185196211532],[100.92139841907914,4.319404453160987],[100.92558461828392,4.320406615441136],[100.9298176790006,4.321188937059703],[100.93408599870403,4.321749274410389],[100.93837787822658,4.322086092140824],[100.9426815538248,4.32219846735526],[100.946985229423,4.322086092140824],[100.95127710894555,4.321749274410389],[100.95554542864897,4.321188937059703],[100.95977848936568,4.320406615441136],[100.96396468857046,4.319404453160987],[100.96809255218224,4.318185196211532],[100.97215076601385,4.316752185454256],[100.97612820678323,4.315109347474324],[100.9800139726017,4.31326118383155],[100.98379741285524,4.311212758736861],[100.98746815739709,4.308969685188288],[100.99101614497165,4.306538109603771],[100.99443165079157,4.303924694993226],[100.9977053131928,4.301136602715303],[101.00082815929426,4.298181472869014],[101.00379162959183,4.295067403373451],[101.00658760141945,4.29180292779289],[101.0092084112127,4.288396991967748],[101.01164687551405,4.284858929515184],[101.01389631066235,4.281198436266347],[101.01595055111225,4.277425543710006],[101.01780396633346,4.273550591515342],[101.01945147624367,4.269584199208634],[101.02088856513274,4.265537237081829],[101.0221112940399,4.261420796411954],[101.02311631155025,4.257246159073359],[101.02390086298062,4.253024766625698],[101.02446279793007,4.248768188962178],[101.02480057617399,4.244488092604192],[101.02491327188567,4.240196208728942]],[[101.09562308776785,3.91123997452245],[101.09552838860739,3.90763197465468],[101.0952445506898,3.904033848607998],[101.09477235199512,3.900455458800348],[101.09411308678709,3.896906613678145],[101.09326856206592,3.893397040828205],[101.09224109261504,3.889936360310092],[101.09103349465691,3.886534058281792],[101.08964907813352,3.883199460991355],[101.08809163763436,3.879941709205689],[101.0863654419956,3.87676973314682],[101.08447522259948,3.873692228004227],[101.08242616040597,3.870717630090781],[101.08022387175208,3.867854093707488],[101.07787439295802,3.865109468780746],[101.07538416378179,3.862491279333415],[101.07276000976849,3.860006702849088],[101.07000912354188,3.857662550585891],[101.06713904508985,3.855465248894303],[101.06415764109795,3.853420821590022],[101.06107308338734,3.851534873430555],[101.05789382651625,3.849812574740871],[101.0546285846068,3.848258647230254],[101.05128630746009,3.846877351039672],[101.04787615602545,3.845672473054929],[101.04440747729093,3.844647316517969],[101.04088977866384,3.843804691964778],[101.03733270191164,3.843146909514991],[101.0337459967344,3.842675772534031],[101.03013949404173,3.842392572685748],[101.02652307900682,3.842298086388629],[101.02290666397194,3.842392572685748],[101.01930016127926,3.842675772534031],[101.01571345610203,3.843146909514991],[101.0121563793498,3.843804691964778],[101.00863868072273,3.844647316517969],[101.00517000198822,3.845672473054929],[101.00175985055357,3.846877351039672],[100.99841757340687,3.848258647230254],[100.99515233149741,3.849812574740871],[100.99197307462632,3.851534873430555],[100.98888851691571,3.853420821590022],[100.98590711292381,3.855465248894303],[100.98303703447179,3.857662550585891],[100.98028614824517,3.860006702849088],[100.97766199423187,3.862491279333415],[100.97517176505563,3.865109468780746],[100.97282228626158,3.867854093707488],[100.9706199976077,3.870717630090781],[100.96857093541419,3.873692228004227],[100.96668071601805,3.87676973314682],[100.9649545203793,3.879941709205689],[100.96339707988015,3.883199460991355],[100.96201266335676,3.886534058281792],[100.96080506539862,3.889936360310092],[100.95977759594776,3.893397040828205],[100.95893307122655,3.896906613678145],[100.95827380601855,3.900455458800348],[100.95780160732386,3.904033848607998],[100.95751776940628,3.90763197465468],[100.95742307024582,3.91123997452245],[100.95751776940628,3.914847958856505],[100.95780160732386,3.918446038472204],[100.95827380601855,3.922024351460298],[100.95893307122655,3.925573090216051],[100.95977759594776,3.929082528318],[100.96080506539862,3.932543047182945],[100.96201266335676,3.935945162423975],[100.96339707988015,3.939279549839544],[100.9649545203793,3.94253707096216],[100.96668071601805,3.945708798097016],[100.96857093541419,3.948786038781882],[100.9706199976077,3.951760359601332],[100.97282228626158,3.954623609290292],[100.97517176505563,3.957367941063439],[100.97766199423187,3.959985834109752],[100.98028614824517,3.962470114193087],[100.98303703447179,3.96481397330274],[100.98590711292381,3.967010988300083],[100.98888851691571,3.969055138510496],[100.99197307462632,3.970940822212375],[100.99515233149741,3.972662871978199],[100.99841757340687,3.974216568825944],[101.00175985055357,3.975597655141825],[101.00517000198822,3.976802346339475],[101.00863868072273,3.977827341223432],[101.0121563793498,3.978669831028773],[101.01571345610203,3.979327507112236],[101.01930016127926,3.97979856727373],[101.02290666397194,3.980081720691092],[101.02652307900682,3.980176191454497],[101.03013949404173,3.980081720691092],[101.0337459967344,3.97979856727373],[101.03733270191164,3.979327507112236],[101.04088977866384,3.978669831028773],[101.04440747729093,3.977827341223432],[101.04787615602545,3.976802346339475],[101.05128630746009,3.975597655141825],[101.0546285846068,3.974216568825944],[101.05789382651625,3.972662871978199],[101.06107308338734,3.970940822212375],[101.06415764109795,3.969055138510496],[101.06713904508985,3.967010988300083],[101.07000912354188,3.96481397330274],[101.07276000976849,3.962470114193087],[101.07538416378179,3.959985834109752],[101.07787439295802,3.957367941063439],[101.08022387175208,3.954623609290292],[101.08242616040597,3.951760359601332],[101.08447522259948,3.948786038781882],[101.0863654419956,3.945708798097016],[101.08809163763436,3.94253707096216],[101.08964907813352,3.939279549839544],[101.09103349465691,3.935945162423975],[101.09224109261504,3.932543047182945],[101.09326856206592,3.929082528318],[101.09411308678709,3.925573090216051],[101.09477235199512,3.922024351460298],[101.0952445506898,3.918446038472204],[101.09552838860739,3.914847958856505],[101.09562308776785,3.91123997452245]],[[101.14921116531214,4.598396169578359],[101.14913113830133,4.595349892058161],[101.14889127661738,4.592311951208308],[101.14849223770452,4.589290673981723],[101.14793511530063,4.586294341761793],[101.14722143643951,4.583331167660559],[101.1463531572653,4.580409274002887],[101.14533265767089,4.57753667005861],[101.14416273477474,4.574721230083347],[101.14284659525414,4.571970671728581],[101.14138784655607,4.569292534880148],[101.13979048700931,4.566694160983103],[101.13805889486535,4.564182672910011],[101.13619781629787,4.561764955427596],[101.13421235239389,4.559447636315749],[101.13210794517195,4.557237068190418],[101.12989036266599,4.555139311080664],[101.12756568311548,4.553160115807404],[101.12514027830548,4.551304908209858],[101.12262079610203,4.549578774262777],[101.1200141422307,4.547986446125512],[101.11732746134855,4.546532289161285],[101.11456811746116,4.545220289962191],[101.1117436737383,4.544054045413102],[101.1088618717839,4.543036752824334],[101.10593061041679,4.542171201160282],[101.10295792402069,4.541459763388252],[101.09995196052228,4.540904389968341],[101.09692095905864,4.540506603502415],[101.09387322739408,4.540267494556913],[101.09081711914926,4.540187718670743],[101.08776101090444,4.540267494556913],[101.08471327923988,4.540506603502415],[101.08168227777622,4.540904389968341],[101.07867631427784,4.541459763388252],[101.07570362788171,4.542171201160282],[101.07277236651461,4.543036752824334],[101.06989056456021,4.544054045413102],[101.06706612083735,4.545220289962191],[101.06430677694996,4.546532289161285],[101.06162009606781,4.547986446125512],[101.05901344219649,4.549578774262777],[101.05649395999303,4.551304908209858],[101.05406855518304,4.553160115807404],[101.05174387563254,4.555139311080664],[101.04952629312656,4.557237068190418],[101.04742188590463,4.559447636315749],[101.04543642200065,4.561764955427596],[101.04357534343316,4.564182672910011],[101.0418437512892,4.566694160983103],[101.04024639174244,4.569292534880148],[101.03878764304437,4.571970671728581],[101.03747150352378,4.574721230083347],[101.03630158062762,4.57753667005861],[101.0352810810332,4.580409274002887],[101.03441280185902,4.583331167660559],[101.03369912299789,4.586294341761793],[101.033142000594,4.589290673981723],[101.03274296168112,4.592311951208308],[101.03250309999719,4.595349892058161],[101.03242307298638,4.598396169578359],[101.03250309999719,4.601442434071909],[101.03274296168112,4.60448033598461],[101.033142000594,4.60750154879009],[101.03369912299789,4.610497791810804],[101.03441280185902,4.613460852911993],[101.0352810810332,4.616382611006831],[101.03630158062762,4.619255058310748],[101.03747150352378,4.622070322284318],[101.03878764304437,4.624820687204365],[101.04024639174244,4.627498615304381],[101.0418437512892,4.630096767426373],[101.04357534343316,4.632608023127618],[101.04543642200065,4.635025500187287],[101.04742188590463,4.637342573459648],[101.04952629312656,4.639552893022175],[101.05174387563254,4.641650401569152],[101.05406855518304,4.643629351002951],[101.05649395999303,4.645484318177814],[101.05901344219649,4.647210219753125],[101.06162009606781,4.648802326115413],[101.06430677694996,4.650256274331312],[101.06706612083735,4.651568080095789],[101.06989056456021,4.652734148643299],[101.07277236651461,4.653751284591823],[101.07570362788171,4.654616700693141],[101.07867631427784,4.655328025465202],[101.08168227777622,4.655883309685974],[101.08471327923988,4.656281031730846],[101.08776101090444,4.656520101739223],[101.09081711914926,4.656599864598781],[101.09387322739408,4.656520101739223],[101.09692095905864,4.656281031730846],[101.09995196052228,4.655883309685974],[101.10295792402069,4.655328025465202],[101.10593061041679,4.654616700693141],[101.1088618717839,4.653751284591823],[101.1117436737383,4.652734148643299],[101.11456811746116,4.651568080095789],[101.11732746134855,4.650256274331312],[101.1200141422307,4.648802326115413],[101.12262079610203,4.647210219753125],[101.12514027830548,4.645484318177814],[101.12756568311548,4.643629351002951],[101.12989036266599,4.641650401569152],[101.13210794517195,4.639552893022175],[101.13421235239389,4.637342573459648],[101.13619781629787,4.635025500187287],[101.13805889486535,4.632608023127618],[101.13979048700931,4.630096767426373],[101.14138784655607,4.627498615304381],[101.14284659525414,4.624820687204365],[101.14416273477474,4.622070322284318],[101.14533265767089,4.619255058310748],[101.1463531572653,4.616382611006831],[101.14722143643951,4.613460852911993],[101.14793511530063,4.610497791810804],[101.14849223770452,4.60750154879009],[101.14889127661738,4.60448033598461],[101.14913113830133,4.601442434071909],[101.14921116531214,4.598396169578359]],[[101.25991984455842,4.799867669002708],[101.2598418330975,4.796898972723687],[101.25960801253864,4.793938400579635],[101.2592190237678,4.790994067459304],[101.25867593297612,4.788074043844773],[101.25798022873774,4.785186333687824],[101.2571338179296,4.782338852467498],[101.2561390205049,4.779539405489163],[101.25499856313427,4.776795666484464],[101.25371557173203,4.77411515657117],[101.25229356288844,4.771505223630276],[101.25073643423093,4.768973022157366],[101.24904845374094,4.76652549364329],[101.24723424805559,4.764169347538147],[101.24529878978659,4.761911042850808],[101.24324738389055,4.75975677043455],[101.24108565312838,4.757712436007555],[101.23881952265393,4.75578364395472],[101.23645520377323,4.753975681955517],[101.23399917692002,4.752293506480006],[101.2314581738932,4.750741729192948],[101.22883915940542,4.749324604303401],[101.22614931199337,4.748046016894489],[101.22339600434182,4.746909472265567],[101.22058678307569,4.745918086315993],[101.21772934807515,4.745074576996954],[101.21483153137098,4.744381256854986],[101.2119012756773,4.743840026687491],[101.20894661262129,4.743452370327906],[101.20597564072902,4.74321935057471],[101.20299650322795,4.743141606275591],[101.2000173657269,4.74321935057471],[101.19704639383461,4.743452370327906],[101.19409173077861,4.743840026687491],[101.19116147508493,4.744381256854986],[101.18826365838075,4.745074576996954],[101.18540622338023,4.745918086315993],[101.18259700211408,4.746909472265567],[101.17984369446253,4.748046016894489],[101.17715384705048,4.749324604303401],[101.1745348325627,4.750741729192948],[101.17199382953588,4.752293506480006],[101.16953780268267,4.753975681955517],[101.16717348380197,4.75578364395472],[101.16490735332752,4.757712436007555],[101.16274562256535,4.75975677043455],[101.16069421666931,4.761911042850808],[101.15875875840031,4.764169347538147],[101.15694455271498,4.76652549364329],[101.15525657222497,4.768973022157366],[101.15369944356746,4.771505223630276],[101.15227743472387,4.77411515657117],[101.15099444332164,4.776795666484464],[101.149853985951,4.779539405489163],[101.1488591885263,4.782338852467498],[101.14801277771817,4.785186333687824],[101.14731707347978,4.788074043844773],[101.14677398268812,4.790994067459304],[101.14638499391727,4.793938400579635],[101.14615117335842,4.796898972723687],[101.14607316189748,4.799867669002708],[101.14615117335842,4.802836352365637],[101.14638499391727,4.805796885902896],[101.14677398268812,4.808741155148757],[101.14731707347978,4.811661090320943],[101.14801277771817,4.814548688436671],[101.1488591885263,4.817396035244441],[101.149853985951,4.820195326911533],[101.15099444332164,4.822938891407936],[101.15227743472387,4.825619209527853],[101.15369944356746,4.82822893549157],[101.15525657222497,4.830760917071234],[101.15694455271498,4.833208215185165],[101.15875875840031,4.835564122907595],[101.16069421666931,4.837822183841435],[101.16274562256535,4.839976209803978],[101.16490735332752,4.842020297777283],[101.16717348380197,4.843948846076632],[101.16953780268267,4.845756569693185],[101.17199382953588,4.847438514768628],[101.1745348325627,4.848990072162516],[101.17715384705048,4.850406990074987],[101.17984369446253,4.851685385690612],[101.18259700211408,4.852821755811341],[101.18540622338023,4.853812986449773],[101.18826365838075,4.854656361356345],[101.19116147508493,4.85534956945718],[101.19409173077861,4.855890711182393],[101.19704639383461,4.856278303667561],[101.2000173657269,4.856511284814001],[101.20299650322795,4.85658901619704],[101.20597564072902,4.856511284814001],[101.20894661262129,4.856278303667561],[101.2119012756773,4.855890711182393],[101.21483153137098,4.85534956945718],[101.21772934807515,4.854656361356345],[101.22058678307569,4.853812986449773],[101.22339600434182,4.852821755811341],[101.22614931199337,4.851685385690612],[101.22883915940542,4.850406990074987],[101.2314581738932,4.848990072162516],[101.23399917692002,4.847438514768628],[101.23645520377323,4.845756569693185],[101.23881952265393,4.843948846076632],[101.24108565312838,4.842020297777283],[101.24324738389055,4.839976209803978],[101.24529878978659,4.837822183841435],[101.24723424805559,4.835564122907595],[101.24904845374094,4.833208215185165],[101.25073643423093,4.830760917071234],[101.25229356288844,4.82822893549157],[101.25371557173203,4.825619209527853],[101.25499856313427,4.822938891407936],[101.2561390205049,4.820195326911533],[101.2571338179296,4.817396035244441],[101.25798022873774,4.814548688436671],[101.25867593297612,4.811661090320943],[101.2592190237678,4.808741155148757],[101.25960801253864,4.805796885902896],[101.2598418330975,4.802836352365637],[101.25991984455842,4.799867669002708]],[[101.20618599303587,4.409497395993677],[101.20609643447263,4.406087408056276],[101.20582800425667,4.40268675108532],[101.20538143813656,4.399304746248967],[101.204757960119,4.395950663716392],[101.2039592791139,4.392633697245063],[101.20298758425041,4.389362938976244],[101.20184553887655,4.386147354507781],[101.20053627325933,4.38299575831242],[101.19906337600482,4.379916789569398],[101.197430884222,4.376918888475364],[101.19564327245737,4.374010273099891],[101.19370544043053,4.371198916849032],[101.19162269960435,4.368492526598764],[101.1894007586267,4.36589852155846],[101.18704570768332,4.363424012922566],[101.18456400180519,4.361075784366027],[101.18196244317556,4.358860273437621],[101.17924816248585,4.356783553901713],[101.17642859939075,4.354851319077576],[101.17351148211672,4.35306886622159],[101.17050480627941,4.351441081995611],[101.16741681296836,4.349972429061216],[101.16425596615855,4.348666933836924],[101.16103092951137,4.347528175451845],[101.15775054262812,4.346559275926328],[101.15442379682125,4.345762891606491],[101.15105981046973,4.345141205876231],[101.14766780402637,4.344695923166835],[101.144257074745,4.344428264280583],[101.14083697119756,4.344338963041234],[101.13741686765009,4.344428264280583],[101.13400613836875,4.344695923166835],[101.13061413192537,4.345141205876231],[101.12725014557384,4.345762891606491],[101.12392339976698,4.346559275926328],[101.12064301288373,4.347528175451845],[101.11741797623657,4.348666933836924],[101.11425712942675,4.349972429061216],[101.11116913611568,4.351441081995611],[101.1081624602784,4.35306886622159],[101.10524534300434,4.354851319077576],[101.10242577990925,4.356783553901713],[101.09971149921952,4.358860273437621],[101.09710994058992,4.361075784366027],[101.09462823471176,4.363424012922566],[101.0922731837684,4.36589852155846],[101.09005124279074,4.368492526598764],[101.08796850196457,4.371198916849032],[101.08603066993773,4.374010273099891],[101.08424305817309,4.376918888475364],[101.08261056639027,4.379916789569398],[101.08113766913577,4.38299575831242],[101.07982840351855,4.386147354507781],[101.0786863581447,4.389362938976244],[101.07771466328118,4.392633697245063],[101.07691598227609,4.395950663716392],[101.07629250425855,4.399304746248967],[101.07584593813844,4.40268675108532],[101.07557750792249,4.406087408056276],[101.07548794935921,4.409497395993677],[101.07557750792249,4.412907368281375],[101.07584593813844,4.41630797847468],[101.07629250425855,4.419689905917934],[101.07691598227609,4.423043881289924],[101.07771466328118,4.426360712007228],[101.0786863581447,4.429631307415948],[101.07982840351855,4.432846703702569],[101.08113766913577,4.435998088456092],[101.08261056639027,4.439076824813921],[101.08424305817309,4.442074475125442],[101.08603066993773,4.444982824068699],[101.08796850196457,4.447793901156753],[101.09005124279074,4.450500002572199],[101.0922731837684,4.453093712270152],[101.09462823471176,4.455567922292074],[101.09710994058992,4.457915852234629],[101.09971149921952,4.46013106782076],[101.10242577990925,4.46220749852191],[101.10524534300434,4.464139454183356],[101.1081624602784,4.465921640607253],[101.11116913611568,4.467549174050872],[101.11425712942675,4.469017594600214],[101.11741797623657,4.470322878382848],[101.12064301288373,4.471461448586236],[101.12392339976698,4.472430185251794],[101.12725014557384,4.473226433817745],[101.13061413192537,4.473848012387511],[101.13400613836875,4.474293217703897],[101.13741686765009,4.474560829812548],[101.14083697119756,4.47465011540222],[101.144257074745,4.474560829812548],[101.14766780402637,4.474293217703897],[101.15105981046973,4.473848012387511],[101.15442379682125,4.473226433817745],[101.15775054262812,4.472430185251794],[101.16103092951137,4.471461448586236],[101.16425596615855,4.470322878382848],[101.16741681296836,4.469017594600214],[101.17050480627941,4.467549174050872],[101.17351148211672,4.465921640607253],[101.17642859939075,4.464139454183356],[101.17924816248585,4.46220749852191],[101.18196244317556,4.46013106782076],[101.18456400180519,4.457915852234629],[101.18704570768332,4.455567922292074],[101.1894007586267,4.453093712270152],[101.19162269960435,4.450500002572199],[101.19370544043053,4.447793901156753],[101.19564327245737,4.444982824068699],[101.197430884222,4.442074475125442],[101.19906337600482,4.439076824813921],[101.20053627325933,4.435998088456092],[101.20184553887655,4.432846703702569],[101.20298758425041,4.429631307415948],[101.2039592791139,4.426360712007228],[101.204757960119,4.423043881289924],[101.20538143813656,4.419689905917934],[101.20582800425667,4.41630797847468],[101.20609643447263,4.412907368281375],[101.20618599303587,4.409497395993677]],[[101.70708290381323,3.203819265297143],[101.70701669723805,3.201294886754987],[101.70681825898008,3.198777421163736],[101.70648813294486,3.196273768802774],[101.70602722398485,3.193790792140175],[101.70543679541949,3.191335297021637],[101.70471846557245,3.188914014014158],[101.70387420333589,3.186533579955417],[101.70290632277393,3.184200519759781],[101.7018174767799,3.181921228530443],[101.70061064980499,3.179701954027116],[101.69928914967805,3.177548779537126],[101.6978565985391,3.175467607197056],[101.69631692291121,3.17346414181068],[101.69467434293824,3.171543875207456],[101.69293336081775,3.169712071184758],[101.69109874846072,3.167973751074852],[101.68917553441207,3.166333679976572],[101.68716899006786,3.164796353689259],[101.68508461522663,3.163365986384894],[101.68292812301496,3.162046499052241],[101.68070542422811,3.160841508744872],[101.67842261112894,3.159754318662421],[101.67608594074947,3.158787909092303],[101.67370181774082,3.157944929236995],[101.67127677681843,3.157227689949009],[101.66881746485087,3.156638157393815],[101.66633062264138,3.156177947657824],[101.66382306645151,3.155848322316497],[101.66130166931852,3.155650184974592],[101.65877334221669,3.155584078788066],[101.65624501511486,3.155650184974592],[101.65372361798187,3.155848322316497],[101.651216061792,3.156177947657824],[101.64872921958249,3.156638157393815],[101.64626990761495,3.157227689949009],[101.64384486669255,3.157944929236995],[101.6414607436839,3.158787909092303],[101.63912407330444,3.159754318662421],[101.63684126020526,3.160841508744872],[101.6346185614184,3.162046499052241],[101.63246206920675,3.163365986384894],[101.6303776943655,3.164796353689259],[101.62837115002131,3.166333679976572],[101.62644793597266,3.167973751074852],[101.62461332361562,3.169712071184758],[101.62287234149514,3.171543875207456],[101.62122976152217,3.17346414181068],[101.61969008589428,3.175467607197056],[101.61825753475533,3.177548779537126],[101.6169360346284,3.179701954027116],[101.61572920765347,3.181921228530443],[101.61464036165945,3.184200519759781],[101.61367248109748,3.186533579955417],[101.61282821886091,3.188914014014158],[101.61210988901388,3.191335297021637],[101.61151946044852,3.193790792140175],[101.61105855148851,3.196273768802774],[101.61072842545329,3.198777421163736],[101.61052998719532,3.201294886754987],[101.61046378062014,3.203819265297143],[101.61052998719532,3.206343637613681],[101.61072842545329,3.208861084596232],[101.61105855148851,3.211364706169323],[101.61151946044852,3.213847640202197],[101.61210988901388,3.216303081316202],[101.61282821886091,3.218724299536048],[101.61367248109748,3.221104658733845],[101.61464036165945,3.223437634815464],[101.61572920765347,3.225716833599245],[101.6169360346284,3.227936008338367],[101.61825753475533,3.230089076838523],[101.61969008589428,3.232170138124361],[101.62122976152217,3.23417348860886],[101.62287234149514,3.23609363772144],[101.62461332361562,3.237925322951999],[101.62644793597266,3.239663524269777],[101.62837115002131,3.241303477877426],[101.6303776943655,3.242840689262863],[101.63246206920675,3.244270945513034],[101.6346185614184,3.245590326855866],[101.63684126020526,3.246795217399042],[101.63912407330444,3.247882315035988],[101.6414607436839,3.248848640492126],[101.64384486669255,3.24969154548654],[101.64626990761495,3.250408719986908],[101.64872921958249,3.250998198537606],[101.651216061792,3.251458365643884],[101.65372361798187,3.251787960197353],[101.65624501511486,3.251986078930596],[101.65877334221669,3.252052178891479],[101.66130166931852,3.251986078930596],[101.66382306645151,3.251787960197353],[101.66633062264138,3.251458365643884],[101.66881746485087,3.250998198537606],[101.67127677681843,3.250408719986908],[101.67370181774082,3.24969154548654],[101.67608594074947,3.248848640492126],[101.67842261112894,3.247882315035988],[101.68070542422811,3.246795217399042],[101.68292812301496,3.245590326855866],[101.68508461522663,3.244270945513034],[101.68716899006786,3.242840689262863],[101.68917553441207,3.241303477877426],[101.69109874846072,3.239663524269777],[101.69293336081775,3.237925322951999],[101.69467434293824,3.23609363772144],[101.69631692291121,3.23417348860886],[101.6978565985391,3.232170138124361],[101.69928914967805,3.230089076838523],[101.70061064980499,3.227936008338367],[101.7018174767799,3.225716833599245],[101.70290632277393,3.223437634815464],[101.70387420333589,3.221104658733845],[101.70471846557245,3.218724299536048],[101.70543679541949,3.216303081316202],[101.70602722398485,3.213847640202197],[101.70648813294486,3.211364706169323],[101.70681825898008,3.208861084596232],[101.70701669723805,3.206343637613681],[101.70708290381323,3.203819265297143]],[[101.81987080457519,3.236318460072563],[101.8197900515414,3.23323953961419],[101.81954801377856,3.230169048954598],[101.81914535469528,3.227115404218725],[101.81858317795218,3.224086975432753],[101.81786302443658,3.221092063580149],[101.81698686803927,3.218138877846216],[101.815957110244,3.215235513113433],[101.81477657354529,3.212389927769439],[101.81344849371222,3.209609921888454],[101.81197651091925,3.206903115846065],[101.81036465976894,3.20427692942598],[101.80861735823323,3.2017385614762],[101.8067393955442,3.199294970170268],[101.80473591906701,3.196952853927955],[101.80261242019145,3.19471863304769],[101.80037471928034,3.19259843210115],[101.79802894971631,3.190598063138263],[101.79558154109071,3.18872300974903],[101.79303920158044,3.186978412025506],[101.7904088995614,3.185369052465706],[101.7876978445086,3.183899342857717],[101.78491346723547,3.182573312180438],[101.78206339952658,3.181394595553797],[101.77915545321946,3.180366424269165],[101.77619759879275,3.179491616927144],[101.77319794351986,3.178772571707004],[101.7701647092474,3.178211259789328],[101.76710620985966,3.177809219949599],[101.76403082849087,3.177567554337708],[101.76094699454761,3.177486925455106],[101.75786316060436,3.177567554337708],[101.75478777923556,3.177809219949599],[101.75172927984782,3.178211259789328],[101.74869604557534,3.178772571707004],[101.74569639030247,3.179491616927144],[101.74273853587576,3.180366424269165],[101.73983058956863,3.181394595553797],[101.73698052185975,3.182573312180438],[101.73419614458662,3.183899342857717],[101.7314850895338,3.185369052465706],[101.72885478751478,3.186978412025506],[101.72631244800452,3.18872300974903],[101.72386503937891,3.190598063138263],[101.72151926981489,3.19259843210115],[101.71928156890377,3.19471863304769],[101.7171580700282,3.196952853927955],[101.71515459355102,3.199294970170268],[101.71327663086198,3.2017385614762],[101.71152932932628,3.20427692942598],[101.70991747817597,3.206903115846065],[101.708445495383,3.209609921888454],[101.70711741554993,3.212389927769439],[101.70593687885122,3.215235513113433],[101.70490712105594,3.218138877846216],[101.70403096465863,3.221092063580149],[101.70331081114306,3.224086975432753],[101.70274863439994,3.227115404218725],[101.70234597531667,3.230169048954598],[101.70210393755382,3.23323953961419],[101.70202318452004,3.236318460072563],[101.70210393755382,3.239397371175499],[101.70234597531667,3.242467833871299],[101.70274863439994,3.245521432341386],[101.70331081114306,3.248549797066496],[101.70403096465863,3.251544627765008],[101.70490712105594,3.254497716140775],[101.70593687885122,3.257400968377988],[101.70711741554993,3.260246427321548],[101.708445495383,3.263026294282088],[101.70991747817597,3.265732950406067],[101.71152932932628,3.268358977552307],[101.71327663086198,3.270897178617862],[101.71515459355102,3.273340597257612],[101.7171580700282,3.275682536943544],[101.71928156890377,3.277916579311615],[101.72151926981489,3.280036601745973],[101.72386503937891,3.282036794152491],[101.72631244800452,3.283911674875594],[101.72885478751478,3.285656105714943],[101.7314850895338,3.287265306000986],[101.73419614458662,3.288734865690618],[101.73698052185975,3.29006075744754],[101.73983058956863,3.291239347673811],[101.74273853587576,3.292267406462936],[101.74569639030247,3.293142116446881],[101.74869604557534,3.293861080512992],[101.75172927984782,3.294422328369845],[101.75478777923556,3.294824321943838],[101.75786316060436,3.295065959591961],[101.76094699454761,3.295146579119127],[101.76403082849087,3.295065959591961],[101.76710620985966,3.294824321943838],[101.7701647092474,3.294422328369845],[101.77319794351986,3.293861080512992],[101.77619759879275,3.293142116446881],[101.77915545321946,3.292267406462936],[101.78206339952658,3.291239347673811],[101.78491346723547,3.29006075744754],[101.7876978445086,3.288734865690618],[101.7904088995614,3.287265306000986],[101.79303920158044,3.285656105714943],[101.79558154109071,3.283911674875594],[101.79802894971631,3.282036794152491],[101.80037471928034,3.280036601745973],[101.80261242019145,3.277916579311615],[101.80473591906701,3.275682536943544],[101.8067393955442,3.273340597257612],[101.80861735823323,3.270897178617862],[101.81036465976894,3.268358977552307],[101.81197651091925,3.265732950406067],[101.81344849371222,3.263026294282088],[101.81477657354529,3.260246427321548],[101.815957110244,3.257400968377988],[101.81698686803927,3.254497716140775],[101.81786302443658,3.251544627765008],[101.81858317795218,3.248549797066496],[101.81914535469528,3.245521432341386],[101.81954801377856,3.242467833871299],[101.8197900515414,3.239397371175499],[101.81987080457519,3.236318460072563]],[[101.60500809858124,3.497113001541381],[101.60494584637459,3.494740109543559],[101.60475926038366,3.492373715500818],[101.60444885202769,3.490020305612441],[101.60401547211436,3.487686330537068],[101.60346030850789,3.485378187710516],[101.60278488287321,3.483102203808914],[101.60199104650495,3.480864617405286],[101.60108097525347,3.478671561867171],[101.6000571635608,3.476529048542226],[101.5989224176236,3.474442950277802],[101.59767984770164,3.472418985319855],[101.59633285959269,3.470462701635345],[101.59488514529754,3.468579461700951],[101.59334067290044,3.466774427800207],[101.59170367569286,3.465052547868981],[101.58997864057038,3.463418541928585],[101.58817029573434,3.461876889143337],[101.58628359773228,3.460431815538494],[101.58432371787225,3.459087282411899],[101.58229602804872,3.457846975471498],[101.58020608601855,3.456714294728387],[101.5780596201676,3.455692345173007],[101.57586251380954,3.454783928260439],[101.57362078906017,3.45399153422784],[101.57134059033125,3.453317335265399],[101.56902816748897,3.452763179559218],[101.56668985872362,3.452330586222935],[101.56433207317698,3.452020741131642],[101.56196127337536,3.451834493669618],[101.5595839575162,3.451772354401026],[101.55720664165705,3.451834493669618],[101.55483584185542,3.452020741131642],[101.55247805630877,3.452330586222935],[101.55013974754344,3.452763179559218],[101.54782732470115,3.453317335265399],[101.54554712597222,3.45399153422784],[101.54330540122287,3.454783928260439],[101.54110829486481,3.455692345173007],[101.53896182901386,3.456714294728387],[101.53687188698369,3.457846975471498],[101.53484419716015,3.459087282411899],[101.53288431730013,3.460431815538494],[101.53099761929806,3.461876889143337],[101.52918927446201,3.463418541928585],[101.52746423933955,3.465052547868981],[101.52582724213195,3.466774427800207],[101.52428276973487,3.468579461700951],[101.52283505543971,3.470462701635345],[101.52148806733075,3.472418985319855],[101.52024549740881,3.474442950277802],[101.51911075147162,3.476529048542226],[101.51808693977894,3.478671561867171],[101.51717686852746,3.480864617405286],[101.5163830321592,3.483102203808914],[101.5157076065245,3.485378187710516],[101.51515244291805,3.487686330537068],[101.51471906300472,3.490020305612441],[101.51440865464875,3.492373715500818],[101.5142220686578,3.494740109543559],[101.51415981645117,3.497113001541381],[101.5142220686578,3.499485887533578],[101.51440865464875,3.501852263625204],[101.51471906300472,3.504205643813677],[101.51515244291805,3.50653957776575],[101.5157076065245,3.508847668496152],[101.5163830321592,3.511123589899536],[101.51717686852746,3.513361104087627],[101.51808693977894,3.515554078484092],[101.51911075147162,3.517696502630279],[101.52024549740881,3.519782504655915],[101.52148806733075,3.52180636736941],[101.52283505543971,3.523762543924073],[101.52428276973487,3.525645673016925],[101.52582724213195,3.527450593578844],[101.52746423933955,3.529172358915729],[101.52918927446201,3.530806250261795],[101.53099761929806,3.532347789708219],[101.53288431730013,3.533792752471558],[101.53484419716015,3.535137178468319],[101.53687188698369,3.536377383164281],[101.53896182901386,3.537509967668629],[101.54110829486481,3.538531828045289],[101.54330540122287,3.539440163816245],[101.54554712597222,3.540232485633319],[101.54782732470115,3.540906622097581],[101.55013974754344,3.541460725707651],[101.55247805630877,3.541893277920634],[101.55483584185542,3.542203093312034],[101.55720664165705,3.542389322822956],[101.5595839575162,3.542451456085924],[101.56196127337536,3.542389322822956],[101.56433207317698,3.542203093312034],[101.56668985872362,3.541893277920634],[101.56902816748897,3.541460725707651],[101.57134059033125,3.540906622097581],[101.57362078906017,3.540232485633319],[101.57586251380954,3.539440163816245],[101.5780596201676,3.538531828045289],[101.58020608601855,3.537509967668629],[101.58229602804872,3.536377383164281],[101.58432371787225,3.535137178468319],[101.58628359773228,3.533792752471558],[101.58817029573434,3.532347789708219],[101.58997864057038,3.530806250261795],[101.59170367569286,3.529172358915729],[101.59334067290044,3.527450593578844],[101.59488514529754,3.525645673016925],[101.59633285959269,3.523762543924073],[101.59767984770164,3.52180636736941],[101.5989224176236,3.519782504655915],[101.6000571635608,3.517696502630279],[101.60108097525347,3.515554078484092],[101.60199104650495,3.513361104087627],[101.60278488287321,3.511123589899536],[101.60346030850789,3.508847668496152],[101.60401547211436,3.50653957776575],[101.60444885202769,3.504205643813677],[101.60475926038366,3.501852263625204],[101.60494584637459,3.499485887533578],[101.60500809858124,3.497113001541381]],[[101.25987047079025,3.557049244398751],[101.25976756410635,3.553126959128517],[101.25945912611473,3.549215407965457],[101.25894600222244,3.545325312422129],[101.25822959886646,3.541467335335938],[101.25731187965856,3.537652051638976],[101.2561953600033,3.533889919367287],[101.25488310020347,3.530191250989263],[101.25337869707192,3.526566185131799],[101.25168627407312,3.523024658781734],[101.24981047002083,3.51957638003897],[101.24775642636358,3.516230801495939],[101.24552977309227,3.512997094316669],[101.24313661330876,3.509884123086484],[101.24058350649764,3.506900421501538],[101.2378774505472,3.504054168964777],[101.23502586256876,3.501353168152928],[101.23203655856669,3.498804823615769],[101.22891773201556,3.496416121466821],[101.22567793140209,3.494193610221133],[101.22232603679458,3.492143382832756],[101.21887123550317,3.490271059981459],[101.21532299689807,3.48858177465446],[101.21169104645463,3.487080158065723],[101.20798533909661,3.485770326951356],[101.20421603191026,3.484655872276227],[101.20039345630458,3.483739849382713],[101.1965280896936,3.48302476960875],[101.19263052677854,3.482512593398221],[101.18871145050842,3.482204724922557],[101.18478160279889,3.482102008228518],[101.18085175508938,3.482204724922557],[101.17693267881924,3.482512593398221],[101.17303511590418,3.48302476960875],[101.16916974929322,3.483739849382713],[101.16534717368754,3.484655872276227],[101.16157786650118,3.485770326951356],[101.15787215914317,3.487080158065723],[101.15424020869973,3.48858177465446],[101.15069197009463,3.490271059981459],[101.1472371688032,3.492143382832756],[101.14388527419571,3.494193610221133],[101.14064547358223,3.496416121466821],[101.13752664703108,3.498804823615769],[101.13453734302904,3.501353168152928],[101.13168575505058,3.504054168964777],[101.12897969910016,3.506900421501538],[101.12642659228902,3.509884123086484],[101.12403343250551,3.512997094316669],[101.1218067792342,3.516230801495939],[101.11975273557695,3.51957638003897],[101.11787693152466,3.523024658781734],[101.11618450852586,3.526566185131799],[101.11468010539433,3.530191250989263],[101.1133678455945,3.533889919367287],[101.11225132593923,3.537652051638976],[101.11133360673132,3.541467335335938],[101.11061720337533,3.545325312422129],[101.11010407948307,3.549215407965457],[101.10979564149143,3.553126959128517],[101.10969273480754,3.557049244398751],[101.10979564149143,3.560971512978095],[101.11010407948307,3.564883014251343],[101.11061720337533,3.56877302725256],[101.11133360673132,3.57263089004866],[101.11225132593923,3.576446028959764],[101.1133678455945,3.580207987536133],[101.11468010539433,3.583906455212416],[101.11618450852586,3.587531295560653],[101.11787693152466,3.591072574064722],[101.11975273557695,3.594520585340203],[101.1218067792342,3.597865879725088],[101.12403343250551,3.601099289168627],[101.12642659228902,3.604211952347574],[101.12897969910016,3.607195338940842],[101.13168575505058,3.610041272996602],[101.13453734302904,3.612741955327476],[101.13752664703108,3.615289984873033],[101.14064547358223,3.617678378970859],[101.14388527419571,3.619900592480968],[101.1472371688032,3.621950535711376],[101.15069197009463,3.623822591095594],[101.15424020869973,3.625511628576827],[101.15787215914317,3.627013019656565],[101.16157786650118,3.628322650069408],[101.16534717368754,3.62943693104942],[101.16916974929322,3.630352809157253],[101.17303511590418,3.631067774641291],[101.17693267881924,3.631579868309811],[101.18085175508938,3.63188768689574],[101.18478160279889,3.631990386898901],[101.18871145050842,3.63188768689574],[101.19263052677854,3.631579868309811],[101.1965280896936,3.631067774641291],[101.20039345630458,3.630352809157253],[101.20421603191026,3.62943693104942],[101.20798533909661,3.628322650069408],[101.21169104645463,3.627013019656565],[101.21532299689807,3.625511628576827],[101.21887123550317,3.623822591095594],[101.22232603679458,3.621950535711376],[101.22567793140209,3.619900592480968],[101.22891773201556,3.617678378970859],[101.23203655856669,3.615289984873033],[101.23502586256876,3.612741955327476],[101.2378774505472,3.610041272996602],[101.24058350649764,3.607195338940842],[101.24313661330876,3.604211952347574],[101.24552977309227,3.601099289168627],[101.24775642636358,3.597865879725088],[101.24981047002083,3.594520585340203],[101.25168627407312,3.591072574064722],[101.25337869707192,3.587531295560653],[101.25488310020347,3.583906455212416],[101.2561953600033,3.580207987536133],[101.25731187965856,3.576446028959764],[101.25822959886646,3.57263089004866],[101.25894600222244,3.56877302725256],[101.25945912611473,3.564883014251343],[101.25976756410635,3.560971512978095],[101.25987047079025,3.557049244398751]],[[101.81049955793885,2.924623494829546],[101.81042635480641,2.921831617607217],[101.8102069460537,2.919047385811277],[101.80984193306487,2.916278430919295],[101.80933231631519,2.913532342591457],[101.80867949262873,2.91081664786608],[101.80788525134983,2.908138790526333],[101.80695176943864,2.90550611069441],[101.80588160550418,2.902925824709469],[101.80467769279142,2.900405005344308],[101.80334333114142,2.897950562415025],[101.80188217794668,2.895569223837104],[101.80029823812662,2.89326751717958],[101.79859585315012,2.891051751768099],[101.79677968913607,2.888928001386057],[101.79485472406384,2.886902087620923],[101.79282623412885,2.884979563901981],[101.79069977928103,2.883165700272833],[101.78848118798533,2.881465468940756],[101.78617654124622,2.87988353064244],[101.78379215594026,2.878424221863651],[101.78133456750184,2.877091542947767],[101.77881051201004,2.875889147125974],[101.7762269077255,2.874820330499159],[101.77359083612801,2.873888022999002],[101.77090952250657,2.873094780353246],[101.76819031615544,2.872442777076885],[101.7654406702302,2.87193380050897],[101.76266812131925,2.871569245910929],[101.7598802687864,2.871350112640229],[101.75708475394167,2.871277001409709],[101.75428923909696,2.871350112640229],[101.7515013865641,2.871569245910929],[101.74872883765315,2.87193380050897],[101.74597919172791,2.872442777076885],[101.74325998537678,2.873094780353246],[101.74057867175536,2.873888022999002],[101.73794260015785,2.874820330499159],[101.73535899587333,2.875889147125974],[101.73283494038152,2.877091542947767],[101.73037735194309,2.878424221863651],[101.72799296663713,2.87988353064244],[101.72568831989803,2.881465468940756],[101.72346972860232,2.883165700272833],[101.7213432737545,2.884979563901981],[101.71931478381951,2.886902087620923],[101.71738981874728,2.888928001386057],[101.71557365473325,2.891051751768099],[101.71387126975675,2.89326751717958],[101.71228732993667,2.895569223837104],[101.71082617674195,2.897950562415025],[101.70949181509195,2.900405005344308],[101.70828790237918,2.902925824709469],[101.70721773844473,2.90550611069441],[101.70628425653352,2.908138790526333],[101.70549001525463,2.91081664786608],[101.70483719156817,2.913532342591457],[101.70432757481849,2.916278430919295],[101.70396256182967,2.919047385811277],[101.70374315307696,2.921831617607217],[101.7036699499445,2.924623494829546],[101.70374315307696,2.92741536510174],[101.70396256182967,2.930199576123405],[101.70432757481849,2.932968496644569],[101.70483719156817,2.935714537381653],[101.70549001525463,2.93843017181772],[101.70628425653352,2.941107956830166],[101.70721773844473,2.943740553089223],[101.70828790237918,2.946320745171378],[101.70949181509195,2.948841461332667],[101.71082617674195,2.951295792887678],[101.71228732993667,2.953677013141204],[101.71387126975675,2.955978595820592],[101.71557365473325,2.958194232958497],[101.71738981874728,2.960317852176958],[101.71931478381951,2.962343633325518],[101.7213432737545,2.964266024427899],[101.72346972860232,2.966079756893478],[101.72568831989803,2.967779859952016],[101.72799296663713,2.969361674272222],[101.73037735194309,2.970820864726654],[101.73283494038152,2.972153432268317],[101.73535899587333,2.973355724886263],[101.73794260015785,2.974424447610356],[101.74057867175536,2.975356671537686],[101.74325998537678,2.976149841856204],[101.74597919172791,2.976801784843293],[101.74872883765315,2.97731071382048],[101.7515013865641,2.977675234047742],[101.75428923909696,2.977894346544179],[101.75708475394167,2.977967450824563],[101.7598802687864,2.977894346544179],[101.76266812131925,2.977675234047742],[101.7654406702302,2.97731071382048],[101.76819031615544,2.976801784843293],[101.77090952250657,2.976149841856204],[101.77359083612801,2.975356671537686],[101.7762269077255,2.974424447610356],[101.77881051201004,2.973355724886263],[101.78133456750184,2.972153432268317],[101.78379215594026,2.970820864726654],[101.78617654124622,2.969361674272222],[101.78848118798533,2.967779859952016],[101.79069977928103,2.966079756893478],[101.79282623412885,2.964266024427899],[101.79485472406384,2.962343633325518],[101.79677968913607,2.960317852176958],[101.79859585315012,2.958194232958497],[101.80029823812662,2.955978595820592],[101.80188217794668,2.953677013141204],[101.80334333114142,2.951295792887678],[101.80467769279142,2.948841461332667],[101.80588160550418,2.946320745171378],[101.80695176943864,2.943740553089223],[101.80788525134983,2.941107956830166],[101.80867949262873,2.93843017181772],[101.80933231631519,2.935714537381653],[101.80984193306487,2.932968496644569],[101.8102069460537,2.930199576123405],[101.81042635480641,2.92741536510174],[101.81049955793885,2.924623494829546]],[[101.50333090930488,2.902477016957352],[101.50324815071237,2.899320643697443],[101.50300010177033,2.896172913066986],[101.5025874423637,2.893042452894337],[101.50201130356322,2.889937843741163],[101.50127326452528,2.886867595381417],[101.50037534816362,2.883840123473832],[101.49932001560452,2.880863726491526],[101.49811015944124,2.87794656297218],[101.49674909580538,2.875096629151117],[101.49524055527776,2.872321737038833],[101.49358867266312,2.869629493002752],[101.49179797565691,2.867027276912436],[101.4898733724351,2.864522221905041],[101.48782013820137,2.862121194826928],[101.48564390072805,2.859830777404854],[101.48335062493076,2.857657248198552],[101.48094659651909,2.855606565384234],[101.47843840476777,2.853684350416239],[101.4758329244561,2.851895872611716],[101.47313729702445,2.850246034700723],[101.4703589110003,2.848739359381295],[101.46750538174658,2.847379976916549],[101.46458453058862,2.846171613807781],[101.46160436337647,2.845117582574764],[101.45857304854127,2.844220772671139],[101.45549889470627,2.843483642560117],[101.45239032791346,2.84290821297204],[101.44925586852837,2.842496061362376],[101.44610410788628,2.842248317585494],[101.44294368474404,2.84216566079587],[101.43978326160178,2.842248317585494],[101.43663150095969,2.842496061362376],[101.4334970415746,2.84290821297204],[101.4303884747818,2.843483642560117],[101.42731432094679,2.844220772671139],[101.42428300611158,2.845117582574764],[101.42130283889942,2.846171613807781],[101.41838198774147,2.847379976916549],[101.41552845848774,2.848739359381295],[101.4127500724636,2.850246034700723],[101.41005444503196,2.851895872611716],[101.40744896472027,2.853684350416239],[101.40494077296897,2.855606565384234],[101.40253674455728,2.857657248198552],[101.40024346876001,2.859830777404854],[101.39806723128667,2.862121194826928],[101.39601399705296,2.864522221905041],[101.39408939383115,2.867027276912436],[101.39229869682492,2.869629493002752],[101.3906468142103,2.872321737038833],[101.38913827368266,2.875096629151117],[101.3877772100468,2.87794656297218],[101.38656735388352,2.880863726491526],[101.38551202132443,2.883840123473832],[101.38461410496278,2.886867595381417],[101.38387606592485,2.889937843741163],[101.38329992712436,2.893042452894337],[101.38288726771773,2.896172913066986],[101.38263921877568,2.899320643697443],[101.38255646018317,2.902477016957352],[101.38263921877568,2.905633381401272],[101.38288726771773,2.908781085680376],[101.38329992712436,2.911911502254986],[101.38387606592485,2.915016051041156],[101.38461410496278,2.918086222926284],[101.38551202132443,2.921113603089522],[101.38656735388352,2.924089894062923],[101.3877772100468,2.92700693847028],[101.38913827368266,2.929856741381252],[101.3906468142103,2.932631492219645],[101.39229869682492,2.93532358616586],[101.39408939383115,2.937925644994769],[101.39601399705296,2.940430537292174],[101.39806723128667,2.942831397994416],[101.40024346876001,2.945121647197589],[101.40253674455728,2.947295008185003],[101.40494077296897,2.949345524623462],[101.40744896472027,2.951267576881519],[101.41005444503196,2.953055897424661],[101.4127500724636,2.954705585245863],[101.41552845848774,2.95621211929149],[101.41838198774147,2.957571370846221],[101.42130283889942,2.958779614843051],[101.42428300611158,2.959833540067251],[101.42731432094679,2.960730258226606],[101.4303884747818,2.961467311863074],[101.4334970415746,2.962042681084185],[101.43663150095969,2.962454789095861],[101.43978326160178,2.962702506521402],[101.44294368474404,2.96278515449505],[101.44610410788628,2.962702506521402],[101.44925586852837,2.962454789095861],[101.45239032791346,2.962042681084185],[101.45549889470627,2.961467311863074],[101.45857304854127,2.960730258226606],[101.46160436337647,2.959833540067251],[101.46458453058862,2.958779614843051],[101.46750538174658,2.957571370846221],[101.4703589110003,2.95621211929149],[101.47313729702445,2.954705585245863],[101.4758329244561,2.953055897424661],[101.47843840476777,2.951267576881519],[101.48094659651909,2.949345524623462],[101.48335062493076,2.947295008185003],[101.48564390072805,2.945121647197589],[101.48782013820137,2.942831397994416],[101.4898733724351,2.940430537292174],[101.49179797565691,2.937925644994769],[101.49358867266312,2.93532358616586],[101.49524055527776,2.932631492219645],[101.49674909580538,2.929856741381252],[101.49811015944124,2.92700693847028],[101.49932001560452,2.924089894062923],[101.50037534816362,2.921113603089522],[101.50127326452528,2.918086222926284],[101.50201130356322,2.915016051041156],[101.5025874423637,2.911911502254986],[101.50300010177033,2.908781085680376],[101.50324815071237,2.905633381401272],[101.50333090930488,2.902477016957352]],[[101.54000763996906,3.106529205329117],[101.53993921800145,3.103920112277297],[101.53973413963845,3.101318164151893],[101.53939296698562,3.098730492796264],[101.53891663517345,3.096164190973679],[101.53830644979439,3.093626292925038],[101.5375640833241,3.091123755086313],[101.5366915705375,3.088663437018905],[101.53569130293148,3.086252082604934],[101.53456602217001,3.083896301559163],[101.53331881256946,3.081602551308237],[101.53195309264464,3.079377119287026],[101.53047260573892,3.077226105700516],[101.52888140976405,3.075155406798658],[101.52718386607755,3.073170698709993],[101.52538462752868,3.071277421878466],[101.52348862570523,3.069480766146189],[101.52150105741642,3.06778565652293],[101.51942737044881,3.066196739681599],[101.51727324863417,3.064718371216701],[101.5150445962707,3.06335460370067],[101.51274752193963,3.062109175571027],[101.51038832176201,3.060985500878791],[101.50797346214152,3.059986659926251],[101.50550956204057,3.059115390819905],[101.50300337483804,3.05837408196172],[101.5004617698189,3.057764765499299],[101.49789171334578,3.057289111752968],[101.49530024976488,3.056948424635137],[101.49269448209772,3.056743638074417],[101.49008155257235,3.056675313454486],[101.48746862304696,3.056743638074417],[101.4848628553798,3.056948424635137],[101.48227139179889,3.057289111752968],[101.47970133532577,3.057764765499299],[101.47715973030662,3.05837408196172],[101.47465354310411,3.059115390819905],[101.47218964300316,3.059986659926251],[101.46977478338269,3.060985500878791],[101.46741558320507,3.062109175571027],[101.46511850887399,3.06335460370067],[101.46288985651051,3.064718371216701],[101.46073573469589,3.066196739681599],[101.45866204772825,3.06778565652293],[101.45667447943944,3.069480766146189],[101.454778477616,3.071277421878466],[101.45297923906715,3.073170698709993],[101.45128169538063,3.075155406798658],[101.44969049940576,3.077226105700516],[101.44821001250004,3.079377119287026],[101.44684429257524,3.081602551308237],[101.44559708297467,3.083896301559163],[101.4444718022132,3.086252082604934],[101.44347153460718,3.088663437018905],[101.44259902182057,3.091123755086313],[101.44185665535029,3.093626292925038],[101.44124646997122,3.096164190973679],[101.44077013815908,3.098730492796264],[101.44042896550624,3.101318164151893],[101.44022388714323,3.103920112277297],[101.44015546517562,3.106529205329117],[101.44022388714323,3.109138291932795],[101.44042896550624,3.111740220784444],[101.44077013815908,3.114327860251858],[101.44124646997122,3.116894117921144],[101.44185665535029,3.119431960035175],[101.44259902182057,3.121934430770774],[101.44347153460718,3.124394671301769],[101.4444718022132,3.126805938595537],[101.44559708297467,3.129161623891817],[101.44684429257524,3.131455270813022],[101.44821001250004,3.133680593056371],[101.44969049940576,3.135831491619647],[101.45128169538063,3.1379020715131],[101.45297923906715,3.139886657912089],[101.454778477616,3.141779811705919],[101.45667447943944,3.1435763444005],[101.45866204772825,3.145271332334096],[101.46073573469589,3.146860130167034],[101.46288985651051,3.148338383608724],[101.46511850887399,3.149702041346931],[101.46741558320507,3.150947366146879],[101.46977478338269,3.152070945089673],[101.47218964300316,3.153069698922037],[101.47465354310411,3.153940890492007],[101.47715973030662,3.154682132247104],[101.47970133532577,3.155291392774942],[101.48227139179889,3.155767002368012],[101.4848628553798,3.156107657597652],[101.48746862304696,3.156312424884617],[101.49008155257235,3.156380743056419],[101.49269448209772,3.156312424884617],[101.49530024976488,3.156107657597652],[101.49789171334578,3.155767002368012],[101.5004617698189,3.155291392774942],[101.50300337483804,3.154682132247104],[101.50550956204057,3.153940890492007],[101.50797346214152,3.153069698922037],[101.51038832176201,3.152070945089673],[101.51274752193963,3.150947366146879],[101.5150445962707,3.149702041346931],[101.51727324863417,3.148338383608724],[101.51942737044881,3.146860130167034],[101.52150105741642,3.145271332334096],[101.52348862570523,3.1435763444005],[101.52538462752868,3.141779811705919],[101.52718386607755,3.139886657912089],[101.52888140976405,3.1379020715131],[101.53047260573892,3.135831491619647],[101.53195309264464,3.133680593056371],[101.53331881256946,3.131455270813022],[101.53456602217001,3.129161623891817],[101.53569130293148,3.126805938595537],[101.5366915705375,3.124394671301769],[101.5375640833241,3.121934430770774],[101.53830644979439,3.119431960035175],[101.53891663517345,3.116894117921144],[101.53939296698562,3.114327860251858],[101.53973413963845,3.111740220784444],[101.53993921800145,3.109138291932795],[101.54000763996906,3.106529205329117]],[[102.36393639047313,2.886468192468762],[102.36382189862266,2.882101463902143],[102.36347873688541,2.87774668754878],[102.36290784584386,2.87341579977857],[102.36211079027068,2.869120671618019],[102.36108975483978,2.864873076208399],[102.35984753813835,2.860684656530601],[102.35838754499596,2.856566893485514],[102.35671377715236,2.852531074417444],[102.35483082228886,2.848588262166879],[102.35274384145387,2.844749264737541],[102.35045855491681,2.841024605661074],[102.34798122648918,2.837424495140592],[102.34531864635605,2.833958802052436],[102.34247811246446,2.830637026882966],[102.33946741052037,2.827468275674618],[102.33629479264856,2.824461235053012],[102.33296895477407,2.821624148403497],[102.32949901278734,2.818964793262642],[102.32589447755817,2.816490459986847],[102.32216522886706,2.81420793175662],[102.31832148832548,2.812123465971503],[102.31437379135905,2.810242777086649],[102.31033295833076,2.808571020938573],[102.3062100648831,2.807112780602577],[102.3020164115804,2.805872053821363],[102.29776349293488,2.804852242038917],[102.2934629659009,2.804056141069927],[102.28912661792415,2.803485933430618],[102.28476633463305,2.803143182351685],[102.28039406726097,2.803028827490145],[102.27602179988891,2.803143182351685],[102.2716615165978,2.803485933430618],[102.26732516862107,2.804056141069927],[102.26302464158708,2.804852242038917],[102.25877172294157,2.805872053821363],[102.25457806963887,2.807112780602577],[102.2504551761912,2.808571020938573],[102.24641434316291,2.810242777086649],[102.24246664619648,2.812123465971503],[102.2386229056549,2.81420793175662],[102.23489365696378,2.816490459986847],[102.23128912173463,2.818964793262642],[102.2278191797479,2.821624148403497],[102.22449334187338,2.824461235053012],[102.22132072400159,2.827468275674618],[102.21831002205751,2.830637026882966],[102.21546948816592,2.833958802052436],[102.21280690803277,2.837424495140592],[102.21032957960516,2.841024605661074],[102.2080442930681,2.844749264737541],[102.20595731223311,2.848588262166879],[102.20407435736959,2.852531074417444],[102.20240058952601,2.856566893485514],[102.20094059638362,2.860684656530601],[102.19969837968218,2.864873076208399],[102.19867734425128,2.869120671618019],[102.1978802886781,2.87341579977857],[102.19730939763656,2.87774668754878],[102.1969662358993,2.882101463902143],[102.19685174404883,2.886468192468762],[102.1969662358993,2.89083490425508],[102.19730939763656,2.895189630451376],[102.1978802886781,2.899520435237288],[102.19867734425128,2.903815448495505],[102.19969837968218,2.908062898343655],[102.20094059638362,2.912251143395656],[102.20240058952601,2.91636870466386],[102.20407435736959,2.920404297014665],[102.20595731223311,2.924346860091557],[102.2080442930681,2.928185588620809],[102.21032957960516,2.931909962016929],[102.21280690803277,2.935509773206759],[102.21546948816592,2.938975156593491],[102.21831002205751,2.942296615083936],[102.22132072400159,2.945465046105246],[102.22449334187338,2.94847176653984],[102.2278191797479,2.951308536510417],[102.23128912173463,2.95396758194999],[102.23489365696378,2.956441615895323],[102.2386229056549,2.958723858445419],[102.24246664619648,2.960808055330731],[102.24641434316291,2.962688495042165],[102.2504551761912,2.964360024473282],[102.25457806963887,2.965818063032662],[102.25877172294157,2.967058615188333],[102.26302464158708,2.968078281409551],[102.26732516862107,2.968874267476399],[102.2716615165978,2.96944439213155],[102.27602179988891,2.969787093053505],[102.28039406726097,2.969901431134756],[102.28476633463305,2.969787093053505],[102.28912661792415,2.96944439213155],[102.2934629659009,2.968874267476399],[102.29776349293488,2.968078281409551],[102.3020164115804,2.967058615188333],[102.3062100648831,2.965818063032662],[102.31033295833076,2.964360024473282],[102.31437379135905,2.962688495042178],[102.31832148832548,2.960808055330731],[102.32216522886706,2.958723858445419],[102.32589447755817,2.956441615895323],[102.32949901278734,2.95396758194999],[102.33296895477407,2.951308536510417],[102.33629479264856,2.94847176653984],[102.33946741052037,2.945465046105246],[102.34247811246446,2.942296615083936],[102.34531864635605,2.938975156593491],[102.34798122648918,2.935509773206759],[102.35045855491681,2.931909962016929],[102.35274384145387,2.928185588620809],[102.35483082228886,2.924346860091557],[102.35671377715236,2.920404297014665],[102.35838754499596,2.91636870466386],[102.35984753813835,2.912251143395656],[102.36108975483978,2.908062898343655],[102.36211079027068,2.903815448495505],[102.36290784584386,2.899520435237288],[102.36347873688541,2.895189630451376],[102.36382189862266,2.89083490425508],[102.36393639047313,2.886468192468762]],[[102.26462041684154,2.55090618996994],[102.26452436928716,2.547241911263954],[102.26423648988377,2.543587665708687],[102.26375756768876,2.53995346947992],[102.26308891539459,2.536349283882747],[102.26223236573071,2.532784988045761],[102.26119026644021,2.529270351839482],[102.25996547384484,2.525815009093409],[102.25856134501593,2.522428431185308],[102.25698172857302,2.519119901074968],[102.25523095413499,2.515898487853728],[102.25331382045286,2.512773021879704],[102.25123558225681,2.509752070566822],[102.24900193585327,2.506843914894143],[102.24661900351178,2.504056526700012],[102.24409331668426,2.50139754682325],[102.24143179810271,2.498874264151463],[102.2386417428046,2.496493595634012],[102.23573079813757,2.49426206731441],[102.23270694279857,2.492185796434389],[102.22957846496494,2.490270474658573],[102.22635393957695,2.488521352466044],[102.22304220483457,2.486943224751476],[102.21965233797252,2.485540417675538],[102.21619363038023,2.484316776800549],[102.21267556213483,2.483275656544012],[102.20910777601681,2.482419910979137],[102.20550005107992,2.481751886007335],[102.20186227584749,2.481273412924462],[102.19820442120853,2.480985803398367],[102.19453651308837,2.480889845871471],[102.19086860496822,2.480985803398367],[102.18721075032926,2.481273412924462],[102.18357297509681,2.481751886007335],[102.17996525015994,2.482419910979137],[102.17639746404191,2.483275656544012],[102.17287939579651,2.484316776800549],[102.16942068820423,2.485540417675538],[102.16603082134218,2.486943224751476],[102.16271908659978,2.488521352466044],[102.15949456121179,2.490270474658573],[102.15636608337816,2.492185796434389],[102.15334222803916,2.49426206731441],[102.15043128337214,2.496493595634012],[102.14764122807404,2.498874264151463],[102.14497970949249,2.50139754682325],[102.14245402266495,2.504056526700012],[102.14007109032346,2.506843914894143],[102.13783744391993,2.509752070566822],[102.13575920572389,2.512773021879704],[102.13384207204174,2.515898487853728],[102.13209129760371,2.519119901074968],[102.13051168116081,2.522428431185308],[102.1291075523319,2.525815009093409],[102.12788275973652,2.529270351839482],[102.12684066044604,2.532784988045761],[102.12598411078216,2.536349283882747],[102.12531545848799,2.53995346947992],[102.12483653629297,2.543587665708687],[102.12454865688957,2.547241911263954],[102.12445260933521,2.55090618996994],[102.12454865688957,2.554570458235653],[102.12483653629297,2.558224672584475],[102.12531545848799,2.561858817182534],[102.12598411078216,2.565462931290405],[102.12684066044604,2.569027136562752],[102.12788275973652,2.572541664121307],[102.1291075523319,2.575996881326944],[102.13051168116081,2.579383318177342],[102.13209129760371,2.58269169325816],[102.13384207204174,2.585912939176613],[102.13575920572389,2.589038227407578],[102.13783744391993,2.592058992484531],[102.14007109032346,2.594966955468851],[102.14245402266495,2.597754146633319],[102.14497970949249,2.600412927297834],[102.14764122807404,2.602936010757384],[102.15043128337214,2.60531648224521],[102.15334222803916,2.607547817876505],[102.15636608337816,2.609623902520686],[102.15949456121179,2.611539046553544],[102.16271908659978,2.613288001443401],[102.16603082134218,2.614865974128574],[102.16942068820423,2.616268640146911],[102.17287939579651,2.617492155481603],[102.17639746404191,2.61853316709052],[102.17996525015994,2.619388822090869],[102.18357297509681,2.620056775573458],[102.18721075032926,2.620535197025674],[102.19086860496822,2.620822775345349],[102.19453651308837,2.620918722431998],[102.19820442120853,2.620822775345349],[102.20186227584749,2.620535197025674],[102.20550005107992,2.620056775573458],[102.20910777601681,2.619388822090869],[102.21267556213483,2.61853316709052],[102.21619363038023,2.617492155481603],[102.21965233797252,2.616268640146911],[102.22304220483457,2.614865974128574],[102.22635393957695,2.613288001443401],[102.22957846496494,2.611539046553544],[102.23270694279857,2.609623902520686],[102.23573079813757,2.607547817876505],[102.2386417428046,2.60531648224521],[102.24143179810271,2.602936010757384],[102.24409331668426,2.600412927297834],[102.24661900351178,2.597754146633319],[102.24900193585327,2.594966955468851],[102.25123558225681,2.592058992484531],[102.25331382045286,2.589038227407578],[102.25523095413499,2.585912939176613],[102.25698172857302,2.58269169325816],[102.25856134501593,2.579383318177342],[102.25996547384484,2.575996881326944],[102.26119026644021,2.572541664121307],[102.26223236573071,2.569027136562752],[102.26308891539459,2.565462931290405],[102.26375756768876,2.561858817182534],[102.26423648988377,2.558224672584475],[102.26452436928716,2.554570458235653],[102.26462041684154,2.55090618996994]],[[101.9775740063849,2.754831586508812],[101.97749388363133,2.751775354131612],[101.97725373498157,2.748727490871427],[101.97685421866635,2.745696350814366],[101.97629642973213,2.742690242271942],[101.9755818970396,2.739717405006765],[101.9747125790732,2.736785987645208],[101.97369085857308,2.733904025339454],[101.97251953600406,2.73107941773984],[101.97120182187993,2.728319907338121],[101.96974132796349,2.725633058240974],[101.96814205736706,2.723026235432051],[101.96640839358015,2.720506584579347],[101.96454508845476,2.718081012443491],[101.96255724918063,2.715756167940459],[101.96045032428712,2.713538423911024],[101.95823008870886,2.711433859646605],[101.95590262795726,2.70944824421981],[101.95347432144048,2.707587020665206],[101.95095182497788,2.705855291053901],[101.9483420525569,2.704257802502721],[101.94565215738238,2.702798934156688],[101.94288951227,2.701482685180246],[101.940061689438,2.700312663790398],[101.93717643975218,2.699292077361773],[101.9342416714814,2.698423723630929],[101.93126542862149,2.697709983023791],[101.92825586884723,2.697152812127637],[101.9252212411528,2.696753738325295],[101.92216986324179,2.696513855606359],[101.91911009872891,2.696433821566945],[101.91605033421602,2.696513855606359],[101.912998956305,2.696753738325295],[101.90996432861058,2.697152812127637],[101.90695476883634,2.697709983023791],[101.90397852597643,2.698423723630929],[101.90104375770562,2.699292077361773],[101.89815850801982,2.700312663790398],[101.89533068518782,2.701482685180246],[101.89256804007543,2.702798934156688],[101.88987814490092,2.704257802502721],[101.88726837247995,2.705855291053901],[101.88474587601733,2.707587020665206],[101.88231756950054,2.70944824421981],[101.87999010874897,2.711433859646605],[101.87776987317069,2.713538423911024],[101.87566294827717,2.715756167940459],[101.87367510900306,2.718081012443491],[101.87181180387766,2.720506584579347],[101.87007814009077,2.723026235432051],[101.86847886949433,2.725633058240974],[101.86701837557787,2.728319907338121],[101.86570066145376,2.73107941773984],[101.86452933888474,2.733904025339454],[101.86350761838462,2.736785987645208],[101.86263830041823,2.739717405006765],[101.86192376772568,2.742690242271942],[101.86136597879145,2.745696350814366],[101.86096646247624,2.748727490871427],[101.86072631382649,2.751775354131612],[101.86064619107292,2.754831586508812],[101.86072631382649,2.75788781104167],[101.86096646247624,2.760935650854768],[101.86136597879145,2.763966752118935],[101.86192376772568,2.766972806947629],[101.86263830041823,2.769945576166785],[101.86350761838462,2.772876911895501],[101.86452933888474,2.775758779876028],[101.86570066145376,2.778583281491468],[101.86701837557787,2.781342675411238],[101.86847886949433,2.784029398804861],[101.87007814009077,2.786636088065944],[101.87181180387766,2.789155598989649],[101.87367510900306,2.791581026348462],[101.87566294827717,2.793905722812577],[101.87776987317069,2.796123317163213],[101.87999010874897,2.79822773174882],[101.88231756950054,2.800213199136736],[101.88474587601733,2.802074277914297],[101.88726837247995,2.803805867596666],[101.88987814490092,2.805403222600057],[101.89256804007543,2.806861965242631],[101.89533068518782,2.808178097737186],[101.89815850801982,2.809348013142925],[101.90104375770562,2.810368505246373],[101.90397852597643,2.811236777344464],[101.90695476883634,2.811950449905621],[101.90996432861058,2.812507567088083],[101.912998956305,2.812906602097543],[101.91605033421602,2.813146461369443],[101.91911009872891,2.813226487564528],[101.92216986324179,2.813146461369443],[101.9252212411528,2.812906602097543],[101.92825586884723,2.812507567088083],[101.93126542862149,2.811950449905621],[101.9342416714814,2.811236777344464],[101.93717643975218,2.810368505246373],[101.940061689438,2.809348013142925],[101.94288951227,2.808178097737186],[101.94565215738238,2.806861965242631],[101.9483420525569,2.805403222600057],[101.95095182497788,2.803805867596666],[101.95347432144048,2.802074277914297],[101.95590262795726,2.800213199136736],[101.95823008870886,2.79822773174882],[101.96045032428712,2.796123317163213],[101.96255724918063,2.793905722812577],[101.96454508845476,2.791581026348462],[101.96640839358015,2.789155598989649],[101.96814205736706,2.786636088065944],[101.96974132796349,2.784029398804861],[101.97120182187993,2.781342675411238],[101.97251953600406,2.778583281491468],[101.97369085857308,2.775758779876028],[101.9747125790732,2.772876911895501],[101.9755818970396,2.769945576166785],[101.97629642973213,2.766972806947629],[101.97685421866635,2.763966752118935],[101.97725373498157,2.760935650854768],[101.97749388363133,2.75788781104167],[101.9775740063849,2.754831586508812]],[[102.25783604521669,4.23601702758423],[102.25772982261573,4.231971620852796],[102.25741144596155,4.227937281251198],[102.25688178790249,4.223925066903059],[102.25614230019444,4.219945975457308],[102.25519500972183,4.216010913939083],[102.25404251294196,4.212130668847564],[102.25268796876843,4.208315876582126],[102.25113508991265,4.20457699427864],[102.24938813270764,4.200924271135361],[102.24745188544163,4.197367720307587],[102.24533165523384,4.193917091448058],[102.24303325348788,4.190581843968493],[102.24056297996316,4.187371121095872],[102.2379276055077,4.184293724794607],[102.23513435349973,4.181358091623583],[102.23219088004882,4.178572269594397],[102.22910525301113,4.175943896094522],[102.22588592987584,4.173480176935951],[102.22254173458394,4.171187866586989],[102.21908183334226,4.169073249641629],[102.21551570949961,4.167142123577428],[102.21185313755353,4.165399782849295],[102.2081041563592,4.163851004362964],[102.20427904161343,4.162500034368217],[102.20038827768991,4.16135057680778],[102.19644252890208,4.160405783154029],[102.1924526102731,4.159668243761508],[102.1884294578926,4.159139980759011],[102.1843840989416,4.158822442500797],[102.18032762146782,4.158716499592237],[102.17627114399403,4.158822442500797],[102.17222578504305,4.159139980759011],[102.16820263266256,4.159668243761508],[102.16421271403358,4.160405783154029],[102.16026696524573,4.16135057680778],[102.1563762013222,4.162500034368217],[102.15255108657645,4.163851004362964],[102.1488021053821,4.165399782849295],[102.14513953343604,4.167142123577428],[102.14157340959339,4.169073249641629],[102.13811350835171,4.171187866586989],[102.1347693130598,4.173480176935951],[102.13154998992452,4.175943896094522],[102.12846436288683,4.178572269594397],[102.12552088943592,4.181358091623583],[102.12272763742793,4.184293724794607],[102.1200922629725,4.187371121095872],[102.11762198944777,4.190581843968493],[102.1153235877018,4.193917091448058],[102.113203357494,4.197367720307587],[102.11126711022801,4.200924271135361],[102.109520153023,4.20457699427864],[102.10796727416722,4.208315876582126],[102.10661272999369,4.212130668847564],[102.10546023321382,4.216010913939083],[102.10451294274121,4.219945975457308],[102.10377345503316,4.223925066903059],[102.10324379697408,4.227937281251198],[102.10292542031993,4.231971620852796],[102.10281919771896,4.23601702758423],[102.10292542031993,4.240062413160014],[102.10324379697408,4.244096689526384],[102.10377345503316,4.248108799252543],[102.10451294274121,4.252087745835847],[102.10546023321382,4.25602262383828],[102.10661272999369,4.259902648771347],[102.10796727416722,4.263717186647727],[102.109520153023,4.267455783118733],[102.11126711022801,4.271108192117735],[102.113203357494,4.27466440393128],[102.1153235877018,4.278114672620942],[102.11762198944777,4.281449542721091],[102.1200922629725,4.284659875139405],[102.12272763742793,4.287736872189368],[102.12552088943592,4.290672101686403],[102.12846436288683,4.293457520041624],[102.13154998992452,4.296085494290298],[102.1347693130598,4.298548822994715],[102.13811350835171,4.300840755964479],[102.14157340959339,4.3029550127402],[102.14513953343604,4.30488579979045],[102.1488021053821,4.306627826374613],[102.15255108657645,4.308176319028757],[102.1563762013222,4.309527034634751],[102.16026696524573,4.310676272037015],[102.16421271403358,4.311620882175228],[102.16820263266256,4.312358276705506],[102.17222578504305,4.312886435086178],[102.17627114399403,4.313203910109264],[102.18032762146782,4.313309831862187],[102.1843840989416,4.313203910109264],[102.1884294578926,4.312886435086178],[102.1924526102731,4.312358276705506],[102.19644252890208,4.311620882175228],[102.20038827768991,4.310676272037015],[102.20427904161343,4.309527034634751],[102.2081041563592,4.308176319028757],[102.21185313755353,4.306627826374613],[102.21551570949961,4.30488579979045],[102.21908183334226,4.3029550127402],[102.22254173458394,4.300840755964479],[102.22588592987584,4.298548822994715],[102.22910525301113,4.296085494290298],[102.23219088004882,4.293457520041624],[102.23513435349973,4.290672101686403],[102.2379276055077,4.287736872189368],[102.24056297996316,4.284659875139405],[102.24303325348788,4.281449542721091],[102.24533165523384,4.278114672620942],[102.24745188544163,4.27466440393128],[102.24938813270764,4.271108192117735],[102.25113508991265,4.267455783118733],[102.25268796876843,4.263717186647727],[102.25404251294196,4.259902648771347],[102.25519500972183,4.25602262383828],[102.25614230019444,4.252087745835847],[102.25688178790249,4.248108799252543],[102.25741144596155,4.244096689526384],[102.25772982261573,4.240062413160014],[102.25783604521669,4.23601702758423]],[[102.42282982894018,3.424967741763759],[102.422730744704,3.421190618414077],[102.4224337635785,3.417423833072273],[102.4219396995683,3.413677710433974],[102.42124990686847,3.409962518678745],[102.4203662761529,3.406288441322021],[102.41929122939192,3.40266554929787],[102.418027713214,3.399103773349092],[102.4165791908292,3.395612876800628],[102.41494963253659,3.39220242879051],[102.41314350484227,3.388881778032485],[102.41116575821667,3.385660027181638],[102.40902181352583,3.382546007873969],[102.40671754717312,3.379548256508071],[102.40425927499243,3.376674990835576],[102.40165373493696,3.37393408742466],[102.39890806861087,3.37133306005845],[102.39602980169474,3.368879039127758],[102.3930268233181,3.366578752074685],[102.38990736443593,3.364438504940814],[102.38667997526822,3.362464165070818],[102.38335350186436,3.360661145018918],[102.3799370618567,3.359034387702368],[102.37644001946983,3.357588352843013],[102.37287195985388,3.356327004733823],[102.36924266281221,3.355253801364444],[102.36556207599577,3.354371684935302],[102.36184028763718,3.353683073786608],[102.35808749889964,3.353189855764276],[102.3543139959162,3.352893383041105],[102.35053012159626,3.352794468407349],[102.34674624727634,3.352893383041105],[102.34297274429291,3.353189855764276],[102.33921995555535,3.353683073786608],[102.33549816719675,3.354371684935302],[102.3318175803803,3.355253801364444],[102.32818828333865,3.356327004733823],[102.3246202237227,3.357588352843013],[102.32112318133584,3.359034387702368],[102.31770674132817,3.360661145018918],[102.3143802679243,3.362464165070818],[102.3111528787566,3.364438504940814],[102.30803341987445,3.366578752074685],[102.30503044149779,3.368879039127758],[102.30215217458168,3.37133306005845],[102.29940650825559,3.37393408742466],[102.2968009682001,3.376674990835576],[102.29434269601941,3.379548256508071],[102.29203842966669,3.382546007873969],[102.28989448497586,3.385660027181638],[102.28791673835025,3.388881778032485],[102.28611061065592,3.39220242879051],[102.28448105236333,3.395612876800628],[102.28303252997851,3.399103773349092],[102.28176901380061,3.40266554929787],[102.28069396703962,3.406288441322021],[102.27981033632406,3.409962518678745],[102.27912054362423,3.413677710433974],[102.27862647961403,3.417423833072273],[102.27832949848852,3.421190618414077],[102.27823041425236,3.424967741763759],[102.27832949848852,3.428744850211258],[102.27862647961403,3.432511591009827],[102.27912054362423,3.436257639951836],[102.27981033632406,3.439972729665164],[102.28069396703962,3.443646677752366],[102.28176901380061,3.447269414695698],[102.28303252997851,3.450831011451414],[102.28448105236333,3.45432170665793],[102.28611061065592,3.457731933383081],[102.28791673835025,3.461052345337618],[102.28989448497586,3.464273842482831],[102.29203842966669,3.467387595962348],[102.29434269601941,3.470385072290086],[102.2968009682001,3.473258056727758],[102.29940650825559,3.475998675788485],[102.30215217458168,3.478599418804519],[102.30503044149779,3.481053158500452],[102.30803341987445,3.483353170515453],[102.3111528787566,3.485493151821325],[102.3143802679243,3.487467237985827],[102.31770674132817,3.489270019234405],[102.32112318133584,3.490896555266178],[102.3246202237227,3.49234238878375],[102.32818828333865,3.493603557700082],[102.3318175803803,3.494676605988809],[102.33549816719675,3.495558593148593],[102.33921995555535,3.4962471022555],[102.34297274429291,3.496740246581632],[102.34674624727634,3.497036674761631],[102.35053012159626,3.49713557449323],[102.3543139959162,3.497036674761631],[102.35808749889964,3.496740246581632],[102.36184028763718,3.4962471022555],[102.36556207599577,3.495558593148593],[102.36924266281221,3.494676605988809],[102.37287195985388,3.493603557700082],[102.37644001946983,3.49234238878375],[102.3799370618567,3.490896555266178],[102.38335350186436,3.489270019234405],[102.38667997526822,3.487467237985827],[102.38990736443593,3.485493151821325],[102.3930268233181,3.483353170515453],[102.39602980169474,3.481053158500452],[102.39890806861087,3.478599418804519],[102.40165373493696,3.475998675788485],[102.40425927499243,3.473258056727758],[102.40671754717312,3.470385072290086],[102.40902181352583,3.467387595962348],[102.41116575821667,3.464273842482831],[102.41314350484227,3.461052345337618],[102.41494963253659,3.457731933383081],[102.4165791908292,3.45432170665793],[102.418027713214,3.450831011451414],[102.41929122939192,3.447269414695698],[102.4203662761529,3.443646677752366],[102.42124990686847,3.439972729665164],[102.4219396995683,3.436257639951836],[102.4224337635785,3.432511591009827],[102.422730744704,3.428744850211271],[102.42282982894018,3.424967741763759]],[[103.20541409815468,3.277883336290021],[103.2053090955612,3.273880001342803],[103.20499437558563,3.269887623323515],[103.2044708008535,3.265917145278413],[103.20373980644678,3.261979450355209],[103.20280339597032,3.258085331969172],[103.20166413606017,3.254245464213716],[103.20032514934853,3.250470372596882],[103.19879010590489,3.24677040518384],[103.19706321317669,3.243155704224598],[103.19514920445678,3.239636178344935],[103.1930533259101,3.236221475376652],[103.190781322194,3.232920955902042],[103.18833942071278,3.229743667584845],[103.18573431454865,3.226698320358571],[103.18297314411653,3.223793262540007],[103.18006347759267,3.221036457933684],[103.17701329017072,3.218435463990269],[103.17383094220241,3.215997411078641],[103.17052515628231,3.213728982928923],[103.16710499333988,3.211636398299931],[103.16357982780396,3.20972539392158],[103.1599593219083,3.208001208759193],[103.15625339920787,3.206468569642656],[103.1524722173792,3.205131678300384],[103.14862614037888,3.203994199833318],[103.1447257100366,3.203059252660899],[103.14078161716081,3.202329399966509],[103.13680467223597,3.201806642666106],[103.13280577579167,3.201492413919092],[103.12879588852508,3.20138757519678],[103.12478600125849,3.201492413919092],[103.12078710481418,3.201806642666106],[103.11681015988934,3.202329399966509],[103.11286606701356,3.203059252660899],[103.10896563667129,3.203994199833318],[103.10511955967095,3.205131678300384],[103.1013383778423,3.206468569642656],[103.09763245514186,3.208001208759193],[103.0940119492462,3.20972539392158],[103.09048678371029,3.211636398299931],[103.08706662076784,3.213728982928923],[103.08376083484775,3.215997411078641],[103.08057848687945,3.218435463990269],[103.0775282994575,3.221036457933684],[103.07461863293362,3.223793262540007],[103.07185746250151,3.226698320358571],[103.06925235633737,3.229743667584845],[103.06681045485615,3.232920955902042],[103.06453845114007,3.236221475376652],[103.06244257259338,3.239636178344935],[103.06052856387348,3.243155704224598],[103.05880167114526,3.24677040518384],[103.05726662770164,3.250470372596882],[103.05592764098999,3.254245464213716],[103.05478838107983,3.258085331969172],[103.05385197060338,3.261979450355209],[103.05312097619665,3.265917145278413],[103.05259740146452,3.269887623323515],[103.05228268148896,3.273880001342803],[103.05217767889549,3.277883336290021],[103.05228268148896,3.281886655217166],[103.05259740146452,3.285878985351753],[103.05312097619665,3.289849384172165],[103.05385197060338,3.293786969398674],[103.05478838107983,3.297680948817905],[103.05592764098999,3.301520649858989],[103.05726662770164,3.305295548840428],[103.05880167114526,3.308995299807614],[103.06052856387348,3.312609762881977],[103.06244257259338,3.316129032044072],[103.06453845114007,3.319543462274714],[103.06681045485615,3.322843695979819],[103.06925235633737,3.326020688626585],[103.07185746250151,3.329065733520934],[103.07461863293362,3.331970485658499],[103.0775282994575,3.334726984583824],[103.08057848687945,3.33732767619539],[103.08376083484775,3.3397654334367],[103.08706662076784,3.342033575817053],[103.09048678371029,3.344125887708609],[103.0940119492462,3.346036635369583],[103.09763245514186,3.347760582647332],[103.1013383778423,3.349293005318242],[103.10511955967095,3.350629704025335],[103.10896563667129,3.35176701577822],[103.11286606701356,3.352701823984025],[103.11681015988934,3.353431566981885],[103.12078710481418,3.353954245057699],[103.12478600125849,3.354268425920075],[103.12879588852508,3.35437324862234],[103.13280577579167,3.354268425920075],[103.13680467223597,3.353954245057699],[103.14078161716081,3.353431566981885],[103.1447257100366,3.352701823984025],[103.14862614037888,3.35176701577822],[103.1524722173792,3.350629704025335],[103.15625339920787,3.349293005318242],[103.1599593219083,3.347760582647332],[103.16357982780396,3.346036635369583],[103.16710499333988,3.344125887708609],[103.17052515628231,3.342033575817053],[103.17383094220241,3.3397654334367],[103.17701329017072,3.33732767619539],[103.18006347759267,3.334726984583824],[103.18297314411653,3.331970485658499],[103.18573431454865,3.329065733520934],[103.18833942071278,3.326020688626585],[103.190781322194,3.322843695979819],[103.1930533259101,3.319543462274714],[103.19514920445678,3.316129032044072],[103.19706321317669,3.312609762881977],[103.19879010590489,3.308995299807614],[103.20032514934853,3.305295548840428],[103.20166413606017,3.301520649858989],[103.20280339597032,3.297680948817905],[103.20373980644678,3.293786969398674],[103.2044708008535,3.289849384172165],[103.20499437558563,3.285878985351753],[103.2053090955612,3.281886655217166],[103.20541409815468,3.277883336290021]],[[103.88121566379479,2.034316530962097],[103.88113198986105,2.031123163093069],[103.88088119740429,2.027938541737254],[103.88046397382924,2.024771395807663],[103.87988146271664,2.021630406368693],[103.87913526068898,2.018524182840323],[103.8782274130342,2.01546123939813],[103.87716040809957,2.012449971633824],[103.87593717047147,2.00949863354049],[103.87456105295922,2.006615314885322],[103.87303582740525,2.003807919032247],[103.87136567434676,2.001084141275101],[103.86955517155727,1.9984514477407],[103.867609281499,1.995917054919939],[103.86553333772139,1.993487909882893],[103.86333303024203,1.991170671232146],[103.86101438995075,1.988971690846889],[103.85858377207947,1.986896996467458],[103.8560478387828,1.984952275168619],[103.85341354087763,1.983142857766385],[103.8506880987914,1.981473704201728],[103.84787898277146,1.979949389940793],[103.84499389240952,1.978574093429266],[103.84204073553776,1.977351584635313],[103.83902760655387,1.976285214712271],[103.83596276423498,1.975377906809809],[103.83285460910083,1.974632148058535],[103.82971166038858,1.974049982750199],[103.82654253270225,1.973633006732096],[103.82335591240046,1.973382363031151],[103.82016053378801,1.97329873871963],[103.8169651551756,1.973382363031151],[103.8137785348738,1.973633006732096],[103.81060940718746,1.974049982750199],[103.80746645847522,1.974632148058535],[103.80435830334106,1.975377906809809],[103.80129346102217,1.976285214712271],[103.79828033203827,1.977351584635313],[103.79532717516652,1.978574093429266],[103.79244208480459,1.979949389940793],[103.78963296878464,1.981473704201728],[103.78690752669841,1.983142857766385],[103.78427322879325,1.984952275168619],[103.78173729549657,1.986896996467458],[103.77930667762527,1.988971690846889],[103.77698803733401,1.991170671232146],[103.77478772985465,1.993487909882893],[103.77271178607702,1.995917054919939],[103.77076589601877,1.9984514477407],[103.76895539322928,2.001084141275101],[103.76728524017079,2.003807919032247],[103.76576001461682,2.006615314885322],[103.76438389710457,2.00949863354049],[103.76316065947647,2.012449971633824],[103.76209365454184,2.01546123939813],[103.76118580688706,2.018524182840323],[103.7604396048594,2.021630406368693],[103.75985709374682,2.024771395807663],[103.75943987017173,2.027938541737254],[103.75918907771498,2.031123163093069],[103.75910540378126,2.034316530962097],[103.75918907771498,2.037509892509136],[103.75943987017173,2.040694494968297],[103.75985709374682,2.043861609633569],[103.7604396048594,2.047002555783117],[103.76118580688706,2.05010872447123],[103.76209365454184,2.053171602123192],[103.76316065947647,2.056182793868094],[103.76438389710457,2.059134046545748],[103.76576001461682,2.062017271324772],[103.76728524017079,2.064824565869788],[103.76895539322928,2.067548235996901],[103.77076589601877,2.070180816758527],[103.77271178607702,2.072715092899304],[103.77478772985465,2.07514411862756],[103.77698803733401,2.07746123664787],[103.77930667762527,2.079660096402704],[103.78173729549657,2.081734671473345],[103.78427322879325,2.08367927609225],[103.78690752669841,2.085488580721735],[103.78963296878464,2.087157626656409],[103.79244208480459,2.088681839609349],[103.79532717516652,2.090057042244783],[103.79828033203827,2.091279465623108],[103.80129346102217,2.092345759526809],[103.80435830334106,2.09325300163909],[103.80746645847522,2.093998705550159],[103.81060940718746,2.094580827569097],[103.8137785348738,2.094997772322908],[103.8169651551756,2.09524839712721],[103.82016053378801,2.095332015116769],[103.82335591240046,2.09524839712721],[103.82654253270225,2.094997772322908],[103.82971166038858,2.094580827569097],[103.83285460910083,2.093998705550159],[103.83596276423498,2.09325300163909],[103.83902760655387,2.092345759526809],[103.84204073553776,2.091279465623108],[103.84499389240952,2.090057042244783],[103.84787898277146,2.088681839609349],[103.8506880987914,2.087157626656409],[103.85341354087763,2.085488580721735],[103.8560478387828,2.08367927609225],[103.85858377207947,2.081734671473345],[103.86101438995075,2.079660096402704],[103.86333303024203,2.07746123664787],[103.86553333772139,2.07514411862756],[103.867609281499,2.072715092899304],[103.86955517155727,2.070180816758527],[103.87136567434676,2.067548235996901],[103.87303582740525,2.064824565869788],[103.87456105295922,2.062017271324772],[103.87593717047147,2.059134046545748],[103.87716040809957,2.056182793868094],[103.8782274130342,2.053171602123192],[103.87913526068898,2.05010872447123],[103.87988146271664,2.047002555783117],[103.88046397382924,2.043861609633569],[103.88088119740429,2.040694494968297],[103.88113198986105,2.037509892509136],[103.88121566379479,2.034316530962097]],[[103.82937930736695,1.52166363472595],[103.82929305161966,1.518370819720058],[103.8290345207988,1.515087025095666],[103.82860442351938,1.51182125157785],[103.82800393864814,1.508582450536994],[103.82723471207238,1.505379499452227],[103.82629885218867,1.502221177577225],[103.82519892412392,1.499116141874645],[103.82393794270448,1.496072903285492],[103.82251936419276,1.493099803398328],[103.82094707681388,1.490204991582464],[103.81922539009825,1.487396402647605],[103.8173590230695,1.484681735091498],[103.8153530913099,1.482068429995046],[103.81321309293898,1.479563650622802],[103.81094489354352,1.477174262784952],[103.80855471010042,1.474906816014439],[103.80604909393635,1.472767525611021],[103.80343491277105,1.47076225560143],[103.80071933189336,1.468896502662466],[103.79790979452177,1.467175381051033],[103.79501400140288,1.46560360858259],[103.79203988970436,1.464185493696277],[103.78899561125962,1.462924923642515],[103.78588951022431,1.461825353825157],[103.78273010020546,1.4608897983277],[103.77952604092629,1.460120821649372],[103.7762861144906,1.459520531673882],[103.77301920131156,1.459090573890025],[103.76973425577108,1.458832126880199],[103.76644028167658,1.458745899088864],[103.76314630758208,1.458832126880199],[103.7598613620416,1.459090573890025],[103.75659444886256,1.459520531673882],[103.75335452242689,1.460120821649372],[103.7501504631477,1.4608897983277],[103.74699105312885,1.461825353825157],[103.74388495209354,1.462924923642515],[103.7408406736488,1.464185493696277],[103.7378665619503,1.46560360858259],[103.73497076883139,1.467175381051033],[103.7321612314598,1.468896502662466],[103.72944565058212,1.47076225560143],[103.72683146941682,1.472767525611021],[103.72432585325275,1.474906816014439],[103.72193566980965,1.477174262784952],[103.7196674704142,1.479563650622802],[103.71752747204327,1.482068429995046],[103.71552154028366,1.484681735091498],[103.7136551732549,1.487396402647605],[103.71193348653928,1.490204991582464],[103.71036119916039,1.493099803398328],[103.70894262064868,1.496072903285492],[103.70768163922925,1.499116141874645],[103.70658171116449,1.502221177577225],[103.70564585128078,1.505379499452227],[103.70487662470501,1.508582450536994],[103.70427613983378,1.51182125157785],[103.70384604255436,1.515087025095666],[103.70358751173352,1.518370819720058],[103.70350125598623,1.52166363472595],[103.70358751173352,1.524956444704848],[103.70384604255436,1.528240224303295],[103.70427613983378,1.53150597296084],[103.70487662470501,1.534744739579519],[103.70564585128078,1.537947647057291],[103.70658171116449,1.541105916618276],[103.70768163922925,1.544210891872963],[103.70894262064868,1.547254062542656],[103.71036119916039,1.550227087782889],[103.71193348653928,1.553121819042249],[103.7136551732549,1.555930322393585],[103.71552154028366,1.558644900276841],[103.71752747204327,1.561258112593599],[103.7196674704142,1.5637627970958],[103.72193566980965,1.566152089012687],[103.72432585325275,1.568419439862226],[103.72683146941682,1.570558635395614],[103.72944565058212,1.572563812625537],[103.7321612314598,1.574429475891688],[103.73497076883139,1.576150511919636],[103.7378665619503,1.577722203831613],[103.7408406736488,1.579140244071059],[103.74388495209354,1.580400746205399],[103.74699105312885,1.581500255574915],[103.7501504631477,1.582435758758393],[103.75335452242689,1.583204691829764],[103.75659444886256,1.583804947383115],[103.7598613620416,1.584234880306726],[103.76314630758208,1.58449331229062],[103.76644028167658,1.584579535054961],[103.76973425577108,1.58449331229062],[103.77301920131156,1.584234880306726],[103.7762861144906,1.583804947383115],[103.77952604092629,1.583204691829764],[103.78273010020546,1.582435758758393],[103.78588951022431,1.581500255574915],[103.78899561125962,1.580400746205399],[103.79203988970436,1.579140244071059],[103.79501400140288,1.577722203831613],[103.79790979452177,1.576150511919636],[103.80071933189336,1.574429475891688],[103.80343491277105,1.572563812625537],[103.80604909393635,1.570558635395614],[103.80855471010042,1.568419439862226],[103.81094489354352,1.566152089012687],[103.81321309293898,1.5637627970958],[103.8153530913099,1.561258112593599],[103.8173590230695,1.558644900276841],[103.81922539009825,1.555930322393585],[103.82094707681388,1.553121819042249],[103.82251936419276,1.550227087782889],[103.82393794270448,1.547254062542656],[103.82519892412392,1.544210891872963],[103.82629885218867,1.541105916618276],[103.82723471207238,1.537947647057291],[103.82800393864814,1.534744739579519],[103.82860442351938,1.53150597296084],[103.8290345207988,1.528240224303295],[103.82929305161966,1.524956444704848],[103.82937930736695,1.52166363472595]],[[103.42559643162313,1.592334156362984],[103.4254764797289,1.587755142155814],[103.42511695282602,1.583188668606308],[103.42451883635272,1.57864725225428],[103.42368376970471,1.574143341039899],[103.42261404174162,1.569689280181749],[103.42131258451342,1.565297278335679],[103.41978296522393,1.560979374127281],[103.41802937645329,1.556747403149559],[103.41605662466642,1.552612965516535],[103.41387011703887,1.548587394061696],[103.41147584663607,1.544681723268482],[103.40888037598671,1.540906659018195],[103.40609081909548,1.537272549238101],[103.40311482194393,1.533789355530584],[103.39996054153336,1.53046662586084],[103.39663662352714,1.527313468378322],[103.39315217855349,1.524338526443678],[103.38951675723388,1.521549954929686],[103.38574032400544,1.518955397861307],[103.38183322980912,1.516561967456158],[103.37780618371863,1.51437622462293],[103.37367022358728,1.512404160971355],[103.36943668579438,1.510651182382954],[103.36511717417272,1.509122094187798],[103.3607235282034,1.507821087987964],[103.35626779056464,1.506751730163677],[103.35176217412359,1.505916952093934],[103.34721902846172,1.505319042118302],[103.34265080602552,1.504959639261936],[103.33807002799514,1.504839728741177],[103.33348924996477,1.504959639261936],[103.32892102752857,1.505319042118302],[103.3243778818667,1.505916952093934],[103.31987226542564,1.506751730163677],[103.3154165277869,1.507821087987964],[103.31102288181756,1.509122094187798],[103.3067033701959,1.510651182382954],[103.302469832403,1.512404160971355],[103.29833387227166,1.51437622462293],[103.29430682618116,1.516561967456158],[103.29039973198488,1.518955397861307],[103.28662329875641,1.521549954929686],[103.2829878774368,1.524338526443678],[103.27950343246314,1.527313468378322],[103.27617951445693,1.53046662586084],[103.27302523404636,1.533789355530584],[103.2700492368948,1.537272549238101],[103.26725968000359,1.540906659018195],[103.26466420935424,1.544681723268482],[103.26226993895142,1.548587394061696],[103.26008343132386,1.552612965516535],[103.25811067953701,1.556747403149559],[103.25635709076636,1.560979374127281],[103.25482747147687,1.565297278335679],[103.25352601424866,1.569689280181749],[103.25245628628556,1.574143341039899],[103.25162121963757,1.57864725225428],[103.25102310316427,1.583188668606308],[103.2506635762614,1.587755142155814],[103.25054362436715,1.592334156362984],[103.2506635762614,1.596913160397265],[103.25102310316427,1.601479603539612],[103.25162121963757,1.606020969583306],[103.25245628628556,1.610524811139392],[103.25352601424866,1.614978783752504],[103.25482747147687,1.619370679733596],[103.25635709076636,1.623688461616957],[103.25811067953701,1.62792029514982],[103.26008343132386,1.632054581724016],[103.26226993895142,1.636079990161128],[103.26466420935424,1.639985487763751],[103.26725968000359,1.643760370548126],[103.2700492368948,1.647394292575116],[103.27302523404636,1.650877294299441],[103.27617951445693,1.654199829859309],[103.27950343246314,1.657352793231965],[103.2829878774368,1.660327543183481],[103.28662329875641,1.663115926944482],[103.29039973198485,1.665710302547052],[103.29430682618116,1.668103559761775],[103.29833387227166,1.670289139577442],[103.302469832403,1.672261052170378],[103.3067033701959,1.674013893314112],[103.31102288181756,1.675542859184409],[103.3154165277869,1.676843759519443],[103.31987226542564,1.677913029098833],[103.3243778818667,1.678747737510421],[103.32892102752857,1.67934559717782],[103.33348924996477,1.679704969627078],[103.33807002799514,1.679824869974973],[103.34265080602552,1.679704969627078],[103.34721902846172,1.67934559717782],[103.35176217412359,1.678747737510421],[103.35626779056464,1.677913029098833],[103.3607235282034,1.676843759519443],[103.36511717417272,1.675542859184409],[103.36943668579438,1.674013893314112],[103.37367022358728,1.672261052170378],[103.37780618371863,1.670289139577442],[103.38183322980912,1.668103559761775],[103.38574032400541,1.665710302547052],[103.38951675723388,1.663115926944482],[103.39315217855349,1.660327543183481],[103.39663662352714,1.657352793231965],[103.39996054153336,1.654199829859309],[103.40311482194393,1.650877294299441],[103.40609081909548,1.647394292575116],[103.40888037598671,1.643760370548126],[103.41147584663607,1.639985487763751],[103.41387011703887,1.636079990161128],[103.41605662466642,1.632054581724016],[103.41802937645329,1.62792029514982],[103.41978296522393,1.623688461616957],[103.42131258451342,1.619370679733596],[103.42261404174162,1.614978783752504],[103.42368376970471,1.610524811139392],[103.42451883635272,1.606020969583306],[103.42511695282602,1.601479603539612],[103.4254764797289,1.596913160397265],[103.42559643162313,1.592334156362984]],[[103.49560849268664,1.870763642189078],[103.49553229990973,1.867855505869604],[103.49530393041803,1.864955335755673],[103.49492401015648,1.862071081078427],[103.4943935804601,1.859210647484312],[103.49371409519983,1.856381875364933],[103.49288741679752,1.853592518365534],[103.49191581112122,1.850850222130704],[103.49080194127454,1.848162503345827],[103.48954886029732,1.84553672913171],[103.48816000279741,1.842980096848783],[103.4866391755367,1.840499614366337],[103.48499054699697,1.838102080851037],[103.48321863595449,1.835794068127097],[103.4813282990942,1.833581902659624],[103.47932471769809,1.83147164821024],[103.4772133834435,1.829469089212714],[103.47500008335084,1.827579714914288],[103.47269088392183,1.825808704325936],[103.47029211451161,1.82416091202319],[103.46781034998037,1.822640854836239],[103.46525239267218,1.821252699465833],[103.46262525377026,1.820000251059299],[103.45993613407973,1.81888694277746],[103.4571924042907,1.817915826381578],[103.45440158477582,1.81708956386599],[103.4515713249774,1.816410420159204],[103.44870938244081,1.815880256913867],[103.44582360155164,1.815500527402268],[103.44292189203469,1.815272272531689],[103.44001220727408,1.815196117990322],[103.43710252251347,1.815272272531689],[103.43420081299651,1.815500527402268],[103.43131503210735,1.815880256913867],[103.42845308957077,1.816410420159204],[103.42562282977235,1.81708956386599],[103.42283201025748,1.817915826381578],[103.42008828046843,1.81888694277746],[103.41739916077789,1.820000251059299],[103.41477202187598,1.821252699465833],[103.41221406456779,1.822640854836239],[103.40973230003655,1.82416091202319],[103.40733353062633,1.825808704325936],[103.40502433119732,1.827579714914288],[103.40281103110466,1.829469089212714],[103.40069969685007,1.83147164821024],[103.39869611545396,1.833581902659624],[103.39680577859369,1.835794068127097],[103.39503386755118,1.838102080851037],[103.39338523901145,1.840499614366337],[103.39186441175075,1.842980096848783],[103.39047555425084,1.84553672913171],[103.38922247327362,1.848162503345827],[103.38810860342696,1.850850222130704],[103.38713699775064,1.853592518365534],[103.38631031934834,1.856381875364933],[103.38563083408805,1.859210647484312],[103.38510040439166,1.862071081078427],[103.38472048413013,1.864955335755673],[103.38449211463845,1.867855505869604],[103.3844159218615,1.870763642189078],[103.38449211463845,1.873671773687328],[103.38472048413013,1.876571929390432],[103.38510040439166,1.879456160225108],[103.38563083408805,1.882316560806172],[103.38631031934834,1.885145291103662],[103.38713699775064,1.887934597930612],[103.38810860342696,1.890676836192098],[103.38922247327362,1.893364489837879],[103.39047555425084,1.895990192460865],[103.39186441175075,1.898546747485002],[103.39338523901145,1.90102714788742],[103.39503386755118,1.903424595400776],[103.39680577859369,1.905732519143089],[103.39869611545396,1.907944593624167],[103.40069969685007,1.910054756079264],[103.40281103110466,1.912057223082489],[103.40502433119732,1.913946506394546],[103.40733353062633,1.915717428001283],[103.40973230003655,1.917365134302098],[103.41221406456779,1.918885109409072],[103.41477202187598,1.920273187520701],[103.41739916077789,1.921525564336142],[103.42008828046843,1.922638807478936],[103.42283201025748,1.923609865901499],[103.42562282977235,1.924436078244664],[103.42845308957077,1.925115180129612],[103.43131503210735,1.925645310361911],[103.43420081299651,1.926025016030964],[103.43710252251347,1.926253256490718],[103.44001220727408,1.926329406210872],[103.44292189203469,1.926253256490718],[103.44582360155164,1.926025016030964],[103.44870938244081,1.925645310361911],[103.4515713249774,1.925115180129612],[103.45440158477582,1.924436078244664],[103.4571924042907,1.923609865901499],[103.45993613407973,1.922638807478936],[103.46262525377026,1.921525564336142],[103.46525239267218,1.920273187520701],[103.46781034998037,1.918885109409072],[103.47029211451161,1.917365134302098],[103.47269088392183,1.915717428001283],[103.47500008335084,1.913946506394546],[103.4772133834435,1.912057223082489],[103.47932471769809,1.910054756079264],[103.4813282990942,1.907944593624167],[103.48321863595449,1.905732519143089],[103.48499054699697,1.903424595400776],[103.4866391755367,1.90102714788742],[103.48816000279741,1.898546747485002],[103.48954886029732,1.895990192460865],[103.49080194127454,1.893364489837879],[103.49191581112122,1.890676836192098],[103.49288741679752,1.887934597930612],[103.49371409519983,1.885145291103662],[103.4943935804601,1.882316560806172],[103.49492401015648,1.879456160225108],[103.49530393041803,1.876571929390432],[103.49553229990973,1.873671773687328],[103.49560849268664,1.870763642189078]],[[103.14281247351859,1.954307631884959],[103.14269622178418,1.949870733660788],[103.1423477852189,1.945445985016879],[103.14176811886318,1.941045514051467],[103.14095881154218,1.936681382412249],[103.139922081511,1.932365552233076],[103.13866077037461,1.928109853342387],[103.13717833529918,1.923925950833444],[103.13547883953619,1.919825313085116],[103.1335669412854,1.915819180321257],[103.13144788092698,1.911918533794601],[103.12912746665815,1.908134065679952],[103.1266120585731,1.904476149759163],[103.12390855123053,1.900954812978341],[103.12102435475619,1.897579707955523],[103.11796737453209,1.894360086513948],[103.11474598952853,1.891304774313862],[103.11136902933794,1.888422146652391],[103.10784574997346,1.885720105497785],[103.1041858084989,1.883206057821329],[103.10039923655947,1.880886895286248],[103.09649641288563,1.878768975349241],[103.0924880348458,1.876858103826921],[103.08838508912558,1.875159518974622],[103.08419882161398,1.873677877121496],[103.07994070657928,1.872417239901353],[103.0756224152188,1.871381063114165],[103.07125578366899,1.870572187248982],[103.06685278056344,1.869992829694257],[103.06242547422758,1.869644578656763],[103.05798599960035,1.869528388806133],[103.05354652497311,1.869644578656763],[103.04911921863726,1.869992829694257],[103.0447162155317,1.870572187248982],[103.04034958398191,1.871381063114165],[103.03603129262142,1.872417239901353],[103.0317731775867,1.873677877121496],[103.02758691007512,1.875159518974622],[103.0234839643549,1.876858103826921],[103.01947558631507,1.878768975349241],[103.01557276264123,1.880886895286248],[103.0117861907018,1.883206057821329],[103.00812624922725,1.885720105497785],[103.00460296986276,1.888422146652391],[103.00122600967217,1.891304774313862],[102.99800462466861,1.894360086513948],[102.99494764444451,1.897579707955523],[102.99206344797017,1.900954812978341],[102.9893599406276,1.904476149759163],[102.98684453254255,1.908134065679952],[102.9845241182737,1.911918533794601],[102.98240505791532,1.915819180321257],[102.98049315966452,1.919825313085116],[102.97879366390153,1.923925950833444],[102.97731122882607,1.928109853342387],[102.97604991768969,1.932365552233076],[102.97501318765852,1.936681382412249],[102.97420388033751,1.941045514051467],[102.9736242139818,1.945445985016879],[102.9732757774165,1.949870733660788],[102.97315952568212,1.954307631884959],[102.9732757774165,1.958744518385199],[102.9736242139818,1.963169231985706],[102.97420388033751,1.967569644972214],[102.97501318765852,1.971933696332273],[102.97604991768969,1.976249424811556],[102.97731122882607,1.980505001695875],[102.97879366390153,1.984688763228742],[102.98049315966452,1.988789242575803],[102.98240505791532,1.992795201248706],[102.9845241182737,1.996695659902097],[102.98684453254255,2.000479928419548],[102.9893599406276,2.004137635206055],[102.99206344797017,2.007658755606809],[102.99494764444451,2.011033639374507],[102.99800462466861,2.01425303711],[103.00122600967217,2.017308125604029],[103.00460296986276,2.020190532010429],[103.00812624922725,2.022892356785082],[103.0117861907018,2.02540619532737],[103.01557276264123,2.027725158265445],[103.01947558631507,2.029842890329376],[103.0234839643549,2.031753587760932],[103.02758691007512,2.033452014212181],[103.0317731775867,2.034933515089396],[103.03603129262142,2.036194030303373],[103.04034958398191,2.037230105390849],[103.0447162155317,2.038038900976987],[103.04911921863726,2.038618200552922],[103.05354652497311,2.03896641654709],[103.05798599960035,2.039082594673788],[103.06242547422758,2.03896641654709],[103.06685278056344,2.038618200552922],[103.07125578366899,2.038038900976987],[103.0756224152188,2.037230105390849],[103.07994070657928,2.036194030303373],[103.08419882161398,2.034933515089396],[103.08838508912558,2.033452014212181],[103.0924880348458,2.031753587760932],[103.09649641288563,2.029842890329376],[103.10039923655947,2.027725158265445],[103.1041858084989,2.02540619532737],[103.10784574997346,2.022892356785082],[103.11136902933794,2.020190532010429],[103.11474598952853,2.017308125604029],[103.11796737453209,2.01425303711],[103.12102435475619,2.011033639374507],[103.12390855123053,2.007658755606809],[103.1266120585731,2.004137635206055],[103.12912746665815,2.000479928419548],[103.13144788092698,1.996695659902097],[103.1335669412854,1.992795201248706],[103.13547883953619,1.988789242575803],[103.13717833529918,1.984688763228742],[103.13866077037461,1.980505001695875],[103.139922081511,1.976249424811556],[103.14095881154218,1.971933696332273],[103.14176811886318,1.967569644972214],[103.1423477852189,1.963169231985706],[103.14269622178418,1.958744518385199],[103.14281247351859,1.954307631884959]],[[102.88914464965109,1.983673017726311],[102.88901435841132,1.978700370286121],[102.88862384181127,1.973741337677914],[102.88797417022977,1.968809512485209],[102.88706712437146,1.963918412836164],[102.88590519038603,1.959081445347231],[102.8844915530537,1.954311868371098],[102.88283008705623,1.949622755649921],[102.88092534635635,1.945026960473541],[102.87878255171599,1.940537080440966],[102.87640757638626,1.93616542292171],[102.87380693000948,1.931923971312027],[102.8709877407766,1.927824352178307],[102.86795773588933,1.92387780337821],[102.86472522038049,1.920095143246574],[102.86129905435035,1.916486740931122],[102.8576886286819,1.913062487959113],[102.85390383930088,1.909831771113093],[102.84995506005201,1.906803446690268],[102.84585311426461,1.903985816216107],[102.84160924508703,1.901386603678826],[102.8372350846697,1.899012934347397],[102.83274262228224,1.896871315231177],[102.82814417145183,1.894967617234694],[102.82345233621254,1.893307059056903],[102.81867997655864,1.891894192878815],[102.81384017319621,1.890732891878985],[102.80894619168988,1.889826339611075],[102.80401144610275,1.889177021272783],[102.79904946222949,1.888786716889868],[102.79407384052297,1.888656496434346],[102.78909821881648,1.888786716889868],[102.7841362349432,1.889177021272783],[102.77920148935608,1.889826339611075],[102.77430750784976,1.890732891878985],[102.76946770448733,1.891894192878815],[102.76469534483341,1.893307059056903],[102.76000350959413,1.894967617234694],[102.75540505876371,1.896871315231177],[102.75091259637627,1.899012934347397],[102.74653843595893,1.901386603678826],[102.74229456678135,1.903985816216107],[102.73819262099396,1.906803446690268],[102.73424384174506,1.909831771113093],[102.73045905236405,1.913062487959113],[102.7268486266956,1.916486740931122],[102.72342246066547,1.920095143246574],[102.72018994515663,1.92387780337821],[102.71715994026937,1.927824352178307],[102.71434075103649,1.931923971312027],[102.71174010465971,1.93616542292171],[102.70936512932997,1.940537080440966],[102.70722233468959,1.945026960473541],[102.70531759398973,1.949622755649921],[102.70365612799225,1.954311868371098],[102.70224249065994,1.959081445347231],[102.7010805566745,1.963918412836164],[102.7001735108162,1.968809512485209],[102.69952383923469,1.973741337677914],[102.69913332263465,1.978700370286121],[102.69900303139487,1.983673017726311],[102.69913332263465,1.988645650218848],[102.69952383923469,1.993604638147934],[102.7001735108162,1.998536389419536],[102.7010805566745,2.003427386715378],[102.70224249065994,2.008264224540438],[102.70365612799225,2.013033645962664],[102.70531759398973,2.01772257894417],[102.70722233468959,2.022318172164373],[102.70936512932997,2.026807830236965],[102.71174010465971,2.031179248224285],[102.71434075103649,2.035420445354429],[102.71715994026937,2.039519797849133],[102.72018994515663,2.043466070772128],[102.72342246066547,2.047248448811108],[102.7268486266956,2.050856565909047],[102.73045905236405,2.054280533663567],[102.73424384174506,2.057510968417046],[102.73819262099396,2.060539016962909],[102.74229456678135,2.063356380798282],[102.74653843595893,2.065955338856292],[102.75091259637627,2.068328768656065],[102.75540505876371,2.070470165812633],[102.76000350959413,2.072373661853282],[102.76469534483341,2.07403404029172],[102.76946770448733,2.075446750916193],[102.77430750784976,2.076607922252417],[102.77920148935608,2.077514372167342],[102.7841362349432,2.078163616584696],[102.78909821881648,2.078553876288578],[102.79407384052297,2.078684081796511],[102.79904946222949,2.078553876288578],[102.80401144610275,2.078163616584696],[102.80894619168988,2.077514372167342],[102.81384017319621,2.076607922252417],[102.81867997655864,2.075446750916193],[102.82345233621254,2.07403404029172],[102.82814417145183,2.072373661853282],[102.83274262228224,2.070470165812633],[102.8372350846697,2.068328768656065],[102.84160924508703,2.065955338856292],[102.84585311426461,2.063356380798282],[102.84995506005201,2.060539016962909],[102.85390383930088,2.057510968417046],[102.8576886286819,2.054280533663567],[102.86129905435035,2.050856565909047],[102.86472522038049,2.047248448811108],[102.86795773588933,2.043466070772128],[102.8709877407766,2.039519797849133],[102.87380693000948,2.035420445354429],[102.87640757638626,2.031179248224285],[102.87878255171599,2.026807830236965],[102.88092534635635,2.022318172164373],[102.88283008705623,2.01772257894417],[102.8844915530537,2.013033645962664],[102.88590519038603,2.008264224540438],[102.88706712437146,2.003427386715378],[102.88797417022977,1.998536389419536],[102.88862384181127,1.993604638147934],[102.88901435841132,1.988645650218848],[102.88914464965109,1.983673017726311]],[[102.81867515687244,2.241243161009059],[102.81855483032705,2.236651583558519],[102.81819418049757,2.232072576990227],[102.81759419590013,2.227518692248295],[102.81675652105078,2.223002411533932],[102.81568345195808,2.218536114088776],[102.81437792982979,2.214132042259132],[102.81284353301136,2.209802267934438],[102.8110844671778,2.205558659451839],[102.80910555380629,2.201412849057648],[102.80691221696082,2.19737620101525],[102.80451046842524,2.19345978044656],[102.80190689122533,2.189674322992885],[102.7991086215852,2.186030205378345],[102.79612332936749,2.182537416956506],[102.7929591970506,2.179205532318652],[102.78962489730132,2.176043685038612],[102.7861295692035,2.173060542626361],[102.78248279320844,2.170264282759204],[102.77869456487574,2.167662570855658],[102.77477526747586,2.165262539053827],[102.77073564353061,2.163070766651836],[102.76658676536842,2.16109326206412],[102.76234000477592,2.159335446343075],[102.75800700182873,2.1578021383115],[102.75359963298676,2.156497541346344],[102.7491299785416,2.155425231850484],[102.74461028950546,2.15458814944371],[102.74005295403178,2.153988588900448],[102.73547046346035,2.153628193855737],[102.73087537807929,2.1535079522973],[102.72628029269823,2.153628193855737],[102.72169780212681,2.153988588900448],[102.71714046665313,2.15458814944371],[102.71262077761698,2.155425231850484],[102.70815112317183,2.156497541346344],[102.70374375432984,2.1578021383115],[102.69941075138266,2.159335446343075],[102.69516399079016,2.16109326206412],[102.69101511262797,2.163070766651836],[102.68697548868272,2.165262539053827],[102.68305619128286,2.167662570855658],[102.67926796295014,2.170264282759204],[102.67562118695508,2.173060542626361],[102.67212585885724,2.176043685038612],[102.66879155910797,2.179205532318652],[102.66562742679109,2.182537416956506],[102.66264213457337,2.186030205378345],[102.65984386493326,2.189674322992885],[102.65724028773334,2.19345978044656],[102.65483853919775,2.19737620101525],[102.65264520235229,2.201412849057648],[102.65066628898077,2.205558659451839],[102.64890722314722,2.209802267934438],[102.64737282632879,2.214132042259132],[102.64606730420051,2.218536114088776],[102.6449942351078,2.223002411533932],[102.64415656025845,2.227518692248295],[102.64355657566101,2.232072576990227],[102.64319592583153,2.236651583558519],[102.64307559928614,2.241243161009059],[102.64319592583153,2.24583472405876],[102.64355657566101,2.250413687582315],[102.64415656025845,2.254967501107226],[102.6449942351078,2.25948368321255],[102.64606730420051,2.263949855737032],[102.64737282632879,2.268353777703035],[102.64890722314722,2.27268337886304],[102.65066628898077,2.276926792777165],[102.65264520235229,2.281072389330808],[102.65483853919775,2.285108806603493],[102.65724028773334,2.289024982001658],[102.65984386493326,2.292810182570125],[102.66264213457337,2.29645403439931],[102.66562742679109,2.299946551047612],[102.66879155910797,2.303278160901355],[102.67212585885724,2.30643973339731],[102.67562118695508,2.309422604036099],[102.67926796295014,2.312218598118028],[102.68305619128286,2.314820053136557],[102.68697548868272,2.317219839768078],[102.69101511262797,2.319411381400599],[102.69516399079016,2.321388672148046],[102.69941075138266,2.323146293300873],[102.70374375432984,2.324679428168038],[102.70815112317183,2.325983875269783],[102.71262077761698,2.327056059845185],[102.71714046665313,2.327893043643098],[102.72169780212681,2.328492532969466],[102.72628029269823,2.328852884969529],[102.73087537807929,2.328973112127153],[102.73547046346035,2.328852884969529],[102.74005295403178,2.328492532969466],[102.74461028950546,2.327893043643098],[102.7491299785416,2.327056059845185],[102.75359963298676,2.325983875269783],[102.75800700182873,2.324679428168038],[102.76234000477592,2.323146293300873],[102.76658676536842,2.321388672148046],[102.77073564353061,2.319411381400599],[102.77477526747586,2.317219839768078],[102.77869456487574,2.314820053136557],[102.78248279320844,2.312218598118028],[102.7861295692035,2.309422604036099],[102.78962489730132,2.30643973339731],[102.7929591970506,2.303278160901355],[102.79612332936749,2.299946551047612],[102.7991086215852,2.29645403439931],[102.80190689122533,2.292810182570125],[102.80451046842524,2.289024982001658],[102.80691221696082,2.285108806603493],[102.80910555380629,2.281072389330808],[102.8110844671778,2.276926792777165],[102.81284353301136,2.27268337886304],[102.81437792982979,2.268353777703035],[102.81568345195808,2.263949855737032],[102.81675652105078,2.25948368321255],[102.81759419590013,2.254967501107226],[102.81819418049757,2.250413687582315],[102.81855483032705,2.24583472405876],[102.81867515687244,2.241243161009059]],[[103.0930111930721,2.428699991308817],[103.09291820423687,2.425152076153158],[103.09263949260706,2.421613876319867],[103.09217582211191,2.418095089896331],[103.09152846364,2.414605361833379],[103.09069919155593,2.4111542575067],[103.08969027883681,2.407751236495706],[103.08850449084228,2.404405626651564],[103.08714507773483,2.401126598525663],[103.08561576557126,2.397923140228503],[103.08392074608996,2.394804032788114],[103.08206466522147,2.391777826075641],[103.08005261035444,2.388852815363875],[103.07789009639141,2.386037018583518],[103.07558305063284,2.383338154339034],[103.07313779653079,2.380763620744983],[103.07056103635679,2.378320475140573],[103.06785983283137,2.376015414738095],[103.06504158976563,2.373854758258704],[103.06211403176792,2.371844428605512],[103.05908518307122,2.369989936621969],[103.05596334553928,2.368296365979822],[103.05275707591177,2.366768359238345],[103.04947516235089,2.365410105112967],[103.04612660035356,2.36422532698847],[103.04272056809548,2.363217272708052],[103.03926640127432,2.362388705666418],[103.03577356752122,2.361741897231468],[103.03225164045074,2.361278620515171],[103.02871027342016,2.361000145510914],[103.02515917307035,2.360907235610559],[103.02160807272054,2.361000145510914],[103.01806670568995,2.361278620515171],[103.01454477861948,2.361741897231468],[103.01105194486637,2.362388705666418],[103.00759777804522,2.363217272708052],[103.00419174578713,2.36422532698847],[103.00084318378981,2.365410105112967],[102.99756127022893,2.366768359238345],[102.9943550006014,2.368296365979822],[102.99123316306948,2.369989936621969],[102.98820431437277,2.371844428605512],[102.98527675637507,2.373854758258704],[102.98245851330933,2.376015414738095],[102.9797573097839,2.378320475140573],[102.97718054960991,2.380763620744983],[102.97473529550786,2.383338154339034],[102.97242824974929,2.386037018583518],[102.97026573578626,2.388852815363875],[102.96825368091923,2.391777826075641],[102.96639760005074,2.394804032788114],[102.96470258056942,2.397923140228503],[102.96317326840587,2.401126598525663],[102.9618138552984,2.404405626651564],[102.96062806730389,2.407751236495706],[102.95961915458477,2.4111542575067],[102.9587898825007,2.414605361833379],[102.95814252402877,2.418095089896331],[102.95767885353364,2.421613876319867],[102.95740014190383,2.425152076153158],[102.9573071530686,2.428699991308817],[102.95740014190383,2.43224789714624],[102.95767885353364,2.435786069126893],[102.95814252402877,2.439304809468542],[102.9587898825007,2.442794473725267],[102.95961915458477,2.446245497220426],[102.96062806730389,2.449648421260239],[102.9618138552984,2.452993919055946],[102.96317326840587,2.456272821283827],[102.96470258056942,2.459476141212749],[102.96639760005074,2.462595099330624],[102.96825368091923,2.465621147402361],[102.97026573578626,2.46854599189325],[102.97242824974929,2.471361616693764],[102.97473529550786,2.474060305083662],[102.97718054960991,2.476634660875088],[102.9797573097839,2.479077628676899],[102.98245851330933,2.48138251322483],[102.98527675637507,2.483542997724415],[102.98820431437277,2.485553161156806],[102.99123316306948,2.48740749449969],[102.9943550006014,2.489100915819425],[102.99756127022893,2.490628784192753],[103.00084318378981,2.491986912420213],[103.00419174578713,2.493171578496389],[103.00759777804522,2.494179535805728],[103.01105194486637,2.49500802201593],[103.01454477861948,2.495654766644705],[103.01806670568995,2.496117997279179],[103.02160807272054,2.496396444430822],[103.02515917307035,2.496489345012941],[103.02871027342016,2.496396444430822],[103.03225164045074,2.496117997279179],[103.03577356752122,2.495654766644705],[103.03926640127432,2.49500802201593],[103.04272056809548,2.494179535805728],[103.04612660035356,2.493171578496389],[103.04947516235089,2.491986912420213],[103.05275707591177,2.490628784192753],[103.05596334553928,2.489100915819425],[103.05908518307122,2.48740749449969],[103.06211403176792,2.485553161156806],[103.06504158976563,2.483542997724415],[103.06785983283137,2.48138251322483],[103.07056103635679,2.479077628676899],[103.07313779653079,2.476634660875088],[103.07558305063284,2.474060305083662],[103.07789009639141,2.471361616693764],[103.08005261035444,2.46854599189325],[103.08206466522147,2.465621147402361],[103.08392074608996,2.462595099330624],[103.08561576557126,2.459476141212749],[103.08714507773483,2.456272821283827],[103.08850449084228,2.452993919055946],[103.08969027883681,2.449648421260239],[103.09069919155593,2.446245497220426],[103.09152846364,2.442794473725267],[103.09217582211191,2.439304809468542],[103.09263949260706,2.435786069126893],[103.09291820423687,2.43224789714624],[103.0930111930721,2.428699991308817]],[[100.08952984203432,6.268616284776411],[100.0893977786075,6.263603116213183],[100.08900195030371,6.258603640450221],[100.08834344206083,6.253631561331413],[100.08742405880417,6.248700507993746],[100.08624632049933,6.243823997499155],[100.08481345524515,6.239015397769537],[100.08312939042567,6.234287890926697],[100.08119874194553,6.229654437137916],[100.07902680157801,6.225127739066458],[100.07661952246069,6.220720207024789],[100.07398350277828,6.21644392492637],[100.07112596767753,6.212310617129673],[100.06805474946353,6.208331616265673],[100.06477826613188,6.204517832137409],[100.06130549829568,6.200879721777406],[100.0576459645702,6.197427260745092],[100.053809695483,6.194169915743847],[100.04980720598097,6.191116618632663],[100.04564946660962,6.1882757419045],[100.04134787344358,6.185655075698605],[100.03691421685072,6.183261806410611],[100.03236064917562,6.181102496959052],[100.02769965143068,6.179183068763107],[100.02294399908679,6.177508785481073],[100.01810672705648,6.1760842385546],[100.01320109396609,6.174913334598624],[100.008240545815,6.173999284671726],[100.00323867912084,6.173344595456656],[99.99820920365258,6.172951062375308],[99.99316590485284,6.172819764657238],[99.98812260605311,6.172951062375308],[99.98309313058485,6.173344595456656],[99.97809126389069,6.173999284671726],[99.97313071573959,6.174913334598624],[99.9682250826492,6.1760842385546],[99.96338781061888,6.177508785481073],[99.95863215827501,6.179183068763107],[99.95397116053009,6.181102496959052],[99.94941759285496,6.183261806410611],[99.94498393626209,6.185655075698605],[99.94068234309607,6.1882757419045],[99.93652460372472,6.191116618632663],[99.93252211422269,6.194169915743847],[99.92868584513548,6.197427260745092],[99.92502631141,6.200879721777406],[99.92155354357381,6.204517832137409],[99.91827706024216,6.208331616265673],[99.91520584202816,6.212310617129673],[99.9123483069274,6.21644392492637],[99.909712287245,6.220720207024789],[99.90730500812768,6.225127739066458],[99.90513306776015,6.229654437137916],[99.90320241928002,6.234287890926697],[99.90151835446053,6.239015397769537],[99.90008548920636,6.243823997499155],[99.89890775090151,6.248700507993746],[99.89798836764484,6.253631561331413],[99.89732985940198,6.258603640450221],[99.89693403109818,6.263603116213183],[99.89680196767137,6.268616284776411],[99.89693403109818,6.273629405157658],[99.89732985940198,6.278628736902611],[99.89798836764484,6.283600577745241],[99.89890775090151,6.288531301159187],[99.90008548920636,6.29340739369724],[99.90151835446053,6.298215492016752],[99.90320241928002,6.302942419489458],[99.90513306776015,6.307575222295817],[99.90730500812768,6.312101204904871],[99.909712287245,6.316507964842947],[99.9123483069274,6.320783426655895],[99.91520584202816,6.324915874972509],[99.91827706024216,6.328893986578458],[99.92155354357381,6.332706861413581],[99.92502631141,6.336344052407803],[99.92868584513548,6.339795594074452],[99.93252211422269,6.343052029782899],[99.93652460372472,6.346104437636552],[99.94068234309607,6.348944454885332],[99.94498393626209,6.351564300806634],[99.94941759285496,6.353956797992002],[99.95397116053007,6.3561153919822],[99.95863215827501,6.358034169196793],[99.96338781061888,6.35970787310975],[99.9682250826492,6.361131918627096],[99.97313071573959,6.362302404627398],[99.97809126389069,6.363216124631287],[99.98309313058485,6.363870575570703],[99.98812260605311,6.364263964634371],[99.99316590485284,6.364395214170574],[99.99820920365258,6.364263964634371],[100.00323867912084,6.363870575570703],[100.008240545815,6.363216124631287],[100.01320109396609,6.362302404627398],[100.01810672705648,6.361131918627096],[100.02294399908679,6.35970787310975],[100.02769965143068,6.358034169196793],[100.03236064917559,6.3561153919822],[100.03691421685072,6.353956797992002],[100.04134787344358,6.351564300806634],[100.04564946660962,6.348944454885332],[100.04980720598097,6.346104437636552],[100.053809695483,6.343052029782899],[100.0576459645702,6.339795594074452],[100.06130549829568,6.336344052407803],[100.06477826613188,6.332706861413581],[100.06805474946353,6.328893986578458],[100.07112596767753,6.324915874972509],[100.07398350277828,6.320783426655895],[100.07661952246069,6.316507964842947],[100.07902680157801,6.312101204904871],[100.08119874194553,6.307575222295817],[100.08312939042567,6.302942419489458],[100.08481345524515,6.298215492016752],[100.08624632049933,6.29340739369724],[100.08742405880417,6.288531301159187],[100.08834344206083,6.283600577745241],[100.08900195030371,6.278628736902611],[100.0893977786075,6.273629405157658],[100.08952984203432,6.268616284776411]],[[100.61599540229359,6.042299713311688],[100.61586563980606,6.037371791527829],[100.61547670801342,6.032457332191509],[100.61482967295068,6.027569806080007],[100.61392630809597,6.022722610507249],[100.61276908950957,6.017929032591906],[100.6113611890472,6.013202212823798],[100.60970646566612,6.008555109028505],[100.60780945484817,6.004000460829255],[100.60567535616805,5.999550754703767],[100.603310019042,5.995218189732127],[100.60071992669461,5.991014644129698],[100.597912178389,5.986951642657346],[100.59489446996808,5.983040324998601],[100.59167507276088,5.97929141519072],[100.58826281091139,5.97571519219391],[100.58466703719216,5.972321461679816],[100.58089760736897,5.969119529116848],[100.57696485318698,5.966118174226756],[100.57287955405208,5.963325626882598],[100.56865290748516,5.96074954451485],[100.56429649843072,5.958396991087738],[100.55982226750316,5.956274417703885],[100.55524247825844,5.954387644890888],[100.55056968358055,5.952741846618465],[100.54581669127491,5.951341536090528],[100.54099652896303,5.950190553351312],[100.5361224083748,5.949292054739724],[100.5312076891359,5.94864850422104],[100.52626584215018,5.948261666620095],[100.52131041267673,5.948132602774275],[100.51635498320327,5.948261666620095],[100.51141313621757,5.94864850422104],[100.50649841697866,5.949292054739724],[100.50162429639042,5.950190553351312],[100.49680413407854,5.951341536090528],[100.4920511417729,5.952741846618465],[100.48737834709502,5.954387644890888],[100.4827985578503,5.956274417703885],[100.47832432692273,5.958396991087738],[100.4739679178683,5.96074954451485],[100.46974127130139,5.963325626882598],[100.46565597216647,5.966118174226756],[100.4617232179845,5.969119529116848],[100.4579537881613,5.972321461679816],[100.45435801444206,5.97571519219391],[100.45094575259257,5.97929141519072],[100.44772635538537,5.983040324998601],[100.44470864696446,5.986951642657346],[100.44190089865884,5.991014644129698],[100.43931080631145,5.995218189732127],[100.43694546918539,5.999550754703767],[100.4348113705053,6.004000460829255],[100.43291435968733,6.008555109028505],[100.43125963630627,6.013202212823798],[100.42985173584388,6.017929032591906],[100.42869451725748,6.022722610507249],[100.42779115240278,6.027569806080007],[100.42714411734005,6.032457332191509],[100.42675518554738,6.037371791527829],[100.42662542305985,6.042299713311688],[100.42675518554738,6.047227590231875],[100.42714411734005,6.052141915468695],[100.42779115240278,6.05702921971413],[100.42869451725748,6.061876108085075],[100.42985173584388,6.066669296828587],[100.43125963630627,6.071395649718747],[100.43291435968733,6.0760422140452],[100.4348113705053,6.080596256095267],[100.43694546918539,6.085045296032318],[100.43931080631145,6.089377142075207],[100.44190089865884,6.093579923885318],[100.44470864696446,6.09764212507005],[100.44772635538537,6.101552614714003],[100.45094575259257,6.105300677851853],[100.45435801444206,6.108876044799688],[100.4579537881613,6.112268919264893],[100.4617232179845,6.115470005158124],[100.46565597216647,6.118470532033919],[100.46974127130139,6.121262279091107],[100.4739679178683,6.1238375976673],[100.47832432692273,6.126189432166552],[100.4827985578503,6.128311339362909],[100.48737834709502,6.130197506027678],[100.4920511417729,6.131842764832202],[100.49680413407854,6.133242608483068],[100.50162429639042,6.134393202051242],[100.50649841697866,6.135291393461655],[100.51141313621757,6.135934722114741],[100.51635498320327,6.136321425616504],[100.52131041267673,6.136450444598743],[100.52626584215018,6.136321425616504],[100.5312076891359,6.135934722114741],[100.5361224083748,6.135291393461655],[100.54099652896303,6.134393202051242],[100.54581669127491,6.133242608483068],[100.55056968358055,6.131842764832202],[100.55524247825844,6.130197506027678],[100.55982226750316,6.128311339362909],[100.56429649843072,6.126189432166552],[100.56865290748516,6.1238375976673],[100.57287955405208,6.121262279091107],[100.57696485318698,6.118470532033919],[100.58089760736897,6.115470005158124],[100.58466703719216,6.112268919264893],[100.58826281091139,6.108876044799688],[100.59167507276088,6.105300677851853],[100.59489446996808,6.101552614714003],[100.597912178389,6.09764212507005],[100.60071992669461,6.093579923885318],[100.603310019042,6.089377142075207],[100.60567535616805,6.085045296032318],[100.60780945484817,6.080596256095267],[100.60970646566612,6.0760422140452],[100.6113611890472,6.071395649718747],[100.61276908950957,6.066669296828587],[100.61392630809597,6.061876108085075],[100.61482967295068,6.05702921971413],[100.61547670801342,6.052141915468695],[100.61586563980606,6.047227590231875],[100.61599540229359,6.042299713311688]],[[100.66865165170191,6.301529846150308],[100.6685220360488,6.296609907437597],[100.66813354435693,6.29170340751],[100.66748724145502,6.286823795350354],[100.66658489881446,6.281984446617138],[100.66542898969365,6.277198626971529],[100.66402268235916,6.27247945570201],[100.66236983140163,6.26783986974649],[100.66047496717067,6.26329258821053],[100.65834328335744,6.258850077479546],[100.65598062275903,6.254524517020569],[100.65339346126399,6.250327765967794],[100.6505888901021,6.246271330583793],[100.647574596408,6.242366332686005],[100.64435884215116,6.238623479125316],[100.6409504414905,6.235053032400972],[100.6373587366153,6.231664782492527],[100.63359357213898,6.228468019986814],[100.6296652681156,6.225471510573615],[100.62558459175352,6.222683470980665],[100.62136272790296,6.22011154641427],[100.61701124839927,6.217762789567675],[100.6125420803453,6.215643641255311],[100.60796747342008,6.213759912726142],[100.60329996630317,6.21211676970519],[100.59855235230712,6.210718718207042],[100.59373764431199,6.209569592160679],[100.58886903909763,6.208672542879806],[100.58395988117258,6.208030030407621],[100.57902362619745,6.207643816760133],[100.574073804104,6.207514961086553],[100.56912398201057,6.207643816760133],[100.56418772703542,6.208030030407621],[100.55927856911038,6.208672542879806],[100.55440996389602,6.209569592160679],[100.54959525590087,6.210718718207042],[100.54484764190485,6.21211676970519],[100.54018013478793,6.21375991272613],[100.5356055278627,6.215643641255311],[100.53113635980874,6.217762789567675],[100.52678488030504,6.22011154641427],[100.52256301645447,6.222683470980665],[100.51848234009239,6.225471510573615],[100.51455403606903,6.228468019986814],[100.5107888715927,6.231664782492527],[100.5071971667175,6.235053032400972],[100.50378876605683,6.238623479125316],[100.5005730118,6.242366332686005],[100.49755871810589,6.246271330583793],[100.49475414694402,6.250327765967794],[100.49216698544896,6.254524517020569],[100.48980432485057,6.258850077479546],[100.48767264103732,6.26329258821053],[100.48577777680636,6.26783986974649],[100.48412492584883,6.27247945570201],[100.48271861851435,6.277198626971529],[100.48156270939354,6.281984446617138],[100.48066036675297,6.286823795350354],[100.48001406385109,6.29170340751],[100.47962557215922,6.296609907437597],[100.47949595650611,6.301529846150308],[100.47962557215922,6.306449738210832],[100.48001406385109,6.311356098692988],[100.48066036675297,6.316235480141738],[100.48156270939354,6.321074509426325],[100.48271861851435,6.325859924385549],[100.48412492584883,6.33057861016473],[100.48577777680636,6.335217635145161],[100.48767264103732,6.339764286367419],[100.48980432485057,6.344206104351954],[100.49216698544896,6.348530917221642],[100.49475414694402,6.352726874033031],[100.49755871810589,6.356782477225447],[100.5005730118,6.360686614099133],[100.50378876605683,6.364428587236754],[100.5071971667175,6.367998143785201],[100.5107888715927,6.371385503517827],[100.51455403606903,6.374581385600789],[100.51848234009239,6.377577033990381],[100.52256301645447,6.380364241392408],[100.52678488030504,6.382935371718232],[100.53113635980874,6.385283380976442],[100.5356055278627,6.38740183654336],[100.54018013478793,6.389284934759807],[100.54484764190485,6.390927516806624],[100.54959525590087,6.392325082815364],[100.55440996389602,6.393473804176129],[100.55927856911038,6.394370534009049],[100.56418772703542,6.395012815770833],[100.56912398201057,6.395398889973186],[100.574073804104,6.395527698994682],[100.57902362619745,6.395398889973186],[100.58395988117258,6.395012815770833],[100.58886903909763,6.394370534009049],[100.59373764431199,6.393473804176129],[100.59855235230712,6.392325082815364],[100.60329996630317,6.390927516806624],[100.60796747342008,6.389284934759807],[100.6125420803453,6.38740183654336],[100.61701124839927,6.385283380976442],[100.62136272790296,6.382935371718232],[100.62558459175352,6.380364241392408],[100.6296652681156,6.377577033990381],[100.63359357213898,6.374581385600789],[100.6373587366153,6.371385503517827],[100.6409504414905,6.367998143785201],[100.64435884215116,6.364428587236754],[100.647574596408,6.360686614099133],[100.6505888901021,6.356782477225447],[100.65339346126399,6.352726874033031],[100.65598062275903,6.348530917221642],[100.65834328335744,6.344206104351954],[100.66047496717067,6.339764286367419],[100.66236983140163,6.335217635145161],[100.66402268235916,6.33057861016473],[100.66542898969365,6.325859924385549],[100.66658489881446,6.321074509426325],[100.66748724145502,6.316235480141738],[100.66813354435693,6.311356098692988],[100.6685220360488,6.306449738210832],[100.66865165170191,6.301529846150308]],[[100.82737272536541,5.925399529663879],[100.82723712321408,5.920248736013814],[100.82683068843619,5.915112012511143],[100.82615453504116,5.910003439187988],[100.8252105163185,5.90493701930292],[100.82400121975787,5.899926640947468],[100.82252995995711,5.894986038964108],[100.8208007695371,5.890128757280502],[100.81881838808852,5.885368111763312],[100.81658824918117,5.880717153693881],[100.81411646547073,5.876188633965926],[100.81140981194461,5.871794968103848],[100.80847570735196,5.867548202197965],[100.8053221938695,5.863459979850228],[100.80195791505851,5.85954151022155],[100.79839209217337,5.855803537268837],[100.79463449888671,5.852256310256144],[100.79069543450058,5.848909555621661],[100.78658569571665,5.845772450277607],[100.78231654704325,5.842853596417068],[100.77789968992018,5.840160997897024],[100.77334723064577,5.837702038262636],[100.76867164719447,5.835483460473755],[100.76388575501551,5.833511348389228],[100.75900267190673,5.831791110060374],[100.75403578205946,5.830327462879533],[100.74899869937356,5.829124420624976],[100.74390523014252,5.828185282437587],[100.73876933521149,5.827512623760133],[100.73360509171147,5.827108289263785],[100.72842665447494,5.826973387781734],[100.72324821723839,5.827108289263785],[100.71808397373839,5.827512623760133],[100.71294807880734,5.828185282437587],[100.70785460957632,5.829124420624976],[100.70281752689041,5.830327462879533],[100.69785063704315,5.831791110060374],[100.69296755393435,5.833511348389228],[100.6881816617554,5.835483460473755],[100.68350607830412,5.837702038262636],[100.6789536190297,5.840160997897024],[100.67453676190662,5.842853596417068],[100.67026761323324,5.845772450277607],[100.6661578744493,5.848909555621661],[100.66221881006317,5.852256310256144],[100.65846121677652,5.855803537268837],[100.65489539389135,5.85954151022155],[100.65153111508036,5.863459979850228],[100.64837760159791,5.867548202197965],[100.64544349700526,5.871794968103848],[100.64273684347914,5.876188633965926],[100.64026505976871,5.880717153693881],[100.63803492086136,5.885368111763312],[100.63605253941277,5.890128757280502],[100.63432334899275,5.894986038964108],[100.632852089192,5.899926640947468],[100.63164279263138,5.90493701930292],[100.6306987739087,5.910003439187988],[100.63002262051369,5.915112012511143],[100.6296161857358,5.920248736013814],[100.62948058358447,5.925399529663879],[100.6296161857358,5.930550275255595],[100.63002262051369,5.935686855109775],[100.6306987739087,5.940795190768156],[100.63164279263138,5.94586128157604],[100.632852089192,5.950871243047386],[100.63432334899275,5.955811344907186],[100.63605253941277,5.960668048707275],[100.63803492086136,5.965428044912395],[100.64026505976871,5.970078289355212],[100.64273684347914,5.974606038960718],[100.64544349700526,5.978998886642101],[100.64837760159791,5.983244795273245],[100.65153111508036,5.9873321306447],[100.65489539389135,5.991249693313427],[100.65846121677652,5.994986749259402],[100.66221881006317,5.998533059265448],[100.6661578744493,6.001878906940337],[100.67026761323324,6.005015125308655],[100.67453676190662,6.007933121895206],[100.6789536190297,6.010624902235485],[100.68350607830412,6.013083091748427],[100.6881816617554,6.015300955911814],[100.69296755393435,6.017272418685391],[100.69785063704315,6.018992079131823],[100.70281752689041,6.020455226190146],[100.70785460957632,6.021657851561502],[100.71294807880734,6.02259666067247],[100.71808397373839,6.023269081685696],[100.72324821723839,6.023673272533908],[100.72842665447494,6.023808125957727],[100.73360509171147,6.023673272533908],[100.73876933521149,6.023269081685696],[100.74390523014252,6.02259666067247],[100.74899869937356,6.021657851561502],[100.75403578205946,6.020455226190146],[100.75900267190673,6.018992079131823],[100.76388575501551,6.017272418685391],[100.76867164719447,6.015300955911814],[100.77334723064577,6.013083091748427],[100.77789968992018,6.010624902235485],[100.78231654704325,6.007933121895206],[100.78658569571665,6.005015125308655],[100.79069543450058,6.001878906940337],[100.79463449888671,5.998533059265448],[100.79839209217337,5.994986749259402],[100.80195791505851,5.991249693313427],[100.8053221938695,5.9873321306447],[100.80847570735196,5.983244795273245],[100.81140981194461,5.978998886642101],[100.81411646547073,5.974606038960718],[100.81658824918117,5.970078289355212],[100.81881838808852,5.965428044912395],[100.8208007695371,5.960668048707275],[100.82252995995711,5.955811344907186],[100.82400121975787,5.950871243047386],[100.8252105163185,5.94586128157604],[100.82615453504116,5.940795190768156],[100.82683068843619,5.935686855109775],[100.82723712321408,5.930550275255595],[100.82737272536541,5.925399529663879]],[[100.89672069562236,5.744312014623874],[100.89660422497596,5.739886497877752],[100.8962551322747,5.73547307694712],[100.89567437435743,5.731083849159534],[100.8948635430412,5.726730845805844],[100.89382486075834,5.722425999155092],[100.89256117446473,5.718181109737771],[100.89107594783671,5.714007813987534],[100.88937325177719,5.709917552329965],[100.88745775325773,5.705921537806293],[100.88533470252665,5.702030725317989],[100.88300991871843,5.698255781577088],[100.88048977390386,5.694607055844574],[100.87778117562472,5.691094551537509],[100.87489154796064,5.687727898782893],[100.87182881118018,5.684516327993833],[100.86860136003195,5.681468644540786],[100.86521804073521,5.678593204587487],[100.86168812673303,5.675897892158285],[100.85802129327426,5.67339009749994],[100.85422759089458,5.671076696797442],[100.85031741786851,5.66896403329994],[100.8463014917085,5.667057899908618],[100.84219081978904,5.665363523274565],[100.83799666917608,5.663885549450602],[100.83373053574498,5.662628031136411],[100.8294041126709,5.661594416552256],[100.82502925837879,5.660787539972182],[100.82061796404015,5.660209613942321],[100.81618232070613,5.65986222320627],[100.81173448616681,5.659746320353958],[100.80728665162749,5.65986222320627],[100.80285100829349,5.660209613942321],[100.79843971395485,5.660787539972182],[100.79406485966273,5.661594416552256],[100.78973843658866,5.662628031136411],[100.78547230315756,5.663885549450602],[100.78127815254462,5.665363523274565],[100.77716748062512,5.667057899908618],[100.77315155446513,5.66896403329994],[100.76924138143906,5.671076696797442],[100.76544767905936,5.67339009749994],[100.76178084560061,5.675897892158285],[100.75825093159841,5.678593204587487],[100.75486761230168,5.681468644540786],[100.75164016115346,5.684516327993833],[100.748577424373,5.687727898782893],[100.7456877967089,5.691094551537509],[100.74297919842978,5.694607055844574],[100.74045905361521,5.698255781577088],[100.73813426980698,5.702030725317989],[100.73601121907589,5.705921537806293],[100.73409572055645,5.709917552329965],[100.73239302449693,5.714007813987534],[100.7309077978689,5.718181109737771],[100.72964411157531,5.722425999155092],[100.72860542929243,5.726730845805844],[100.72779459797621,5.731083849159534],[100.72721384005894,5.73547307694712],[100.72686474735768,5.739886497877752],[100.72674827671128,5.744312014623874],[100.72686474735768,5.748737496984459],[100.72721384005894,5.753150815135198],[100.72779459797621,5.757539872874633],[100.72860542929243,5.761892640774977],[100.72964411157531,5.766197189146885],[100.7309077978689,5.770441720727887],[100.73239302449693,5.774614603004858],[100.73409572055645,5.778704400082316],[100.73601121907589,5.782699904009102],[100.73813426980698,5.786590165477936],[100.74045905361521,5.790364523813881],[100.74297919842978,5.794012636169784],[100.7456877967089,5.797524505848878],[100.748577424373,5.800890509677288],[100.75164016115346,5.804101424351656],[100.75486761230168,5.807148451690102],[100.75825093159841,5.810023242717373],[100.76178084560061,5.812717920518897],[100.76544767905936,5.815225101801038],[100.76924138143906,5.817537917099063],[100.77315155446513,5.819650029577629],[100.77716748062512,5.821555652372639],[100.78127815254462,5.823249564427179],[100.78547230315756,5.824727124778448],[100.78973843658866,5.82598428525688],[100.79406485966273,5.827017601562662],[100.79843971395485,5.827824242689798],[100.80285100829349,5.828401998671786],[100.80728665162749,5.828749286628137],[100.81173448616681,5.828865155094962],[100.81618232070613,5.828749286628137],[100.82061796404015,5.828401998671786],[100.82502925837879,5.827824242689798],[100.8294041126709,5.827017601562662],[100.83373053574498,5.82598428525688],[100.83799666917608,5.824727124778448],[100.84219081978904,5.823249564427179],[100.8463014917085,5.821555652372639],[100.85031741786851,5.819650029577629],[100.85422759089458,5.817537917099063],[100.85802129327426,5.815225101801038],[100.86168812673303,5.812717920518897],[100.86521804073521,5.810023242717373],[100.86860136003195,5.807148451690102],[100.87182881118018,5.804101424351656],[100.87489154796064,5.800890509677288],[100.87778117562472,5.797524505848878],[100.88048977390386,5.794012636169784],[100.88300991871843,5.790364523813881],[100.88533470252665,5.786590165477936],[100.88745775325773,5.782699904009102],[100.88937325177719,5.778704400082316],[100.89107594783671,5.774614603004858],[100.89256117446473,5.770441720727887],[100.89382486075834,5.766197189146885],[100.8948635430412,5.761892640774977],[100.89567437435743,5.757539872874633],[100.8962551322747,5.753150815135198],[100.89660422497596,5.748737496984459],[100.89672069562236,5.744312014623874]],[[100.74389080825333,5.392126184381187],[100.74377758708962,5.387821560362851],[100.74343823392988,5.383528704643279],[100.74287367891749,5.379259384039807],[100.74208546945852,5.375025301105726],[100.7410757659803,5.370838062047141],[100.73984733600989,5.366709144901223],[100.73840354658844,5.362649868063371],[100.73674835504241,5.358671359249551],[100.73488629813674,5.354784524979209],[100.73282247964006,5.351000020662431],[100.73056255633533,5.34732822137371],[100.72811272251528,5.343779193392513],[100.72547969300412,5.34036266658895],[100.72267068475273,5.337088007730515],[100.71969339705748,5.333964194783325],[100.71655599045695,5.330999792278492],[100.7132670643646,5.32820292781149],[100.70983563349824,5.3255812697393],[100.70627110317132,5.323142006136441],[100.70258324351371,5.320891825068249],[100.69878216269244,5.31883689623539],[100.69487827920577,5.316982854040291],[100.69088229332701,5.315334782122312],[100.6868051577757,5.313897199403912],[100.68265804769696,5.312674047686643],[100.67845233003128,5.311668680830966],[100.67419953235843,5.31088385554961],[100.66991131130126,5.310321723840148],[100.66559942057556,5.309983827077403],[100.66127567877413,5.309871091782131],[100.6569519369727,5.309983827077403],[100.65264004624701,5.310321723840148],[100.64835182518983,5.31088385554961],[100.64409902751697,5.311668680830966],[100.63989330985132,5.312674047686643],[100.63574619977257,5.313897199403912],[100.63166906422124,5.315334782122312],[100.62767307834251,5.316982854040291],[100.62376919485584,5.31883689623539],[100.61996811403455,5.320891825068249],[100.61628025437696,5.323142006136441],[100.61271572405003,5.3255812697393],[100.60928429318366,5.32820292781149],[100.60599536709131,5.330999792278492],[100.60285796049078,5.333964194783325],[100.59988067279554,5.337088007730515],[100.59707166454415,5.34036266658895],[100.59443863503299,5.343779193392513],[100.59198880121295,5.34732822137371],[100.58972887790821,5.351000020662431],[100.5876650594115,5.354784524979209],[100.58580300250587,5.358671359249551],[100.58414781095983,5.362649868063371],[100.58270402153838,5.366709144901223],[100.58147559156798,5.370838062047141],[100.58046588808975,5.375025301105726],[100.57967767863077,5.379259384039807],[100.5791131236184,5.383528704643279],[100.57877377045864,5.387821560362851],[100.57866054929495,5.392126184381187],[100.57877377045864,5.396430777873729],[100.5791131236184,5.400723542350351],[100.57967767863077,5.404992711993438],[100.58046588808975,5.409226585903641],[100.58147559156798,5.413413560164943],[100.58270402153838,5.417542159641372],[100.58414781095983,5.421601069417998],[100.58580300250587,5.425579165800451],[100.5876650594115,5.429465546787986],[100.58972887790821,5.433249561936778],[100.59198880121295,5.436920841531769],[100.59443863503299,5.440469324987387],[100.59707166454415,5.443885288399453],[100.59988067279554,5.44715937117309],[100.60285796049078,5.450282601653926],[100.60599536709131,5.453246421692458],[100.60928429318366,5.456042710074827],[100.61271572405003,5.458663804755775],[100.61628025437696,5.461102523833384],[100.61996811403455,5.463352185208242],[100.62376919485584,5.465406624873585],[100.62767307834251,5.467260213786347],[100.63166906422124,5.468907873273468],[100.63574619977257,5.470345088931139],[100.63989330985132,5.471567922979364],[100.64409902751697,5.472573025038178],[100.64835182518983,5.473357641295986],[100.65264004624701,5.473919622045293],[100.6569519369727,5.474257427565252],[100.66127567877413,5.474370132334794],[100.66559942057556,5.474257427565252],[100.66991131130126,5.473919622045293],[100.67419953235843,5.473357641295986],[100.67845233003128,5.472573025038178],[100.68265804769696,5.471567922979364],[100.6868051577757,5.470345088931139],[100.69088229332701,5.468907873273468],[100.69487827920577,5.467260213786347],[100.69878216269244,5.465406624873585],[100.70258324351371,5.463352185208242],[100.70627110317132,5.461102523833384],[100.70983563349824,5.458663804755775],[100.7132670643646,5.456042710074827],[100.71655599045695,5.453246421692458],[100.71969339705748,5.450282601653926],[100.72267068475273,5.44715937117309],[100.72547969300412,5.443885288399453],[100.72811272251528,5.440469324987387],[100.73056255633533,5.436920841531769],[100.73282247964006,5.433249561936778],[100.73488629813674,5.429465546787986],[100.73674835504241,5.425579165800451],[100.73840354658844,5.421601069417998],[100.73984733600989,5.417542159641372],[100.7410757659803,5.413413560164943],[100.74208546945852,5.409226585903641],[100.74287367891749,5.404992711993438],[100.74343823392988,5.400723542350351],[100.74377758708962,5.396430777873729],[100.74389080825333,5.392126184381187]],[[102.09919944480517,5.172916084884069],[102.0990604064081,5.167628026198541],[102.09864367231154,5.162354417756626],[102.09795038475464,5.157109714738335],[102.0969824439904,5.151908293448812],[102.09574250307718,5.146764411903041],[102.09423396060687,5.14169217073104],[102.09246095138947,5.136705474510971],[102.09042833512004,5.131817993636205],[102.08814168305848,5.127043126821284],[102.08560726275914,5.12239396434962],[102.08283202089191,5.117883252164248],[102.07982356420183,5.113523356900078],[102.0765901386596,5.109326231954018],[102.07314060685982,5.105303384686374],[102.06948442372943,5.10146584484371],[102.06563161061224,5.097824134290064],[102.0615927278012,5.094388238130036],[102.05737884559335,5.091167577303292],[102.05300151394691,5.088170982725703],[102.04847273082369,5.0854066710488],[102.04380490930339,5.082882222104137],[102.03901084356039,5.080604558094651],[102.03410367379563,5.078579924590688],[102.02909685022034,5.076813873382855],[102.02400409618994,5.075311247239068],[102.01883937058923,5.074076166607938],[102.01361682957209,5.073112018304988],[102.00835078776039,5.072421446213141],[102.00305567900875,5.072006344022963],[101.99774601684219,5.071867850032773],[101.99243635467563,5.072006344022963],[101.987141245924,5.072421446213141],[101.9818752041123,5.073112018304988],[101.97665266309515,5.074076166607938],[101.97148793749444,5.075311247239068],[101.96639518346404,5.076813873382855],[101.96138835988876,5.078579924590688],[101.956481190124,5.080604558094651],[101.951687124381,5.082882222104137],[101.9470193028607,5.0854066710488],[101.94249051973748,5.088170982725703],[101.93811318809104,5.091167577303292],[101.93389930588319,5.094388238130036],[101.92986042307214,5.097824134290064],[101.92600760995495,5.10146584484371],[101.92235142682456,5.105303384686374],[101.91890189502479,5.109326231954018],[101.91566846948255,5.113523356900078],[101.91266001279246,5.117883252164248],[101.90988477092525,5.12239396434962],[101.9073503506259,5.127043126821284],[101.90506369856435,5.131817993636205],[101.90303108229492,5.136705474510971],[101.90125807307751,5.14169217073104],[101.8997495306072,5.146764411903041],[101.89850958969399,5.151908293448812],[101.89754164892975,5.157109714738335],[101.89684836137285,5.162354417756626],[101.89643162727627,5.167628026198541],[101.89629258887922,5.172916084884069],[101.89643162727627,5.178204099385966],[101.89684836137285,5.183477575761098],[101.89754164892975,5.188722060276402],[101.89850958969399,5.193923179020699],[101.8997495306072,5.199066677293779],[101.90125807307751,5.204138458664834],[101.90303108229492,5.209124623593421],[101.90506369856435,5.214011507507105],[101.9073503506259,5.218785718231826],[101.90988477092525,5.223434172672399],[101.91266001279246,5.227944132643181],[101.91566846948255,5.232303239750685],[101.91890189502479,5.236499549233224],[101.92235142682456,5.240521562664871],[101.92600760995495,5.244358259434803],[101.92986042307214,5.247999126915817],[101.93389930588319,5.251434189240192],[101.93811318809104,5.254654034603961],[101.94249051973748,5.257649841025621],[101.9470193028607,5.2604134004888],[101.951687124381,5.262937141403391],[101.956481190124,5.265214149323719],[101.96138835988876,5.267238185867694],[101.96639518346404,5.269003705785114],[101.97148793749444,5.270505872128948],[101.97665266309515,5.271740569488277],[101.9818752041123,5.272704415246726],[101.987141245924,5.273394768836133],[101.99243635467563,5.273809738959859],[101.99774601684219,5.273948188766547],[102.00305567900875,5.273809738959859],[102.00835078776039,5.273394768836133],[102.01361682957209,5.272704415246726],[102.01883937058923,5.271740569488277],[102.02400409618994,5.270505872128948],[102.02909685022034,5.269003705785114],[102.03410367379563,5.267238185867694],[102.03901084356039,5.265214149323719],[102.04380490930339,5.262937141403391],[102.04847273082369,5.2604134004888],[102.05300151394691,5.257649841025621],[102.05737884559335,5.254654034603961],[102.0615927278012,5.251434189240192],[102.06563161061224,5.247999126915817],[102.06948442372943,5.244358259434803],[102.07314060685982,5.240521562664871],[102.0765901386596,5.236499549233224],[102.07982356420183,5.232303239750685],[102.08283202089191,5.227944132643181],[102.08560726275914,5.223434172672399],[102.08814168305848,5.218785718231826],[102.09042833512004,5.214011507507105],[102.09246095138947,5.209124623593421],[102.09423396060687,5.204138458664834],[102.09574250307718,5.199066677293779],[102.0969824439904,5.193923179020699],[102.09795038475464,5.188722060276402],[102.09864367231154,5.183477575761098],[102.0990604064081,5.178204099385966],[102.09919944480517,5.172916084884069]],[[102.53454480143348,5.870772023626333],[102.53439360034467,5.865028142032784],[102.5339404115099,5.859299945111512],[102.5331864770883,5.853603134234499],[102.53213386356164,5.847953325219785],[102.53078545607052,5.842366005515105],[102.52914495050608,5.836856491728452],[102.52721684338007,5.831439887622136],[102.5250064195001,5.826131042685729],[102.52251973748439,5.820944511401959],[102.51976361315548,5.815894513317257],[102.51674560085857,5.810994894027147],[102.51347397275562,5.80625908718357],[102.50995769615184,5.801700077628943],[102.50620640891695,5.797330365758405],[102.50223039306857,5.793161933208434],[102.49804054658975,5.78920620996653],[102.49364835355843,5.78547404299241],[102.48906585267045,5.781975666437481],[102.48430560424218,5.778720673544703],[102.47938065578371,5.775717990306215],[102.47430450623644,5.772975850951736],[102.46909106897341,5.770501775335068],[102.46375463366381,5.768302548281459],[102.45830982710586,5.76638420095261],[102.45277157313589,5.764751994281041],[102.44715505172309,5.763410404519364],[102.4414756573622,5.762363110944506],[102.43574895687844,5.761612985750901],[102.42999064675976,5.761162086160462],[102.42421651013396,5.761011648771262],[102.41844237350814,5.761162086160462],[102.41268406338946,5.761612985750901],[102.4069573629057,5.762363110944506],[102.40127796854483,5.763410404519364],[102.395661447132,5.764751994281041],[102.39012319316205,5.76638420095261],[102.3846783866041,5.768302548281459],[102.37934195129449,5.770501775335068],[102.37412851403147,5.772975850951736],[102.3690523644842,5.775717990306215],[102.36412741602572,5.778720673544703],[102.35936716759747,5.781975666437481],[102.35478466670948,5.78547404299241],[102.35039247367817,5.78920620996653],[102.34620262719933,5.793161933208434],[102.34222661135095,5.797330365758405],[102.33847532411608,5.801700077628943],[102.3349590475123,5.80625908718357],[102.33168741940933,5.810994894027147],[102.32866940711244,5.815894513317257],[102.32591328278353,5.820944511401959],[102.3234266007678,5.826131042685729],[102.32121617688784,5.831439887622136],[102.31928806976182,5.836856491728452],[102.31764756419739,5.842366005515105],[102.31629915670626,5.847953325219785],[102.31524654317963,5.853603134234499],[102.314492608758,5.859299945111512],[102.31403941992325,5.865028142032784],[102.31388821883442,5.870772023626333],[102.31403941992325,5.876515846011936],[102.314492608758,5.882243865958051],[102.31524654317963,5.887940384031673],[102.31629915670626,5.893589787622824],[102.31764756419739,5.899176593725657],[102.31928806976182,5.904685491359341],[102.32121617688784,5.910101383512321],[102.3234266007678,5.915409428495321],[102.32591328278353,5.920595080590141],[102.32866940711244,5.925644129882914],[102.33168741940933,5.930542741173327],[102.3349590475123,5.935277491853305],[102.33847532411608,5.939835408652025],[102.34222661135095,5.944204003146797],[102.34620262719933,5.948371305943364],[102.35039247367817,5.952325899432042],[102.35478466670948,5.95605694903093],[102.35936716759747,5.959554232830804],[102.36412741602572,5.96280816956114],[102.3690523644842,5.965809844801318],[102.37412851403147,5.968551035365459],[102.37934195129449,5.971024231794844],[102.3846783866041,5.973222658896788],[102.39012319316205,5.975140294273968],[102.395661447132,5.976771884794146],[102.40127796854483,5.978112960955374],[102.4069573629057,5.979159849107815],[102.41268406338946,5.979909681498908],[102.41844237350814,5.980360404114721],[102.42421651013396,5.980510782296141],[102.42999064675976,5.980360404114721],[102.43574895687844,5.979909681498908],[102.4414756573622,5.979159849107815],[102.44715505172309,5.978112960955374],[102.45277157313589,5.976771884794146],[102.45830982710586,5.975140294273968],[102.46375463366381,5.973222658896788],[102.46909106897341,5.971024231794844],[102.47430450623644,5.968551035365459],[102.47938065578371,5.965809844801318],[102.48430560424218,5.96280816956114],[102.48906585267045,5.959554232830804],[102.49364835355843,5.95605694903093],[102.49804054658975,5.952325899432042],[102.50223039306857,5.948371305943364],[102.50620640891695,5.944204003146797],[102.50995769615184,5.939835408652025],[102.51347397275562,5.935277491853305],[102.51674560085857,5.930542741173327],[102.51976361315548,5.925644129882914],[102.52251973748439,5.920595080590141],[102.5250064195001,5.915409428495321],[102.52721684338007,5.910101383512321],[102.52914495050608,5.904685491359341],[102.53078545607052,5.899176593725657],[102.53213386356164,5.893589787622824],[102.5331864770883,5.887940384031673],[102.5339404115099,5.882243865958051],[102.53439360034467,5.876515846011936],[102.53454480143348,5.870772023626333]],[[102.15072362651848,5.981811702995312],[102.15059246881758,5.976830242079886],[102.15019935520898,5.971862389844538],[102.14954536318982,5.966921763420256],[102.1486322853067,5.962021905676863],[102.14746262424268,5.957176248091995],[102.14603958595738,5.952398073921551],[102.14436707089988,5.94770048177288],[102.14244966331769,5.943096349680476],[102.14029261869169,5.938598299783185],[102.13790184933127,5.934218663699856],[102.13528390816907,5.929969448698665],[102.13244597079986,5.925862304753268],[102.12939581581267,5.921908492576308],[102.12614180347038,5.91811885271834],[102.12269285279456,5.914503775817356],[102.1190584171193,5.911073174080633],[102.11524845818018,5.907836454077761],[102.1112734188098,5.904802490919526],[102.10714419431478,5.901979603894159],[102.10287210261247,5.899375533627878],[102.09846885320924,5.896997420832788],[102.09394651510563,5.894851786700899],[102.08931748371607,5.892944514998101],[102.08459444689385,5.89128083590781],[102.07979035015457,5.889865311668562],[102.07491836119347,5.888701824045555],[102.06999183379365,5.88779356367036],[102.06502427122427,5.887143021278537],[102.06002928922906,5.886751980869215],[102.05502057870645,5.886621514805472],[102.05001186818383,5.886751980869215],[102.04501688618862,5.887143021278537],[102.04004932361924,5.88779356367036],[102.03512279621943,5.888701824045555],[102.03025080725833,5.889865311668562],[102.02544671051905,5.89128083590781],[102.0207236736968,5.892944514998101],[102.01609464230725,5.894851786700899],[102.01157230420365,5.896997420832788],[102.00716905480043,5.899375533627878],[102.00289696309811,5.901979603894159],[101.99876773860309,5.904802490919526],[101.99479269923272,5.907836454077761],[101.99098274029359,5.911073174080633],[101.98734830461832,5.914503775817356],[101.9838993539425,5.91811885271834],[101.98064534160021,5.921908492576308],[101.97759518661303,5.925862304753268],[101.97475724924381,5.929969448698665],[101.97213930808162,5.934218663699856],[101.96974853872119,5.938598299783185],[101.9675914940952,5.943096349680476],[101.965674086513,5.94770048177288],[101.9640015714555,5.952398073921551],[101.9625785331702,5.957176248091995],[101.96140887210619,5.962021905676863],[101.96049579422306,5.966921763420256],[101.95984180220391,5.971862389844538],[101.95944868859532,5.976830242079886],[101.9593175308944,5.981811702995312],[101.95944868859532,5.986793118529235],[101.95984180220391,5.991760835117272],[101.96049579422306,5.996701237114631],[101.96140887210619,6.001600784110351],[101.9625785331702,6.006446048031452],[101.9640015714555,6.011223749935059],[101.965674086513,6.015920796388151],[101.9675914940952,6.020524315334979],[101.96974853872119,6.025021691354462],[101.97213930808162,6.029400600210922],[101.97475724924381,6.033649042603818],[101.97759518661303,6.037755377024399],[101.98064534160021,6.041708351629357],[101.9838993539425,6.045497135044735],[101.98734830461832,6.04911134601593],[101.99098274029359,6.052541081822952],[101.99479269923272,6.055776945383552],[101.99876773860309,6.058810070970268],[102.00289696309811,6.061632148471481],[102.00716905480043,6.064235446130294],[102.01157230420365,6.066612831699405],[102.01609464230725,6.068757791954452],[102.0207236736968,6.070664450512666],[102.02544671051905,6.072327583908346],[102.03025080725833,6.073742635881686],[102.03512279621943,6.074905729841714],[102.04004932361924,6.075813679469912],[102.04501688618862,6.076463997435294],[102.05001186818383,6.076854902197623],[102.05502057870645,6.076985322879965],[102.06002928922906,6.076854902197623],[102.06502427122427,6.076463997435294],[102.06999183379365,6.075813679469912],[102.07491836119347,6.074905729841714],[102.07979035015457,6.073742635881686],[102.08459444689385,6.072327583908346],[102.08931748371607,6.070664450512666],[102.09394651510563,6.068757791954452],[102.09846885320924,6.066612831699405],[102.10287210261247,6.064235446130294],[102.10714419431478,6.061632148471481],[102.1112734188098,6.058810070970268],[102.11524845818018,6.055776945383552],[102.1190584171193,6.052541081822952],[102.12269285279456,6.04911134601593],[102.12614180347038,6.045497135044735],[102.12939581581267,6.041708351629357],[102.13244597079986,6.037755377024399],[102.13528390816907,6.033649042603818],[102.13790184933127,6.029400600210922],[102.14029261869169,6.025021691354462],[102.14244966331769,6.020524315334979],[102.14436707089988,6.015920796388151],[102.14603958595738,6.011223749935059],[102.14746262424268,6.006446048031452],[102.1486322853067,6.001600784110351],[102.14954536318982,5.996701237114631],[102.15019935520898,5.991760835117272],[102.15059246881758,5.986793118529235],[102.15072362651848,5.981811702995312]],[[102.29643567922606,6.207743893197413],[102.29629067495233,6.202238844492205],[102.29585605957783,6.19674882749701],[102.295133024353,6.191288890721947],[102.29412355106724,6.185874000689168],[102.29283040661659,6.180519000896829],[102.29125713542012,6.175238571115242],[102.28940804970485,6.17004718712724],[102.28728821768615,6.164959081023385],[102.28490344967626,6.15998820216093],[102.28226028215853,6.155148178894216],[102.27936595987141,6.150452281181496],[102.27622841595111,6.145913384171398],[102.2728562501874,6.141543932868984],[102.26925870545226,6.137355907978961],[102.26544564236576,6.133360793020158],[102.26142751226874,6.129569542801694],[102.25721532857655,6.125992553348023],[102.25282063659185,6.122639633355765],[102.24825548185993,6.119519977260826],[102.2435323771526,6.116642139990517],[102.23866426817155,6.114014013470102],[102.23366449806511,6.111642804948665],[102.22854677085562,6.109535017204379],[102.22332511387764,6.107696430683529],[102.21801383932998,6.106132087622882],[102.21262750504701,6.104846278199228],[102.20718087459659,6.103842528744192],[102.20168887681417,6.1031235920573],[102.19616656488398,6.102691439843493],[102.19062907507913,6.102547257296655],[102.18509158527428,6.102691439843493],[102.17956927334409,6.1031235920573],[102.17407727556167,6.103842528744192],[102.16863064511125,6.104846278199228],[102.16324431082828,6.106132087622882],[102.15793303628062,6.107696430683529],[102.15271137930263,6.109535017204379],[102.14759365209315,6.111642804948665],[102.14259388198671,6.114014013470102],[102.13772577300566,6.116642139990517],[102.13300266829833,6.119519977260826],[102.12843751356641,6.122639633355765],[102.12404282158171,6.125992553348023],[102.1198306378895,6.129569542801694],[102.1158125077925,6.133360793020158],[102.11199944470599,6.137355907978961],[102.10840189997086,6.141543932868984],[102.10502973420715,6.145913384171398],[102.10189219028685,6.150452281181496],[102.09899786799971,6.155148178894216],[102.09635470048198,6.15998820216093],[102.0939699324721,6.164959081023385],[102.09185010045341,6.17004718712724],[102.09000101473814,6.175238571115242],[102.08842774354166,6.180519000896829],[102.087134599091,6.185874000689168],[102.08612512580524,6.191288890721947],[102.08540209058043,6.19674882749701],[102.08496747520591,6.202238844492205],[102.08482247093218,6.207743893197413],[102.08496747520591,6.213248884370508],[102.08540209058043,6.218738729399688],[102.08612512580524,6.224198381658958],[102.087134599091,6.229612877743362],[102.08842774354166,6.23496737847096],[102.09000101473814,6.240247209539322],[102.09185010045341,6.245437901725257],[102.0939699324721,6.250525230517757],[102.09635470048198,6.255495255075985],[102.09899786799971,6.260334356405568],[102.10189219028685,6.265029274649184],[102.10502973420715,6.269567145389512],[102.10840189997086,6.273935534865552],[102.11199944470599,6.278122474006151],[102.1158125077925,6.282116491188236],[102.1198306378895,6.28590664363016],[102.12404282158171,6.28948254733489],[102.12843751356641,6.292834405501525],[102.13300266829833,6.295953035327736],[102.13772577300566,6.298829893130189],[102.14259388198671,6.301457097714872],[102.14759365209315,6.303827451933597],[102.15271137930263,6.305934462368054],[102.15793303628062,6.307772357088351],[102.16324431082828,6.309336101437173],[102.16863064511125,6.310621411797332],[102.17407727556167,6.311624767305024],[102.17956927334409,6.312343419476885],[102.18509158527428,6.312775399725148],[102.19062907507913,6.31291952474004],[102.19616656488398,6.312775399725148],[102.20168887681417,6.312343419476885],[102.20718087459659,6.311624767305024],[102.21262750504701,6.310621411797332],[102.21801383932998,6.309336101437173],[102.22332511387764,6.307772357088351],[102.22854677085562,6.305934462368054],[102.23366449806511,6.303827451933597],[102.23866426817155,6.301457097714872],[102.2435323771526,6.298829893130189],[102.24825548185993,6.295953035327736],[102.25282063659185,6.292834405501525],[102.25721532857655,6.28948254733489],[102.26142751226874,6.28590664363016],[102.26544564236576,6.282116491188236],[102.26925870545226,6.278122474006151],[102.2728562501874,6.273935534865552],[102.27622841595111,6.269567145389512],[102.27936595987141,6.265029274649184],[102.28226028215853,6.260334356405568],[102.28490344967626,6.255495255075985],[102.28728821768615,6.250525230517757],[102.28940804970485,6.245437901725257],[102.29125713542012,6.240247209539322],[102.29283040661659,6.23496737847096],[102.29412355106724,6.229612877743362],[102.295133024353,6.224198381658958],[102.29585605957783,6.218738729399688],[102.29629067495233,6.213248884370508],[102.29643567922606,6.207743893197413]],[[102.3623650468466,6.006720098650313],[102.3622189568034,6.00117174725086],[102.36178108709645,5.9956385472462],[102.36105263789617,5.990135665497005],[102.36003560583119,5.984678186215518],[102.3587327785157,5.979281069607016],[102.35714772690885,5.973959110846456],[102.35528479552686,5.968726899502884],[102.35314909053521,5.963598779523128],[102.35074646575279,5.958588809884778],[102.34808350660717,5.953710726026692],[102.34516751208422,5.948977902162999],[102.34200647472227,5.944403314584394],[102.33860905870499,5.939999506047937],[102.33498457611354,5.935778551353006],[102.3311429614028,5.931752024198684],[102.3270947441716,5.927930965413744],[102.32285102030204,5.924325852646702],[102.31842342154623,5.920946571599798],[102.31382408364459,5.917802388885949],[102.30906561306269,5.914901926583926],[102.30416105243755,5.912253138561582],[102.29912384482898,5.909863288632863],[102.29396779687289,5.907738930608661],[102.28870704093835,5.905885890296709],[102.28335599639168,5.904309249500271],[102.27792933007404,5.903013332059788],[102.27244191610063,5.902001691975917],[102.2669087950917,5.901277103647077],[102.26134513294734,5.900841554248287],[102.25576617927877,5.900696238272291],[102.25018722561019,5.900841554248287],[102.24462356346584,5.901277103647077],[102.2390904424569,5.902001691975917],[102.23360302848349,5.903013332059788],[102.22817636216585,5.904309249500271],[102.22282531761918,5.905885890296709],[102.21756456168464,5.907738930608661],[102.21240851372855,5.909863288632863],[102.20737130611998,5.912253138561582],[102.20246674549485,5.914901926583926],[102.19770827491294,5.917802388885949],[102.19310893701132,5.920946571599798],[102.1886813382555,5.924325852646702],[102.18443761438593,5.927930965413744],[102.18038939715474,5.931752024198684],[102.17654778244399,5.935778551353006],[102.17292329985254,5.939999506047937],[102.16952588383528,5.944403314584394],[102.16636484647333,5.948977902162999],[102.16344885195038,5.953710726026692],[102.16078589280474,5.958588809884778],[102.15838326802233,5.963598779523128],[102.15624756303069,5.968726899502884],[102.1543846316487,5.973959110846456],[102.15279958004183,5.979281069607016],[102.15149675272636,5.984678186215518],[102.15047972066137,5.990135665497005],[102.1497512714611,5.9956385472462],[102.14931340175413,6.00117174725086],[102.14916731171093,6.006720098650313],[102.14931340175413,6.012268393515636],[102.1497512714611,6.017801424537286],[102.15047972066137,6.023304026705991],[102.15149675272636,6.028761118872702],[102.15279958004183,6.034157745073438],[102.1543846316487,6.039479115506303],[102.15624756303069,6.044710647048092],[102.15838326802233,6.049838003200059],[102.16078589280474,6.054847133353277],[102.16344885195038,6.059724311266531],[102.16636484647333,6.064456172651401],[102.16952588383528,6.069029751762336],[102.17292329985254,6.073432516891291],[102.17654778244399,6.077652404670681],[102.18038939715474,6.081677853090787],[102.18443761438593,6.085497833141664],[102.1886813382555,6.089101878993636],[102.19310893701132,6.092480116633816],[102.19770827491294,6.095623290881023],[102.20246674549485,6.098522790705471],[102.20737130611998,6.10117067278437],[102.21240851372855,6.103559683229483],[102.21756456168464,6.105683277427437],[102.22282531761918,6.107535637939106],[102.22817636216585,6.109111690409224],[102.23360302848349,6.110407117443198],[102.2390904424569,6.111418370413324],[102.24462356346584,6.112142679162439],[102.25018722561019,6.11257805957869],[102.25576617927877,6.112723319020695],[102.26134513294734,6.11257805957869],[102.2669087950917,6.112142679162439],[102.27244191610063,6.111418370413324],[102.27792933007404,6.110407117443198],[102.28335599639168,6.109111690409224],[102.28870704093835,6.107535637939106],[102.29396779687289,6.105683277427437],[102.29912384482898,6.103559683229483],[102.30416105243755,6.10117067278437],[102.30906561306269,6.098522790705471],[102.31382408364459,6.095623290881023],[102.31842342154623,6.092480116633816],[102.32285102030204,6.089101878993636],[102.3270947441716,6.085497833141664],[102.3311429614028,6.081677853090787],[102.33498457611354,6.077652404670681],[102.33860905870499,6.073432516891291],[102.34200647472227,6.069029751762336],[102.34516751208422,6.064456172651401],[102.34808350660717,6.059724311266531],[102.35074646575279,6.054847133353277],[102.35314909053521,6.049838003200059],[102.35528479552686,6.044710647048092],[102.35714772690885,6.039479115506303],[102.3587327785157,6.034157745073438],[102.36003560583119,6.028761118872702],[102.36105263789617,6.023304026705991],[102.36178108709645,6.017801424537286],[102.3622189568034,6.012268393515636],[102.3623650468466,6.006720098650313]],[[102.80955669795424,5.498347117833665],[102.8094299454259,5.493528885814435],[102.8090500352608,5.48872382142536],[102.80841800876628,5.483945095525546],[102.80753559828301,5.479205807093945],[102.8064052224368,5.474518947316487],[102.8050299795093,5.469897363965378],[102.80341363894574,5.465353726168495],[102.80156063102329,5.460900489665273],[102.79947603470784,5.456549862644884],[102.797165563733,5.452313772260422],[102.7946355509391,5.448203831911161],[102.7918929309154,5.444231309382787],[102.78894522099267,5.440407095933403],[102.78580050063897,5.436741676410238],[102.78246738931419,5.433245100479282],[102.7789550228448,5.42992695504722],[102.77527302838314,5.426796337951385],[102.77143149802008,5.423861832990356],[102.76744096112334,5.421131486364023],[102.76331235547718,5.418612784587742],[102.7590569973027,5.416312633941941],[102.75468655024086,5.414237341513374],[102.75021299338327,5.412392597880541],[102.74564858843834,5.410783461490952],[102.74100584612273,5.409414344773303],[102.73629749187045,5.408289002022957],[102.73153643095321,5.407410519094024],[102.72673571310803,5.406781304926572],[102.72190849676886,5.406403084932281],[102.71706801300013,5.406276896256864],[102.7122275292314,5.406403084932281],[102.70740031289223,5.406781304926572],[102.70259959504708,5.407410519094024],[102.69783853412982,5.408289002022957],[102.69313017987753,5.409414344773303],[102.68848743756193,5.410783461490952],[102.68392303261699,5.412392597880541],[102.67944947575941,5.414237341513374],[102.67507902869757,5.416312633941941],[102.67082367052308,5.418612784587742],[102.66669506487692,5.421131486364023],[102.6627045279802,5.423861832990356],[102.65886299761713,5.426796337951385],[102.65518100315546,5.42992695504722],[102.65166863668607,5.433245100479282],[102.64833552536129,5.436741676410238],[102.6451908050076,5.440407095933403],[102.64224309508488,5.444231309382787],[102.63950047506115,5.448203831911161],[102.63697046226727,5.452313772260422],[102.63465999129242,5.456549862644884],[102.63257539497697,5.460900489665273],[102.63072238705452,5.465353726168495],[102.62910604649096,5.469897363965378],[102.62773080356347,5.474518947316487],[102.62660042771726,5.479205807093945],[102.625718017234,5.483945095525546],[102.62508599073946,5.48872382142536],[102.62470608057436,5.493528885814435],[102.62457932804604,5.498347117833665],[102.62470608057436,5.503165310850161],[102.62508599073946,5.50797025865842],[102.625718017234,5.512748791676612],[102.62660042771726,5.51748781303901],[102.62773080356347,5.522174334485802],[102.62910604649096,5.526795511951571],[102.63072238705452,5.531338680755451],[102.63257539497697,5.535791390296409],[102.63465999129242,5.540141438158781],[102.63697046226727,5.544376903534836],[102.63950047506115,5.54848617987308],[102.64224309508488,5.552458006662852],[102.6451908050076,5.55628150026872],[102.64833552536129,5.559946183730225],[102.65166863668607,5.563442015445837],[102.65518100315546,5.566759416662618],[102.65886299761713,5.569889297697046],[102.6627045279802,5.572823082814954],[102.66669506487692,5.575552733703232],[102.67082367052308,5.578070771469133],[102.67507902869757,5.580370297107263],[102.67944947575941,5.58244501037859],[102.68392303261699,5.584289227049935],[102.68848743756193,5.585897894447323],[102.69313017987753,5.587266605280369],[102.69783853412982,5.588391609700687],[102.70259959504706,5.589269825560949],[102.70740031289223,5.589898846847187],[102.7122275292314,5.590276950260905],[102.71706801300013,5.590403099933688],[102.72190849676886,5.590276950260905],[102.72673571310803,5.589898846847187],[102.73153643095318,5.589269825560949],[102.73629749187045,5.588391609700687],[102.74100584612273,5.587266605280369],[102.74564858843834,5.585897894447323],[102.75021299338327,5.584289227049935],[102.75468655024086,5.58244501037859],[102.7590569973027,5.580370297107263],[102.76331235547718,5.578070771469133],[102.76744096112334,5.575552733703232],[102.77143149802008,5.572823082814954],[102.77527302838314,5.569889297697046],[102.7789550228448,5.566759416662618],[102.78246738931419,5.563442015445837],[102.78580050063897,5.559946183730225],[102.78894522099267,5.55628150026872],[102.7918929309154,5.552458006662852],[102.7946355509391,5.54848617987308],[102.797165563733,5.544376903534836],[102.79947603470784,5.540141438158781],[102.80156063102329,5.535791390296409],[102.80341363894574,5.531338680755451],[102.8050299795093,5.526795511951571],[102.8064052224368,5.522174334485802],[102.80753559828301,5.51748781303901],[102.80841800876628,5.512748791676612],[102.8090500352608,5.50797025865842],[102.8094299454259,5.503165310850161],[102.80955669795424,5.498347117833665]],[[102.88700237365259,5.059484107220708],[102.88687323014047,5.054571512679766],[102.88648615357748,5.049672346116273],[102.88584220491359,5.044800036297879],[102.88494314916733,5.039967938677703],[102.883791450588,5.03518929877884],[102.88239026590134,5.030477215877053],[102.8807434356572,5.025844607081361],[102.87885547370281,5.021304171911089],[102.87673155481065,5.016868357466739],[102.87437750049477,5.012549324290331],[102.87179976305443,5.008358913009062],[102.86900540788874,5.004308611854047],[102.86600209413103,5.000409525143338],[102.86279805365552,4.996672342816013],[102.85940206851446,4.993107311101227],[102.85582344686705,4.989724204402734],[102.8520719974665,4.986532298476492],[102.84815800277484,4.983540344975084],[102.84409219077948,4.980756547429217],[102.83988570558846,4.978188538732116],[102.83555007688533,4.975843360189327],[102.83109718832698,4.97372744219122],[102.82653924497144,4.971846586561793],[102.82188873982462,4.970205950632127],[102.81715841959789,4.968810033082716],[102.81236124977016,4.967662661593401],[102.80751037905053,4.966766982335211],[102.80261910333842,4.966125451332953],[102.79770082928057,4.965739827722339],[102.79276903752434,4.965611168920399],[102.78783724576812,4.965739827722339],[102.78291897171026,4.966125451332953],[102.77802769599815,4.966766982335211],[102.77317682527851,4.967662661593401],[102.76837965545079,4.968810033082716],[102.76364933522406,4.970205950632127],[102.75899883007723,4.971846586561793],[102.7544408867217,4.97372744219122],[102.74998799816335,4.975843360189327],[102.74565236946022,4.978188538732116],[102.7414458842692,4.980756547429217],[102.73738007227384,4.983540344975084],[102.73346607758218,4.986532298476492],[102.72971462818164,4.989724204402734],[102.72613600653422,4.993107311101227],[102.72274002139316,4.996672342816013],[102.71953598091766,5.000409525143338],[102.71653266715994,5.004308611854047],[102.71373831199425,5.008358913009062],[102.71116057455392,5.012549324290331],[102.70880652023803,5.016868357466739],[102.70668260134586,5.021304171911089],[102.70479463939147,5.025844607081361],[102.70314780914734,5.030477215877053],[102.70174662446067,5.03518929877884],[102.70059492588136,5.039967938677703],[102.6996958701351,5.044800036297879],[102.69905192147121,5.049672346116273],[102.69866484490821,5.054571512679766],[102.69853570139608,5.059484107220708],[102.69866484490821,5.064396664470117],[102.69905192147121,5.069295719567535],[102.6996958701351,5.074167844966592],[102.70059492588136,5.078999687234703],[102.70174662446067,5.083778003646485],[102.70314780914734,5.088489698470348],[102.70479463939147,5.093121858849164],[102.70668260134586,5.097661790176574],[102.70880652023803,5.102097050872308],[102.71116057455392,5.106415486461307],[102.71373831199425,5.110605262863723],[102.71653266715994,5.114654898804289],[102.71953598091766,5.118553297253206],[102.72274002139316,5.122289775812111],[102.72613600653422,5.12585409596253],[102.72971462818164,5.129236491096732],[102.73346607758218,5.132427693254833],[102.73738007227384,5.135418958494832],[102.7414458842692,5.138202090826783],[102.74565236946022,5.140769464645667],[102.74998799816335,5.143114045601797],[102.7544408867217,5.14522940985204],[102.75899883007723,5.147109761639406],[102.76364933522406,5.148749949152973],[102.76837965545079,5.150145478625197],[102.77317682527851,5.151292526628068],[102.77802769599815,5.152187950534714],[102.78291897171026,5.15282929711803],[102.78783724576812,5.153214809262823],[102.79276903752434,5.153343430773293],[102.79770082928057,5.153214809262823],[102.80261910333842,5.15282929711803],[102.80751037905053,5.152187950534714],[102.81236124977016,5.151292526628068],[102.81715841959789,5.150145478625197],[102.82188873982462,5.148749949152973],[102.82653924497144,5.147109761639406],[102.83109718832698,5.14522940985204],[102.83555007688533,5.143114045601797],[102.83988570558846,5.140769464645667],[102.84409219077948,5.138202090826783],[102.84815800277484,5.135418958494832],[102.8520719974665,5.132427693254833],[102.85582344686705,5.129236491096732],[102.85940206851446,5.12585409596253],[102.86279805365552,5.122289775812111],[102.86600209413103,5.118553297253206],[102.86900540788874,5.114654898804289],[102.87179976305443,5.110605262863723],[102.87437750049477,5.106415486461307],[102.87673155481065,5.102097050872308],[102.87885547370281,5.097661790176574],[102.8807434356572,5.093121858849164],[102.88239026590134,5.088489698470348],[102.883791450588,5.083778003646485],[102.88494314916733,5.078999687234703],[102.88584220491359,5.074167844966592],[102.88648615357748,5.069295719567535],[102.88687323014047,5.064396664470117],[102.88700237365259,5.059484107220708]],[[103.26599899565608,4.536498781062177],[103.26589042651969,4.532365670259151],[103.26556501669099,4.528243864488271],[103.26502365809567,4.524144661643829],[103.26426783456004,4.52007929785614],[103.26329961774387,4.516058916688323],[103.26212166146212,4.512094538584809],[103.26073719441112,4.508197030655478],[103.25915001131882,4.504377076878235],[103.25736446254373,4.500645148801862],[103.25538544215092,4.497011476829674],[103.25321837449779,4.49348602216276],[103.2508691993661,4.490078449479922],[103.2483443556816,4.486798100429371],[103.2456507638653,4.483653968005067],[103.2427958068652,4.480654671878059],[103.23978730991995,4.477808434750819],[103.2366335191106,4.475123059799317],[103.23334307875848,4.472605909265251],[103.22992500773192,4.470263884256946],[103.22638867472601,4.468103405814727],[103.2227437725837,4.466130397292835],[103.21900029172845,4.464350268106347],[103.21516849278103,4.462767898887742],[103.211258878436,4.461387628094212],[103.2072821646746,4.460213240102279],[103.20324925139275,4.459247954822784],[103.19917119252547,4.458494418864613],[103.19505916574863,4.457954698271663],[103.19092444184184,4.457630272852937],[103.18677835379592,4.457522032121427],[103.18263226574999,4.457630272852937],[103.1784975418432,4.457954698271663],[103.17438551506639,4.458494418864613],[103.17030745619911,4.459247954822784],[103.16627454291726,4.460213240102279],[103.16229782915586,4.461387628094212],[103.15838821481083,4.462767898887742],[103.15455641586341,4.464350268106347],[103.15081293500816,4.466130397292835],[103.14716803286585,4.468103405814727],[103.14363169985992,4.470263884256946],[103.14021362883337,4.472605909265251],[103.13692318848126,4.475123059799317],[103.1337693976719,4.477808434750819],[103.13076090072664,4.480654671878059],[103.12790594372655,4.483653968005067],[103.12521235191026,4.486798100429371],[103.12268750822577,4.490078449479922],[103.12033833309407,4.49348602216276],[103.11817126544092,4.497011476829674],[103.11619224504813,4.500645148801862],[103.11440669627304,4.504377076878235],[103.11281951318074,4.508197030655478],[103.11143504612973,4.512094538584809],[103.11025708984799,4.516058916688323],[103.10928887303182,4.52007929785614],[103.10853304949619,4.524144661643829],[103.10799169090087,4.528243864488271],[103.10766628107216,4.532365670259151],[103.10755771193577,4.536498781062177],[103.10766628107216,4.540631868209508],[103.10799169090087,4.544753603272435],[103.10853304949619,4.548852689131367],[103.10928887303182,4.55291789093772],[103.11025708984799,4.556938066903083],[103.11143504612973,4.560902198831244],[103.11281951318074,4.564799422309512],[103.11440669627304,4.568619056476479],[103.11619224504813,4.572350633285077],[103.11817126544092,4.575983926180578],[103.12033833309407,4.579508978115125],[103.12268750822577,4.582916128822336],[103.12521235191026,4.58619604127728],[103.12790594372655,4.589339727269426],[103.13076090072664,4.59233857201892],[103.1337693976719,4.595184357768697],[103.13692318848126,4.597869286288142],[103.14021362883337,4.600386000226766],[103.14363169985992,4.6027276032597],[103.14716803286585,4.604887678969844],[103.15081293500816,4.606860308415366],[103.15455641586341,4.608640086334437],[103.15838821481083,4.610222135943121],[103.16229782915586,4.611602122285933],[103.16627454291726,4.612776264102857],[103.17030745619911,4.613741344180177],[103.17438551506639,4.614494718157252],[103.1784975418432,4.61503432176486],[103.18263226574999,4.615358676475746],[103.18677835379592,4.615466893551575],[103.19092444184184,4.615358676475746],[103.19505916574863,4.61503432176486],[103.19917119252547,4.614494718157252],[103.20324925139275,4.613741344180177],[103.2072821646746,4.612776264102857],[103.211258878436,4.611602122285933],[103.21516849278103,4.610222135943121],[103.21900029172845,4.608640086334437],[103.2227437725837,4.606860308415366],[103.22638867472601,4.604887678969844],[103.22992500773192,4.6027276032597],[103.23334307875848,4.600386000226766],[103.2366335191106,4.597869286288142],[103.23978730991995,4.595184357768697],[103.2427958068652,4.59233857201892],[103.2456507638653,4.589339727269426],[103.2483443556816,4.58619604127728],[103.2508691993661,4.582916128822336],[103.25321837449779,4.579508978115125],[103.25538544215092,4.575983926180578],[103.25736446254373,4.572350633285077],[103.25915001131882,4.568619056476479],[103.26073719441112,4.564799422309512],[103.26212166146212,4.560902198831244],[103.26329961774387,4.556938066903083],[103.26426783456004,4.55291789093772],[103.26502365809567,4.548852689131367],[103.26556501669099,4.544753603272435],[103.26589042651969,4.540631868209508],[103.26599899565608,4.536498781062177]],[[100.3306867046247,6.503983047268769],[100.33056300529981,6.499289541734837],[100.33019224637633,6.494608857151846],[100.32957544407871,6.489953823519239],[100.32871428901923,6.485337200879699],[100.32761114156399,6.48077164433431],[100.32626902536352,6.476269669341648],[100.324691619065,6.471843617396084],[100.32288324622948,6.467505622179572],[100.3208488634812,6.463267576279955],[100.31859404692185,6.459141098567278],[100.3161249768469,6.455137502317799],[100.31344842080581,6.451267764173366],[100.31057171505263,6.447542494021762],[100.30750274443787,6.443971905880669],[100.30424992079669,6.440565789865656],[100.30082215989255,6.437333485319333],[100.29722885697986,6.43428385517572],[100.29347986105212,6.431425261630462],[100.28958544784656,6.428765543184133],[100.28555629167913,6.426311993121648],[100.28140343618678,6.424071339487532],[100.27713826405775,6.422049726611933],[100.27277246583243,6.420252698238605],[100.26831800786023,6.41868518230134],[100.26378709950085,6.417351477390931],[100.25919215965918,6.416255240949888],[100.25454578274591,6.415399479227795],[100.2498607041572,6.414786539024697],[100.24514976536783,6.414418101245589],[100.24042587873353,6.414295176283764],[100.23570199209924,6.414418101245589],[100.23099105330988,6.414786539024697],[100.22630597472117,6.415399479227795],[100.2216595978079,6.416255240949888],[100.21706465796622,6.417351477390931],[100.21253374960685,6.41868518230134],[100.20807929163465,6.420252698238605],[100.20371349340932,6.422049726611933],[100.1994483212803,6.424071339487532],[100.19529546578795,6.426311993121648],[100.1912663096205,6.428765543184133],[100.18737189641496,6.431425261630462],[100.18362290048721,6.43428385517572],[100.18002959757452,6.437333485319333],[100.17660183667039,6.440565789865656],[100.17334901302921,6.443971905880669],[100.17028004241445,6.447542494021762],[100.16740333666125,6.451267764173366],[100.16472678062017,6.455137502317799],[100.16225771054522,6.459141098567278],[100.16000289398586,6.463267576279955],[100.1579685112376,6.467505622179572],[100.15616013840206,6.471843617396084],[100.15458273210356,6.476269669341648],[100.15324061590307,6.48077164433431],[100.15213746844785,6.485337200879699],[100.15127631338835,6.489953823519239],[100.15065951109074,6.494608857151846],[100.15028875216727,6.499289541734837],[100.15016505284238,6.503983047268769],[100.15028875216727,6.508676508970257],[100.15065951109074,6.513357062536111],[100.15127631338835,6.518011879402377],[100.15213746844785,6.522628201901305],[100.15324061590307,6.52719337822021],[100.15458273210356,6.531694897066397],[100.15616013840206,6.536120421943123],[100.1579685112376,6.54045782494314],[100.16000289398586,6.544695219967037],[100.16225771054522,6.548820995275942],[100.16472678062017,6.552823845289292],[100.16740333666125,6.55669280154115],[100.17028004241445,6.560417262710325],[100.17334901302921,6.563987023642539],[100.17660183667039,6.567392303285295],[100.18002959757452,6.570623771459434],[100.18362290048721,6.573672574394437],[100.18737189641496,6.576530358957686],[100.1912663096205,6.579189295512024],[100.19529546578795,6.581642099339055],[100.1994483212803,6.583882050570175],[100.20371349340932,6.585903012570894],[100.20807929163465,6.587699448728565],[100.21253374960685,6.589266437597833],[100.21706465796622,6.590599686362542],[100.2216595978079,6.591695542577802],[100.22630597472117,6.592551004159843],[100.23099105330988,6.593163727597032],[100.23570199209924,6.593532034359272],[100.24042587873353,6.593654915488727],[100.24514976536783,6.593532034359272],[100.2498607041572,6.593163727597032],[100.25454578274591,6.592551004159843],[100.25919215965918,6.591695542577802],[100.26378709950085,6.590599686362542],[100.26831800786023,6.589266437597833],[100.27277246583243,6.587699448728565],[100.27713826405775,6.585903012570894],[100.28140343618678,6.583882050570175],[100.28555629167913,6.581642099339055],[100.28958544784656,6.579189295512024],[100.29347986105212,6.576530358957686],[100.29722885697986,6.573672574394437],[100.30082215989255,6.570623771459434],[100.30424992079669,6.567392303285295],[100.30750274443787,6.563987023642539],[100.31057171505263,6.560417262710325],[100.31344842080581,6.55669280154115],[100.3161249768469,6.552823845289292],[100.31859404692185,6.548820995275942],[100.3208488634812,6.544695219967037],[100.32288324622948,6.54045782494314],[100.324691619065,6.536120421943123],[100.32626902536352,6.531694897066397],[100.32761114156399,6.52719337822021],[100.32871428901923,6.522628201901305],[100.32957544407871,6.518011879402377],[100.33019224637633,6.513357062536111],[100.33056300529981,6.508676508970257],[100.3306867046247,6.503983047268769]]],"bbox":[99.89680196767137,1.458745899088864,103.88121566379479,6.593654915488727]}
