{"type":"Topology","objects":{"PNG_SE-15":{"type":"GeometryCollection","geometries":[{"type":"Polygon","arcs":[[0]],"properties":{"state":"Pulau Pinang","parlimen":"P.041 Kepala Batas","code_parlimen":"P.041","dun":"N.01 Penaga","code_dun":"N.01","voters_total":25468}},{"type":"Polygon","arcs":[[1]],"properties":{"state":"Pulau Pinang","parlimen":"P.041 Kepala Batas","code_parlimen":"P.041","dun":"N.02 Bertam","code_dun":"N.02","voters_total":23999}},{"type":"Polygon","arcs":[[2]],"properties":{"state":"Pulau Pinang","parlimen":"P.041 Kepala Batas","code_parlimen":"P.041","dun":"N.03 Pinang Tunggal","code_dun":"N.03","voters_total":34723}},{"type":"Polygon","arcs":[[3]],"properties":{"state":"Pulau Pinang","parlimen":"P.042 Tasek Gelugor","code_parlimen":"P.042","dun":"N.04 Permatang Berangan","code_dun":"N.04","voters_total":28519}},{"type":"Polygon","arcs":[[4]],"properties":{"state":"Pulau Pinang","parlimen":"P.042 Tasek Gelugor","code_parlimen":"P.042","dun":"N.05 Sungai Dua","code_dun":"N.05","voters_total":28100}},{"type":"Polygon","arcs":[[5]],"properties":{"state":"Pulau Pinang","parlimen":"P.042 Tasek Gelugor","code_parlimen":"P.042","dun":"N.06 Telok Ayer Tawar","code_dun":"N.06","voters_total":24784}},{"type":"Polygon","arcs":[[6]],"properties":{"state":"Pulau Pinang","parlimen":"P.043 Bagan","code_parlimen":"P.043","dun":"N.07 Sungai Puyu","code_dun":"N.07","voters_total":35904}},{"type":"Polygon","arcs":[[7]],"properties":{"state":"Pulau Pinang","parlimen":"P.043 Bagan","code_parlimen":"P.043","dun":"N.08 Bagan Jermal","code_dun":"N.08","voters_total":32529}},{"type":"Polygon","arcs":[[8]],"properties":{"state":"Pulau Pinang","parlimen":"P.043 Bagan","code_parlimen":"P.043","dun":"N.09 Bagan Dalam","code_dun":"N.09","voters_total":21221}},{"type":"Polygon","arcs":[[9]],"properties":{"state":"Pulau Pinang","parlimen":"P.044 Permatang Pauh","code_parlimen":"P.044","dun":"N.10 Seberang Jaya","code_dun":"N.10","voters_total":49215}},{"type":"Polygon","arcs":[[10]],"properties":{"state":"Pulau Pinang","parlimen":"P.044 Permatang Pauh","code_parlimen":"P.044","dun":"N.11 Permatang Pasir","code_dun":"N.11","voters_total":30464}},{"type":"Polygon","arcs":[[11]],"properties":{"state":"Pulau Pinang","parlimen":"P.044 Permatang Pauh","code_parlimen":"P.044","dun":"N.12 Penanti","code_dun":"N.12","voters_total":28170}},{"type":"Polygon","arcs":[[12]],"properties":{"state":"Pulau Pinang","parlimen":"P.045 Bukit Mertajam","code_parlimen":"P.045","dun":"N.13 Berapit","code_dun":"N.13","voters_total":29076}},{"type":"Polygon","arcs":[[13]],"properties":{"state":"Pulau Pinang","parlimen":"P.045 Bukit Mertajam","code_parlimen":"P.045","dun":"N.14 Machang Bubuk","code_dun":"N.14","voters_total":56538}},{"type":"Polygon","arcs":[[14]],"properties":{"state":"Pulau Pinang","parlimen":"P.045 Bukit Mertajam","code_parlimen":"P.045","dun":"N.15 Padang Lalang","code_dun":"N.15","voters_total":36001}},{"type":"Polygon","arcs":[[15]],"properties":{"state":"Pulau Pinang","parlimen":"P.046 Batu Kawan","code_parlimen":"P.046","dun":"N.16 Perai","code_dun":"N.16","voters_total":20479}},{"type":"Polygon","arcs":[[16]],"properties":{"state":"Pulau Pinang","parlimen":"P.046 Batu Kawan","code_parlimen":"P.046","dun":"N.17 Bukit Tengah","code_dun":"N.17","voters_total":31635}},{"type":"Polygon","arcs":[[17]],"properties":{"state":"Pulau Pinang","parlimen":"P.046 Batu Kawan","code_parlimen":"P.046","dun":"N.18 Bukit Tambun","code_dun":"N.18","voters_total":37496}},{"type":"Polygon","arcs":[[18]],"properties":{"state":"Pulau Pinang","parlimen":"P.047 Nibong Tebal","code_parlimen":"P.047","dun":"N.19 Jawi","code_dun":"N.19","voters_total":36601}},{"type":"Polygon","arcs":[[19]],"properties":{"state":"Pulau Pinang","parlimen":"P.047 Nibong Tebal","code_parlimen":"P.047","dun":"N.20 Sungai Bakap","code_dun":"N.20","voters_total":38409}},{"type":"Polygon","arcs":[[20]],"properties":{"state":"Pulau Pinang","parlimen":"P.047 Nibong Tebal","code_parlimen":"P.047","dun":"N.21 Sungai Acheh","code_dun":"N.21","voters_total":26095}},{"type":"Polygon","arcs":[[21]],"properties":{"state":"Pulau Pinang","parlimen":"P.048 Bukit Bendera","code_parlimen":"P.048","dun":"N.22 Tanjong Bunga","code_dun":"N.22","voters_total":29477}},{"type":"Polygon","arcs":[[22]],"properties":{"state":"Pulau Pinang","parlimen":"P.048 Bukit Bendera","code_parlimen":"P.048","dun":"N.23 Air Putih","code_dun":"N.23","voters_total":15371}},{"type":"Polygon","arcs":[[23]],"properties":{"state":"Pulau Pinang","parlimen":"P.048 Bukit Bendera","code_parlimen":"P.048","dun":"N.24 Kebun Bunga","code_dun":"N.24","voters_total":24532}},{"type":"Polygon","arcs":[[24]],"properties":{"state":"Pulau Pinang","parlimen":"P.048 Bukit Bendera","code_parlimen":"P.048","dun":"N.25 Pulau Tikus","code_dun":"N.25","voters_total":23257}},{"type":"Polygon","arcs":[[25]],"properties":{"state":"Pulau Pinang","parlimen":"P.049 Tanjong","code_parlimen":"P.049","dun":"N.26 Padang Kota","code_dun":"N.26","voters_total":15165}},{"type":"Polygon","arcs":[[26]],"properties":{"state":"Pulau Pinang","parlimen":"P.049 Tanjong","code_parlimen":"P.049","dun":"N.27 Pengkalan Kota","code_dun":"N.27","voters_total":21568}},{"type":"Polygon","arcs":[[27]],"properties":{"state":"Pulau Pinang","parlimen":"P.049 Tanjong","code_parlimen":"P.049","dun":"N.28 Komtar","code_dun":"N.28","voters_total":15532}},{"type":"Polygon","arcs":[[28]],"properties":{"state":"Pulau Pinang","parlimen":"P.050 Jelutong","code_parlimen":"P.050","dun":"N.29 Datok Keramat","code_dun":"N.29","voters_total":26791}},{"type":"Polygon","arcs":[[29]],"properties":{"state":"Pulau Pinang","parlimen":"P.050 Jelutong","code_parlimen":"P.050","dun":"N.30 Sungai Pinang","code_dun":"N.30","voters_total":34416}},{"type":"Polygon","arcs":[[30]],"properties":{"state":"Pulau Pinang","parlimen":"P.050 Jelutong","code_parlimen":"P.050","dun":"N.31 Batu Lancang","code_dun":"N.31","voters_total":33106}},{"type":"Polygon","arcs":[[31]],"properties":{"state":"Pulau Pinang","parlimen":"P.051 Bukit Gelugor","code_parlimen":"P.051","dun":"N.32 Seri Delima","code_dun":"N.32","voters_total":31574}},{"type":"Polygon","arcs":[[32]],"properties":{"state":"Pulau Pinang","parlimen":"P.051 Bukit Gelugor","code_parlimen":"P.051","dun":"N.33 Air Itam","code_dun":"N.33","voters_total":23085}},{"type":"Polygon","arcs":[[33]],"properties":{"state":"Pulau Pinang","parlimen":"P.051 Bukit Gelugor","code_parlimen":"P.051","dun":"N.34 Paya Terubong","code_dun":"N.34","voters_total":62734}},{"type":"Polygon","arcs":[[34]],"properties":{"state":"Pulau Pinang","parlimen":"P.052 Bayan Baru","code_parlimen":"P.052","dun":"N.35 Batu Uban","code_dun":"N.35","voters_total":43529}},{"type":"Polygon","arcs":[[35]],"properties":{"state":"Pulau Pinang","parlimen":"P.052 Bayan Baru","code_parlimen":"P.052","dun":"N.36 Pantai Jerejak","code_dun":"N.36","voters_total":29890}},{"type":"Polygon","arcs":[[36]],"properties":{"state":"Pulau Pinang","parlimen":"P.052 Bayan Baru","code_parlimen":"P.052","dun":"N.37 Batu Maung","code_dun":"N.37","voters_total":47226}},{"type":"Polygon","arcs":[[37]],"properties":{"state":"Pulau Pinang","parlimen":"P.053 Balik Pulau","code_parlimen":"P.053","dun":"N.38 Bayan Lepas","code_dun":"N.38","voters_total":39754}},{"type":"Polygon","arcs":[[38]],"properties":{"state":"Pulau Pinang","parlimen":"P.053 Balik Pulau","code_parlimen":"P.053","dun":"N.39 Pulau Betong","code_dun":"N.39","voters_total":23838}},{"type":"Polygon","arcs":[[39]],"properties":{"state":"Pulau Pinang","parlimen":"P.053 Balik Pulau","code_parlimen":"P.053","dun":"N.40 Telok Bahang","code_dun":"N.40","voters_total":17927}}]}},"arcs":[[[100.3999378912452,5.554606199975867],[100.39992913021257,5.554273200551884],[100.39990287112802,5.553941113668746],[100.39985918596591,5.553610849555821],[100.3997981944642,5.553283313447954],[100.39972006379637,5.552959403104118],[100.39962500811316,5.552640006346789],[100.3995132879556,5.552325998628313],[100.39938520954084,5.552018240631341],[100.39924112392292,5.551717575909595],[100.39908142603055,5.551424828575657],[100.39890655358448,5.551140801042011],[100.39871698589799,5.550866271821539],[100.3985132425629,5.550601993393555],[100.39829588202555,5.550348690141118],[100.39806550005603,5.550107056365422],[100.39782272811536,5.549877754382592],[100.39756823162449,5.549661412708171],[100.39730270814066,5.549458624334226],[100.39702688544527,5.549269945103868],[100.39674151954915,5.549095892187515],[100.39644739262039,5.548936942665279],[100.39614531084045,5.548793532219119],[100.3958361021945,5.548666053938559],[100.39552061420194,5.548554857243179],[100.39519971159342,5.548460246924643],[100.39487427394072,5.548382482311309],[100.39454519324578,5.54832177655726],[100.39421337149594,5.548278296058061],[100.39387971819154,5.548252159994554],[100.39354514785309,5.548243440006151],[100.39321057751467,5.548252159994554],[100.39287692421026,5.548278296058061],[100.39254510246042,5.54832177655726],[100.39221602176549,5.548382482311309],[100.39189058411277,5.548460246924643],[100.39156968150425,5.548554857243179],[100.3912541935117,5.548666053938559],[100.39094498486574,5.548793532219119],[100.3906429030858,5.548936942665279],[100.39034877615704,5.549095892187515],[100.39006341026092,5.549269945103868],[100.38978758756554,5.549458624334226],[100.3895220640817,5.549661412708171],[100.38926756759084,5.549877754382592],[100.38902479565016,5.550107056365422],[100.38879441368064,5.550348690141118],[100.3885770531433,5.550601993393555],[100.3883733098082,5.550866271821539],[100.38818374212171,5.551140801042011],[100.38800886967564,5.551424828575657],[100.38784917178327,5.551717575909595],[100.38770508616535,5.552018240631341],[100.38757700775061,5.552325998628313],[100.38746528759303,5.552640006346789],[100.38737023190983,5.552959403104118],[100.387292101242,5.553283313447954],[100.38723110974028,5.553610849555821],[100.38718742457817,5.553941113668746],[100.38716116549362,5.554273200551884],[100.387152404461,5.554606199975867],[100.38716116549362,5.554939199211637],[100.38718742457817,5.555271285532186],[100.38723110974028,5.555601548714302],[100.387292101242,5.555929083533383],[100.38737023190983,5.556252992244514],[100.38746528759303,5.556572387043155],[100.38757700775061,5.556886392498386],[100.38770508616535,5.557194147952377],[100.38784917178327,5.557494809879269],[100.38800886967564,5.557787554197074],[100.38818374212171,5.558071578526374],[100.3883733098082,5.558346104389402],[100.3885770531433,5.55861037934361],[100.38879441368064,5.558863679044003],[100.38902479565016,5.559105309228305],[100.38926756759084,5.559334607619742],[100.3895220640817,5.559550945742132],[100.38978758756554,5.559753730642289],[100.39006341026092,5.559942406515202],[100.39034877615704,5.56011645622721],[100.3906429030858,5.560275402733326],[100.39094498486574,5.560418810384617],[100.3912541935117,5.560546286122184],[100.39156968150425,5.560657480554346],[100.39189058411277,5.560752088914182],[100.39221602176549,5.560829851894822],[100.39254510246042,5.56089055636006],[100.39287692421026,5.560934035928463],[100.39321057751467,5.560960171429393],[100.39354514785309,5.560968891229572],[100.39387971819154,5.560960171429393],[100.39421337149594,5.560934035928463],[100.39454519324578,5.56089055636006],[100.39487427394072,5.560829851894822],[100.39519971159342,5.560752088914182],[100.39552061420194,5.560657480554346],[100.3958361021945,5.560546286122184],[100.39614531084045,5.560418810384617],[100.39644739262039,5.560275402733326],[100.39674151954915,5.56011645622721],[100.39702688544527,5.559942406515202],[100.39730270814066,5.559753730642289],[100.39756823162449,5.559550945742132],[100.39782272811536,5.559334607619742],[100.39806550005603,5.559105309228305],[100.39829588202555,5.558863679044003],[100.3985132425629,5.55861037934361],[100.39871698589799,5.558346104389402],[100.39890655358448,5.558071578526374],[100.39908142603055,5.557787554197074],[100.39924112392292,5.557494809879269],[100.39938520954084,5.557194147952377],[100.3995132879556,5.556886392498386],[100.39962500811316,5.556572387043155],[100.39972006379637,5.556252992244514],[100.3997981944642,5.555929083533383],[100.39985918596591,5.555601548714302],[100.39990287112802,5.555271285532186],[100.39992913021257,5.554939199211637],[100.3999378912452,5.554606199975867]],[[100.41574539781404,5.515138544229863],[100.4157368932031,5.514815269602561],[100.41571140268084,5.51449288087317],[100.41566899611497,5.514172261688937],[100.41560978973901,5.513854290848365],[100.41553394583345,5.513539839892394],[100.4154416722812,5.513229770715504],[100.41533322199764,5.51292493320329],[100.41520889223747,5.512626162902899],[100.41506902377995,5.512334278732724],[100.41491399999472,5.51205008073776],[100.41474424579127,5.511774347896506],[100.41456022645401,5.511507835985853],[100.41436244636722,5.511251275509339],[100.41415144763235,5.51100536969473],[100.41392780858224,5.510770792566396],[100.41369214219598,5.510548187097775],[100.4134450944188,5.51033816344877],[100.41318734239147,5.510141297293226],[100.41291959259432,5.50995812824097],[100.41264257891102,5.509789158358501],[100.41235706061677,5.509634850792847],[100.41206382029738,5.509495628501893],[100.41176366170416,5.509371873095015],[100.411457407551,5.509263923786917],[100.4111458972592,5.509172076467847],[100.41082998465684,5.509096582892459],[100.41051053563841,5.509037649989653],[100.41018842579145,5.508995439295359],[100.40986453799667,5.508970066509749],[100.40953976000799,5.508961601180013],[100.40921498201931,5.508970066509749],[100.40889109422453,5.508995439295359],[100.40856898437757,5.509037649989653],[100.40824953535915,5.509096582892459],[100.40793362275677,5.509172076467847],[100.40762211246499,5.509263923786917],[100.40731585831182,5.509371873095015],[100.40701569971861,5.509495628501893],[100.4067224593992,5.509634850792847],[100.40643694110497,5.509789158358501],[100.40615992742164,5.50995812824097],[100.40589217762452,5.510141297293226],[100.40563442559717,5.51033816344877],[100.40538737781999,5.510548187097775],[100.40515171143373,5.510770792566396],[100.40492807238363,5.51100536969473],[100.40471707364875,5.511251275509339],[100.40451929356196,5.511507835985853],[100.40433527422472,5.511774347896506],[100.40416552002125,5.51205008073776],[100.40401049623604,5.512334278732724],[100.4038706277785,5.512626162902899],[100.40374629801833,5.51292493320329],[100.40363784773477,5.513229770715504],[100.40354557418253,5.513539839892394],[100.40346973027697,5.513854290848365],[100.403410523901,5.514172261688937],[100.40336811733513,5.51449288087317],[100.40334262681287,5.514815269602561],[100.40333412220194,5.515138544229863],[100.40334262681287,5.515461818681039],[100.40336811733513,5.515784206884023],[100.403410523901,5.516104825197293],[100.40346973027697,5.516422794831925],[100.40354557418253,5.516737244260173],[100.40363784773477,5.517047311604301],[100.40374629801833,5.517352146998787],[100.4038706277785,5.517650914919691],[100.40401049623604,5.517942796474687],[100.40416552002125,5.518226991647444],[100.40433527422472,5.518502721490362],[100.40451929356196,5.518769230259417],[100.40471707364875,5.519025787485505],[100.40492807238363,5.519271689976447],[100.40515171143373,5.519506263744272],[100.40538737781999,5.519728865852406],[100.40563442559717,5.519938886177744],[100.40589217762452,5.520135749082852],[100.40615992742164,5.520318914993521],[100.40643694110497,5.520487881877655],[100.4067224593992,5.520642186621101],[100.40701569971861,5.520781406296876],[100.40731585831182,5.520905159324268],[100.40762211246499,5.521013106514649],[100.40793362275677,5.521104952000944],[100.40824953535915,5.52118044404861],[100.40856898437757,5.521239375745465],[100.40889109422453,5.521281585568807],[100.40921498201931,5.521306957827997],[100.40953976000799,5.52131542298162],[100.40986453799667,5.521306957827997],[100.41018842579145,5.521281585568807],[100.41051053563841,5.521239375745465],[100.41082998465684,5.52118044404861],[100.4111458972592,5.521104952000944],[100.411457407551,5.521013106514649],[100.41176366170416,5.520905159324268],[100.41206382029738,5.520781406296876],[100.41235706061677,5.520642186621101],[100.41264257891102,5.520487881877655],[100.41291959259432,5.520318914993521],[100.41318734239147,5.520135749082852],[100.4134450944188,5.519938886177744],[100.41369214219598,5.519728865852406],[100.41392780858224,5.519506263744272],[100.41415144763235,5.519271689976447],[100.41436244636722,5.519025787485505],[100.41456022645401,5.518769230259417],[100.41474424579127,5.518502721490362],[100.41491399999472,5.518226991647444],[100.41506902377995,5.517942796474687],[100.41520889223747,5.517650914919691],[100.41533322199764,5.517352146998787],[100.4154416722812,5.517047311604301],[100.41553394583345,5.516737244260173],[100.41560978973901,5.516422794831925],[100.41566899611497,5.516104825197293],[100.41571140268084,5.515784206884023],[100.4157368932031,5.515461818681039],[100.41574539781404,5.515138544229863]],[[100.48940867019438,5.530070581546787],[100.48939844040957,5.52968173992303],[100.48936777909428,5.529293963832724],[100.48931677028904,5.528908316146303],[100.48924555380545,5.528525853902479],[100.48915432484291,5.528147625410902],[100.48904333345371,5.527774667378679],[100.48891288385748,5.52740800206879],[100.48876333360754,5.527048634497994],[100.48859509261072,5.526697549682002],[100.48840862200387,5.52635570993548],[100.48820443289003,5.526024052234227],[100.4879830849373,5.525703485646839],[100.48774518484504,5.52539488884274],[100.4874913846809,5.525099107683681],[100.48722238009346,5.524816952905083],[100.4869389084056,5.524549197893576],[100.48664174659355,5.524296576567036],[100.48633170915711,5.524059781362779],[100.4860096458874,5.523839461339331],[100.48567643953746,5.523636220397275],[100.4853330034027,5.523450615623752],[100.4849802788177,5.523283155765355],[100.48461923257604,5.52313429983346],[100.48425085428036,5.523004455846023],[100.48387615362998,5.52289397970897],[100.48349615765333,5.522803174240635],[100.48311190789299,5.52273228834157],[100.4827244575508,5.522681516312294],[100.48233486860123,5.522650997320572],[100.48194420888053,5.522640815019994],[100.48155354915984,5.522650997320572],[100.48116396021028,5.522681516312294],[100.4807765098681,5.52273228834157],[100.48039226010773,5.522803174240635],[100.48001226413109,5.52289397970897],[100.47963756348072,5.523004455846023],[100.47926918518505,5.52313429983346],[100.47890813894338,5.523283155765355],[100.47855541435837,5.523450615623752],[100.47821197822363,5.523636220397275],[100.47787877187366,5.523839461339331],[100.47755670860396,5.524059781362779],[100.47724667116753,5.524296576567036],[100.47694950935546,5.524549197893576],[100.47666603766763,5.524816952905083],[100.47639703308019,5.525099107683681],[100.47614323291606,5.52539488884274],[100.47590533282379,5.525703485646839],[100.47568398487105,5.526024052234227],[100.4754797957572,5.52635570993548],[100.47529332515036,5.526697549682002],[100.47512508415355,5.527048634497994],[100.47497553390359,5.52740800206879],[100.47484508430738,5.527774667378679],[100.47473409291817,5.528147625410902],[100.47464286395564,5.528525853902479],[100.47457164747203,5.528908316146303],[100.4745206386668,5.529293963832724],[100.47448997735151,5.52968173992303],[100.4744797475667,5.530070581546787],[100.47448997735151,5.530459422915056],[100.4745206386668,5.530847198241686],[100.47457164747203,5.5312328446646],[100.47464286395564,5.531615305158915],[100.47473409291817,5.531993531434192],[100.47484508430738,5.532366486807587],[100.47497553390359,5.532733149045249],[100.47512508415355,5.533092513164076],[100.47529332515036,5.533443594186188],[100.4754797957572,5.533785429838471],[100.47568398487105,5.534117083189972],[100.47590533282379,5.534437645219803],[100.47614323291606,5.534746237308424],[100.47639703308019,5.53504201364575],[100.47666603766763,5.535324163549219],[100.47694950935546,5.53559191368561],[100.47724667116753,5.535844530190415],[100.47755670860396,5.536081320679195],[100.47787877187366,5.536301636145073],[100.47821197822363,5.536504872737391],[100.47855541435837,5.536690473416674],[100.47890813894338,5.536857929481192],[100.47926918518505,5.537006781961103],[100.47963756348072,5.537136622876315],[100.48001226413109,5.537247096354539],[100.48039226010773,5.537337899606575],[100.4807765098681,5.537408783756144],[100.48116396021028,5.537459554521925],[100.48155354915984,5.537490072749945],[100.48194420888053,5.537500254795036],[100.48233486860123,5.537490072749945],[100.4827244575508,5.537459554521925],[100.48311190789299,5.537408783756144],[100.48349615765333,5.537337899606575],[100.48387615362998,5.537247096354539],[100.48425085428036,5.537136622876315],[100.48461923257604,5.537006781961103],[100.4849802788177,5.536857929481192],[100.4853330034027,5.536690473416674],[100.48567643953746,5.536504872737391],[100.4860096458874,5.536301636145073],[100.48633170915711,5.536081320679195],[100.48664174659355,5.535844530190415],[100.4869389084056,5.53559191368561],[100.48722238009346,5.535324163549219],[100.4874913846809,5.53504201364575],[100.48774518484504,5.534746237308424],[100.4879830849373,5.534437645219803],[100.48820443289003,5.534117083189972],[100.48840862200387,5.533785429838471],[100.48859509261072,5.533443594186188],[100.48876333360754,5.533092513164076],[100.48891288385748,5.532733149045249],[100.48904333345371,5.532366486807587],[100.48915432484291,5.531993531434192],[100.48924555380545,5.531615305158915],[100.48931677028904,5.5312328446646],[100.48936777909428,5.530847198241686],[100.48939844040957,5.530459422915056],[100.48940867019438,5.530070581546787]],[[100.49619213462879,5.466619676945969],[100.496182863662,5.466267243143368],[100.49615507617278,5.465915775130712],[100.49610884832465,5.465566236259975],[100.49604430682496,5.4652195845971],[100.49596162857746,5.464876770296067],[100.4958610401975,5.46453873299447],[100.49574281739082,5.464206399237886],[100.49560728419789,5.46388067994033],[100.49545481210582,5.463562467887281],[100.49528581903,5.463252635288483],[100.49510076816868,5.462952031387225],[100.49490016673344,5.462661480132417],[100.49468456455885,5.462381777920054],[100.49445455259551,5.462113691410185],[100.49421076129019,5.46185795542535],[100.49395385885794,5.46161527093638],[100.49368454945044,5.461386303140843],[100.49340357122607,5.461171679639629],[100.49311169432663,5.460971988716529],[100.4928097187664,5.460787777725692],[100.49249847223939,5.460619551591114],[100.49217880785072,5.460467771422603],[100.49185160177824,5.460332853251685],[100.49151775087105,5.460215166891186],[100.49117817019129,5.460115034921473],[100.490833790506,5.460032731806171],[100.49048555573597,5.45996848313981],[100.49013442036846,5.459922465029308],[100.48978134684116,5.459894803611355],[100.48942730290402,5.459885574706481],[100.48907325896688,5.459894803611355],[100.48872018543956,5.459922465029308],[100.48836905007205,5.45996848313981],[100.48802081530204,5.460032731806171],[100.48767643561673,5.460115034921473],[100.48733685493698,5.460215166891186],[100.48700300402979,5.460332853251685],[100.4866757979573,5.460467771422603],[100.48635613356865,5.460619551591114],[100.48604488704164,5.460787777725692],[100.48574291148141,5.460971988716529],[100.48545103458197,5.461171679639629],[100.4851700563576,5.461386303140843],[100.4849007469501,5.46161527093638],[100.48464384451783,5.46185795542535],[100.48440005321252,5.462113691410185],[100.48417004124919,5.462381777920054],[100.4839544390746,5.462661480132417],[100.48375383763934,5.462952031387225],[100.48356878677804,5.463252635288483],[100.4833997937022,5.463562467887281],[100.48324732161015,5.46388067994033],[100.48311178841722,5.464206399237886],[100.48299356561053,5.46453873299447],[100.48289297723056,5.464876770296067],[100.48281029898307,5.4652195845971],[100.48274575748339,5.465566236259975],[100.48269952963525,5.465915775130712],[100.48267174214602,5.466267243143368],[100.48266247117924,5.466619676945969],[100.48267174214602,5.466972110541109],[100.48269952963525,5.467323577933633],[100.48274575748339,5.467673115778386],[100.48281029898307,5.468019766020636],[100.48289297723056,5.468362578521983],[100.48299356561053,5.468700613664569],[100.48311178841722,5.469032944926427],[100.48324732161015,5.469358661420909],[100.4833997937022,5.46967687039326],[100.48356878677804,5.469986699667451],[100.48375383763934,5.470287300036627],[100.4839544390746,5.470577847590592],[100.48417004124919,5.470857545973884],[100.48440005321252,5.471125628568427],[100.48464384451783,5.471381360594553],[100.4849007469501,5.471624041124801],[100.4851700563576,5.471853005005012],[100.48545103458197,5.472067624677169],[100.48574291148141,5.472267311899426],[100.48604488704164,5.472451519358194],[100.48635613356865,5.472619742168151],[100.4866757979573,5.472771519255951],[100.48700300402979,5.472906434623808],[100.48733685493698,5.473024118489594],[100.48767643561673,5.473124248300283],[100.48802081530204,5.473206549615887],[100.48836905007205,5.473270796861635],[100.48872018543956,5.473316813946128],[100.48907325896688,5.473344474743975],[100.48942730290402,5.473353703441375],[100.48978134684116,5.473344474743975],[100.49013442036846,5.473316813946128],[100.49048555573597,5.473270796861635],[100.490833790506,5.473206549615887],[100.49117817019129,5.473124248300283],[100.49151775087105,5.473024118489594],[100.49185160177824,5.472906434623808],[100.49217880785072,5.472771519255951],[100.49249847223939,5.472619742168151],[100.4928097187664,5.472451519358194],[100.49311169432663,5.472267311899426],[100.49340357122607,5.472067624677169],[100.49368454945044,5.471853005005012],[100.49395385885794,5.471624041124801],[100.49421076129019,5.471381360594553],[100.49445455259551,5.471125628568427],[100.49468456455885,5.470857545973884],[100.49490016673344,5.470577847590592],[100.49510076816868,5.470287300036627],[100.49528581903,5.469986699667451],[100.49545481210582,5.46967687039326],[100.49560728419789,5.469358661420909],[100.49574281739082,5.469032944926427],[100.4958610401975,5.468700613664569],[100.49596162857746,5.468362578521983],[100.49604430682496,5.468019766020636],[100.49610884832465,5.467673115778386],[100.49615507617278,5.467323577933633],[100.496182863662,5.466972110541109],[100.49619213462879,5.466619676945969]],[[100.43324418955365,5.464915472014757],[100.4332349869432,5.464565635768672],[100.43320740433562,5.464216758195912],[100.43316151733289,5.46386979554817],[100.43309745170812,5.463525698830137],[100.4330153830607,5.463185411192734],[100.4329155363351,5.462849865348026],[100.43279818520429,5.462519981012592],[100.43266365131952,5.462196662386552],[100.43251230342882,5.461880795675135],[100.43234455636625,5.461573246659537],[100.43216086991485,5.461274858323649],[100.43196174754641,5.460986448543471],[100.4317477350415,5.460708807845131],[100.43151941899355,5.460442697237962],[100.43127742520092,5.460188846128493],[100.43102241695182,5.459947950320959],[100.43075509320612,5.459720670110039],[100.43047618667961,5.459507628470825],[100.43018646183573,5.459309409351135],[100.42988671279011,5.459126556070734],[100.42957776113407,5.458959569832054],[100.42926045368257,5.458808908346199],[100.42893566015336,5.458674984578272],[100.42860427078287,5.458558165615352],[100.42826719388637,5.458458771660172],[100.42792535336817,5.458377075153389],[100.42757968618935,5.458313300026723],[100.42723113979967,5.458267621089096],[100.42688066954054,5.458240163547446],[100.42652923602657,5.458231002663505],[100.42617780251261,5.458240163547446],[100.42582733225349,5.458267621089096],[100.42547878586382,5.458313300026723],[100.425133118685,5.458377075153389],[100.4247912781668,5.458458771660172],[100.4244542012703,5.458558165615352],[100.4241228118998,5.458674984578272],[100.42379801837058,5.458808908346199],[100.4234807109191,5.458959569832054],[100.42317175926304,5.459126556070734],[100.42287201021743,5.459309409351135],[100.42258228537354,5.459507628470825],[100.42230337884705,5.459720670110039],[100.42203605510134,5.459947950320959],[100.42178104685223,5.460188846128493],[100.4215390530596,5.460442697237962],[100.42131073701164,5.460708807845131],[100.42109672450675,5.460986448543471],[100.42089760213831,5.461274858323649],[100.42071391568692,5.461573246659537],[100.42054616862433,5.461880795675135],[100.42039482073365,5.462196662386552],[100.42026028684887,5.462519981012592],[100.42014293571805,5.462849865348026],[100.42004308899244,5.463185411192734],[100.41996102034504,5.463525698830137],[100.41989695472026,5.46386979554817],[100.41985106771753,5.464216758195912],[100.41982348510996,5.464565635768672],[100.41981428249952,5.464915472014757],[100.41982348510996,5.465265308056487],[100.41985106771753,5.465614185018414],[100.41989695472026,5.465961146655541],[100.41996102034504,5.466305241974258],[100.42004308899244,5.466645527838971],[100.42014293571805,5.466981071557022],[100.42026028684887,5.46731095343516],[100.42039482073365,5.467634269300159],[100.42054616862433,5.467950132977059],[100.42071391568692,5.468257678717908],[100.42089760213831,5.468556063574676],[100.42109672450675,5.468844469709506],[100.42131073701164,5.469122106636218],[100.4215390530596,5.469388213386748],[100.42178104685223,5.469642060596882],[100.42203605510134,5.469882952505068],[100.42230337884705,5.470110228859363],[100.42258228537354,5.470323266726934],[100.42287201021743,5.470521482201277],[100.42317175926304,5.47070433200257],[100.4234807109191,5.4708713149665],[100.42379801837058,5.471021973417838],[100.4241228118998,5.471155894424726],[100.4244542012703,5.471272710930338],[100.4247912781668,5.471372102758858],[100.425133118685,5.471453797492953],[100.42547878586382,5.471517571220302],[100.42582733225349,5.471563249147314],[100.42617780251261,5.471590706078132],[100.42652923602657,5.471599866757717],[100.42688066954054,5.471590706078132],[100.42723113979967,5.471563249147314],[100.42757968618935,5.471517571220302],[100.42792535336817,5.471453797492953],[100.42826719388637,5.471372102758858],[100.42860427078287,5.471272710930338],[100.42893566015336,5.471155894424726],[100.42926045368257,5.471021973417838],[100.42957776113407,5.4708713149665],[100.42988671279011,5.47070433200257],[100.43018646183573,5.470521482201277],[100.43047618667961,5.470323266726934],[100.43075509320612,5.470110228859363],[100.43102241695182,5.469882952505068],[100.43127742520092,5.469642060596882],[100.43151941899355,5.469388213386748],[100.4317477350415,5.469122106636218],[100.43196174754641,5.468844469709506],[100.43216086991485,5.468556063574676],[100.43234455636625,5.468257678717908],[100.43251230342882,5.467950132977059],[100.43266365131952,5.467634269300159],[100.43279818520429,5.46731095343516],[100.4329155363351,5.466981071557022],[100.4330153830607,5.466645527838971],[100.43309745170812,5.466305241974258],[100.43316151733289,5.465961146655541],[100.43320740433562,5.465614185018414],[100.4332349869432,5.465265308056487],[100.43324418955365,5.464915472014757]],[[100.3998862065234,5.478113829137054],[100.39987756394001,5.477785289514186],[100.39985165987859,5.47745765021569],[100.39980856534038,5.477131809280301],[100.39974839844449,5.476808659819086],[100.3996713241042,5.476489087567324],[100.39957755357494,5.476173968456799],[100.39946734387519,5.475864166214831],[100.3993409970821,5.475560529996732],[100.39919885950344,5.475263892058313],[100.39904132072841,5.474975065474574],[100.39886881255987,5.474694841911006],[100.39868180783071,5.474423989453525],[100.3984808191079,5.474163250503159],[100.39826639728753,5.473913339740915],[100.39803913008494,5.473674942168819],[100.39779964042371,5.473448711232214],[100.39754858472838,5.473235267028528],[100.39728665112516,5.473035194607474],[100.39701455755583,5.472849042367338],[100.39673304980994,5.472677320551698],[100.39644289948068,5.472520499850738],[100.39614490184992,5.472379010110991],[100.39583987370847,5.472253239156994],[100.39552865111726,5.472143531728227],[100.39521208711575,5.472050188534012],[100.3948910493839,5.471973465429286],[100.39456641786381,5.471913572713192],[100.39423908234788,5.471870674552551],[100.39390994004005,5.471844888531923],[100.39357989309649,5.47183628533121],[100.39324984615294,5.471844888531923],[100.39292070384509,5.471870674552551],[100.39259336832917,5.471913572713192],[100.39226873680909,5.471973465429286],[100.39194769907722,5.472050188534012],[100.39163113507571,5.472143531728227],[100.3913199124845,5.472253239156994],[100.39101488434304,5.472379010110991],[100.3907168867123,5.472520499850738],[100.39042673638303,5.472677320551698],[100.39014522863715,5.472849042367338],[100.38987313506782,5.473035194607474],[100.38961120146458,5.473235267028528],[100.38936014576926,5.473448711232214],[100.38912065610803,5.473674942168819],[100.38889338890544,5.473913339740915],[100.38867896708508,5.474163250503159],[100.38847797836226,5.474423989453525],[100.38829097363312,5.474694841911006],[100.38811846546456,5.474975065474574],[100.38796092668953,5.475263892058313],[100.38781878911087,5.475560529996732],[100.38769244231779,5.475864166214831],[100.38758223261803,5.476173968456799],[100.38748846208878,5.476489087567324],[100.38741138774849,5.476808659819086],[100.3873512208526,5.477131809280301],[100.38730812631438,5.47745765021569],[100.38728222225295,5.477785289514186],[100.38727357966957,5.478113829137054],[100.38728222225295,5.478442368579228],[100.38730812631438,5.478770007337704],[100.3873512208526,5.479095847379611],[100.38741138774849,5.479418995603693],[100.38748846208878,5.479738566288217],[100.38758223261803,5.480053683518576],[100.38769244231779,5.48036348358806],[100.38781878911087,5.480667117365133],[100.38796092668953,5.480963752620742],[100.38811846546456,5.481252576309274],[100.38829097363312,5.481532796796977],[100.38847797836226,5.481803646031615],[100.38867896708508,5.482064381647487],[100.38889338890544,5.482314289000101],[100.38912065610803,5.482552683124781],[100.38936014576926,5.482778910613995],[100.38961120146458,5.482992351408051],[100.38987313506782,5.483192420494611],[100.39014522863715,5.483378569511903],[100.39042673638303,5.483550288251667],[100.3907168867123,5.483707106057432],[100.39101488434304,5.483848593114381],[100.3913199124845,5.483974361627341],[100.39163113507571,5.484084066883623],[100.39194769907722,5.484177408197673],[100.39226873680909,5.48425412973516],[100.39259336832917,5.484314021214134],[100.39292070384509,5.484356918481294],[100.39324984615294,5.484382703961889],[100.39357989309649,5.484391306981934],[100.39390994004005,5.484382703961889],[100.39423908234788,5.484356918481294],[100.39456641786381,5.484314021214134],[100.3948910493839,5.48425412973516],[100.39521208711575,5.484177408197673],[100.39552865111726,5.484084066883623],[100.39583987370847,5.483974361627341],[100.39614490184992,5.483848593114381],[100.39644289948068,5.483707106057432],[100.39673304980994,5.483550288251667],[100.39701455755583,5.483378569511903],[100.39728665112516,5.483192420494611],[100.39754858472838,5.482992351408051],[100.39779964042371,5.482778910613995],[100.39803913008494,5.482552683124781],[100.39826639728753,5.482314289000101],[100.3984808191079,5.482064381647487],[100.39868180783071,5.481803646031615],[100.39886881255987,5.481532796796977],[100.39904132072841,5.481252576309274],[100.39919885950344,5.480963752620742],[100.3993409970821,5.480667117365133],[100.39946734387519,5.48036348358806],[100.39957755357494,5.480053683518576],[100.3996713241042,5.479738566288217],[100.39974839844449,5.479418995603693],[100.39980856534038,5.479095847379611],[100.39985165987859,5.478770007337704],[100.39987756394001,5.478442368579228],[100.3998862065234,5.478113829137054]],[[100.40240979894487,5.43715493110831],[100.40239939664679,5.436759470566146],[100.40236821826444,5.436365093695116],[100.40231634925564,5.435972881458028],[100.40224393178974,5.435583908886662],[100.40215116435799,5.435199242135123],[100.40203830122941,5.43481993555749],[100.40190565175408,5.434447028817868],[100.40175357951492,5.434081544040542],[100.4015825013314,5.433724483008307],[100.40139288611695,5.433376824416499],[100.40118525359364,5.433039521190218],[100.40096017286783,5.432713497872371],[100.40071826087011,5.432399648089211],[100.40046018066445,5.432098832100882],[100.40018663963079,5.431811874443235],[100.39989838752608,5.431539561667596],[100.39959621442928,5.431282640184716],[100.39928094857586,5.43104181421864],[100.3989534540876,5.430817743876289],[100.39861462860416,5.430611043337899],[100.3982654008226,5.430422279173436],[100.397906727952,5.43025196878943],[100.39753959308979,5.430100579010661],[100.39716500252709,5.429968524800345],[100.3967839829906,5.429856168122756],[100.39639757882838,5.429763816950797],[100.3960068491474,5.429691724421867],[100.39561286491053,5.429640088143864],[100.39521670600121,5.429609049653534],[100.39481945826343,5.429598694028385],[100.39442221052565,5.429609049653534],[100.39402605161632,5.429640088143864],[100.39363206737946,5.429691724421867],[100.39324133769847,5.429763816950797],[100.39285493353624,5.429856168122756],[100.39247391399977,5.429968524800345],[100.39209932343707,5.430100579010661],[100.39173218857485,5.43025196878943],[100.39137351570426,5.430422279173436],[100.3910242879227,5.430611043337899],[100.39068546243924,5.430817743876289],[100.390357967951,5.43104181421864],[100.39004270209757,5.431282640184716],[100.38974052900078,5.431539561667596],[100.38945227689607,5.431811874443235],[100.3891787358624,5.432098832100882],[100.38892065565675,5.432399648089211],[100.38867874365903,5.432713497872371],[100.3884536629332,5.433039521190218],[100.3882460304099,5.433376824416499],[100.38805641519545,5.433724483008307],[100.38788533701192,5.434081544040542],[100.38773326477278,5.434447028817868],[100.38760061529744,5.43481993555749],[100.38748775216888,5.435199242135123],[100.38739498473711,5.435583908886662],[100.38732256727121,5.435972881458028],[100.38727069826241,5.436365093695116],[100.38723951988007,5.436759470566146],[100.38722911758198,5.43715493110831],[100.38723951988007,5.437550391390674],[100.38727069826241,5.437944767485152],[100.38732256727121,5.438336978437436],[100.38739498473711,5.438725949229829],[100.38748775216888,5.439110613727729],[100.38760061529744,5.439489917601724],[100.38773326477278,5.439862821217355],[100.38788533701192,5.440228302484544],[100.38805641519545,5.440585359658971],[100.3882460304099,5.440933014087559],[100.3884536629332,5.441270312890809],[100.38867874365903,5.441596331574294],[100.38892065565675,5.441910176562514],[100.3891787358624,5.442210987647877],[100.38945227689607,5.442497940348249],[100.38974052900078,5.442770248166612],[100.39004270209757,5.443027164746526],[100.390357967951,5.443267985917663],[100.39068546243924,5.443492051625653],[100.3910242879227,5.443698747741023],[100.39137351570426,5.443887507742254],[100.39173218857485,5.444057814268438],[100.39209932343707,5.444209200537084],[100.39247391399977,5.444341251623395],[100.39285493353624,5.444453605597361],[100.39324133769847,5.444545954515667],[100.39363206737946,5.444618045265637],[100.39402605161632,5.444669680258835],[100.39442221052565,5.444700717972614],[100.39481945826343,5.444711073337962],[100.39521670600121,5.444700717972614],[100.39561286491053,5.444669680258835],[100.3960068491474,5.444618045265637],[100.39639757882838,5.444545954515667],[100.3967839829906,5.444453605597361],[100.39716500252709,5.444341251623395],[100.39753959308979,5.444209200537084],[100.397906727952,5.444057814268438],[100.3982654008226,5.443887507742254],[100.39861462860416,5.443698747741023],[100.3989534540876,5.443492051625653],[100.39928094857586,5.443267985917663],[100.39959621442928,5.443027164746526],[100.39989838752608,5.442770248166612],[100.40018663963079,5.442497940348249],[100.40046018066445,5.442210987647877],[100.40071826087011,5.441910176562514],[100.40096017286783,5.441596331574294],[100.40118525359364,5.441270312890809],[100.40139288611695,5.440933014087559],[100.4015825013314,5.440585359658971],[100.40175357951492,5.440228302484544],[100.40190565175408,5.439862821217355],[100.40203830122941,5.439489917601724],[100.40215116435799,5.439110613727729],[100.40224393178974,5.438725949229829],[100.40231634925564,5.438336978437436],[100.40236821826444,5.437944767485152],[100.40239939664679,5.437550391390674],[100.40240979894487,5.43715493110831]],[[100.39343696182738,5.420312047190901],[100.39342706050425,5.41993562153012],[100.39339738367369,5.41956022739224],[100.39334801267783,5.419186893709371],[100.39327908283914,5.418816643767989],[100.39319078308952,5.418450492404071],[100.39308335545245,5.418089443221409],[100.39295709437961,5.417734485840761],[100.39281234594381,5.417386593187253],[100.39264950689046,5.417046718823467],[100.39246902355012,5.41671579433574],[100.39227139061501,5.416394726780532],[100.39205714978334,5.416084396198114],[100.39182688827431,5.415785653200229],[100.3915812372187,5.41549931663845],[100.39132086992898,5.415226171359581],[100.3910465000538,5.414966966054211],[100.39075887962194,5.414722411204451],[100.39045879698095,5.414493177136324],[100.39014707463656,5.414279892182247],[100.38982456699802,5.414083140958641],[100.38949215803633,5.413903462763335],[100.38915075886138,5.413741350097168],[100.38880130522455,5.413597247314022],[100.38844475495398,5.413471549402607],[100.38808208532919,5.413364600903736],[100.3877142904024,5.413276694965838],[100.38734237827396,5.41320807254131],[100.38696736832911,5.413158921726057],[100.3865902884441,5.413129377243798],[100.38621217216865,5.413119520076794],[100.3858340558932,5.413129377243798],[100.3854569760082,5.413158921726057],[100.38508196606335,5.41320807254131],[100.38471005393491,5.413276694965838],[100.38434225900811,5.413364600903736],[100.38397958938332,5.413471549402607],[100.38362303911276,5.413597247314022],[100.38327358547592,5.413741350097168],[100.38293218630098,5.413903462763335],[100.3825997773393,5.414083140958641],[100.38227726970074,5.414279892182247],[100.38196554735634,5.414493177136324],[100.38166546471537,5.414722411204451],[100.38137784428349,5.414966966054211],[100.38110347440833,5.415226171359581],[100.38084310711861,5.41549931663845],[100.38059745606299,5.415785653200229],[100.38036719455395,5.416084396198114],[100.38015295372229,5.416394726780532],[100.37995532078719,5.41671579433574],[100.37977483744685,5.417046718823467],[100.3796119983935,5.417386593187253],[100.3794672499577,5.417734485840761],[100.37934098888486,5.418089443221409],[100.37923356124777,5.418450492404071],[100.37914526149817,5.418816643767989],[100.37907633165948,5.419186893709371],[100.37902696066362,5.41956022739224],[100.37899728383304,5.41993562153012],[100.37898738250992,5.420312047190901],[100.37899728383304,5.420688472617034],[100.37902696066362,5.421063866053512],[100.37907633165948,5.42143719857591],[100.37914526149817,5.421807446910477],[100.37923356124777,5.422173596238852],[100.37934098888486,5.422534642979523],[100.3794672499577,5.422889597538497],[100.3796119983935,5.423237487021565],[100.37977483744685,5.423577357900862],[100.37995532078719,5.423908278628257],[100.38015295372229,5.424229342188459],[100.38036719455395,5.424539668585],[100.38059745606299,5.424838407251976],[100.38084310711861,5.425124739385264],[100.38110347440833,5.425397880186599],[100.38137784428349,5.425657081014423],[100.38166546471537,5.425901631435705],[100.38196554735634,5.426130861172923],[100.38227726970074,5.42634414194111],[100.3825997773393,5.426540889169723],[100.38293218630098,5.426720563604697],[100.38327358547592,5.426882672786375],[100.38362303911276,5.42702677239908],[100.38397958938332,5.427152467488808],[100.38434225900811,5.427259413545689],[100.38471005393491,5.427347317448045],[100.38508196606335,5.427415938265757],[100.3854569760082,5.427465087920551],[100.3858340558932,5.427494631701411],[100.38621217216865,5.427504488633752],[100.3865902884441,5.427494631701411],[100.38696736832911,5.427465087920551],[100.38734237827396,5.427415938265757],[100.3877142904024,5.427347317448045],[100.38808208532919,5.427259413545689],[100.38844475495398,5.427152467488808],[100.38880130522455,5.42702677239908],[100.38915075886138,5.426882672786375],[100.38949215803633,5.426720563604697],[100.38982456699802,5.426540889169723],[100.39014707463656,5.42634414194111],[100.39045879698095,5.426130861172923],[100.39075887962194,5.425901631435705],[100.3910465000538,5.425657081014423],[100.39132086992898,5.425397880186599],[100.3915812372187,5.425124739385264],[100.39182688827431,5.424838407251976],[100.39205714978334,5.424539668585],[100.39227139061501,5.424229342188459],[100.39246902355012,5.423908278628257],[100.39264950689046,5.423577357900862],[100.39281234594381,5.423237487021565],[100.39295709437961,5.422889597538497],[100.39308335545245,5.422534642979523],[100.39319078308952,5.422173596238852],[100.39327908283914,5.421807446910477],[100.39334801267783,5.42143719857591],[100.39339738367369,5.421063866053512],[100.39342706050425,5.420688472617034],[100.39343696182738,5.420312047190901]],[[100.38232892353987,5.402371374159772],[100.38232092628752,5.402067327915417],[100.38229695645038,5.401764114888719],[100.38225707972806,5.401462566167422],[100.38220140541995,5.401163508278694],[100.38213008612543,5.40086776092374],[100.38204331732574,5.400576134730925],[100.3819413368481,5.400289429033894],[100.38182442421395,5.400008429680611],[100.38169289987268,5.39973390687921],[100.38154712432335,5.399466613086947],[100.3813874971266,5.399207280947544],[100.38121445580953,5.398956621283039],[100.38102847466631,5.398715321145342],[100.38083006345835,5.398484041932922],[100.38061976601699,5.398263417577833],[100.38039815875287,5.39805405280807],[100.38016584907614,5.397856521489856],[100.37992347373142,5.397671365054624],[100.37967169705276,5.397499091014859],[100.37941120914245,5.397340171572896],[100.37914272397978,5.39719504232654],[100.37886697746394,5.397064101075014],[100.37858472539695,5.39694770672847],[100.37829674141209,5.396846178324189],[100.37800381485346,5.39675979415199],[100.3777067486124,5.396688790991421],[100.37740635692683,5.396633363462634],[100.37710346314944,5.396593663492901],[100.37679889749107,5.396569799900193],[100.37649349474502,5.396561838094832],[100.37618809199897,5.396569799900193],[100.37588352634059,5.396593663492901],[100.37558063256323,5.396633363462634],[100.37528024087763,5.396688790991421],[100.37498317463657,5.39675979415199],[100.37469024807794,5.396846178324189],[100.37440226409309,5.39694770672847],[100.3741200120261,5.397064101075014],[100.37384426551024,5.39719504232654],[100.37357578034758,5.397340171572896],[100.37331529243728,5.397499091014859],[100.37306351575862,5.397671365054624],[100.37282114041389,5.397856521489856],[100.37258883073716,5.39805405280807],[100.37236722347305,5.398263417577833],[100.37215692603168,5.398484041932922],[100.37195851482373,5.398715321145342],[100.37177253368051,5.398956621283039],[100.37159949236344,5.399207280947544],[100.3714398651667,5.399466613086947],[100.37129408961736,5.39973390687921],[100.37116256527608,5.400008429680611],[100.37104565264194,5.400289429033894],[100.3709436721643,5.400576134730925],[100.37085690336461,5.40086776092374],[100.37078558407009,5.401163508278694],[100.37072990976196,5.401462566167422],[100.37069003303968,5.401764114888719],[100.3706660632025,5.402067327915417],[100.37065806595017,5.402371374159772],[100.3706660632025,5.402675420251549],[100.37069003303968,5.402978632822156],[100.37072990976196,5.403280180788873],[100.37078558407009,5.403579237632801],[100.37085690336461,5.403874983664162],[100.3709436721643,5.404166608269104],[100.37104565264194,5.404453312131362],[100.37116256527608,5.404734309423098],[100.37129408961736,5.40500882995876],[100.3714398651667,5.405276121305914],[100.37159949236344,5.405535450847619],[100.37177253368051,5.405786107790306],[100.37195851482373,5.406027405111865],[100.37215692603168,5.406258681444725],[100.37236722347305,5.406479302888335],[100.37258883073716,5.406688664746643],[100.37282114041389,5.406886193185285],[100.37306351575862,5.407071346804391],[100.37331529243728,5.407243618122338],[100.37357578034758,5.407402534966602],[100.37384426551024,5.407547661767837],[100.3741200120261,5.407678600753637],[100.37440226409309,5.407794993038634],[100.37469024807794,5.407896519608142],[100.37498317463657,5.407982902192469],[100.37528024087763,5.408053904029444],[100.37558063256323,5.408109330513431],[100.37588352634059,5.408149029728571],[100.37618809199897,5.4081728928652],[100.37649349474502,5.408180854517984],[100.37679889749107,5.4081728928652],[100.37710346314944,5.408149029728571],[100.37740635692683,5.408109330513431],[100.3777067486124,5.408053904029444],[100.37800381485346,5.407982902192469],[100.37829674141209,5.407896519608142],[100.37858472539695,5.407794993038634],[100.37886697746394,5.407678600753637],[100.37914272397978,5.407547661767837],[100.37941120914245,5.407402534966602],[100.37967169705276,5.407243618122338],[100.37992347373142,5.407071346804391],[100.38016584907614,5.406886193185285],[100.38039815875287,5.406688664746643],[100.38061976601699,5.406479302888335],[100.38083006345835,5.406258681444725],[100.38102847466631,5.406027405111865],[100.38121445580953,5.405786107790306],[100.3813874971266,5.405535450847619],[100.38154712432335,5.405276121305914],[100.38169289987268,5.40500882995876],[100.38182442421395,5.404734309423098],[100.3819413368481,5.404453312131362],[100.38204331732574,5.404166608269104],[100.38213008612543,5.403874983664162],[100.38220140541995,5.403579237632801],[100.38225707972806,5.403280180788873],[100.38229695645038,5.402978632822156],[100.38232092628752,5.402675420251549],[100.38232892353987,5.402371374159772]],[[100.42834405333856,5.385478900352363],[100.428331874479,5.38501586130953],[100.42829537128173,5.384554091073225],[100.42823464379944,5.384094855327946],[100.428149858482,5.383639412814124],[100.42804124772002,5.383189011878009],[100.42790910920806,5.382744887049824],[100.42775380512862,5.382308255659957],[100.42757576115936,5.381880314502152],[100.42737546530644,5.381462236552954],[100.42715346656685,5.381055167756482],[100.42691037342372,5.380660223883262],[100.42664685217848,5.380278487471633],[100.4263636251245,5.379911004860422],[100.42606146856748,5.37955878332065],[100.42574121069752,5.379222788294408],[100.42540372931921,5.378903940748353],[100.42504994944554,5.378603114649054],[100.42468084076252,5.37832113456727],[100.42429741497143,5.378058773417519],[100.42390072301572,5.377816750339284],[100.42349185220041,5.377595728725677],[100.42307192321204,5.377396314404718],[100.42264208704675,5.377219053978712],[100.4222035218556,5.377064433325732],[100.4217574297153,5.376932876267626],[100.42130503333341,5.37682474340819],[100.42084757269694,5.376740331144653],[100.42038630167372,5.376679870855038],[100.41992248457554,5.376643528263967],[100.41945739269283,5.376631402988283],[100.41899230081015,5.376643528263967],[100.41852848371197,5.376679870855038],[100.41806721268873,5.376740331144653],[100.41760975205227,5.37682474340819],[100.41715735567037,5.376932876267626],[100.41671126353008,5.377064433325732],[100.41627269833893,5.377219053978712],[100.41584286217363,5.377396314404718],[100.41542293318527,5.377595728725677],[100.41501406236998,5.377816750339284],[100.41461737041425,5.378058773417519],[100.41423394462316,5.37832113456727],[100.41386483594015,5.378603114649054],[100.41351105606647,5.378903940748353],[100.41317357468814,5.379222788294408],[100.41285331681819,5.37955878332065],[100.41255116026117,5.379911004860422],[100.4122679332072,5.380278487471633],[100.41200441196196,5.380660223883262],[100.41176131881882,5.381055167756482],[100.41153932007924,5.381462236552954],[100.41133902422632,5.381880314502152],[100.41116098025707,5.382308255659957],[100.41100567617762,5.382744887049824],[100.41087353766567,5.383189011878009],[100.41076492690368,5.383639412814124],[100.41068014158623,5.384094855327946],[100.41061941410395,5.384554091073225],[100.41058291090667,5.38501586130953],[100.41057073204712,5.385478900352363],[100.41058291090667,5.385941939042423],[100.41061941410395,5.386403708224273],[100.41068014158623,5.386862942224965],[100.41076492690368,5.387318382323182],[100.41087353766567,5.387768780199159],[100.41100567617762,5.388212901356181],[100.41116098025707,5.388649528504079],[100.41133902422632,5.389077464895593],[100.41153932007924,5.389495537606406],[100.41176131881882,5.38990260074976],[100.41200441196196,5.390297538617113],[100.4122679332072,5.390679268735901],[100.41255116026117,5.391046744836236],[100.41285331681819,5.391398959718433],[100.41317357468814,5.391734948013362],[100.41351105606647,5.392053788828103],[100.41386483594015,5.392354608269852],[100.41423394462316,5.392636581840762],[100.41461737041425,5.392898936697657],[100.41501406236998,5.393140953770012],[100.41542293318527,5.393361969730541],[100.41584286217363,5.393561378813088],[100.41627269833893,5.393738634472803],[100.41671126353008,5.393893250883827],[100.41715735567037,5.394024804270759],[100.41760975205227,5.394132934070055],[100.41806721268873,5.394217343917999],[100.41852848371197,5.394277802463029],[100.41899230081015,5.394314143999631],[100.41945739269283,5.394326268922554],[100.41992248457554,5.394314143999631],[100.42038630167372,5.394277802463029],[100.42084757269694,5.394217343917999],[100.42130503333341,5.394132934070055],[100.4217574297153,5.394024804270759],[100.4222035218556,5.393893250883827],[100.42264208704675,5.393738634472803],[100.42307192321204,5.393561378813088],[100.42349185220041,5.393361969730541],[100.42390072301572,5.393140953770012],[100.42429741497143,5.392898936697657],[100.42468084076252,5.392636581840762],[100.42504994944554,5.392354608269852],[100.42540372931921,5.392053788828103],[100.42574121069752,5.391734948013362],[100.42606146856748,5.391398959718433],[100.4263636251245,5.391046744836236],[100.42664685217848,5.390679268735901],[100.42691037342372,5.390297538617113],[100.42715346656685,5.38990260074976],[100.42737546530644,5.389495537606406],[100.42757576115936,5.389077464895593],[100.42775380512862,5.388649528504079],[100.42790910920806,5.388212901356181],[100.42804124772002,5.387768780199159],[100.428149858482,5.387318382323182],[100.42823464379944,5.386862942224965],[100.42829537128173,5.386403708224273],[100.428331874479,5.385941939042423],[100.42834405333856,5.385478900352363]],[[100.4441333198274,5.407543255020067],[100.44412373793385,5.407178965651839],[100.44409501851656,5.406815674557108],[100.44404724029341,5.40645437749424],[100.44398053422121,5.406096064757813],[100.44389508313664,5.405741718464312],[100.44379112125523,5.405392309860138],[100.44366893352924,5.405048796659351],[100.44352885486671,5.4047121204186],[100.44337126921359,5.404383203956234],[100.44319660850113,5.404062948822806],[100.44300535146223,5.403752232829792],[100.44279802231917,5.403451907643453],[100.44257518934666,5.403162796450335],[100.44233746331443,5.402885691700725],[100.44208549581299,5.402621352936461],[100.44181997746777,5.402370504708918],[100.44154163604608,5.402133834592809],[100.4412512344624,5.401911991301448],[100.44094956868733,5.401705582908519],[100.44063746556574,5.40151517518109],[100.4403157805506,5.401341290028845],[100.4399853953582,5.401184404073322],[100.43964721555139,5.401044947341368],[100.43930216805748,5.400923302086354],[100.4389511986277,5.400819801740282],[100.43859526924484,5.400734729999762],[100.43823535548663,5.40066832004833],[100.4378724438516,5.40062075391721],[100.4375075290554,5.400592161986293],[100.43714161130406,5.40058262262679],[100.4367756935527,5.400592161986293],[100.43641077875648,5.40062075391721],[100.43604786712147,5.40066832004833],[100.43568795336324,5.400734729999762],[100.43533202398041,5.400819801740282],[100.4349810545506,5.400923302086354],[100.43463600705672,5.401044947341368],[100.43429782724989,5.401184404073322],[100.4339674420575,5.401341290028845],[100.43364575704237,5.40151517518109],[100.43333365392078,5.401705582908519],[100.4330319881457,5.401911991301448],[100.43274158656202,5.402133834592809],[100.43246324514033,5.402370504708918],[100.43219772679511,5.402621352936461],[100.43194575929367,5.402885691700725],[100.43170803326144,5.403162796450335],[100.43148520028893,5.403451907643453],[100.43127787114587,5.403752232829792],[100.43108661410697,5.404062948822806],[100.43091195339451,5.404383203956234],[100.43075436774137,5.4047121204186],[100.43061428907887,5.405048796659351],[100.43049210135287,5.405392309860138],[100.43038813947145,5.405741718464312],[100.43030268838689,5.406096064757813],[100.43023598231468,5.40645437749424],[100.43018820409154,5.406815674557108],[100.43015948467423,5.407178965651839],[100.4301499027807,5.407543255020067],[100.43015948467423,5.407907544169053],[100.43018820409154,5.408270834608424],[100.43023598231468,5.408632130587041],[100.43030268838689,5.408990441822169],[100.43038813947145,5.409344786213762],[100.43049210135287,5.409694192536295],[100.43061428907887,5.410037703100683],[100.43075436774137,5.410374376379154],[100.43091195339451,5.41070328958584],[100.43108661410697,5.41102354120585],[100.43127787114587,5.41133425346619],[100.43148520028893,5.41163457474149],[100.43170803326144,5.411923681888077],[100.43194575929367,5.41220078249999],[100.43219772679511,5.412465117080704],[100.43246324514033,5.412715961124712],[100.43274158656202,5.412952627103122],[100.4330319881457,5.41317446634794],[100.43333365392078,5.413380870829842],[100.43364575704237,5.413571274824598],[100.4339674420575,5.413745156463399],[100.43429782724989,5.413902039163255],[100.43463600705672,5.414041492932943],[100.4349810545506,5.414163135551556],[100.43533202398041,5.414266633615974],[100.43568795336324,5.414351703454612],[100.43604786712147,5.414418111904733],[100.43641077875648,5.41446567695159],[100.4367756935527,5.414494268227146],[100.43714161130406,5.414503807367407],[100.4375075290554,5.414494268227146],[100.4378724438516,5.41446567695159],[100.43823535548663,5.414418111904733],[100.43859526924484,5.414351703454612],[100.4389511986277,5.414266633615974],[100.43930216805748,5.414163135551556],[100.43964721555139,5.414041492932943],[100.4399853953582,5.413902039163255],[100.4403157805506,5.413745156463399],[100.44063746556574,5.413571274824598],[100.44094956868733,5.413380870829842],[100.4412512344624,5.41317446634794],[100.44154163604608,5.412952627103122],[100.44181997746777,5.412715961124712],[100.44208549581299,5.412465117080704],[100.44233746331443,5.41220078249999],[100.44257518934666,5.411923681888077],[100.44279802231917,5.41163457474149],[100.44300535146223,5.41133425346619],[100.44319660850113,5.41102354120585],[100.44337126921359,5.41070328958584],[100.44352885486671,5.410374376379154],[100.44366893352924,5.410037703100683],[100.44379112125523,5.409694192536295],[100.44389508313664,5.409344786213762],[100.44398053422121,5.408990441822169],[100.44404724029341,5.408632130587041],[100.44409501851656,5.408270834608424],[100.44412373793385,5.407907544169053],[100.4441333198274,5.407543255020067]],[[100.49497848397397,5.410788569322284],[100.49496926990835,5.410438266107858],[100.49494165296659,5.410088922848155],[100.49489570884477,5.40974149707131],[100.49483156347257,5.409396941051347],[100.49474939266801,5.409056199198078],[100.49464942165552,5.408720205468472],[100.49453192444872,5.408389880806693],[100.49439722309928,5.408066130619675],[100.49424568681424,5.407749842295469],[100.494077730944,5.407441882770728],[100.49389381584396,5.407143096154486],[100.4936944456126,5.406854301414269],[100.49348016670989,5.406576290131246],[100.49325156645939,5.406309824330379],[100.49300927143848,5.406055634391649],[100.49275394576101,5.405814417047886],[100.4924862892569,5.405586833474961],[100.492207035554,5.405373507479337],[100.49191695006735,5.405175023788106],[100.49161682790104,5.404991926446125],[100.4913074916691,5.404824717324655],[100.49098978924066,5.40467385474561],[100.49066459141598,5.404539752225205],[100.49033278953966,5.404422777340362],[100.48999529305762,5.404323250721117],[100.48965302702426,5.404241445171688],[100.48930692956694,5.404177584922603],[100.4889579493148,5.404131845016084],[100.48860704279838,5.404104350826149],[100.48825517182811,5.404095177714934],[100.48790330085782,5.404104350826149],[100.48755239434142,5.404131845016084],[100.48720341408927,5.404177584922603],[100.48685731663195,5.404241445171688],[100.48651505059858,5.404323250721117],[100.48617755411655,5.404422777340362],[100.48584575224024,5.404539752225205],[100.48552055441554,5.40467385474561],[100.4852028519871,5.404824717324655],[100.48489351575516,5.404991926446125],[100.48459339358887,5.405175023788106],[100.4843033081022,5.405373507479337],[100.48402405439931,5.405586833474961],[100.48375639789519,5.405814417047886],[100.48350107221772,5.406055634391649],[100.48325877719682,5.406309824330379],[100.48303017694633,5.406576290131246],[100.4828158980436,5.406854301414269],[100.48261652781224,5.407143096154486],[100.4824326127122,5.407441882770728],[100.48226465684198,5.407749842295469],[100.48211312055692,5.408066130619675],[100.48197841920748,5.408389880806693],[100.48186092200068,5.408720205468472],[100.4817609509882,5.409056199198078],[100.48167878018363,5.409396941051347],[100.48161463481144,5.40974149707131],[100.48156869068963,5.410088922848155],[100.48154107374786,5.410438266107858],[100.48153185968224,5.410788569322284],[100.48154107374786,5.411138872333865],[100.48156869068963,5.411488214987202],[100.48161463481144,5.411835639760837],[100.48167878018363,5.412180194391724],[100.4817609509882,5.412520934485268],[100.48186092200068,5.412856926103788],[100.48197841920748,5.413187248326247],[100.48211312055692,5.413510995772429],[100.48226465684198,5.413827281084344],[100.4824326127122,5.414135237358291],[100.48261652781224,5.414434020520883],[100.4828158980436,5.414722811642443],[100.48303017694633,5.415000819181419],[100.48325877719682,5.41526728115389],[100.48350107221772,5.415521467221822],[100.48375639789519,5.415762680694773],[100.48402405439931,5.415990260439303],[100.4843033081022,5.416203582690892],[100.48459339358887,5.416402062763454],[100.48489351575516,5.416585156651785],[100.4852028519871,5.416752362522473],[100.48552055441554,5.416903222089215],[100.48584575224024,5.417037321868795],[100.48617755411655,5.41715429431432],[100.48651505059858,5.417253818822477],[100.48685731663195,5.417335622612182],[100.48720341408927,5.417399481472192],[100.48755239434142,5.417445220375499],[100.48790330085782,5.417472713959081],[100.48825517182811,5.417481886867427],[100.48860704279838,5.417472713959081],[100.4889579493148,5.417445220375499],[100.48930692956694,5.417399481472192],[100.48965302702426,5.417335622612182],[100.48999529305762,5.417253818822477],[100.49033278953966,5.41715429431432],[100.49066459141598,5.417037321868795],[100.49098978924066,5.416903222089215],[100.4913074916691,5.416752362522473],[100.49161682790104,5.416585156651785],[100.49191695006735,5.416402062763454],[100.492207035554,5.416203582690892],[100.4924862892569,5.415990260439303],[100.49275394576101,5.415762680694773],[100.49300927143848,5.415521467221822],[100.49325156645939,5.41526728115389],[100.49348016670989,5.415000819181419],[100.4936944456126,5.414722811642443],[100.49389381584396,5.414434020520883],[100.494077730944,5.414135237358291],[100.49424568681424,5.413827281084344],[100.49439722309928,5.413510995772429],[100.49453192444872,5.413187248326247],[100.49464942165552,5.412856926103788],[100.49474939266801,5.412520934485268],[100.49483156347257,5.412180194391724],[100.49489570884477,5.411835639760837],[100.49494165296659,5.411488214987202],[100.49496926990835,5.411138872333865],[100.49497848397397,5.410788569322284]],[[100.47912628977444,5.355173712846304],[100.47911692871055,5.354817788454187],[100.47908887117703,5.354462839419684],[100.47904219407751,5.354109838636024],[100.47897702535077,5.35375975365798],[100.47889354361969,5.353413544050043],[100.47879197770193,5.353072158756033],[100.47867260598262,5.352736533498216],[100.47853575565132,5.352407588212317],[100.4783818018053,5.352086224526018],[100.47821116642132,5.351773323287479],[100.47802431719913,5.351469742150901],[100.47782176627945,5.351176313225558],[100.47760406884026,5.350893840794927],[100.47737182157515,5.350623099112019],[100.47712566105768,5.350364830277031],[100.47686626199676,5.350119742203106],[100.47659433538716,5.349888506675859],[100.47631062656082,5.349671757511864],[100.47601591314393,5.34947008882119],[100.47571100292545,5.349284053378897],[100.47539673164312,5.34911416110968],[100.47507396069267,5.348960877690051],[100.47474357476682,5.348824623271856],[100.47440647943048,5.348705771330468],[100.47406359863848,5.348604647641019],[100.47371587220326,5.348521529385352],[100.47336425321882,5.348456644392223],[100.47300970544835,5.348410170512713],[100.47265320068263,5.348382235132682],[100.47229571607647,5.348372914823615],[100.4719382314703,5.348382235132682],[100.47158172670457,5.348410170512713],[100.47122717893411,5.348456644392223],[100.47087555994968,5.348521529385352],[100.47052783351447,5.348604647641019],[100.47018495272246,5.348705771330468],[100.46984785738611,5.348824623271856],[100.46951747146026,5.348960877690051],[100.46919470050982,5.34911416110968],[100.4688804292275,5.349284053378897],[100.46857551900901,5.34947008882119],[100.46828080559212,5.349671757511864],[100.46799709676577,5.349888506675859],[100.46772517015617,5.350119742203106],[100.46746577109523,5.350364830277031],[100.46721961057779,5.350623099112019],[100.46698736331267,5.350893840794927],[100.4667696658735,5.351176313225558],[100.4665671149538,5.351469742150901],[100.46638026573163,5.351773323287479],[100.46620963034763,5.352086224526018],[100.46605567650161,5.352407588212317],[100.46591882617031,5.352736533498216],[100.465799454451,5.353072158756033],[100.46569788853324,5.353413544050043],[100.46561440680216,5.35375975365798],[100.46554923807541,5.354109838636024],[100.46550256097592,5.354462839419684],[100.46547450344237,5.354817788454187],[100.4654651423785,5.355173712846304],[100.46547450344237,5.355529637031163],[100.46550256097592,5.355884585446145],[100.46554923807541,5.356237585204864],[100.46561440680216,5.356587668763707],[100.46569788853324,5.356933876573791],[100.465799454451,5.357275259710939],[100.46591882617031,5.357610882476562],[100.46605567650161,5.357939824962213],[100.46620963034763,5.358261185570917],[100.46638026573163,5.358574083488194],[100.4665671149538,5.358877661096265],[100.4667696658735,5.359171086324505],[100.46698736331267,5.359453554929922],[100.46721961057779,5.359724292701448],[100.46746577109523,5.359982557581733],[100.46772517015617,5.360227641700944],[100.46799709676577,5.360458873316795],[100.46828080559212,5.360675618655602],[100.46857551900901,5.360877283649148],[100.4688804292275,5.361063315562933],[100.46919470050982,5.3612332045109],[100.46951747146026,5.361386484852923],[100.46984785738611,5.361522736470882],[100.47018495272246,5.361641585920077],[100.47052783351447,5.361742707452676],[100.47087555994968,5.361825823910464],[100.47122717893411,5.361890707484405],[100.47158172670457,5.361937180338975],[100.4719382314703,5.361965115099497],[100.47229571607647,5.361974435201306],[100.47265320068263,5.361965115099497],[100.47300970544835,5.361937180338975],[100.47336425321882,5.361890707484405],[100.47371587220326,5.361825823910464],[100.47406359863848,5.361742707452676],[100.47440647943048,5.361641585920077],[100.47474357476682,5.361522736470882],[100.47507396069267,5.361386484852923],[100.47539673164312,5.3612332045109],[100.47571100292545,5.361063315562933],[100.47601591314393,5.360877283649148],[100.47631062656082,5.360675618655602],[100.47659433538716,5.360458873316795],[100.47686626199676,5.360227641700944],[100.47712566105768,5.359982557581733],[100.47737182157515,5.359724292701448],[100.47760406884026,5.359453554929922],[100.47782176627945,5.359171086324505],[100.47802431719913,5.358877661096265],[100.47821116642132,5.358574083488194],[100.4783818018053,5.358261185570917],[100.47853575565132,5.357939824962213],[100.47867260598262,5.357610882476562],[100.47879197770193,5.357275259710939],[100.47889354361969,5.356933876573791],[100.47897702535077,5.356587668763707],[100.47904219407751,5.356237585204864],[100.47908887117703,5.355884585446145],[100.47911692871055,5.355529637031163],[100.47912628977444,5.355173712846304]],[[100.506087712955,5.335323510992436],[100.5060746594212,5.334827176142988],[100.50603553459858,5.334332201312996],[100.50597044572558,5.333839943199064],[100.50587957120625,5.333351751054636],[100.50576316012139,5.332868962991773],[100.50562153154563,5.33239290231333],[100.50545507367308,5.33192487388573],[100.50526424275319,5.331466160562232],[100.50504956184025,5.33101801966643],[100.50481161935974,5.330581679545896],[100.50455106749543,5.330158336204999],[100.50426862040189,5.329749150026483],[100.50396505224694,5.329355242590644],[100.50364119508984,5.328977693600798],[100.5032979366005,5.328617537923589],[100.50293621762661,5.328275762752162],[100.50255702961474,5.327953304899927],[100.50216141189283,5.327651048232551],[100.5017504488216,5.327369821244946],[100.50132526682225,5.32711039479015],[100.50088703128907,5.326873479966046],[100.50043694339521,5.326659726166123],[100.49997623680032,5.326469719299126],[100.49950617426913,5.326303980182947],[100.49902804421035,5.326162963116754],[100.49854315714528,5.326047054635675],[100.49805284211561,5.325956572451079],[100.49755844304079,5.32589176457962],[100.49706131503432,5.325852808663314],[100.49656282068948,5.325839811482532],[100.49606432634467,5.325852808663314],[100.49556719833816,5.32589176457962],[100.49507279926335,5.325956572451079],[100.4945824842337,5.326047054635675],[100.49409759716862,5.326162963116754],[100.49361946710984,5.326303980182947],[100.49314940457865,5.326469719299126],[100.49268869798375,5.326659726166123],[100.4922386100899,5.326873479966046],[100.49180037455673,5.32711039479015],[100.49137519255737,5.327369821244946],[100.49096422948614,5.327651048232551],[100.49056861176423,5.327953304899927],[100.49018942375234,5.328275762752162],[100.48982770477845,5.328617537923589],[100.48948444628913,5.328977693600798],[100.48916058913201,5.329355242590644],[100.48885702097708,5.329749150026483],[100.48857457388354,5.330158336204999],[100.48831402201922,5.330581679545896],[100.48807607953871,5.33101801966643],[100.48786139862578,5.331466160562232],[100.4876705677059,5.33192487388573],[100.48750410983334,5.33239290231333],[100.48736248125759,5.332868962991773],[100.48724607017272,5.333351751054636],[100.48715519565339,5.333839943199064],[100.48709010678039,5.334332201312996],[100.48705098195776,5.334827176142988],[100.48703792842396,5.335323510992436],[100.48705098195776,5.33581984544037],[100.48709010678039,5.336314819070147],[100.48715519565339,5.336807075198357],[100.48724607017272,5.337295264593311],[100.48736248125759,5.337778049173046],[100.48750410983334,5.338254105672877],[100.4876705677059,5.338722129272178],[100.48786139862578,5.339180837170591],[100.48807607953871,5.339628972103935],[100.48831402201922,5.340065305789991],[100.48857457388354,5.340488642294858],[100.48885702097708,5.340897821310725],[100.48916058913201,5.341291721335758],[100.48948444628913,5.341669262747805],[100.48982770477845,5.342029410763288],[100.49018942375234,5.342371178272987],[100.49056861176423,5.342693628547436],[100.49096422948614,5.342995877803993],[100.49137519255737,5.343277097628937],[100.49180037455673,5.343536517247728],[100.4922386100899,5.343773425637343],[100.49268869798375,5.343987173474819],[100.49314940457865,5.344177174916705],[100.49361946710984,5.3443429092046],[100.49409759716862,5.344483922092192],[100.4945824842337,5.344599827090144],[100.49507279926335,5.344690306525251],[100.49556719833816,5.344755112410989],[100.49606432634467,5.344794067127093],[100.49656282068948,5.344807063906337],[100.49706131503432,5.344794067127093],[100.49755844304079,5.344755112410989],[100.49805284211561,5.344690306525251],[100.49854315714528,5.344599827090144],[100.49902804421035,5.344483922092192],[100.49950617426913,5.3443429092046],[100.49997623680032,5.344177174916705],[100.50043694339521,5.343987173474819],[100.50088703128907,5.343773425637343],[100.50132526682225,5.343536517247728],[100.5017504488216,5.343277097628937],[100.50216141189283,5.342995877803993],[100.50255702961474,5.342693628547436],[100.50293621762661,5.342371178272987],[100.5032979366005,5.342029410763288],[100.50364119508984,5.341669262747805],[100.50396505224694,5.341291721335758],[100.50426862040189,5.340897821310725],[100.50455106749543,5.340488642294858],[100.50481161935974,5.340065305789991],[100.50504956184025,5.339628972103935],[100.50526424275319,5.339180837170591],[100.50545507367308,5.338722129272178],[100.50562153154563,5.338254105672877],[100.50576316012139,5.337778049173046],[100.50587957120625,5.337295264593311],[100.50597044572558,5.336807075198357],[100.50603553459858,5.336314819070147],[100.5060746594212,5.33581984544037],[100.506087712955,5.335323510992436]],[[100.460333503146,5.351503580429398],[100.4603230868057,5.351107530149051],[100.46029186633527,5.350712565159633],[100.4602399273078,5.350319768035866],[100.4601674120846,5.349930215412608],[100.46007451942484,5.349544975033745],[100.45996150394085,5.34916510282553],[100.45982867540022,5.34879164000227],[100.45967639787673,5.348425610212244],[100.45950508875251,5.348068016731949],[100.45931521757393,5.347719839715873],[100.45910730476473,5.347382033509894],[100.45888192019946,5.347055524035295],[100.4586396816415,5.346741206250638],[100.45838125304996,5.346439941698542],[100.45810734275963,5.346152556144081],[100.45781870153958,5.345879837311159],[100.45751612053529,5.345622532723243],[100.45720042910031,5.345381347654184],[100.45687249252289,5.345156943194907],[100.45653320965442,5.344949934441228],[100.45618351044563,5.344760888807651],[100.45582435339776,5.344590324471976],[100.45545672293531,5.344438708954827],[100.45508162670784,5.344306457837999],[100.45470009282802,5.344193933625263],[100.4543131670537,5.344101444748634],[100.45392190992152,5.344029244722794],[100.45352739384009,5.343977531450216],[100.45313070015058,5.343946446678566],[100.4527329161628,5.343936075612219],[100.45233513217504,5.343946446678566],[100.45193843848553,5.343977531450216],[100.4515439224041,5.344029244722794],[100.45115266527193,5.344101444748634],[100.45076573949761,5.344193933625263],[100.45038420561778,5.344306457837999],[100.45000910939031,5.344438708954827],[100.44964147892786,5.344590324471976],[100.44928232188,5.344760888807651],[100.44893262267121,5.344949934441228],[100.44859333980274,5.345156943194907],[100.44826540322532,5.345381347654184],[100.44794971179034,5.345622532723243],[100.44764713078605,5.345879837311159],[100.447358489566,5.346152556144081],[100.44708457927567,5.346439941698542],[100.44682615068413,5.346741206250638],[100.44658391212617,5.347055524035295],[100.44635852756089,5.347382033509894],[100.4461506147517,5.347719839715873],[100.44596074357311,5.348068016731949],[100.4457894344489,5.348425610212244],[100.44563715692541,5.34879164000227],[100.44550432838479,5.34916510282553],[100.44539131290078,5.349544975033745],[100.44529842024102,5.349930215412608],[100.44522590501784,5.350319768035866],[100.44517396599036,5.350712565159633],[100.44514274551992,5.351107530149051],[100.44513232917963,5.351503580429398],[100.44514274551992,5.351899630453278],[100.44517396599036,5.352294594676182],[100.44522590501784,5.352687390531734],[100.44529842024102,5.353076941398982],[100.44539131290078,5.353462179553289],[100.44550432838479,5.353842049092764],[100.44563715692541,5.354215508832362],[100.4457894344489,5.354581535157556],[100.44596074357311,5.354939124829849],[100.4461506147517,5.355287297736431],[100.44635852756089,5.355625099576476],[100.44658391212617,5.355951604476521],[100.44682615068413,5.356265917528145],[100.44708457927567,5.356567177240568],[100.447358489566,5.356854557901746],[100.44764713078605,5.357127271841383],[100.44794971179034,5.357384571589615],[100.44826540322532,5.35762575192564],[100.44859333980274,5.357850151810363],[100.44893262267121,5.358057156198121],[100.44928232188,5.358246197722218],[100.44964147892786,5.358416758249866],[100.45000910939031,5.358568370302195],[100.45038420561778,5.358700618335347],[100.45076573949761,5.358813139879343],[100.45115266527193,5.358905626531429],[100.4515439224041,5.35897782480126],[100.45193843848553,5.359029536805635],[100.45233513217504,5.359060620810746],[100.4527329161628,5.359070991620651],[100.45313070015058,5.359060620810746],[100.45352739384009,5.359029536805635],[100.45392190992152,5.35897782480126],[100.4543131670537,5.358905626531429],[100.45470009282802,5.358813139879343],[100.45508162670784,5.358700618335347],[100.45545672293531,5.358568370302195],[100.45582435339776,5.358416758249866],[100.45618351044563,5.358246197722218],[100.45653320965442,5.358057156198121],[100.45687249252289,5.357850151810363],[100.45720042910031,5.35762575192564],[100.45751612053529,5.357384571589615],[100.45781870153958,5.357127271841383],[100.45810734275963,5.356854557901746],[100.45838125304996,5.356567177240568],[100.4586396816415,5.356265917528145],[100.45888192019946,5.355951604476521],[100.45910730476473,5.355625099576476],[100.45931521757393,5.355287297736431],[100.45950508875251,5.354939124829849],[100.45967639787673,5.354581535157556],[100.45982867540022,5.354215508832362],[100.45996150394085,5.353842049092764],[100.46007451942484,5.353462179553289],[100.4601674120846,5.353076941398982],[100.4602399273078,5.352687390531734],[100.46029186633527,5.352294594676182],[100.4603230868057,5.351899630453278],[100.460333503146,5.351503580429398]],[[100.39244511749365,5.377964740147477],[100.39243726129872,5.377666044738984],[100.3924137142472,5.377368167887865],[100.39237454087996,5.377071926055662],[100.39231984856842,5.376778131223647],[100.39224978722042,5.376487588667148],[100.39216454886932,5.376201094748355],[100.3920643671474,5.37591943473346],[100.39194951664587,5.375643380640204],[100.39182031216194,5.375373689121847],[100.39167710783614,5.375111099393011],[100.39152029618157,5.374856331203563],[100.39135030700807,5.374610082865618],[100.39116760624412,5.374373029339521],[100.39097269465988,5.37414582038361],[100.39076610649438,5.37392907877319],[100.39054840799149,5.373723398593459],[100.39032019584764,5.373529343610965],[100.39008209557645,5.373347445728276],[100.38983475979421,5.373178203525939],[100.38957886643114,5.373022080895843],[100.38931511687312,5.372879505769471],[100.38904423403939,5.372750868944974],[100.38876696040094,5.372636523015908],[100.38848405594557,5.372536781404627],[100.38819629609469,5.37245191750319],[100.38790446957807,5.372382163923906],[100.38760937627191,5.37232771186171],[100.38731182500645,5.372288710570047],[100.38701263134902,5.372265266951711],[100.38671261536865,5.372257445265839],[100.38641259938827,5.372265266951711],[100.38611340573082,5.372288710570047],[100.38581585446538,5.37232771186171],[100.38552076115921,5.372382163923906],[100.3852289346426,5.37245191750319],[100.38494117479172,5.372536781404627],[100.38465827033633,5.372636523015908],[100.3843809966979,5.372750868944974],[100.38411011386415,5.372879505769471],[100.38384636430615,5.373022080895843],[100.38359047094306,5.373178203525939],[100.38334313516083,5.373347445728276],[100.38310503488964,5.373529343610965],[100.3828768227458,5.373723398593459],[100.38265912424289,5.37392907877319],[100.38245253607741,5.37414582038361],[100.38225762449315,5.374373029339521],[100.38207492372922,5.374610082865618],[100.38190493455572,5.374856331203563],[100.38174812290113,5.375111099393011],[100.38160491857535,5.375373689121847],[100.38147571409141,5.375643380640204],[100.38136086358988,5.37591943473346],[100.38126068186797,5.376201094748355],[100.38117544351685,5.376487588667148],[100.38110538216887,5.376778131223647],[100.38105068985733,5.377071926055662],[100.38101151649008,5.377368167887865],[100.38098796943856,5.377666044738984],[100.38098011324364,5.377964740147477],[100.38098796943856,5.378263435409385],[100.38101151649008,5.378561311822337],[100.38105068985733,5.378857552929603],[100.38110538216887,5.379151346757848],[100.38117544351685,5.379441888042723],[100.38126068186797,5.379728380436007],[100.38136086358988,5.380010038688201],[100.38147571409141,5.380286090800862],[100.38160491857535,5.380555780142472],[100.38174812290113,5.380818367522227],[100.38190493455572,5.381073133216009],[100.38207492372922,5.381319378939015],[100.38225762449315,5.381556429759593],[100.38245253607741,5.381783635949018],[100.38265912424289,5.382000374762306],[100.3828768227458,5.382206052144918],[100.38310503488964,5.38240010436094],[100.38334313516083,5.382581999538109],[100.38359047094306,5.382751239125509],[100.38384636430615,5.382907359259938],[100.38411011386415,5.383049932037228],[100.3843809966979,5.383178566684954],[100.38465827033633,5.38329291063345],[100.38494117479172,5.38339265048203],[100.3852289346426,5.383477512857958],[100.38552076115921,5.383547265165618],[100.38581585446538,5.383601716224031],[100.38611340573082,5.383640716790756],[100.38641259938827,5.383664159970927],[100.38671261536865,5.383671981510213],[100.38701263134902,5.383664159970927],[100.38731182500645,5.383640716790756],[100.38760937627191,5.383601716224031],[100.38790446957807,5.383547265165618],[100.38819629609469,5.383477512857958],[100.38848405594557,5.38339265048203],[100.38876696040094,5.38329291063345],[100.38904423403939,5.383178566684954],[100.38931511687312,5.383049932037228],[100.38957886643114,5.382907359259938],[100.38983475979421,5.382751239125509],[100.39008209557645,5.382581999538109],[100.39032019584764,5.38240010436094],[100.39054840799149,5.382206052144918],[100.39076610649438,5.382000374762306],[100.39097269465988,5.381783635949018],[100.39116760624412,5.381556429759593],[100.39135030700807,5.381319378939015],[100.39152029618157,5.381073133216009],[100.39167710783614,5.380818367522227],[100.39182031216194,5.380555780142472],[100.39194951664587,5.380286090800862],[100.3920643671474,5.380010038688201],[100.39216454886932,5.379728380436007],[100.39224978722042,5.379441888042723],[100.39231984856842,5.379151346757848],[100.39237454087996,5.378857552929603],[100.3924137142472,5.378561311822337],[100.39243726129872,5.378263435409385],[100.39244511749365,5.377964740147477]],[[100.43796611188426,5.322486654728436],[100.43795634756891,5.322115378195716],[100.43792708138616,5.321745119082974],[100.43787839355257,5.32137689224745],[100.43781041751815,5.32101170697787],[100.43772333960044,5.320650564228021],[100.43761739847395,5.320294453873045],[100.43749288451599,5.319944351996281],[100.43735013901063,5.319601218213696],[100.43718955321341,5.319265993043616],[100.43701156727882,5.31893959532857],[100.43681666905393,5.318622919716796],[100.43660539274123,5.318316834209782],[100.4363783174344,5.318022177783035],[100.4361360655311,5.317739758086369],[100.43587930102693,5.317470349229887],[100.43560872769557,5.317214689662077],[100.43532508715968,5.316973480145633],[100.43502915685829,5.316747381836403],[100.43472174791576,5.316537014471138],[100.43440370291866,5.316342954668564],[100.43407589360619,5.316165734348768],[100.43373921848091,5.316005839275079],[100.43339460034593,5.315863707722412],[100.43304298377562,5.315739729275931],[100.43268533252655,5.315634243762966],[100.4323226268959,5.315547540321548],[100.43195586103464,5.315479856607799],[100.43158604022247,5.315431378144313],[100.43121417811253,5.315402237811778],[100.43084129395304,5.315392515484556],[100.43046840979356,5.315402237811778],[100.43009654768363,5.315431378144313],[100.42972672687146,5.315479856607799],[100.42935996101019,5.315547540321548],[100.42899725537956,5.315634243762966],[100.42863960413045,5.315739729275931],[100.42828798756015,5.315863707722412],[100.42794336942518,5.316005839275079],[100.4276066942999,5.316165734348768],[100.42727888498742,5.316342954668564],[100.42696083999031,5.316537014471138],[100.4266534310478,5.316747381836403],[100.4263575007464,5.316973480145633],[100.42607386021052,5.317214689662077],[100.42580328687914,5.317470349229887],[100.42554652237499,5.317739758086369],[100.42530427047167,5.318022177783035],[100.42507719516486,5.318316834209782],[100.42486591885215,5.318622919716796],[100.42467102062726,5.31893959532857],[100.42449303469267,5.319265993043616],[100.42433244889544,5.319601218213696],[100.42418970339008,5.319944351996281],[100.42406518943213,5.320294453873045],[100.42395924830565,5.320650564228021],[100.42387217038794,5.32101170697787],[100.42380419435351,5.32137689224745],[100.42375550651992,5.321745119082974],[100.42372624033717,5.322115378195716],[100.42371647602181,5.322486654728436],[100.42372624033717,5.322857931037015],[100.42375550651992,5.323228189479805],[100.42380419435351,5.323596415206892],[100.42387217038794,5.323961598941677],[100.42395924830565,5.32432273974724],[100.42406518943213,5.324678847769699],[100.42418970339008,5.325028946951299],[100.42433244889544,5.325372077705551],[100.42449303469267,5.325707299547384],[100.42467102062726,5.326033693670656],[100.42486591885215,5.32635036546654],[100.42507719516486,5.326656446975329],[100.42530427047167,5.32695109926532],[100.42554652237499,5.327233514732038],[100.42580328687914,5.327502919311705],[100.42607386021052,5.3277585746027],[100.4263575007464,5.327999779889196],[100.4266534310478,5.32822587406167],[100.42696083999031,5.32843623742871],[100.42727888498742,5.328630293415382],[100.4276066942999,5.328807510143429],[100.42794336942518,5.328967401888845],[100.42828798756015,5.329109530413204],[100.42863960413045,5.329233506164509],[100.42899725537956,5.329338989344957],[100.42935996101019,5.329425690842077],[100.42972672687146,5.329493373021055],[100.43009654768363,5.329541850376105],[100.43046840979356,5.329570990038676],[100.43084129395304,5.329580712141758],[100.43121417811253,5.329570990038676],[100.43158604022247,5.329541850376105],[100.43195586103464,5.329493373021055],[100.4323226268959,5.329425690842077],[100.43268533252655,5.329338989344957],[100.43304298377562,5.329233506164509],[100.43339460034593,5.329109530413204],[100.43373921848091,5.328967401888845],[100.43407589360619,5.328807510143429],[100.43440370291866,5.328630293415382],[100.43472174791576,5.32843623742871],[100.43502915685829,5.32822587406167],[100.43532508715968,5.327999779889196],[100.43560872769557,5.3277585746027],[100.43587930102693,5.327502919311705],[100.4361360655311,5.327233514732038],[100.4363783174344,5.32695109926532],[100.43660539274123,5.326656446975329],[100.43681666905393,5.32635036546654],[100.43701156727882,5.326033693670656],[100.43718955321341,5.325707299547384],[100.43735013901063,5.325372077705551],[100.43749288451599,5.325028946951299],[100.43761739847395,5.324678847769699],[100.43772333960044,5.32432273974724],[100.43781041751815,5.323961598941677],[100.43787839355257,5.323596415206892],[100.43792708138616,5.323228189479805],[100.43795634756891,5.322857931037015],[100.43796611188426,5.322486654728436]],[[100.4637716360862,5.250069883363514],[100.46376100566805,5.24966562701543],[100.46372914355081,5.249262478444912],[100.46367613706637,5.248861542657377],[100.46360213150179,5.248463918595331],[100.46350732970119,5.24807069612605],[100.46339199150971,5.247682953054354],[100.46325643306132,5.247301752168263],[100.4631010259123,5.24692813832588],[100.46292619602285,5.24656313559131],[100.46273242258954,5.246207744427684],[100.46252023673186,5.245862938954718],[100.46229022003654,5.245529664278587],[100.46204300296334,5.245208833901197],[100.46177926311704,5.244901327216185],[100.46149972339028,5.244607987098315],[100.46120514998199,5.244329617592956],[100.4608963502974,5.244066981712146],[100.46057417073499,5.243820799342838],[100.46023949436655,5.243591745273672],[100.45989323851674,5.243380447345103],[100.45953635224876,5.243187484728376],[100.4591698137631,5.243013386337853],[100.45879462771624,5.242858629381069],[100.45841182246707,5.242723638050625],[100.45802244725817,5.2426087823613],[100.45762756933993,5.242514377135744],[100.45722827104524,5.242440681141442],[100.45682564682303,5.242387896381352],[100.45642080023823,5.242356167540166],[100.45601484094728,5.242345581587618],[100.4556088816563,5.242356167540166],[100.4552040350715,5.242387896381352],[100.4548014108493,5.242440681141442],[100.4544021125546,5.242514377135744],[100.45400723463636,5.2426087823613],[100.45361785942747,5.242723638050625],[100.4532350541783,5.242858629381069],[100.45285986813144,5.243013386337853],[100.45249332964578,5.243187484728376],[100.45213644337781,5.243380447345103],[100.451790187528,5.243591745273672],[100.45145551115955,5.243820799342838],[100.45113333159713,5.244066981712146],[100.45082453191256,5.244329617592956],[100.45052995850426,5.244607987098315],[100.4502504187775,5.244901327216185],[100.4499866789312,5.245208833901197],[100.449739461858,5.245529664278587],[100.44950944516268,5.245862938954718],[100.449297259305,5.246207744427684],[100.44910348587169,5.24656313559131],[100.44892865598224,5.24692813832588],[100.44877324883322,5.247301752168263],[100.44863769038483,5.247682953054354],[100.44852235219335,5.24807069612605],[100.44842755039275,5.248463918595331],[100.44835354482817,5.248861542657377],[100.44830053834373,5.249262478444912],[100.44826867622649,5.24966562701543],[100.44825804580836,5.250069883363514],[100.44826867622649,5.250474139449508],[100.44830053834373,5.250877287236642],[100.44835354482817,5.251278221728025],[100.44842755039275,5.251675843995437],[100.44852235219335,5.252069064191206],[100.44863769038483,5.252456804535424],[100.44877324883322,5.252838002269967],[100.44892865598224,5.253211612571273],[100.44910348587169,5.253576611414015],[100.449297259305,5.253931998377718],[100.44950944516268,5.254276799388658],[100.449739461858,5.254610069389565],[100.4499866789312,5.254930894929738],[100.4502504187775,5.255238396668554],[100.45052995850426,5.25553173178546],[100.45082453191256,5.255810096289818],[100.45113333159713,5.256072727224458],[100.45145551115955,5.25631890475655],[100.451790187528,5.25654795415049],[100.45213644337781,5.256759247617034],[100.45249332964578,5.256952206033826],[100.45285986813144,5.257126300532533],[100.4532350541783,5.257281053948228],[100.45361785942747,5.257416042127137],[100.45400723463636,5.257530895088996],[100.4544021125546,5.257625298041028],[100.4548014108493,5.257698992240682],[100.4552040350715,5.257751775704633],[100.4556088816563,5.257783503762436],[100.45601484094728,5.257794089452893],[100.45642080023823,5.257783503762436],[100.45682564682303,5.257751775704633],[100.45722827104524,5.257698992240682],[100.45762756933993,5.257625298041028],[100.45802244725817,5.257530895088996],[100.45841182246707,5.257416042127137],[100.45879462771624,5.257281053948228],[100.4591698137631,5.257126300532533],[100.45953635224876,5.256952206033826],[100.45989323851674,5.256759247617034],[100.46023949436655,5.25654795415049],[100.46057417073499,5.25631890475655],[100.4608963502974,5.256072727224458],[100.46120514998199,5.255810096289818],[100.46149972339028,5.25553173178546],[100.46177926311704,5.255238396668554],[100.46204300296334,5.254930894929738],[100.46229022003654,5.254610069389565],[100.46252023673186,5.254276799388658],[100.46273242258954,5.253931998377718],[100.46292619602285,5.253576611414015],[100.4631010259123,5.253211612571273],[100.46325643306132,5.252838002269967],[100.46339199150971,5.252456804535424],[100.46350732970119,5.252069064191206],[100.46360213150179,5.251675843995437],[100.46367613706637,5.251278221728025],[100.46372914355081,5.250877287236642],[100.46376100566805,5.250474139449508],[100.4637716360862,5.250069883363514]],[[100.4713746881375,5.18965668618243],[100.47136418535544,5.189257245141401],[100.4713327057967,5.188858898688647],[100.47128033574448,5.188462738667218],[100.47120721874154,5.188069850929359],[100.47111355519645,5.187681312360162],[100.47099960183449,5.187298187925883],[100.4708656709939,5.18692152775479],[100.47071212976982,5.186552364258724],[100.47053939900806,5.186191709303206],[100.47034795215163,5.185840551433842],[100.47013831394307,5.185499853166602],[100.46991105898613,5.185170548349427],[100.46966681017084,5.184853539602462],[100.46940623696624,5.184549695843808],[100.46913005358536,5.184259849907686],[100.46883901702768,5.183984796261494],[100.46853392500412,5.183725288827931],[100.46821561375074,5.183482038918449],[100.46788495573658,5.183255713283295],[100.46754285727225,5.183046932283811],[100.46719025602586,5.182856268191868],[100.46682811845292,5.182684243621148],[100.46645743714738,5.182531330094406],[100.46607922812086,5.182397946751038],[100.46569452801808,5.182284459197983],[100.46530439127525,5.182191178507533],[100.46490988723005,5.182118360364592],[100.46451209719069,5.182066204365711],[100.46411211147199,5.182034853471988],[100.46371102640698,5.182024393617161],[100.46330994134199,5.182034853471988],[100.46290995562329,5.182066204365711],[100.46251216558393,5.182118360364592],[100.46211766153874,5.182191178507533],[100.46172752479592,5.182284459197983],[100.46134282469313,5.182397946751038],[100.46096461566661,5.182531330094406],[100.46059393436106,5.182684243621148],[100.46023179678812,5.182856268191868],[100.45987919554173,5.183046932283811],[100.4595370970774,5.183255713283295],[100.45920643906324,5.183482038918449],[100.45888812780987,5.183725288827931],[100.45858303578632,5.183984796261494],[100.45829199922862,5.184259849907686],[100.45801581584774,5.184549695843808],[100.45775524264316,5.184853539602462],[100.45751099382787,5.185170548349427],[100.45728373887091,5.185499853166602],[100.45707410066235,5.185840551433842],[100.45688265380593,5.186191709303206],[100.45670992304417,5.186552364258724],[100.45655638182008,5.18692152775479],[100.4564224509795,5.187298187925883],[100.45630849761754,5.187681312360162],[100.45621483407245,5.188069850929359],[100.4561417170695,5.188462738667218],[100.4560893470173,5.188858898688647],[100.45605786745854,5.189257245141401],[100.4560473646765,5.18965668618243],[100.45605786745854,5.190056126970517],[100.4560893470173,5.190454472667279],[100.4561417170695,5.19085063143791],[100.45621483407245,5.191243517443893],[100.45630849761754,5.191632053819093],[100.4564224509795,5.19201517562131],[100.45655638182008,5.192391832751105],[100.45670992304417,5.192760992829945],[100.45688265380593,5.193121644029762],[100.45707410066235,5.193472797846095],[100.45728373887091,5.193813491807385],[100.45751099382787,5.194142792112868],[100.45775524264316,5.194459796191821],[100.45801581584774,5.19476363517729],[100.45829199922862,5.195053476287352],[100.45858303578632,5.195328525107485],[100.45888812780987,5.195588027767863],[100.45920643906324,5.195831273009321],[100.4595370970774,5.196057594132781],[100.45987919554173,5.196266370826316],[100.46023179678812,5.196457030865227],[100.46059393436106,5.196629051680259],[100.46096461566661,5.196781961789775],[100.46134282469313,5.196915342091833],[100.46172752479592,5.197028827012827],[100.46211766153874,5.19712210550928],[100.46251216558393,5.197194921920344],[100.46290995562329,5.19724707666844],[100.46330994134199,5.197278426806159],[100.46371102640698,5.197288886408067],[100.46411211147198,5.197278426806159],[100.46451209719069,5.19724707666844],[100.46490988723005,5.197194921920344],[100.46530439127525,5.19712210550928],[100.46569452801808,5.197028827012827],[100.46607922812086,5.196915342091833],[100.46645743714738,5.196781961789775],[100.46682811845292,5.196629051680259],[100.46719025602586,5.196457030865227],[100.46754285727225,5.196266370826316],[100.46788495573658,5.196057594132781],[100.46821561375074,5.195831273009321],[100.46853392500412,5.195588027767863],[100.46883901702768,5.195328525107485],[100.46913005358536,5.195053476287352],[100.46940623696624,5.19476363517729],[100.46966681017084,5.194459796191821],[100.46991105898613,5.194142792112868],[100.47013831394307,5.193813491807385],[100.47034795215163,5.193472797846095],[100.47053939900806,5.193121644029762],[100.47071212976982,5.192760992829945],[100.4708656709939,5.192391832751105],[100.47099960183449,5.19201517562131],[100.47111355519645,5.191632053819093],[100.47120721874154,5.191243517443893],[100.47128033574448,5.19085063143791],[100.4713327057967,5.190454472667279],[100.47136418535544,5.190056126970517],[100.4713746881375,5.18965668618243]],[[100.52607027066942,5.219170865945508],[100.52605951160822,5.218761697309215],[100.52602726391444,5.218353649909933],[100.52597361597681,5.217947842180491],[100.52589871484055,5.217545386417133],[100.52580276580451,5.217147385730646],[100.5256860318583,5.216754931022775],[100.52554883296156,5.21636909799602],[100.52539154516693,5.215990944205075],[100.5252145995893,5.21562150615802],[100.52501848122427,5.215261796475147],[100.52480372761855,5.214912801113281],[100.52457092739692,5.214575476663081],[100.52432071864855,5.214250747726999],[100.5240537871783,5.213939504384698],[100.5237708646267,5.213642599753207],[100.52347272646485,5.213360847648417],[100.52316018986869,5.213095020354143],[100.52283411147936,5.212845846505211],[100.52249538505498,5.212614009090037],[100.52214493902122,5.212400143578386],[100.52178373392621,5.21220483617941],[100.5214127598081,5.21202862223467],[100.5210330334811,5.211871984750593],[100.5206455957487,5.211735353074415],[100.5202515085508,5.211619101717265],[100.51985185205301,5.211523549327389],[100.51944772168599,5.211448957816772],[100.519040225143,5.211395531643037],[100.51863047934377,5.211363417249032],[100.518219607373,5.211352702661342],[100.51780873540223,5.211363417249032],[100.517398989603,5.211395531643037],[100.51699149306,5.211448957816772],[100.516587362693,5.211523549327389],[100.5161877061952,5.211619101717265],[100.5157936189973,5.211735353074415],[100.5154061812649,5.211871984750593],[100.5150264549379,5.21202862223467],[100.51465548081977,5.21220483617941],[100.5142942757248,5.212400143578386],[100.51394382969102,5.212614009090037],[100.51360510326666,5.212845846505211],[100.51327902487732,5.213095020354143],[100.51296648828117,5.213360847648417],[100.5126683501193,5.213642599753207],[100.51238542756771,5.213939504384698],[100.51211849609743,5.214250747726999],[100.51186828734909,5.214575476663081],[100.51163548712744,5.214912801113281],[100.51142073352175,5.215261796475147],[100.51122461515669,5.21562150615802],[100.51104766957909,5.215990944205075],[100.51089038178445,5.21636909799602],[100.5107531828877,5.216754931022775],[100.5106364489415,5.217147385730646],[100.51054049990546,5.217545386417133],[100.51046559876919,5.217947842180491],[100.51041195083155,5.218353649909933],[100.51037970313779,5.218761697309215],[100.51036894407659,5.219170865945508],[100.51037970313779,5.219580034314877],[100.51041195083155,5.219988080916361],[100.51046559876919,5.220393887325847],[100.51054049990546,5.220796341261557],[100.5106364489415,5.221194339632715],[100.5107531828877,5.221586791562968],[100.51089038178445,5.221972621380253],[100.51104766957909,5.222350771564995],[100.51122461515669,5.222720205648659],[100.51142073352175,5.223079911054373],[100.51163548712744,5.223428901872181],[100.51186828734909,5.223766221561179],[100.51211849609743,5.224090945571104],[100.51238542756771,5.22440218387627],[100.5126683501193,5.224699083414816],[100.51296648828117,5.224980830426686],[100.51327902487732,5.225246652683801],[100.51360510326666,5.225495821606589],[100.51394382969102,5.225727654260573],[100.5142942757248,5.225941515228153],[100.51465548081977,5.22613681834997],[100.5150264549379,5.226313028331319],[100.5154061812649,5.226469662209207],[100.5157936189973,5.226606290675887],[100.5161877061952,5.226722539255434],[100.516587362693,5.22681808932998],[100.51699149306,5.226892679012948],[100.517398989603,5.226946103866728],[100.51780873540223,5.226978217462936],[100.518219607373,5.2269889317837],[100.51863047934377,5.226978217462936],[100.519040225143,5.226946103866728],[100.51944772168599,5.226892679012948],[100.51985185205301,5.22681808932998],[100.5202515085508,5.226722539255434],[100.5206455957487,5.226606290675887],[100.5210330334811,5.226469662209207],[100.5214127598081,5.226313028331319],[100.52178373392621,5.22613681834997],[100.52214493902122,5.225941515228153],[100.52249538505498,5.225727654260573],[100.52283411147936,5.225495821606589],[100.52316018986869,5.225246652683801],[100.52347272646485,5.224980830426686],[100.5237708646267,5.224699083414816],[100.5240537871783,5.22440218387627],[100.52432071864855,5.224090945571104],[100.52457092739692,5.223766221561179],[100.52480372761855,5.223428901872181],[100.52501848122427,5.223079911054373],[100.5252145995893,5.222720205648659],[100.52539154516693,5.222350771564995],[100.52554883296156,5.221972621380253],[100.5256860318583,5.221586791562968],[100.52580276580451,5.221194339632715],[100.52589871484055,5.220796341261557],[100.52597361597681,5.220393887325847],[100.52602726391444,5.219988080916361],[100.52605951160822,5.219580034314877],[100.52607027066942,5.219170865945508]],[[100.45464128010661,5.145043035497029],[100.4546324118852,5.144705736213503],[100.45460583152808,5.144369361265807],[100.4545616118902,5.144034832636527],[100.45449987417452,5.143703067249008],[100.45442078759979,5.143374974454164],[100.45432456893684,5.1430514535379],[100.45421148191433,5.142733391256243],[100.45408183649593,5.142421659404611],[100.45393598803074,5.14211711242828],[100.45377433627922,5.14182058508024],[100.45359732431764,5.141532890133124],[100.45340543732344,5.14125481615128],[100.45319920124554,5.140987125329256],[100.45297918136269,5.140730551402546],[100.45274598073414,5.140485797636304],[100.45250023854655,5.140253534897589],[100.4522426283622,5.140034399816428],[100.45197385627267,5.139828993040701],[100.45169465896363,5.139637877589653],[100.45140580169547,5.139461577310525],[100.45110807620587,5.139300575442636],[100.4508022985397,5.139155313292655],[100.4504893068123,5.139026189024934],[100.45016995891226,5.138913556570035],[100.44984513014997,5.138817724654515],[100.44951571085844,5.13873895595461],[100.44918260395309,5.13867746637623],[100.4488467224568,5.13863342446305],[100.4485089869974,5.138606950934523],[100.4481703232843,5.138598118354943],[100.4478316595712,5.138606950934523],[100.44749392411178,5.13863342446305],[100.44715804261551,5.13867746637623],[100.44682493571015,5.13873895595461],[100.44649551641864,5.138817724654515],[100.44617068765633,5.138913556570035],[100.44585133975629,5.139026189024934],[100.44553834802889,5.139155313292655],[100.44523257036272,5.139300575442636],[100.44493484487312,5.139461577310525],[100.44464598760497,5.139637877589653],[100.44436679029592,5.139828993040701],[100.4440980182064,5.140034399816428],[100.44384040802204,5.140253534897589],[100.44359466583447,5.140485797636304],[100.4433614652059,5.140730551402546],[100.44314144532306,5.140987125329256],[100.44293520924516,5.14125481615128],[100.44274332225096,5.141532890133124],[100.44256631028937,5.14182058508024],[100.44240465853785,5.14211711242828],[100.44225881007266,5.142421659404611],[100.44212916465428,5.142733391256243],[100.44201607763176,5.1430514535379],[100.4419198589688,5.143374974454164],[100.44184077239409,5.143703067249008],[100.44177903467839,5.144034832636527],[100.44173481504052,5.144369361265807],[100.44170823468339,5.144705736213503],[100.44169936646199,5.145043035497029],[100.44170823468339,5.145380334601781],[100.44173481504052,5.145716709015056],[100.44177903467839,5.146051236760154],[100.44184077239409,5.146383000923425],[100.4419198589688,5.146711092167343],[100.44201607763176,5.147034611222995],[100.44212916465428,5.147352671354775],[100.44225881007266,5.14766440079079],[100.44240465853785,5.147968945112234],[100.44256631028937,5.148265469595191],[100.44274332225096,5.148553161498453],[100.44293520924516,5.148831232291004],[100.44314144532306,5.149098919813227],[100.4433614652059,5.149355490365789],[100.44359466583447,5.149600240720503],[100.44384040802204,5.149832500047705],[100.4440980182064,5.150051631754717],[100.44436679029592,5.150257035230644],[100.44464598760497,5.150448147492397],[100.44493484487312,5.150624444727658],[100.44523257036272,5.150785443730491],[100.44553834802889,5.150930703225587],[100.44585133975629,5.151059825077676],[100.44617068765633,5.151172455382686],[100.44649551641864,5.151268285437607],[100.44682493571015,5.151347052586584],[100.44715804261551,5.151408540940718],[100.44749392411178,5.151452581969717],[100.4478316595712,5.151479054963834],[100.4481703232843,5.151487887364616],[100.4485089869974,5.151479054963834],[100.4488467224568,5.151452581969717],[100.44918260395309,5.151408540940718],[100.44951571085844,5.151347052586584],[100.44984513014997,5.151268285437607],[100.45016995891226,5.151172455382686],[100.4504893068123,5.151059825077676],[100.4508022985397,5.150930703225587],[100.45110807620587,5.150785443730491],[100.45140580169547,5.150624444727658],[100.45169465896363,5.150448147492397],[100.45197385627267,5.150257035230644],[100.4522426283622,5.150051631754717],[100.45250023854655,5.149832500047705],[100.45274598073414,5.149600240720503],[100.45297918136269,5.149355490365789],[100.45319920124554,5.149098919813227],[100.45340543732344,5.148831232291004],[100.45359732431764,5.148553161498453],[100.45377433627922,5.148265469595191],[100.45393598803074,5.147968945112234],[100.45408183649593,5.14766440079079],[100.45421148191433,5.147352671354775],[100.45432456893684,5.147034611222995],[100.45442078759979,5.146711092167343],[100.45449987417452,5.146383000923425],[100.4545616118902,5.146051236760154],[100.45460583152808,5.145716709015056],[100.4546324118852,5.145380334601781],[100.45464128010661,5.145043035497029]],[[100.27676192106287,5.461812091031997],[100.27675249566876,5.46145378382985],[100.27672424532078,5.461096458509488],[100.27667724745119,5.460741094477405],[100.27661163087787,5.460388665766083],[100.27652757545127,5.460040138364175],[100.27642531156152,5.459696467568698],[100.27630511950676,5.459358595366577],[100.27616732872512,5.459027447852631],[100.27601231689155,5.458703932691073],[100.2758405088827,5.458388936627532],[100.27565237561232,5.458083323058449],[100.27544843274072,5.457787929664334],[100.27522923926112,5.457503566113648],[100.27499539596757,5.457231011843377],[100.27474754380827,5.456971013922407],[100.27448636212884,5.456724285003756],[100.27421256681004,5.456491501371021],[100.27392690830584,5.456273301084562],[100.27363016958631,5.456070282232434],[100.27332316399169,5.45588300129087],[100.27300673300297,5.455711971598876],[100.27268174393548,5.455557661951053],[100.27234908756168,5.455420495312473],[100.27200967566957,5.455300847659241],[100.27166443856353,5.455199046947814],[100.27131432251448,5.455115372216016],[100.27096028716618,5.455050052818109],[100.27060330290493,5.455003267796029],[100.27024434819974,5.454975145388619],[100.26988440692053,5.454965762680072],[100.26952446564131,5.454975145388619],[100.26916551093612,5.455003267796029],[100.26880852667486,5.455050052818109],[100.26845449132657,5.455115372216016],[100.26810437527752,5.455199046947814],[100.26775913817148,5.455300847659241],[100.26741972627936,5.455420495312473],[100.26708706990557,5.455557661951053],[100.26676208083808,5.455711971598876],[100.26644564984936,5.45588300129087],[100.26613864425474,5.456070282232434],[100.26584190553521,5.456273301084562],[100.26555624703101,5.456491501371021],[100.26528245171221,5.456724285003756],[100.26502127003276,5.456971013922407],[100.26477341787349,5.457231011843377],[100.26453957457993,5.457503566113648],[100.26432038110033,5.457787929664334],[100.26411643822871,5.458083323058449],[100.26392830495836,5.458388936627532],[100.2637564969495,5.458703932691073],[100.26360148511591,5.459027447852631],[100.26346369433428,5.459358595366577],[100.26334350227953,5.459696467568698],[100.26324123838978,5.460040138364175],[100.26315718296317,5.460388665766083],[100.26309156638986,5.460741094477405],[100.26304456852027,5.461096458509488],[100.26301631817229,5.46145378382985],[100.26300689277818,5.461812091031997],[100.26301631817229,5.462170398019902],[100.26304456852027,5.462527722699867],[100.26309156638986,5.462883085672405],[100.26315718296317,5.463235512916651],[100.26324123838978,5.463584038460046],[100.26334350227953,5.463927707025917],[100.26346369433428,5.464265576651762],[100.26360148511591,5.464596721270997],[100.2637564969495,5.464920233251123],[100.26392830495836,5.465235225881344],[100.26411643822871,5.465540835802891],[100.26432038110033,5.465836225375162],[100.26453957457993,5.466120584971591],[100.26477341787349,5.466393135198538],[100.26502127003276,5.466653129031376],[100.26528245171221,5.466899853861894],[100.26555624703101,5.467132633451278],[100.26584190553521,5.467350829783481],[100.26613864425474,5.467553844813791],[100.26644564984936,5.467741122107807],[100.26676208083808,5.467912148366493],[100.26708706990557,5.468066454832884],[100.26741972627936,5.468203618576739],[100.26775913817148,5.468323263653709],[100.26810437527752,5.468425062135517],[100.26845449132657,5.468508735008802],[100.26880852667486,5.468574052939647],[100.26916551093612,5.468620836902182],[100.26952446564131,5.468648958669193],[100.26988440692053,5.468658341163485],[100.27024434819974,5.468648958669193],[100.27060330290493,5.468620836902182],[100.27096028716618,5.468574052939647],[100.27131432251448,5.468508735008802],[100.27166443856353,5.468425062135517],[100.27200967566957,5.468323263653709],[100.27234908756168,5.468203618576739],[100.27268174393548,5.468066454832884],[100.27300673300297,5.467912148366493],[100.27332316399169,5.467741122107807],[100.27363016958631,5.467553844813791],[100.27392690830584,5.467350829783481],[100.27421256681004,5.467132633451278],[100.27448636212884,5.466899853861894],[100.27474754380827,5.466653129031376],[100.27499539596757,5.466393135198538],[100.27522923926112,5.466120584971591],[100.27544843274072,5.465836225375162],[100.27565237561232,5.465540835802891],[100.2758405088827,5.465235225881356],[100.27601231689155,5.464920233251123],[100.27616732872512,5.464596721270997],[100.27630511950676,5.464265576651762],[100.27642531156152,5.463927707025917],[100.27652757545127,5.463584038460046],[100.27661163087787,5.463235512916651],[100.27667724745119,5.462883085672405],[100.27672424532078,5.462527722699867],[100.27675249566876,5.462170398019902],[100.27676192106287,5.461812091031997]],[[100.26565617679263,5.418750746130827],[100.26564937052629,5.418491986807425],[100.2656289703828,5.41823393661495],[100.26559503227753,5.417977302852401],[100.26554764923247,5.417722788937358],[100.26548695112125,5.417471092477878],[100.26541310431317,5.417222903360416],[100.26532631121718,5.416978901858853],[100.26522680972717,5.416739756769794],[100.26511487256975,5.41650612357948],[100.26499080655694,5.416278642666997],[100.26485495174502,5.416057937549025],[100.26470768050262,5.415844613170675],[100.26454939648995,5.415639254247398],[100.2643805335525,5.415442423662109],[100.26420155453184,5.415254660922347],[100.26401294999704,5.415076480681429],[100.26381523689999,5.414908371327685],[100.26360895715855,5.414750793645767],[100.26339467617119,5.414604179553539],[100.26317298126718,5.414468930918155],[100.26294448009682,5.414345418454472],[100.26270979896597,5.41423398070886],[100.26246958111928,5.41413492313118],[100.26222448497717,5.414048517237535],[100.26197518233111,5.413974999865933],[100.26172235650237,5.413914572527107],[100.26146670046894,5.413867400852143],[100.26120891496626,5.413833614138453],[100.26094970656644,5.413813304995291],[100.26068978574172,5.413806529089997],[100.260429864917,5.413813304995291],[100.26017065651718,5.413833614138453],[100.25991287101449,5.413867400852143],[100.25965721498106,5.413914572527107],[100.25940438915232,5.413974999865933],[100.25915508650628,5.414048517237535],[100.25890999036416,5.41413492313118],[100.25866977251746,5.41423398070886],[100.2584350913866,5.414345418454472],[100.25820659021628,5.414468930918155],[100.25798489531225,5.414604179553539],[100.25777061432488,5.414750793645767],[100.25756433458346,5.414908371327685],[100.2573666214864,5.415076480681429],[100.2571780169516,5.415254660922347],[100.25699903793092,5.415442423662109],[100.25683017499348,5.415639254247398],[100.25667189098083,5.415844613170675],[100.25652461973843,5.416057937549025],[100.25638876492651,5.416278642666997],[100.25626469891368,5.41650612357948],[100.25615276175628,5.416739756769794],[100.25605326026626,5.416978901858853],[100.25596646717028,5.417222903360416],[100.25589262036219,5.417471092477878],[100.25583192225096,5.417722788937358],[100.2557845392059,5.417977302852401],[100.25575060110063,5.41823393661495],[100.25573020095713,5.418491986807425],[100.2557233946908,5.418750746130827],[100.25573020095713,5.419009505343379],[100.25575060110063,5.419267555204517],[100.2557845392059,5.419524188418865],[100.25583192225096,5.419778701574862],[100.25589262036219,5.420030397072747],[100.25596646717028,5.420278585036608],[100.25605326026626,5.420522585205239],[100.25615276175628,5.420761728796575],[100.25626469891368,5.420995360340825],[100.25638876492651,5.421222839476942],[100.25652461973843,5.421443542707689],[100.25667189098083,5.421656865108623],[100.25683017499348,5.421862221986002],[100.25699903793092,5.422059050479288],[100.2571780169516,5.422246811103853],[100.2573666214864,5.422424989229601],[100.25756433458346,5.42259309649133],[100.25777061432488,5.422750672127337],[100.25798489531225,5.422897284242163],[100.25820659021628,5.423032530990319],[100.2584350913866,5.423156041677637],[100.25866977251746,5.423267477777185],[100.25890999036416,5.423366533857142],[100.25915508650628,5.423452938417841],[100.25940438915232,5.423526454635857],[100.25965721498106,5.4235868810131],[100.25991287101449,5.423634051928992],[100.26017065651718,5.423667838094493],[100.260429864917,5.423688146906306],[100.26068978574172,5.423694922700752],[100.26094970656644,5.423688146906306],[100.26120891496626,5.423667838094493],[100.26146670046894,5.423634051928992],[100.26172235650237,5.4235868810131],[100.26197518233111,5.423526454635857],[100.26222448497717,5.423452938417841],[100.26246958111928,5.423366533857142],[100.26270979896597,5.423267477777185],[100.26294448009682,5.423156041677637],[100.26317298126718,5.423032530990319],[100.26339467617119,5.422897284242163],[100.26360895715855,5.422750672127337],[100.26381523689999,5.42259309649133],[100.26401294999704,5.422424989229601],[100.26420155453184,5.422246811103853],[100.2643805335525,5.422059050479288],[100.26454939648995,5.421862221986002],[100.26470768050262,5.421656865108623],[100.26485495174502,5.421443542707689],[100.26499080655694,5.421222839476942],[100.26511487256975,5.420995360340825],[100.26522680972717,5.420761728796575],[100.26532631121718,5.420522585205239],[100.26541310431317,5.420278585036608],[100.26548695112125,5.420030397072747],[100.26554764923247,5.419778701574862],[100.26559503227753,5.419524188418865],[100.2656289703828,5.419267555204517],[100.26564937052629,5.419009505343379],[100.26565617679263,5.418750746130827]],[[100.29801591589772,5.435004230029707],[100.29800731736485,5.434677341452863],[100.29798154533422,5.434351348678163],[100.29793867044518,5.434027145231354],[100.29787881021481,5.433705619735176],[100.29780212871583,5.433387653473637],[100.29770883612694,5.433074117976504],[100.2975991881566,5.432765872630377],[100.29747348534228,5.432463762323068],[100.29733207222668,5.432168615127815],[100.2971753364133,5.431881240033371],[100.29700370750413,5.431602424726595],[100.29681765592206,5.431332933433239],[100.29661769162155,5.431073504823224],[100.29640436269086,5.430824849985791],[100.29617825384973,5.430587650480299],[100.29593998484681,5.430362556468027],[100.29569020876086,5.430150184929892],[100.29542961021077,5.429951117975287],[100.29515890347908,5.429765901246331],[100.29487883055407,5.429595042422195],[100.29459015909619,5.429439009827432],[100.29429368033387,5.429298231148227],[100.29399020689472,5.429173092259945],[100.29368057057842,5.429063936169417],[100.29336562007651,5.428971062074678],[100.29304621864648,5.428894724544729],[100.29272324174546,5.428835132821749],[100.29239757463064,5.428792450247501],[100.29207010993296,5.428766793815546],[100.29174174521042,5.428758233850568],[100.29141338048787,5.428766793815546],[100.29108591579019,5.428792450247501],[100.29076024867538,5.428835132821749],[100.29043727177435,5.428894724544729],[100.29011787034432,5.428971062074678],[100.28980291984243,5.429063936169417],[100.28949328352611,5.429173092259945],[100.28918981008697,5.429298231148227],[100.28889333132463,5.429439009827432],[100.28860465986676,5.429595042422195],[100.28832458694176,5.429765901246331],[100.28805388021006,5.429951117975287],[100.28779328165997,5.430150184929892],[100.287543505574,5.430362556468027],[100.28730523657111,5.430587650480299],[100.28707912772997,5.430824849985791],[100.28686579879928,5.431073504823224],[100.28666583449878,5.431332933433239],[100.2864797829167,5.431602424726595],[100.28630815400753,5.431881240033371],[100.28615141819415,5.432168615127815],[100.28601000507855,5.432463762323068],[100.28588430226424,5.432765872630377],[100.2857746542939,5.433074117976504],[100.285681361705,5.433387653473637],[100.28560468020603,5.433705619735176],[100.28554481997566,5.434027145231354],[100.28550194508661,5.434351348678163],[100.28547617305598,5.434677341452863],[100.28546757452311,5.435004230029707],[100.28547617305598,5.435331118429115],[100.28550194508661,5.435657110673426],[100.28554481997566,5.435981313242708],[100.28560468020603,5.436302837523876],[100.285681361705,5.436620802246166],[100.2857746542939,5.43693433589672],[100.28588430226424,5.437242579109165],[100.28601000507855,5.437544687019049],[100.28615141819415,5.437839831579415],[100.28630815400753,5.438127203830367],[100.2864797829167,5.43840601611624],[100.28666583449878,5.43867550424432],[100.28686579879928,5.438934929579395],[100.28707912772997,5.439183581068111],[100.28730523657111,5.439420777187774],[100.287543505574,5.439645867814232],[100.28779328165997,5.439858236003649],[100.28805388021006,5.440057299683313],[100.28832458694176,5.440242513247007],[100.28860465986676,5.440413369050214],[100.28889333132463,5.440569398801498],[100.28918981008697,5.440710174845816],[100.28949328352611,5.440835311336685],[100.28980291984243,5.440944465293519],[100.29011787034432,5.44103733754168],[100.29043727177435,5.441113673532392],[100.29076024867538,5.441173264040336],[100.29108591579019,5.44121594573707],[100.29141338048787,5.441241601638636],[100.29174174521042,5.441250161426177],[100.29207010993296,5.441241601638636],[100.29239757463064,5.44121594573707],[100.29272324174546,5.441173264040336],[100.29304621864648,5.441113673532392],[100.29336562007651,5.44103733754168],[100.29368057057842,5.440944465293519],[100.29399020689472,5.440835311336685],[100.29429368033387,5.440710174845816],[100.29459015909619,5.440569398801498],[100.29487883055407,5.440413369050214],[100.29515890347908,5.440242513247007],[100.29542961021077,5.440057299683313],[100.29569020876086,5.439858236003649],[100.29593998484681,5.439645867814232],[100.29617825384973,5.439420777187774],[100.29640436269086,5.439183581068111],[100.29661769162155,5.438934929579395],[100.29681765592206,5.43867550424432],[100.29700370750413,5.43840601611624],[100.2971753364133,5.438127203830367],[100.29733207222668,5.437839831579415],[100.29747348534228,5.437544687019049],[100.2975991881566,5.437242579109165],[100.29770883612694,5.43693433589672],[100.29780212871583,5.436620802246166],[100.29787881021481,5.436302837523876],[100.29793867044518,5.435981313242708],[100.29798154533422,5.435657110673426],[100.29800731736485,5.435331118429115],[100.29801591589772,5.435004230029707]],[[100.31442682597869,5.431602688562384],[100.31441845387258,5.431284406207957],[100.31439336050161,5.43096699607592],[100.31435161464493,5.430651328167467],[100.31429333072509,5.4303382677098],[100.3142186684942,5.430028672784629],[100.3141278325963,5.429723391976105],[100.31402107200624,5.429423262044909],[100.3138986793474,5.429129105634614],[100.31376099008952,5.42884172901685],[100.31360838162932,5.428561919881186],[100.31344127225596,5.428290445176106],[100.3132601200046,5.42802804900663],[100.31306542140102,5.427775450594766],[100.31285771010052,5.427533342307919],[100.31263755542533,5.427302387761114],[100.31240556080412,5.427083219997897],[100.31216236211806,5.42687643975501],[100.31190862595781,5.426682613815773],[100.31164504779652,5.426502273456335],[100.31137235008367,5.426335912989409],[100.3110912802647,5.426183988409212],[100.31080260873244,5.426046916141506],[100.3105071267155,5.425925071902112],[100.31020564410957,5.425818789666916],[100.30989898725751,5.42572836075646],[100.30958799668444,5.425654033037258],[100.30927352479387,5.425596010242439],[100.30895643353143,5.425554451413132],[100.30863759202221,5.425529470462634],[100.30831787418865,5.425521135864052],[100.30799815635507,5.425529470462634],[100.30767931484584,5.425554451413132],[100.30736222358341,5.425596010242439],[100.30704775169283,5.425654033037258],[100.30673676111977,5.42572836075646],[100.30643010426769,5.425818789666916],[100.30612862166177,5.425925071902112],[100.30583313964485,5.426046916141506],[100.30554446811259,5.426183988409212],[100.30526339829362,5.426335912989409],[100.30499070058075,5.426502273456335],[100.30472712241946,5.426682613815773],[100.30447338625922,5.42687643975501],[100.30423018757314,5.427083219997897],[100.30399819295194,5.427302387761114],[100.30377803827676,5.427533342307919],[100.30357032697627,5.427775450594766],[100.30337562837266,5.42802804900663],[100.30319447612133,5.428290445176106],[100.30302736674794,5.428561919881186],[100.30287475828774,5.42884172901685],[100.30273706902987,5.429129105634614],[100.30261467637102,5.429423262044909],[100.30250791578098,5.429723391976105],[100.30241707988306,5.430028672784629],[100.30234241765218,5.4303382677098],[100.30228413373234,5.430651328167467],[100.30224238787567,5.43096699607592],[100.30221729450469,5.431284406207957],[100.30220892239859,5.431602688562384],[100.30221729450469,5.431920970748687],[100.30224238787567,5.432238380378208],[100.30228413373234,5.432554047455278],[100.30234241765218,5.432867106761762],[100.30241707988306,5.43317670022861],[100.30250791578098,5.4334819792876],[100.30261467637102,5.433782107197261],[100.30273706902987,5.434076261336131],[100.30287475828774,5.434363635457504],[100.30302736674794,5.434643441899136],[100.30319447612133,5.434914913742072],[100.30337562837266,5.435177306912642],[100.30357032697627,5.435429902221697],[100.30377803827676,5.435672007335826],[100.30399819295194,5.435902958674761],[100.30423018757314,5.436122123230122],[100.30447338625922,5.436328900300291],[100.30472712241946,5.436522723136719],[100.30499070058075,5.43670306049725],[100.30526339829362,5.436869418102034],[100.30554446811259,5.437021339988198],[100.30583313964485,5.437158409759499],[100.30612862166177,5.437280251727494],[100.30643010426769,5.437386531941129],[100.30673676111977,5.437476959102065],[100.30704775169283,5.437551285362932],[100.30736222358341,5.437609307006594],[100.30767931484584,5.437650865004503],[100.30799815635507,5.437675845452485],[100.30831787418865,5.437684179882944],[100.30863759202221,5.437675845452485],[100.30895643353143,5.437650865004503],[100.30927352479387,5.437609307006594],[100.30958799668444,5.437551285362932],[100.30989898725751,5.437476959102065],[100.31020564410957,5.437386531941129],[100.3105071267155,5.437280251727494],[100.31080260873244,5.437158409759499],[100.3110912802647,5.437021339988198],[100.31137235008367,5.436869418102034],[100.31164504779652,5.43670306049725],[100.31190862595781,5.436522723136719],[100.31216236211806,5.436328900300291],[100.31240556080412,5.436122123230122],[100.31263755542533,5.435902958674761],[100.31285771010052,5.435672007335826],[100.31306542140102,5.435429902221697],[100.3132601200046,5.435177306912642],[100.31344127225596,5.434914913742072],[100.31360838162932,5.434643441899136],[100.31376099008952,5.434363635457504],[100.3138986793474,5.434076261336131],[100.31402107200624,5.433782107197261],[100.3141278325963,5.4334819792876],[100.3142186684942,5.43317670022861],[100.31429333072509,5.432867106761762],[100.31435161464493,5.432554047455278],[100.31439336050161,5.432238380378208],[100.31441845387258,5.431920970748687],[100.31442682597869,5.431602688562384]],[[100.33546646267328,5.422689382777189],[100.33545970216912,5.422432364907587],[100.33543943918667,5.422176051397138],[100.33540572926537,5.421921144784657],[100.3353586648018,5.421668343753713],[100.33529837479634,5.421418341217428],[100.33522502449972,5.421171822419273],[100.33513881496,5.420929463054835],[100.33503998247157,5.420691927419686],[100.33492879792736,5.420459866588587],[100.33480556607651,5.420233916630782],[100.33467062468895,5.420014696866641],[100.33452434362964,5.419802808169937],[100.33436712384479,5.419598831320871],[100.33419939626292,5.419403325414113],[100.33402162061367,5.419216826326246],[100.33383428416772,5.419039845246895],[100.33363790040126,5.418872867277428],[100.33343300758854,5.418716350101382],[100.33322016732653,5.418570722729718],[100.33299996299559,5.418436384324976],[100.33277299816045,5.418313703107008],[100.33253989491597,5.418203015343721],[100.33230129218197,5.418104624429246],[100.33205784395193,5.418018800052316],[100.33181021750052,5.417945777456972],[100.33155909155465,5.417885756797761],[100.33130515443307,5.41783890259102],[100.33104910215978,5.417805343263976],[100.33079163655627,5.417785170802594],[100.33053346331785,5.417778440499545],[100.33027529007944,5.417785170802594],[100.33001782447595,5.417805343263976],[100.32976177220264,5.41783890259102],[100.32950783508107,5.417885756797761],[100.3292567091352,5.417945777456972],[100.32900908268378,5.418018800052316],[100.32876563445373,5.418104624429246],[100.32852703171974,5.418203015343721],[100.32829392847528,5.418313703107008],[100.32806696364014,5.418436384324976],[100.32784675930918,5.418570722729718],[100.32763391904716,5.418716350101382],[100.32742902623446,5.418872867277428],[100.32723264246799,5.419039845246895],[100.32704530602204,5.419216826326246],[100.32686753037278,5.419403325414113],[100.32669980279091,5.419598831320871],[100.32654258300607,5.419802808169937],[100.32639630194676,5.420014696866641],[100.3262613605592,5.420233916630782],[100.32613812870835,5.420459866588587],[100.32602694416414,5.420691927419686],[100.3259281116757,5.420929463054835],[100.325841902136,5.421171822419273],[100.32576855183939,5.421418341217428],[100.32570826183391,5.421668343753713],[100.32566119737034,5.421921144784657],[100.32562748744904,5.422176051397138],[100.3256072244666,5.422432364907587],[100.32560046396242,5.422689382777189],[100.3256072244666,5.422946400537328],[100.32562748744904,5.423202713720652],[100.32566119737034,5.423457619791891],[100.32570826183391,5.42371042007342],[100.32576855183939,5.423960421660323],[100.325841902136,5.424206939319521],[100.3259281116757,5.424449297367922],[100.32602694416414,5.424686831524367],[100.32613812870835,5.424918890730318],[100.3262613605592,5.425144838934288],[100.32639630194676,5.425364056835159],[100.32654258300607,5.425575943579561],[100.32669980279091,5.425779918408683],[100.32686753037278,5.425975422249988],[100.32704530602204,5.426161919249516],[100.32723264246799,5.426338898240552],[100.32742902623446,5.426505874144555],[100.32763391904716,5.426662389300657],[100.32784675930918,5.426808014720019],[100.32806696364014,5.426942351261503],[100.32829392847528,5.427065030725638],[100.32852703171974,5.42717571686375],[100.32876563445373,5.427274106299522],[100.32900908268378,5.427359929360427],[100.3292567091352,5.427432950816814],[100.32950783508107,5.427492970526643],[100.32976177220264,5.427539823983968],[100.33001782447595,5.427573382769784],[100.33027529007944,5.427593554904027],[100.33053346331785,5.427600285097613],[100.33079163655627,5.427593554904027],[100.33104910215978,5.427573382769784],[100.33130515443307,5.427539823983968],[100.33155909155465,5.427492970526643],[100.33181021750052,5.427432950816814],[100.33205784395193,5.427359929360427],[100.33230129218197,5.427274106299522],[100.33253989491597,5.42717571686375],[100.33277299816045,5.427065030725638],[100.33299996299559,5.426942351261503],[100.33322016732653,5.426808014720019],[100.33343300758854,5.426662389300657],[100.33363790040126,5.426505874144555],[100.33383428416772,5.426338898240552],[100.33402162061367,5.426161919249516],[100.33419939626292,5.425975422249988],[100.33436712384479,5.425779918408683],[100.33452434362964,5.425575943579561],[100.33467062468895,5.425364056835159],[100.33480556607651,5.425144838934288],[100.33492879792736,5.424918890730318],[100.33503998247157,5.424686831524367],[100.33513881496,5.424449297367922],[100.33522502449972,5.424206939319521],[100.33529837479634,5.423960421660323],[100.3353586648018,5.42371042007342],[100.33540572926537,5.423457619791891],[100.33543943918667,5.423202713720652],[100.33545970216912,5.422946400537328],[100.33546646267328,5.422689382777189]],[[100.34060860036304,5.409208671777274],[100.34060053799136,5.408902153232665],[100.34057637297475,5.408596474679456],[100.3405361715478,5.40829247396324],[100.34048004389986,5.407990984331979],[100.34040814387288,5.4076928321522],[100.34032066853987,5.407398834643842],[100.34021785766461,5.407109797640266],[100.34009999304457,5.40682651337949],[100.33996739773852,5.406549758332605],[100.33982043518091,5.406280291075426],[100.33965950818595,5.406018850209199],[100.33948505784332,5.405766152336033],[100.3392975623093,5.405522890094586],[100.33909753549608,5.40528973026153],[100.33888552566329,5.405067311923809],[100.33866211391512,5.404856244726773],[100.33842791260767,5.404657107203102],[100.33818356367043,5.404470445186944],[100.33792973684685,5.40429677031767],[100.3376671278586,5.404136558637395],[100.33739645649867,5.403990249286045],[100.33711846465846,5.403858243297607],[100.33683391429427,5.403740902500761],[100.33654358533886,5.403638548527102],[100.33624827356374,5.403551461929402],[100.33594878839791,5.403479881412614],[100.33564595070948,5.403424003179483],[100.33534059055539,5.403383980392737],[100.33503354490671,5.40335992275519],[100.33472565535413,5.403351896209066],[100.33441776580156,5.40335992275519],[100.33411072015288,5.403383980392737],[100.3338053599988,5.403424003179483],[100.33350252231035,5.403479881412614],[100.33320303714454,5.403551461929402],[100.33290772536941,5.403638548527102],[100.33261739641401,5.403740902500761],[100.33233284604981,5.403858243297607],[100.33205485420962,5.403990249286045],[100.33178418284967,5.404136558637395],[100.33152157386142,5.40429677031767],[100.33126774703784,5.404470445186944],[100.33102339810061,5.404657107203102],[100.33078919679315,5.404856244726773],[100.330565785045,5.405067311923809],[100.33035377521219,5.40528973026153],[100.33015374839898,5.405522890094586],[100.32996625286495,5.405766152336033],[100.32979180252234,5.406018850209199],[100.32963087552736,5.406280291075426],[100.32948391296976,5.406549758332605],[100.3293513176637,5.40682651337949],[100.32923345304367,5.407109797640266],[100.32913064216841,5.407398834643842],[100.3290431668354,5.4076928321522],[100.32897126680842,5.407990984331979],[100.32891513916047,5.40829247396324],[100.32887493773353,5.408596474679456],[100.32885077271689,5.408902153232665],[100.32884271034523,5.409208671777274],[100.32885077271689,5.409515190166609],[100.32887493773353,5.409820868255699],[100.32891513916047,5.41012486820404],[100.32897126680842,5.41042635677208],[100.3290431668354,5.410724507604932],[100.32913064216841,5.411018503497441],[100.32923345304367,5.411307538633917],[100.3293513176637,5.411590820796825],[100.32948391296976,5.411867573538037],[100.32963087552736,5.412137038307004],[100.32979180252234,5.412398476529758],[100.32996625286495,5.412651171633144],[100.33015374839898,5.412894431008847],[100.33035377521219,5.413127587911569],[100.330565785045,5.413350003286527],[100.33078919679315,5.413561067520788],[100.33102339810061,5.413760202114138],[100.33126774703784,5.413946861264539],[100.33152157386142,5.414120533364033],[100.33178418284967,5.414280742400821],[100.33205485420962,5.414427049263973],[100.33233284604981,5.414559052946751],[100.33261739641401,5.414676391645715],[100.33290772536941,5.414778743752287],[100.33320303714454,5.414865828734126],[100.33350252231035,5.414937407903987],[100.3338053599988,5.414993285073897],[100.33411072015288,5.415033307092767],[100.33441776580156,5.415057364266196],[100.33472565535413,5.415065390657058],[100.33503354490671,5.415057364266196],[100.33534059055539,5.415033307092767],[100.33564595070948,5.414993285073897],[100.33594878839791,5.414937407903987],[100.33624827356374,5.414865828734126],[100.33654358533886,5.414778743752287],[100.33683391429427,5.414676391645715],[100.33711846465846,5.414559052946751],[100.33739645649867,5.414427049263973],[100.3376671278586,5.414280742400821],[100.33792973684685,5.414120533364033],[100.33818356367043,5.413946861264539],[100.33842791260767,5.413760202114138],[100.33866211391512,5.413561067520788],[100.33888552566329,5.413350003286527],[100.33909753549608,5.413127587911569],[100.3392975623093,5.412894431008847],[100.33948505784332,5.412651171633144],[100.33965950818595,5.412398476529758],[100.33982043518091,5.412137038307004],[100.33996739773852,5.411867573538037],[100.34009999304457,5.411590820796825],[100.34021785766461,5.411307538633917],[100.34032066853987,5.411018503497441],[100.34040814387288,5.410724507604932],[100.34048004389986,5.41042635677208],[100.3405361715478,5.41012486820404],[100.34057637297475,5.409820868255699],[100.34060053799136,5.409515190166609],[100.34060860036304,5.409208671777274]],[[100.3301487485638,5.414352971020649],[100.33014190674498,5.414092858176556],[100.3301214000415,5.413833458172233],[100.33008728466079,5.413575482006442],[100.33003965411076,5.413319636776182],[100.3299786389434,5.413066623738622],[100.32990440639708,5.412817136388902],[100.32981715993802,5.412571858559269],[100.3297171387027,5.41233146254476],[100.32960461684242,5.412096607260341],[100.32947990277171,5.41186793643486],[100.32934333832323,5.411646076846515],[100.3291952978106,5.411431636604854],[100.32903618700259,5.411225203483864],[100.32886644201086,5.411027343310863],[100.32868652809465,5.410838598415499],[100.32849693838547,5.410659486143207],[100.32829819253557,5.410490497437007],[100.32809083529348,5.410332095491902],[100.327875435011,5.410184714485068],[100.32765258208532,5.410048758385802],[100.32742288734083,5.409924599848159],[100.32718698035488,5.409812579189403],[100.32694550773208,5.409713003457203],[100.3266991313321,5.409626145587922],[100.32644852645561,5.409552243658482],[100.32619437999305,5.409491500233701],[100.32593738854226,5.409444081811064],[100.32567825649895,5.409410118364332],[100.32541769412603,5.409389702987208],[100.32515641560684,5.409382891638194],[100.32489513708765,5.409389702987208],[100.32463457471472,5.409410118364332],[100.32437544267142,5.409444081811064],[100.32411845122063,5.409491500233701],[100.32386430475809,5.409552243658482],[100.32361369988158,5.409626145587922],[100.32336732348159,5.409713003457203],[100.3231258508588,5.409812579189403],[100.32288994387285,5.409924599848159],[100.32266024912836,5.410048758385802],[100.32243739620269,5.410184714485068],[100.32222199592022,5.410332095491902],[100.32201463867811,5.410490497437007],[100.32181589282821,5.410659486143207],[100.32162630311903,5.410838598415499],[100.32144638920282,5.411027343310863],[100.3212766442111,5.411225203483864],[100.32111753340307,5.411431636604854],[100.32096949289046,5.411646076846515],[100.32083292844196,5.41186793643486],[100.32070821437127,5.412096607260341],[100.32059569251098,5.41233146254476],[100.32049567127567,5.412571858559269],[100.3204084248166,5.412817136388902],[100.32033419227027,5.413066623738622],[100.32027317710292,5.413319636776182],[100.32022554655288,5.413575482006442],[100.32019143117218,5.413833458172233],[100.3201709244687,5.414092858176556],[100.32016408264988,5.414352971020649],[100.3201709244687,5.414613083752824],[100.32019143117218,5.414872483422604],[100.32022554655288,5.415130459034902],[100.32027317710292,5.415386303498763],[100.32033419227027,5.415639315565439],[100.3204084248166,5.415888801750427],[100.32049567127567,5.416134078234215],[100.32059569251098,5.416374472736549],[100.32070821437127,5.416609326359],[100.32083292844196,5.416837995390928],[100.32096949289046,5.417059853073815],[100.32111753340307,5.417274291318965],[100.3212766442111,5.417480722374275],[100.32144638920282,5.417678580435057],[100.32162630311903,5.417867323194781],[100.32181589282821,5.418046433331469],[100.32201463867811,5.418215419925438],[100.32222199592022,5.418373819804862],[100.32243739620269,5.418521198815186],[100.32266024912836,5.418657153008981],[100.32288994387285,5.418781309753084],[100.3231258508588,5.418893328749872],[100.32336732348159,5.418992902969884],[100.32361369988158,5.41907975949332],[100.32386430475809,5.419153660258028],[100.32411845122063,5.419214402711939],[100.32437544267142,5.419261820368177],[100.32463457471472,5.419295783261416],[100.32489513708765,5.419316198303996],[100.32515641560684,5.41932300954108],[100.32541769412603,5.419316198303996],[100.32567825649895,5.419295783261416],[100.32593738854226,5.419261820368177],[100.32619437999305,5.419214402711939],[100.32644852645561,5.419153660258028],[100.3266991313321,5.41907975949332],[100.32694550773208,5.418992902969884],[100.32718698035488,5.418893328749872],[100.32742288734083,5.418781309753084],[100.32765258208532,5.418657153008981],[100.327875435011,5.418521198815186],[100.32809083529348,5.418373819804862],[100.32829819253557,5.418215419925438],[100.32849693838547,5.418046433331469],[100.32868652809465,5.417867323194781],[100.32886644201086,5.417678580435057],[100.32903618700259,5.417480722374275],[100.3291952978106,5.417274291318965],[100.32934333832323,5.417059853073815],[100.32947990277171,5.416837995390928],[100.32960461684242,5.416609326359],[100.3297171387027,5.416374472736549],[100.32981715993802,5.416134078234215],[100.32990440639708,5.415888801750427],[100.3299786389434,5.415639315565439],[100.33003965411076,5.415386303498763],[100.33008728466079,5.415130459034902],[100.3301214000415,5.414872483422604],[100.33014190674498,5.414613083752824],[100.3301487485638,5.414352971020649]],[[100.31736121121412,5.410374258926982],[100.31735222550535,5.41003263722228],[100.31732529300815,5.409691951686812],[100.31728048754269,5.409353136118332],[100.31721793191761,5.409017119190689],[100.31713779759353,5.408684821908363],[100.3170403042131,5.408357155082],[100.3169257189988,5.408035016831837],[100.31679435602086,5.40771929012597],[100.316646575336,5.407410840360058],[100.3164827820008,5.407110512985257],[100.31630342496145,5.406819131190692],[100.3161089958231,5.406537493647114],[100.31590002750251,5.406266372317602],[100.3156770927673,5.406006510341464],[100.31544080266612,5.405758619997306],[100.31519180485367,5.405523380750398],[100.3149307818157,5.405301437390301],[100.3146584489982,5.405093398263275],[100.31437555284644,5.404899833604721],[100.31408286875916,5.404721273976045],[100.3137811989631,5.404558208810249],[100.31347137031418,5.404411085070302],[100.3131542320312,5.404280306023898],[100.31283065336814,5.404166230138033],[100.31250152123161,5.404069170096271],[100.31216773774999,5.403989391941704],[100.31183021780052,5.403927114347558],[100.31148988650197,5.4038825080178],[100.31114767667874,5.403855695219213],[100.3108045263042,5.403846749446171],[100.31046137592965,5.403855695219213],[100.31011916610643,5.4038825080178],[100.30977883480789,5.403927114347558],[100.30944131485842,5.403989391941704],[100.30910753137678,5.404069170096271],[100.30877839924027,5.404166230138033],[100.30845482057723,5.404280306023898],[100.30813768229424,5.404411085070302],[100.3078278536453,5.404558208810249],[100.30752618384923,5.404721273976045],[100.30723349976196,5.404899833604721],[100.30695060361022,5.405093398263275],[100.30667827079269,5.405301437390301],[100.30641724775472,5.405523380750398],[100.30616824994227,5.405758619997306],[100.3059319598411,5.406006510341464],[100.30570902510591,5.406266372317602],[100.3055000567853,5.406537493647114],[100.30530562764694,5.406819131190692],[100.30512627060759,5.407110512985257],[100.3049624772724,5.407410840360058],[100.30481469658754,5.40771929012597],[100.30468333360959,5.408035016831837],[100.30456874839533,5.408357155082],[100.30447125501486,5.408684821908363],[100.3043911206908,5.409017119190689],[100.30432856506573,5.409353136118332],[100.30428375960024,5.409691951686812],[100.30425682710306,5.41003263722228],[100.30424784139427,5.410374258926982],[100.30425682710306,5.410715880438778],[100.30428375960024,5.41105656539761],[100.30432856506573,5.411395380012064],[100.3043911206908,5.411731395618721],[100.30447125501486,5.412063691227591],[100.30456874839533,5.412391356046375],[100.30468333360959,5.412713491976795],[100.30481469658754,5.41302921607621],[100.3049624772724,5.413337662977485],[100.30512627060759,5.413637987260889],[100.30530562764694,5.413929365771113],[100.3055000567853,5.414210999873418],[100.30570902510591,5.414482117642453],[100.3059319598411,5.414741975977873],[100.30616824994227,5.414989862640996],[100.30641724775472,5.415225098206871],[100.30667827079269,5.41544703792625],[100.30695060361022,5.415655073492785],[100.30723349976196,5.415848634710081],[100.30752618384923,5.416027191054428],[100.3078278536453,5.416190253128812],[100.30813768229424,5.416337374004123],[100.30845482057723,5.41646815044405],[100.30877839924027,5.416582224010196],[100.30910753137678,5.416679282044368],[100.30944131485842,5.416759058525479],[100.30977883480789,5.416821334798652],[100.31011916610643,5.416865940174383],[100.31046137592965,5.416892752396335],[100.3108045263042,5.416901697976457],[100.31114767667874,5.416892752396335],[100.31148988650197,5.416865940174383],[100.31183021780052,5.416821334798652],[100.31216773774999,5.416759058525479],[100.31250152123161,5.416679282044368],[100.31283065336814,5.416582224010196],[100.3131542320312,5.41646815044405],[100.31347137031418,5.416337374004123],[100.3137811989631,5.416190253128812],[100.31408286875916,5.416027191054428],[100.31437555284644,5.415848634710081],[100.3146584489982,5.415655073492785],[100.3149307818157,5.41544703792625],[100.31519180485367,5.415225098206871],[100.31544080266612,5.414989862640996],[100.3156770927673,5.414741975977873],[100.31590002750251,5.414482117642453],[100.3161089958231,5.414210999873418],[100.31630342496145,5.413929365771113],[100.3164827820008,5.413637987260889],[100.316646575336,5.413337662977485],[100.31679435602086,5.41302921607621],[100.3169257189988,5.412713491976795],[100.3170403042131,5.412391356046375],[100.31713779759353,5.412063691227591],[100.31721793191761,5.411731395618721],[100.31728048754269,5.411395380012064],[100.31732529300815,5.41105656539761],[100.31735222550535,5.410715880438778],[100.31736121121412,5.410374258926982]],[[100.32956670771682,5.395353663181532],[100.32955652325523,5.394966457274619],[100.32952599778538,5.394580312426091],[100.32947521497546,5.394196287035159],[100.3294043140176,5.393815433693774],[100.32931348924642,5.393438796301457],[100.3292029896063,5.393067407203907],[100.32907311796907,5.392702284363413],[100.32892423030387,5.392344428568537],[100.32875673470141,5.391994820690831],[100.32857109025555,5.391654418996295],[100.32836780580476,5.391324156518558],[100.3281474385376,5.391004938501405],[100.32791059246544,5.390697639917339],[100.32765791676692,5.390403103069143],[100.32739010400854,5.390122135281008],[100.32710788824645,5.389855506685446],[100.32681204301446,5.389603948112286],[100.32650337920377,5.389368149085222],[100.32618274284044,5.389148755931717],[100.32585101276645,5.388946370011254],[100.3255090982309,5.388761546066832],[100.3251579363977,5.388594790704286],[100.32479848977708,5.388446561003546],[100.32443174358724,5.388317263265587],[100.32405870305399,5.38820725189874],[100.32368039065548,5.388116828447068],[100.32329784331972,5.388046240763745],[100.32291210958236,5.387995682331641],[100.32252424671277,5.387965291732946],[100.3221353178161,5.387955152269184],[100.32174638891942,5.387965291732946],[100.32135852604983,5.387995682331641],[100.32097279231247,5.388046240763745],[100.32059024497673,5.388116828447068],[100.32021193257822,5.38820725189874],[100.31983889204496,5.388317263265587],[100.31947214585512,5.388446561003546],[100.31911269923451,5.388594790704286],[100.31876153740131,5.388761546066832],[100.31841962286576,5.388946370011254],[100.31808789279177,5.389148755931717],[100.31776725642843,5.389368149085222],[100.31745859261775,5.389603948112286],[100.31716274738575,5.389855506685446],[100.31688053162365,5.390122135281008],[100.31661271886529,5.390403103069143],[100.31636004316675,5.390697639917339],[100.3161231970946,5.391004938501405],[100.31590282982744,5.391324156518558],[100.31569954537667,5.391654418996295],[100.31551390093078,5.391994820690831],[100.31534640532836,5.392344428568537],[100.31519751766314,5.392702284363413],[100.3150676460259,5.393067407203907],[100.3149571463858,5.393438796301457],[100.31486632161462,5.393815433693774],[100.31479542065675,5.394196287035159],[100.31474463784683,5.394580312426091],[100.31471411237698,5.394966457274619],[100.31470392791539,5.395353663181532],[100.31471411237698,5.39574086884129],[100.31474463784683,5.396127012951116],[100.31479542065675,5.396511037119837],[100.31486632161462,5.396891888768938],[100.3149571463858,5.397268524017433],[100.3150676460259,5.397639910543084],[100.31519751766314,5.398005030411784],[100.31534640532836,5.398362882867573],[100.31551390093078,5.398712487075428],[100.31569954537667,5.399052884809613],[100.31590282982744,5.399383143079833],[100.3161231970946,5.399702356688431],[100.31636004316675,5.400009650711201],[100.31661271886529,5.40030418289533],[100.31688053162365,5.400585145967746],[100.31716274738575,5.400851769847562],[100.31745859261775,5.401103323756669],[100.31776725642843,5.401339118222436],[100.31808789279177,5.401558506967386],[100.31841962286576,5.401760888680331],[100.31876153740131,5.40194570866439],[100.31911269923451,5.402112460357085],[100.31947214585512,5.402260686718739],[100.31983889204496,5.402389981484903],[100.32021193257822,5.402499990279851],[100.32059024497673,5.402590411587701],[100.32097279231247,5.402660997578741],[100.32135852604983,5.402711554788646],[100.32174638891942,5.402741944648626],[100.3221353178161,5.402752083865247],[100.32252424671277,5.402741944648626],[100.32291210958236,5.402711554788646],[100.32329784331972,5.402660997578741],[100.32368039065548,5.402590411587701],[100.32405870305399,5.402499990279851],[100.32443174358724,5.402389981484903],[100.32479848977708,5.402260686718739],[100.3251579363977,5.402112460357085],[100.3255090982309,5.40194570866439],[100.32585101276645,5.401760888680331],[100.32618274284044,5.401558506967386],[100.32650337920377,5.401339118222436],[100.32681204301446,5.401103323756669],[100.32710788824645,5.400851769847562],[100.32739010400854,5.400585145967746],[100.32765791676692,5.40030418289533],[100.32791059246544,5.400009650711201],[100.3281474385376,5.399702356688431],[100.32836780580476,5.399383143079833],[100.32857109025555,5.399052884809613],[100.32875673470141,5.398712487075428],[100.32892423030387,5.398362882867573],[100.32907311796907,5.398005030411784],[100.3292029896063,5.397639910543084],[100.32931348924642,5.397268524017433],[100.3294043140176,5.396891888768938],[100.32947521497546,5.396511037119837],[100.32952599778538,5.396127012951116],[100.32955652325523,5.39574086884129],[100.32956670771682,5.395353663181532]],[[100.31470511706247,5.395167391940244],[100.31469512831042,5.394787626654503],[100.31466518943272,5.394408902042287],[100.31461538248975,5.394032256164352],[100.3145458439989,5.393658721385736],[100.31445676456033,5.393289321545972],[100.31434838833458,5.392925069152863],[100.31422101237337,5.392566962607039],[100.31407498580533,5.392215983465433],[100.31391070887916,5.391873093750638],[100.31372863186648,5.391539233314079],[100.31352925382772,5.391215317259608],[100.31331312124425,5.390902233435284],[100.31308082652043,5.39060083999948],[100.31283300636,5.390311963068692],[100.31257034002073,5.390036394452924],[100.31229354745282,5.389774889485238],[100.31200338732548,5.389528164951147],[100.31170065494743,5.389296897123905],[100.3113861800871,5.38908171991055],[100.31106082469819,5.388883223114263],[100.3107254805572,5.388701950817572],[100.31038106681916,5.388538399890889],[100.31002852749815,5.388393018630394],[100.30966882887996,5.388266205529209],[100.30930295687347,5.388158308184963],[100.30893191430846,5.388069622346914],[100.3085567181868,5.388000391105253],[100.30817839689495,5.387950804224657],[100.3077979873853,5.38792099762417],[100.30741653233387,5.387911053004508],[100.30703507728244,5.38792099762417],[100.30665466777279,5.387950804224657],[100.30627634648096,5.388000391105253],[100.30590115035928,5.388069622346914],[100.30553010779427,5.388158308184963],[100.3051642357878,5.388266205529209],[100.30480453716959,5.388393018630394],[100.30445199784859,5.388538399890889],[100.30410758411055,5.388701950817572],[100.30377223996956,5.388883223114263],[100.30344688458067,5.38908171991055],[100.30313240972032,5.389296897123905],[100.30282967734227,5.389528164951147],[100.30253951721491,5.389774889485238],[100.30226272464701,5.390036394452924],[100.30200005830775,5.390311963068692],[100.3017522381473,5.39060083999948],[100.30151994342349,5.390902233435284],[100.30130381084003,5.391215317259608],[100.30110443280127,5.391539233314079],[100.30092235578859,5.391873093750638],[100.3007580788624,5.392215983465433],[100.30061205229437,5.392566962607039],[100.30048467633316,5.392925069152863],[100.30037630010743,5.393289321545972],[100.30028722066885,5.393658721385736],[100.30021768217799,5.394032256164352],[100.30016787523502,5.394408902042287],[100.30013793635732,5.394787626654503],[100.30012794760528,5.395167391940244],[100.30013793635732,5.395547156988256],[100.30016787523502,5.395925880889912],[100.30021768217799,5.396302525592212],[100.30028722066885,5.39667605874302],[100.30037630010743,5.3970454565206],[100.30048467633316,5.397409706439811],[100.30061205229437,5.397767810127068],[100.3007580788624,5.398118786056783],[100.30092235578859,5.398461672241532],[100.30110443280127,5.398795528868613],[100.30130381084003,5.399119440875854],[100.30151994342349,5.399432520459582],[100.3017522381473,5.39973390950785],[100.30200005830775,5.400022781952262],[100.30226272464701,5.400298346031948],[100.30253951721491,5.400559846463578],[100.30282967734227,5.400806566511267],[100.30313240972032,5.401037829950985],[100.30344688458067,5.401253002923732],[100.30377223996956,5.401451495672801],[100.30410758411055,5.401632764160002],[100.30445199784859,5.401796311556663],[100.30480453716959,5.401941689605256],[100.3051642357878,5.402068499847887],[100.30553010779427,5.402176394718221],[100.30590115035928,5.402265078494099],[100.30627634648096,5.402334308107952],[100.30665466777279,5.402383893812901],[100.30703507728244,5.402413699702814],[100.30741653233387,5.402423644084748],[100.3077979873853,5.402413699702814],[100.30817839689495,5.402383893812901],[100.3085567181868,5.402334308107952],[100.30893191430846,5.402265078494099],[100.30930295687347,5.402176394718221],[100.30966882887996,5.402068499847887],[100.31002852749815,5.401941689605256],[100.31038106681916,5.401796311556663],[100.3107254805572,5.401632764160002],[100.31106082469819,5.401451495672801],[100.3113861800871,5.401253002923732],[100.31170065494743,5.401037829950985],[100.31200338732548,5.400806566511267],[100.31229354745282,5.400559846463578],[100.31257034002073,5.400298346031948],[100.31283300636,5.400022781952262],[100.31308082652043,5.39973390950785],[100.31331312124425,5.399432520459582],[100.31352925382772,5.399119440875854],[100.31372863186648,5.398795528868613],[100.31391070887916,5.398461672241532],[100.31407498580533,5.398118786056783],[100.31422101237337,5.397767810127068],[100.31434838833458,5.397409706439811],[100.31445676456033,5.3970454565206],[100.3145458439989,5.39667605874302],[100.31461538248975,5.396302525592212],[100.31466518943272,5.395925880889912],[100.31469512831042,5.395547156988256],[100.31470511706247,5.395167391940244]],[[100.31067258797532,5.381349459084531],[100.31066283307852,5.380978576376005],[100.31063359512555,5.380608710006018],[100.31058495425563,5.380240873755332],[100.31051704379001,5.379876075842173],[100.31043004986653,5.379515316158648],[100.31032421092951,5.379159583530011],[100.31019981707612,5.378809853004379],[100.31005720926127,5.378467083179968],[100.30989677836307,5.378132213577633],[100.30971896411141,5.377806162065428],[100.30952425388287,5.377489822342798],[100.3093131813646,5.377184061490752],[100.30908632509173,5.376889717595091],[100.3088443068615,5.376607597449121],[100.30858779002911,5.376338474342055],[100.30831747768931,5.376083085939355],[100.30803411074946,5.375842132260598],[100.30773846589867,5.375616273760572],[100.30743135347888,5.375406129518865],[100.30711361526392,5.375212275542808],[100.30678612215212,5.375035243188437],[100.30644977177938,5.374875517704036],[100.30610548605867,5.374733536899827],[100.30575420865318,5.374609689947844],[100.30539690238993,5.374504316315152],[100.3050345466205,5.374417704833201],[100.30466813453691,5.374350092906085],[100.30429867044917,5.374301665859751],[100.3039271670327,5.374272556433963],[100.3035546425525,5.374262844418405],[100.30318211807231,5.374272556433963],[100.30281061465583,5.374301665859751],[100.3024411505681,5.374350092906085],[100.30207473848449,5.374417704833201],[100.30171238271507,5.374504316315152],[100.30135507645183,5.374609689947844],[100.30100379904634,5.374733536899827],[100.30065951332563,5.374875517704036],[100.30032316295288,5.375035243188437],[100.29999566984108,5.375212275542808],[100.29967793162614,5.375406129518865],[100.29937081920635,5.375616273760572],[100.29907517435554,5.375842132260598],[100.2987918074157,5.376083085939355],[100.2985214950759,5.376338474342055],[100.29826497824351,5.376607597449121],[100.29802296001328,5.376889717595091],[100.2977961037404,5.377184061490752],[100.29758503122213,5.377489822342798],[100.2973903209936,5.377806162065428],[100.29721250674194,5.378132213577633],[100.29705207584372,5.378467083179968],[100.29690946802887,5.378809853004379],[100.2967850741755,5.379159583530011],[100.29667923523849,5.379515316158648],[100.296592241315,5.379876075842173],[100.29652433084938,5.380240873755332],[100.29647568997946,5.380608710006018],[100.29644645202649,5.380978576376005],[100.29643669712969,5.381349459084531],[100.29644645202649,5.381720341566895],[100.29647568997946,5.382090207260913],[100.29652433084938,5.382458042393202],[100.296592241315,5.382822838757799],[100.29667923523849,5.38318359647957],[100.2967850741755,5.383539326754751],[100.29690946802887,5.383889054560996],[100.29705207584372,5.384231821329885],[100.29721250674194,5.384566687574076],[100.2973903209936,5.384892735462268],[100.29758503122213,5.385209071334735],[100.2977961037404,5.385514828152642],[100.29802296001328,5.38580916787441],[100.29826497824351,5.386091283752445],[100.2985214950759,5.386360402544287],[100.2987918074157,5.386615786631763],[100.29907517435554,5.386856736042584],[100.29937081920635,5.387082590368717],[100.29967793162614,5.387292730576286],[100.29999566984108,5.387486580702192],[100.30032316295288,5.387663609432536],[100.30065951332563,5.38782333155878],[100.30100379904634,5.387965309307495],[100.30135507645183,5.388089153540091],[100.30171238271507,5.388194524819325],[100.30207473848449,5.388281134339523],[100.3024411505681,5.388348744718078],[100.30281061465583,5.388397170646013],[100.30318211807231,5.388426279395819],[100.3035546425525,5.388435991185227],[100.3039271670327,5.388426279395819],[100.30429867044917,5.388397170646013],[100.30466813453691,5.388348744718078],[100.3050345466205,5.388281134339523],[100.30539690238993,5.388194524819325],[100.30575420865318,5.388089153540091],[100.30610548605867,5.387965309307495],[100.30644977177938,5.38782333155878],[100.30678612215212,5.387663609432536],[100.30711361526392,5.387486580702192],[100.30743135347888,5.387292730576286],[100.30773846589867,5.387082590368717],[100.30803411074946,5.386856736042584],[100.30831747768931,5.386615786631763],[100.30858779002911,5.386360402544287],[100.3088443068615,5.386091283752445],[100.30908632509173,5.38580916787441],[100.3093131813646,5.385514828152642],[100.30952425388287,5.385209071334735],[100.30971896411141,5.384892735462268],[100.30989677836307,5.384566687574076],[100.31005720926127,5.384231821329885],[100.31019981707612,5.383889054560996],[100.31032421092951,5.383539326754751],[100.31043004986653,5.38318359647957],[100.31051704379001,5.382822838757799],[100.31058495425563,5.382458042393202],[100.31063359512555,5.382090207260913],[100.31066283307852,5.381720341566895],[100.31067258797532,5.381349459084531]],[[100.29505324240596,5.401383174184126],[100.29504490131575,5.401066055104012],[100.29501990090753,5.400749805059996],[100.29497830970564,5.400435290873504],[100.2949202417087,5.400123374609443],[100.29484585607702,5.399814911213278],[100.29475535669648,5.399510746167674],[100.29464899161958,5.399211713174967],[100.29452705238559,5.398918631872024],[100.2943898732215,5.398632305583501],[100.29423783012585,5.398353519120017],[100.29407133983818,5.398083036626807],[100.29389085869683,5.397821599489169],[100.29369688138803,5.397569924300297],[100.29348993959012,5.397328700896967],[100.29327060051618,5.397098590468624],[100.29303946535934,5.396880223744947],[100.29279716764505,5.396674199266953],[100.29254437149447,5.396481081746272],[100.2922817698043,5.396301400517174],[100.29201008234747,5.39613564808559],[100.29173005380048,5.395984278778969],[100.29144245170207,5.395847707501016],[100.29114806434958,5.395726308594199],[100.29084769863834,5.395620414813696],[100.29054217784986,5.395530316415171],[100.29023233939539,5.39545626035918],[100.28991903252057,5.395398449634116],[100.28960311597778,5.395357042699832],[100.28928545567233,5.395332153053213],[100.288966922289,5.395323848917092],[100.28864838890568,5.395332153053213],[100.28833072860024,5.395357042699832],[100.28801481205744,5.395398449634116],[100.28770150518264,5.39545626035918],[100.28739166672815,5.395530316415171],[100.28708614593968,5.395620414813696],[100.28678578022844,5.395726308594199],[100.28649139287596,5.395847707501016],[100.28620379077755,5.395984278778969],[100.28592376223055,5.39613564808559],[100.28565207477372,5.396301400517174],[100.28538947308354,5.396481081746272],[100.28513667693298,5.396674199266953],[100.28489437921867,5.396880223744947],[100.28466324406185,5.397098590468624],[100.28444390498791,5.397328700896967],[100.28423696319,5.397569924300297],[100.2840429858812,5.397821599489169],[100.28386250473984,5.398083036626807],[100.28369601445218,5.398353519120017],[100.28354397135652,5.398632305583501],[100.28340679219242,5.398918631872024],[100.28328485295845,5.399211713174967],[100.28317848788154,5.399510746167674],[100.28308798850101,5.399814911213278],[100.28301360286933,5.400123374609443],[100.28295553487239,5.400435290873504],[100.2829139436705,5.400749805059996],[100.28288894326226,5.401066055104012],[100.28288060217207,5.401383174184126],[100.28288894326226,5.401700293098278],[100.2829139436705,5.402016542646242],[100.28295553487239,5.402331056012024],[100.28301360286933,5.402642971139711],[100.28308798850101,5.402951433096268],[100.28317848788154,5.403255596414843],[100.28328485295845,5.403554627411982],[100.28340679219242,5.40384770647271],[100.28354397135652,5.404134030296913],[100.28369601445218,5.404412814100995],[100.28386250473984,5.404683293768842],[100.2840429858812,5.404944727946122],[100.28423696319,5.405196400072056],[100.28444390498791,5.405437620343456],[100.28466324406185,5.405667727605162],[100.28489437921867,5.405886091162203],[100.28513667693298,5.406092112508253],[100.28538947308354,5.40628522696601],[100.28565207477372,5.406464905234736],[100.28592376223055,5.406630654840971],[100.28620379077755,5.406782021488176],[100.28649139287596,5.406918590301823],[100.28678578022844,5.407039986966413],[100.28708614593968,5.40714587875136],[100.28739166672815,5.407235975422843],[100.28770150518264,5.407310030039238],[100.28801481205744,5.407367839627929],[100.28833072860024,5.407409245741503],[100.28864838890568,5.40743413489207],[100.288966922289,5.407442438862229],[100.28928545567233,5.40743413489207],[100.28960311597778,5.407409245741503],[100.28991903252057,5.407367839627929],[100.29023233939539,5.407310030039238],[100.29054217784986,5.407235975422843],[100.29084769863834,5.40714587875136],[100.29114806434958,5.407039986966413],[100.29144245170207,5.406918590301823],[100.29173005380048,5.406782021488176],[100.29201008234747,5.406630654840971],[100.2922817698043,5.406464905234736],[100.29254437149447,5.40628522696601],[100.29279716764505,5.406092112508253],[100.29303946535934,5.405886091162203],[100.29327060051618,5.405667727605162],[100.29348993959012,5.405437620343456],[100.29369688138803,5.405196400072056],[100.29389085869683,5.404944727946122],[100.29407133983818,5.404683293768842],[100.29423783012585,5.404412814100995],[100.2943898732215,5.404134030296913],[100.29452705238559,5.40384770647271],[100.29464899161958,5.403554627411982],[100.29475535669648,5.403255596414843],[100.29484585607702,5.402951433096268],[100.2949202417087,5.402642971139711],[100.29497830970564,5.402331056012024],[100.29501990090753,5.402016542646242],[100.29504490131575,5.401700293098278],[100.29505324240596,5.401383174184126]],[[100.28597040279604,5.369784222757661],[100.2859566525849,5.369261427576203],[100.28591543963978,5.368740064893508],[100.28584687692253,5.36822156373399],[100.28575115235881,5.36770734528243],[100.28562852832297,5.367198818988504],[100.28547934091898,5.366697378703457],[100.28530399905914,5.366204398859457],[100.28510298334331,5.365721230702155],[100.28487684474158,5.365249198586776],[100.28462620308412,5.364789596347898],[100.28435174536234,5.364343683752841],[100.28405422384576,5.363912683048374],[100.28373445402013,5.363497775610328],[100.28339331235239,5.363100098705108],[100.28303173388811,5.362720742372214],[100.28265070968871,5.362360746436099],[100.28225128411503,5.362021097655725],[100.28183455196485,5.361702727019506],[100.28140165547198,5.361406507193155],[100.28095378117564,5.36113325012747],[100.28049215666813,5.36088370483237],[100.28001804723016,5.360658555323643],[100.27953275236273,5.360458418747747],[100.27903760222534,5.360283843689961],[100.27853395399009,5.360135308670513],[100.27802318812181,5.36001322083269],[100.27750670459423,5.359917914826709],[100.27698591905278,5.359849651892312],[100.27646225893446,5.359808619142538],[100.27593715955523,5.359794929050795],[100.27541206017601,5.359808619142538],[100.27488840005768,5.359849651892312],[100.27436761451622,5.359917914826709],[100.27385113098865,5.36001322083269],[100.27334036512036,5.360135308670513],[100.27283671688511,5.360283843689961],[100.27234156674773,5.360458418747747],[100.2718562718803,5.360658555323643],[100.27138216244232,5.36088370483237],[100.27092053793481,5.36113325012747],[100.27047266363847,5.361406507193155],[100.2700397671456,5.361702727019506],[100.2696230349954,5.362021097655725],[100.26922360942174,5.362360746436099],[100.26884258522236,5.362720742372214],[100.26848100675805,5.363100098705108],[100.2681398650903,5.363497775610328],[100.2678200952647,5.363912683048374],[100.26752257374811,5.364343683752841],[100.26724811602632,5.364789596347898],[100.26699747436888,5.365249198586776],[100.26677133576715,5.365721230702155],[100.2665703200513,5.366204398859457],[100.26639497819146,5.366697378703457],[100.26624579078748,5.367198818988504],[100.26612316675164,5.36770734528243],[100.2660274421879,5.36822156373399],[100.26595887947066,5.368740064893508],[100.26591766652557,5.369261427576203],[100.2659039163144,5.369784222757661],[100.26591766652557,5.370307017490737],[100.26595887947066,5.370828378833197],[100.2660274421879,5.371346877775322],[100.26612316675164,5.371861093156617],[100.26624579078748,5.372369615561016],[100.26639497819146,5.372871051179922],[100.2665703200513,5.373364025632297],[100.26677133576715,5.373847187731545],[100.26699747436888,5.374319213188816],[100.26724811602632,5.374778808242476],[100.26752257374811,5.375224713203935],[100.2678200952647,5.375655705910058],[100.2681398650903,5.376070605072657],[100.26848100675805,5.376468273515959],[100.26884258522236,5.376847621293212],[100.26922360942174,5.377207608673674],[100.2696230349954,5.377547248992144],[100.2700397671456,5.377865611352916],[100.27047266363847,5.378161823180911],[100.27092053793481,5.378435072612996],[100.27138216244232,5.37868461072288],[100.2718562718803,5.378909753573498],[100.27234156674773,5.379109884091352],[100.27283671688511,5.379284453757499],[100.27334036512036,5.37943298411082],[100.27385113098865,5.37955506805913],[100.27436761451622,5.37965037099482],[100.27488840005768,5.379718631711823],[100.27541206017601,5.379759663121361],[100.27593715955523,5.379773352764711],[100.27646225893446,5.379759663121361],[100.27698591905278,5.379718631711823],[100.27750670459423,5.37965037099482],[100.27802318812181,5.37955506805913],[100.27853395399009,5.37943298411082],[100.27903760222534,5.379284453757499],[100.27953275236273,5.379109884091352],[100.28001804723016,5.378909753573498],[100.28049215666813,5.37868461072288],[100.28095378117564,5.378435072612996],[100.28140165547198,5.378161823180911],[100.28183455196485,5.377865611352916],[100.28225128411503,5.377547248992144],[100.28265070968871,5.377207608673674],[100.28303173388811,5.376847621293212],[100.28339331235239,5.376468273515959],[100.28373445402013,5.376070605072657],[100.28405422384576,5.375655705910058],[100.28435174536234,5.375224713203935],[100.28462620308412,5.374778808242476],[100.28487684474158,5.374319213188816],[100.28510298334331,5.373847187731545],[100.28530399905914,5.373364025632297],[100.28547934091898,5.372871051179922],[100.28562852832297,5.372369615561016],[100.28575115235881,5.371861093156617],[100.28584687692253,5.371346877775322],[100.28591543963978,5.370828378833197],[100.2859566525849,5.370307017490737],[100.28597040279604,5.369784222757661]],[[100.30759947319136,5.353154457651541],[100.30758801945393,5.352718964600438],[100.30755368963555,5.352284664896657],[100.30749657783184,5.351852748929313],[100.3074168405823,5.35142440055639],[100.30731469644122,5.351000793859752],[100.30719042537854,5.350583089926966],[100.30704436801261,5.350172433668762],[100.30687692467654,5.349769950680733],[100.30668855432089,5.349376744157991],[100.30647977325566,5.348993891871206],[100.30625115373529,5.348622443212312],[100.30600332238996,5.348263416317941],[100.30573695850818,5.347917795278582],[100.30545279217482,5.347586527440983],[100.30515160227006,5.347270520811304],[100.30483421433448,5.346970641566021],[100.30450149830637,5.34668771167761],[100.30415436613721,5.346422506661251],[100.30379376929218,5.346175753448953],[100.30342069614213,5.345948128396798],[100.30303616925465,5.34574025543093],[100.30264124259122,5.345552704337071],[100.30223699861838,5.345385989198631],[100.30182454534072,5.345240566987413],[100.30140501326404,5.345116836310873],[100.3009795522966,5.345015136319458],[100.30054932859733,5.344935745776788],[100.30011552137948,5.34487888229555],[100.29967931967849,5.344844701740873],[100.29924191909288,5.344833297803082],[100.2988045185073,5.344844701740873],[100.2983683168063,5.34487888229555],[100.29793450958846,5.344935745776788],[100.29750428588918,5.345015136319458],[100.29707882492173,5.345116836310873],[100.29665929284506,5.345240566987413],[100.2962468395674,5.345385989198631],[100.29584259559456,5.345552704337071],[100.29544766893113,5.34574025543093],[100.29506314204365,5.345948128396798],[100.2946900688936,5.346175753448953],[100.29432947204857,5.346422506661251],[100.29398233987942,5.34668771167761],[100.29364962385131,5.346970641566021],[100.29333223591573,5.347270520811304],[100.29303104601095,5.347586527440983],[100.29274687967761,5.347917795278582],[100.29248051579582,5.348263416317941],[100.2922326844505,5.348622443212312],[100.29200406493011,5.348993891871206],[100.2917952838649,5.349376744157991],[100.29160691350923,5.349769950680733],[100.29143947017316,5.350172433668762],[100.29129341280724,5.350583089926966],[100.29116914174456,5.351000793859752],[100.29106699760347,5.35142440055639],[100.29098726035394,5.351852748929313],[100.29093014855023,5.352284664896657],[100.29089581873185,5.352718964600438],[100.29088436499441,5.353154457651541],[100.29089581873185,5.353589950392476],[100.29093014855023,5.354024249169163],[100.29098726035394,5.354456163602641],[100.29106699760347,5.354884509851717],[100.29116914174456,5.355308113857822],[100.29129341280724,5.355725814562842],[100.29143947017316,5.356136467091424],[100.29160691350923,5.356538945888843],[100.2917952838649,5.356932147805888],[100.29200406493011,5.357314995122356],[100.2922326844505,5.357686438500767],[100.29248051579582,5.358045459862346],[100.29274687967761,5.358391075177216],[100.29303104601095,5.358722337161348],[100.29333223591573,5.359038337872726],[100.29364962385131,5.359338211199709],[100.29398233987942,5.359621135234653],[100.29432947204857,5.359886334526522],[100.2946900688936,5.360133082206043],[100.29506314204365,5.360360701977713],[100.29544766893113,5.360568569973265],[100.29584259559456,5.360756116461427],[100.2962468395674,5.360922827409244],[100.29665929284506,5.361068245890841],[100.29707882492173,5.361191973339614],[100.29750428588918,5.361293670640497],[100.29793450958846,5.361373059059332],[100.2983683168063,5.361429921006691],[100.2988045185073,5.361464100634274],[100.29924191909288,5.361475504261897],[100.29967931967849,5.361464100634274],[100.30011552137948,5.361429921006691],[100.30054932859733,5.361373059059332],[100.3009795522966,5.361293670640497],[100.30140501326404,5.361191973339614],[100.30182454534072,5.361068245890841],[100.30223699861838,5.360922827409244],[100.30264124259122,5.360756116461427],[100.30303616925465,5.360568569973265],[100.30342069614213,5.360360701977713],[100.30379376929218,5.360133082206043],[100.30415436613721,5.359886334526522],[100.30450149830637,5.359621135234653],[100.30483421433448,5.359338211199709],[100.30515160227006,5.359038337872726],[100.30545279217482,5.358722337161348],[100.30573695850818,5.358391075177216],[100.30600332238996,5.358045459862346],[100.30625115373529,5.357686438500767],[100.30647977325566,5.357314995122356],[100.30668855432089,5.356932147805888],[100.30687692467654,5.356538945888843],[100.30704436801261,5.356136467091424],[100.30719042537854,5.355725814562842],[100.30731469644122,5.355308113857822],[100.3074168405823,5.354884509851717],[100.30749657783184,5.354456163602641],[100.30755368963555,5.354024249169163],[100.30758801945393,5.353589950392476],[100.30759947319136,5.353154457651541]],[[100.31001102512651,5.325525931907383],[100.31000153393283,5.325165042290402],[100.30997308636653,5.324805141635766],[100.30992576040039,5.324447216408771],[100.30985968575159,5.324092247661889],[100.30977504352617,5.32374120834578],[100.30967206572257,5.323395060642353],[100.30955103459578,5.32305475332747],[100.30941228188374,5.322721219170289],[100.30925618789797,5.322395372376548],[100.30908318048124,5.322078106082552],[100.30889373383484,5.321770289907128],[100.30868836721886,5.321472767567835],[100.30846764352893,5.321186354568243],[100.30823216775336,5.320911835962529],[100.30798258531486,5.320649964203544],[100.30771958030154,5.320401457080155],[100.30744387359186,5.320166995749721],[100.30715622087878,5.319947222870862],[100.30685741059835,5.319742740841829],[100.30654826176881,5.31955411014914],[100.30622962174559,5.319381847831233],[100.30590236389887,5.319226426061068],[100.30556738521963,5.319088270851846],[100.30522560386116,5.318967760889108],[100.30487795662242,5.318865226492759],[100.30452539638031,5.318780948711496],[100.30416888947796,5.318715158552402],[100.303809413076,5.318668036347671],[100.30344795247426,5.318639711260306],[100.30308549841112,5.318630260929999],[100.30272304434799,5.318639711260306],[100.30236158374623,5.318668036347671],[100.30200210734426,5.318715158552402],[100.30164560044192,5.318780948711496],[100.30129304019981,5.318865226492759],[100.30094539296107,5.318967760889108],[100.3006036116026,5.319088270851846],[100.30026863292338,5.319226426061068],[100.29994137507664,5.319381847831233],[100.29962273505343,5.31955411014914],[100.29931358622387,5.319742740841829],[100.29901477594345,5.319947222870862],[100.29872712323036,5.320166995749721],[100.29845141652069,5.320401457080155],[100.29818841150737,5.320649964203544],[100.29793882906887,5.320911835962529],[100.2977033532933,5.321186354568243],[100.29748262960337,5.321472767567835],[100.2972772629874,5.321770289907128],[100.297087816341,5.322078106082552],[100.29691480892426,5.322395372376548],[100.29675871493849,5.322721219170289],[100.29661996222644,5.32305475332747],[100.29649893109966,5.323395060642353],[100.29639595329607,5.32374120834578],[100.29631131107064,5.324092247661889],[100.29624523642184,5.324447216408771],[100.2961979104557,5.324805141635766],[100.29616946288941,5.325165042290402],[100.29615997169573,5.325525931907383],[100.29616946288941,5.325886821312464],[100.2961979104557,5.326246721333749],[100.29624523642184,5.326604645512853],[100.29631131107064,5.326959612808791],[100.29639595329607,5.32731065028682],[100.29649893109966,5.327656795785155],[100.29661996222644,5.327997100552096],[100.29675871493849,5.328330631846383],[100.29691480892426,5.328656475493679],[100.297087816341,5.328973738392127],[100.2972772629874,5.329281550960089],[100.29748262960337,5.329579069519573],[100.2977033532933,5.329865478608405],[100.29793882906887,5.330139993215221],[100.29818841150737,5.330401860931034],[100.29845141652069,5.330650364011238],[100.29872712323036,5.330884821342786],[100.29901477594345,5.331104590310873],[100.29931358622387,5.331309068560097],[100.29962273505343,5.331497695645337],[100.29994137507664,5.331669954567697],[100.30026863292338,5.331825373191403],[100.3006036116026,5.331963525537757],[100.30094539296107,5.332084032952539],[100.30129304019981,5.332186565143797],[100.30164560044192,5.332270841086967],[100.30200210734426,5.33233662979513],[100.30236158374623,5.332383750951969],[100.30272304434799,5.332412075405972],[100.30308549841112,5.33242152552439],[100.30344795247426,5.332412075405972],[100.303809413076,5.332383750951969],[100.30416888947796,5.33233662979513],[100.30452539638031,5.332270841086967],[100.30487795662242,5.332186565143797],[100.30522560386116,5.332084032952539],[100.30556738521963,5.331963525537757],[100.30590236389887,5.331825373191403],[100.30622962174559,5.331669954567697],[100.30654826176881,5.331497695645337],[100.30685741059835,5.331309068560097],[100.30715622087878,5.331104590310873],[100.30744387359186,5.330884821342786],[100.30771958030154,5.330650364011238],[100.30798258531486,5.330401860931034],[100.30823216775336,5.330139993215221],[100.30846764352893,5.329865478608405],[100.30868836721886,5.329579069519573],[100.30889373383484,5.329281550960089],[100.30908318048124,5.328973738392127],[100.30925618789797,5.328656475493679],[100.30941228188374,5.328330631846383],[100.30955103459578,5.327997100552096],[100.30967206572257,5.327656795785155],[100.30977504352617,5.32731065028682],[100.30985968575159,5.326959612808791],[100.30992576040039,5.326604645512853],[100.30997308636653,5.326246721333749],[100.31000153393283,5.325886821312464],[100.31001102512651,5.325525931907383]],[[100.28572473915409,5.296287526197367],[100.2857128089339,5.295833874390485],[100.28567705097325,5.295381465680106],[100.28561756328219,5.294931540091157],[100.28553450891239,5.294485330845204],[100.28542811551007,5.294044060980151],[100.28529867469217,5.293608939997918],[100.28514654124696,5.29318116054913],[100.28497213216167,5.292761895163975],[100.28477592547944,5.292352293038232],[100.28455845898915,5.291953476883147],[100.28432032875139,5.291566539848037],[100.28406218746451,5.291192542523683],[100.2837847426759,5.290832510035131],[100.2834887548424,5.290487429231674],[100.2831750352461,5.290158245981583],[100.28284444377063,5.289845862579342],[100.28249788654418,5.289551135272229],[100.2821363134561,5.289274871913094],[100.28176071555303,5.28901782974581],[100.28137212232275,5.288780713329473],[100.28097159887228,5.288564172606945],[100.28056024300857,5.288368801123201],[100.28013918222943,5.288195134398169],[100.27970957063319,5.288043648458713],[100.2792725857554,5.287914758533702],[100.27882942534119,5.287808817915677],[100.27838130406249,5.287726116992345],[100.27792945018857,5.287666882450542],[100.27747510221948,5.287631276654771],[100.27701950549142,5.287619397202148],[100.27656390876336,5.287631276654771],[100.27610956079427,5.287666882450542],[100.27565770692036,5.287726116992345],[100.27520958564166,5.287808817915677],[100.27476642522745,5.287914758533702],[100.27432944034966,5.288043648458713],[100.27389982875341,5.288195134398169],[100.27347876797427,5.288368801123201],[100.27306741211056,5.288564172606945],[100.27266688866008,5.288780713329473],[100.27227829542981,5.28901782974581],[100.27190269752674,5.289274871913094],[100.27154112443866,5.289551135272229],[100.27119456721222,5.289845862579342],[100.27086397573673,5.290158245981583],[100.27055025614045,5.290487429231674],[100.27025426830693,5.290832510035131],[100.26997682351832,5.291192542523683],[100.26971868223144,5.291566539848037],[100.26948055199368,5.291953476883147],[100.2692630855034,5.292352293038232],[100.26906687882116,5.292761895163975],[100.26889246973587,5.29318116054913],[100.26874033629066,5.293608939997918],[100.26861089547276,5.294044060980151],[100.26850450207046,5.294485330845204],[100.26842144770065,5.294931540091157],[100.2683619600096,5.295381465680106],[100.26832620204895,5.295833874390485],[100.26831427182874,5.296287526197367],[100.26832620204895,5.296741177671271],[100.2683619600096,5.297193585386378],[100.26842144770065,5.297643509328664],[100.26850450207046,5.298089716294592],[100.26861089547276,5.298530983271256],[100.26874033629066,5.298966100788352],[100.26889246973587,5.299393876233241],[100.26906687882116,5.299813137119615],[100.2692630855034,5.300222734300971],[100.26948055199368,5.300621545120205],[100.26971868223144,5.301008476486522],[100.26997682351832,5.301382467871204],[100.27025426830693,5.301742494214286],[100.27055025614045,5.302087568733846],[100.27086397573673,5.30241674563041],[100.27119456721222,5.302729122679112],[100.27154112443866,5.303023843702313],[100.27190269752674,5.303300100915994],[100.27227829542981,5.303557137143605],[100.27266688866008,5.303794247891138],[100.27306741211056,5.304010783277827],[100.27347876797427,5.304206149817182],[100.27389982875341,5.304379812043433],[100.27432944034966,5.304531293978991],[100.27476642522745,5.304660180438864],[100.27520958564166,5.304766118168488],[100.27565770692036,5.304848816811807],[100.27610956079427,5.304908049706949],[100.27656390876336,5.304943654507435],[100.27701950549142,5.304955533627079],[100.27747510221948,5.304943654507435],[100.27792945018857,5.304908049706949],[100.27838130406249,5.304848816811807],[100.27882942534119,5.304766118168488],[100.2792725857554,5.304660180438864],[100.27970957063319,5.304531293978991],[100.28013918222943,5.304379812043433],[100.28056024300857,5.304206149817182],[100.28097159887228,5.304010783277827],[100.28137212232275,5.303794247891138],[100.28176071555303,5.303557137143605],[100.2821363134561,5.303300100915994],[100.28249788654418,5.303023843702313],[100.28284444377063,5.302729122679112],[100.2831750352461,5.30241674563041],[100.2834887548424,5.302087568733846],[100.2837847426759,5.301742494214286],[100.28406218746451,5.301382467871204],[100.28432032875139,5.301008476486522],[100.28455845898915,5.300621545120205],[100.28477592547944,5.300222734300971],[100.28497213216167,5.299813137119615],[100.28514654124696,5.299393876233241],[100.28529867469217,5.298966100788352],[100.28542811551007,5.298530983271256],[100.28553450891239,5.298089716294592],[100.28561756328219,5.297643509328664],[100.28567705097325,5.297193585386378],[100.2857128089339,5.296741177671271],[100.28572473915409,5.296287526197367]],[[100.24372589363003,5.305808959613794],[100.2437149478102,5.305392746489096],[100.24368214035252,5.304977673896039],[100.24362756117988,5.304564879523195],[100.24355135989005,5.304155494816988],[100.24345374534543,5.303750641880343],[100.24333498510074,5.303351430397056],[100.24319540466954,5.302958954590072],[100.24303538663207,5.302574290222156],[100.24285536958666,5.30219849164722],[100.24265584694754,5.301832588920149],[100.24243736559238,5.30147758497337],[100.24220052436335,5.301134452867674],[100.24194597242585,5.300804133124877],[100.24167440748907,5.300487531149699],[100.24138657389355,5.300185514747911],[100.24108326057119,5.299898911747479],[100.24076529888275,5.29962850772929],[100.2404335603391,5.299375043873702],[100.24008895421254,5.299139214928813],[100.2397324250445,5.29892166730589],[100.23936495005665,5.298722997307498],[100.2389875364724,5.298543749492727],[100.23860121875612,5.298384415184492],[100.23820705577783,5.298245431122617],[100.23780612791089,5.298127178266617],[100.23739953407068,5.298029980751331],[100.23698838870266,5.297954104998369],[100.23657381872768,5.297899758985803],[100.23615696045329,5.297867091677964],[100.23573895645899,5.297856192617111],[100.23532095246469,5.297867091677964],[100.23490409419028,5.297899758985803],[100.23448952421532,5.297954104998369],[100.2340783788473,5.298029980751331],[100.23367178500708,5.298127178266617],[100.23327085714013,5.298245431122617],[100.23287669416185,5.298384415184492],[100.23249037644558,5.298543749492727],[100.23211296286132,5.298722997307498],[100.23174548787348,5.29892166730589],[100.23138895870542,5.299139214928813],[100.23104435257886,5.299375043873702],[100.23071261403521,5.29962850772929],[100.23039465234679,5.299898911747479],[100.23009133902443,5.300185514747911],[100.22980350542892,5.300487531149699],[100.22953194049211,5.300804133124877],[100.22927738855462,5.301134452867674],[100.22904054732561,5.30147758497337],[100.22882206597043,5.301832588920149],[100.2286225433313,5.30219849164722],[100.2284425262859,5.302574290222156],[100.22828250824844,5.302958954590072],[100.22814292781722,5.303351430397056],[100.22802416757254,5.303750641880343],[100.22792655302793,5.304155494816988],[100.22785035173808,5.304564879523195],[100.22779577256547,5.304977673896039],[100.22776296510777,5.305392746489096],[100.22775201928795,5.305808959613794],[100.22776296510777,5.306225172457687],[100.22779577256547,5.306640244211459],[100.22785035173808,5.307053037195698],[100.22792655302793,5.307462419979209],[100.22802416757254,5.307867270480122],[100.22814292781722,5.308266479041344],[100.22828250824844,5.30865895147194],[100.2284425262859,5.309043612046117],[100.2286225433313,5.309419406451561],[100.22882206597043,5.309785304679037],[100.22904054732561,5.310140303845444],[100.22927738855462,5.310483430942337],[100.22953194049211,5.310813745502815],[100.22980350542892,5.311130342178897],[100.23009133902443,5.311432353222888],[100.23039465234679,5.311718950865536],[100.23071261403521,5.31198934958464],[100.23104435257886,5.312242808257897],[100.23138895870542,5.312478632193996],[100.23174548787348,5.312696175036534],[100.23211296286132,5.312894840535344],[100.23249037644558,5.313074084180611],[100.23287669416185,5.313233414695119],[100.23327085714013,5.313372395380592],[100.23367178500708,5.313490645314529],[100.2340783788473,5.313587840394094],[100.23448952421532,5.313663714224361],[100.23490409419028,5.313718058848322],[100.23532095246469,5.313750725316863],[100.23573895645899,5.313761624096937],[100.23615696045329,5.313750725316863],[100.23657381872768,5.313718058848322],[100.23698838870266,5.313663714224361],[100.23739953407068,5.313587840394094],[100.23780612791089,5.313490645314529],[100.23820705577783,5.313372395380592],[100.23860121875612,5.313233414695119],[100.2389875364724,5.313074084180611],[100.23936495005665,5.312894840535344],[100.2397324250445,5.312696175036534],[100.24008895421254,5.312478632193996],[100.2404335603391,5.312242808257897],[100.24076529888275,5.31198934958464],[100.24108326057119,5.311718950865536],[100.24138657389355,5.311432353222888],[100.24167440748907,5.311130342178897],[100.24194597242585,5.310813745502815],[100.24220052436335,5.310483430942337],[100.24243736559238,5.310140303845444],[100.24265584694754,5.309785304679037],[100.24285536958666,5.309419406451561],[100.24303538663207,5.309043612046117],[100.24319540466954,5.30865895147194],[100.24333498510074,5.308266479041344],[100.24345374534543,5.307867270480122],[100.24355135989005,5.307462419979209],[100.24362756117988,5.307053037195698],[100.24368214035252,5.306640244211459],[100.2437149478102,5.306225172457687],[100.24372589363003,5.305808959613794]],[[100.23078452166439,5.343637467222799],[100.23077604562853,5.343315187111233],[100.23075064075316,5.342993790178189],[100.23070837667132,5.342674157352421],[100.23064936922584,5.342357164728744],[100.2305737801521,5.342043681166684],[100.23048181663448,5.341734565908943],[100.23037373073856,5.3414306662262],[100.23024981872032,5.341132815094764],[100.23011042021393,5.340841828913277],[100.22995591730107,5.340558505264982],[100.22978673346343,5.34028362073149],[100.22960333242216,5.340017928764016],[100.22940621686678,5.339762157618239],[100.22919592707731,5.33951700835791],[100.22897303944346,5.339283152933283],[100.22873816488475,5.339061232339062],[100.228491947176,5.338851854857488],[100.22823506118286,5.33865559439081],[100.22796821101193,5.338472988888164],[100.22769212808103,5.338304538870958],[100.22740756911428,5.338150706060836],[100.22711531406803,5.338011912113972],[100.226816163993,5.337888537465275],[100.2265109388388,5.337780920285469],[100.22620047520634,5.33768935555414],[100.22588562405488,5.337614094251086],[100.2255672483695,5.337555342668344],[100.22524622079587,5.337513261844697],[100.22492342124823,5.337487967124173],[100.2245997344977,5.337479527839936],[100.22427604774717,5.337487967124173],[100.22395324819952,5.337513261844697],[100.22363222062589,5.337555342668344],[100.22331384494052,5.337614094251086],[100.22299899378905,5.33768935555414],[100.2226885301566,5.337780920285469],[100.2223833050024,5.337888537465275],[100.22208415492737,5.338011912113972],[100.22179189988111,5.338150706060836],[100.22150734091436,5.338304538870958],[100.22123125798346,5.338472988888164],[100.22096440781255,5.33865559439081],[100.2207075218194,5.338851854857488],[100.22046130411064,5.339061232339062],[100.22022642955194,5.339283152933283],[100.22000354191809,5.33951700835791],[100.21979325212862,5.339762157618239],[100.21959613657324,5.340017928764016],[100.21941273553198,5.34028362073149],[100.21924355169435,5.340558505264982],[100.21908904878147,5.340841828913277],[100.21894965027506,5.341132815094764],[100.21882573825683,5.3414306662262],[100.21871765236091,5.341734565908943],[100.21862568884329,5.342043681166684],[100.21855009976956,5.342357164728744],[100.21849109232409,5.342674157352421],[100.21844882824223,5.342993790178189],[100.21842342336686,5.343315187111233],[100.218414947331,5.343637467222799],[100.21842342336686,5.343959747164816],[100.21844882824223,5.344281143591044],[100.21849109232409,5.344600775578279],[100.21855009976956,5.344917767040913],[100.21862568884329,5.345231249132119],[100.21871765236091,5.34554036262534],[100.21882573825683,5.345844260269193],[100.21894965027506,5.34614210910974],[100.21908904878147,5.346433092773425],[100.21924355169435,5.346716413704584],[100.21941273553198,5.34699129535138],[100.21959613657324,5.347256984294222],[100.21979325212862,5.347512752310588],[100.22000354191809,5.347757898370986],[100.22022642955194,5.347991750560251],[100.22046130411064,5.348213667919084],[100.2207075218194,5.348423042200729],[100.22096440781255,5.348619299537995],[100.22123125798346,5.348801902016009],[100.22150734091436,5.348970349146519],[100.22179189988111,5.349124179239505],[100.22208415492737,5.349262970668553],[100.2223833050024,5.349386343026359],[100.2226885301566,5.349493958167291],[100.22299899378905,5.349585521134086],[100.22331384494052,5.349660780966299],[100.22363222062589,5.349719531387986],[100.22395324819952,5.349761611373124],[100.22427604774717,5.34978690558682],[100.2245997344977,5.349795344701495],[100.22492342124823,5.34978690558682],[100.22524622079587,5.349761611373124],[100.2255672483695,5.349719531387986],[100.22588562405488,5.349660780966299],[100.22620047520634,5.349585521134086],[100.2265109388388,5.349493958167291],[100.226816163993,5.349386343026359],[100.22711531406803,5.349262970668553],[100.22740756911428,5.349124179239505],[100.22769212808103,5.348970349146519],[100.22796821101193,5.348801902016009],[100.22823506118286,5.348619299537995],[100.228491947176,5.348423042200729],[100.22873816488475,5.348213667919084],[100.22897303944346,5.347991750560251],[100.22919592707731,5.347757898370986],[100.22940621686678,5.347512752310588],[100.22960333242216,5.347256984294222],[100.22978673346343,5.34699129535138],[100.22995591730107,5.346716413704584],[100.23011042021393,5.346433092773425],[100.23024981872032,5.34614210910974],[100.23037373073856,5.345844260269193],[100.23048181663448,5.34554036262534],[100.2305737801521,5.345231249132119],[100.23064936922584,5.344917767040913],[100.23070837667132,5.344600775578279],[100.23075064075316,5.344281143591044],[100.23077604562853,5.343959747164816],[100.23078452166439,5.343637467222799]],[[100.21606203854945,5.417100439793147],[100.21605468813738,5.416820992473313],[100.21603265704812,5.416542310970462],[100.21599600566735,5.41626515913279],[100.21594483445396,5.415990296616878],[100.21587928366472,5.415718476805383],[100.21579953296975,5.415450444742169],[100.21570580096017,5.415186935089976],[100.21559834454891,5.414928670116869],[100.21547745826652,5.414676357716346],[100.2153434734539,5.414430689467023],[100.21519675735411,5.414192338737043],[100.21503771210575,5.413961958838201],[100.21486677364085,5.413740181235269],[100.21468441048982,5.413527613815015],[100.21449112249739,5.413324839220008],[100.21428743945252,5.413132413251429],[100.21407391963623,5.412950863345594],[100.2138511482916,5.412780687128211],[100.21361973601928,5.412622351050243],[100.21338031710431,5.412476289109356],[100.21313354777725,5.412342901660185],[100.21288010441569,5.412222554316957],[100.21262068169027,5.412115576951269],[100.21235599066064,5.412022262787809],[100.2120867568265,5.411942867600588],[100.21181371813908,5.411877609011808],[100.21153762297848,5.41182666589533],[100.2112592281023,5.411790177886335],[100.2109792965716,5.411768244998535],[100.21069859565917,5.411760927350035],[100.21041789474675,5.411768244998535],[100.21013796321601,5.411790177886335],[100.20985956833985,5.41182666589533],[100.20958347317925,5.411877609011808],[100.20931043449184,5.411942867600588],[100.20904120065771,5.412022262787809],[100.20877650962807,5.412115576951269],[100.20851708690265,5.412222554316957],[100.20826364354109,5.412342901660185],[100.20801687421402,5.412476289109356],[100.20777745529905,5.412622351050243],[100.20754604302675,5.412780687128211],[100.20732327168209,5.412950863345594],[100.20710975186581,5.413132413251429],[100.20690606882096,5.413324839220008],[100.20671278082851,5.413527613815015],[100.20653041767748,5.413740181235269],[100.20635947921258,5.413961958838201],[100.20620043396423,5.414192338737043],[100.20605371786444,5.414430689467023],[100.20591973305183,5.414676357716346],[100.20579884676943,5.414928670116869],[100.20569139035817,5.415186935089976],[100.2055976583486,5.415450444742169],[100.20551790765361,5.415718476805383],[100.20545235686437,5.415990296616878],[100.205401185651,5.41626515913279],[100.20536453427023,5.416542310970462],[100.20534250318096,5.416820992473313],[100.20533515276888,5.417100439793147],[100.20534250318096,5.417379886983725],[100.20536453427023,5.417658568100266],[100.205401185651,5.41793571929876],[100.20545235686437,5.418210580929676],[100.20551790765361,5.41848239962],[100.2055976583486,5.418750430338209],[100.20569139035817,5.419013938436255],[100.20579884676943,5.419272201663136],[100.20591973305183,5.419524512144461],[100.20605371786444,5.419770178322633],[100.20620043396423,5.420008526852229],[100.20635947921258,5.42023890444555],[100.20653041767748,5.420460679663091],[100.20671278082851,5.420673244644191],[100.20690606882096,5.420876016773033],[100.20710975186581,5.42106844027545],[100.20732327168209,5.421249987742129],[100.20754604302675,5.421420161574109],[100.20777745529905,5.421578495346557],[100.20801687421402,5.421724555087073],[100.20826364354109,5.421857940465105],[100.20851708690265,5.421978285889122],[100.20877650962807,5.422085261508571],[100.20904120065771,5.422178574117885],[100.20931043449184,5.422257967960101],[100.20958347317925,5.422323225427722],[100.20985956833985,5.422374167659191],[100.21013796321601,5.422410655029022],[100.21041789474675,5.4224325875305],[100.21069859565917,5.422439905049754],[100.2109792965716,5.4224325875305],[100.2112592281023,5.422410655029022],[100.21153762297848,5.422374167659191],[100.21181371813908,5.422323225427722],[100.2120867568265,5.422257967960101],[100.21235599066064,5.422178574117885],[100.21262068169027,5.422085261508571],[100.21288010441569,5.421978285889122],[100.21313354777725,5.421857940465105],[100.21338031710431,5.421724555087073],[100.21361973601928,5.421578495346557],[100.2138511482916,5.421420161574109],[100.21407391963623,5.421249987742129],[100.21428743945252,5.42106844027545],[100.21449112249739,5.420876016773033],[100.21468441048982,5.420673244644191],[100.21486677364085,5.420460679663091],[100.21503771210575,5.42023890444555],[100.21519675735411,5.420008526852229],[100.2153434734539,5.419770178322633],[100.21547745826652,5.419524512144461],[100.21559834454891,5.419272201663136],[100.21570580096017,5.419013938436255],[100.21579953296975,5.418750430338209],[100.21587928366472,5.41848239962],[100.21594483445396,5.418210580929676],[100.21599600566735,5.41793571929876],[100.21603265704812,5.417658568100266],[100.21605468813738,5.417379886983725],[100.21606203854945,5.417100439793147]]],"bbox":[100.20533515276888,5.138598118354943,100.52607027066942,5.560968891229572]}
