{"type":"Topology","objects":{"TRG_SE-08":{"type":"GeometryCollection","geometries":[{"type":"Polygon","arcs":[[0]],"properties":{"state":"Terengganu","parlimen":"P.030 Besut","code_parlimen":"P.030","dun":"N.01 Kuala Besut","code_dun":"N.01","voters_total":8902}},{"type":"Polygon","arcs":[[1]],"properties":{"state":"Terengganu","parlimen":"P.030 Besut","code_parlimen":"P.030","dun":"N.02 Kampung Raja","code_dun":"N.02","voters_total":9769}},{"type":"Polygon","arcs":[[2]],"properties":{"state":"Terengganu","parlimen":"P.030 Besut","code_parlimen":"P.030","dun":"N.03 Jertih","code_dun":"N.03","voters_total":10206}},{"type":"Polygon","arcs":[[3]],"properties":{"state":"Terengganu","parlimen":"P.030 Besut","code_parlimen":"P.030","dun":"N.04 Hulu Besut","code_dun":"N.04","voters_total":9267}},{"type":"Polygon","arcs":[[4]],"properties":{"state":"Terengganu","parlimen":"P.031 Setiu","code_parlimen":"P.031","dun":"N.05 Jabi","code_dun":"N.05","voters_total":9046}},{"type":"Polygon","arcs":[[5]],"properties":{"state":"Terengganu","parlimen":"P.031 Setiu","code_parlimen":"P.031","dun":"N.06 Permaisuri","code_dun":"N.06","voters_total":9385}},{"type":"Polygon","arcs":[[6]],"properties":{"state":"Terengganu","parlimen":"P.031 Setiu","code_parlimen":"P.031","dun":"N.07 Langkap","code_dun":"N.07","voters_total":7417}},{"type":"Polygon","arcs":[[7]],"properties":{"state":"Terengganu","parlimen":"P.031 Setiu","code_parlimen":"P.031","dun":"N.08 Batu Rakit","code_dun":"N.08","voters_total":8335}},{"type":"Polygon","arcs":[[8]],"properties":{"state":"Terengganu","parlimen":"P.032 Kuala Nerus","code_parlimen":"P.032","dun":"N.09 Tepuh","code_dun":"N.09","voters_total":11219}},{"type":"Polygon","arcs":[[9]],"properties":{"state":"Terengganu","parlimen":"P.032 Kuala Nerus","code_parlimen":"P.032","dun":"N.10 Teluk Pasu","code_dun":"N.10","voters_total":10125}},{"type":"Polygon","arcs":[[10]],"properties":{"state":"Terengganu","parlimen":"P.032 Kuala Nerus","code_parlimen":"P.032","dun":"N.11 Seberang Takir","code_dun":"N.11","voters_total":8866}},{"type":"Polygon","arcs":[[11]],"properties":{"state":"Terengganu","parlimen":"P.032 Kuala Nerus","code_parlimen":"P.032","dun":"N.12 Bukit Tunggal","code_dun":"N.12","voters_total":8205}},{"type":"Polygon","arcs":[[12]],"properties":{"state":"Terengganu","parlimen":"P.033 Kuala Terengganu","code_parlimen":"P.033","dun":"N.13 Bandar","code_dun":"N.13","voters_total":14369}},{"type":"Polygon","arcs":[[13]],"properties":{"state":"Terengganu","parlimen":"P.033 Kuala Terengganu","code_parlimen":"P.033","dun":"N.14 Ladang","code_dun":"N.14","voters_total":11868}},{"type":"Polygon","arcs":[[14]],"properties":{"state":"Terengganu","parlimen":"P.033 Kuala Terengganu","code_parlimen":"P.033","dun":"N.15 Batu Buruk","code_dun":"N.15","voters_total":14011}},{"type":"Polygon","arcs":[[15]],"properties":{"state":"Terengganu","parlimen":"P.033 Kuala Terengganu","code_parlimen":"P.033","dun":"N.16 Wakaf Mempelam","code_dun":"N.16","voters_total":15013}},{"type":"Polygon","arcs":[[16]],"properties":{"state":"Terengganu","parlimen":"P.034 Marang","code_parlimen":"P.034","dun":"N.17 Serada","code_dun":"N.17","voters_total":12399}},{"type":"Polygon","arcs":[[17]],"properties":{"state":"Terengganu","parlimen":"P.034 Marang","code_parlimen":"P.034","dun":"N.18 Bukit Payung","code_dun":"N.18","voters_total":10059}},{"type":"Polygon","arcs":[[18]],"properties":{"state":"Terengganu","parlimen":"P.034 Marang","code_parlimen":"P.034","dun":"N.19 Ru Rendang","code_dun":"N.19","voters_total":10533}},{"type":"Polygon","arcs":[[19]],"properties":{"state":"Terengganu","parlimen":"P.034 Marang","code_parlimen":"P.034","dun":"N.20 Binjai","code_dun":"N.20","voters_total":9715}},{"type":"Polygon","arcs":[[20]],"properties":{"state":"Terengganu","parlimen":"P.035 Hulu Terengganu","code_parlimen":"P.035","dun":"N.21 Telemung","code_dun":"N.21","voters_total":7652}},{"type":"Polygon","arcs":[[21]],"properties":{"state":"Terengganu","parlimen":"P.035 Hulu Terengganu","code_parlimen":"P.035","dun":"N.22 Manir","code_dun":"N.22","voters_total":8641}},{"type":"Polygon","arcs":[[22]],"properties":{"state":"Terengganu","parlimen":"P.035 Hulu Terengganu","code_parlimen":"P.035","dun":"N.23 Kuala Berang","code_dun":"N.23","voters_total":8998}},{"type":"Polygon","arcs":[[23]],"properties":{"state":"Terengganu","parlimen":"P.035 Hulu Terengganu","code_parlimen":"P.035","dun":"N.24 Tanggul","code_dun":"N.24","voters_total":8250}},{"type":"Polygon","arcs":[[24]],"properties":{"state":"Terengganu","parlimen":"P.036 Dungun","code_parlimen":"P.036","dun":"N.25 Mercang","code_dun":"N.25","voters_total":9745}},{"type":"Polygon","arcs":[[25]],"properties":{"state":"Terengganu","parlimen":"P.036 Dungun","code_parlimen":"P.036","dun":"N.26 Jerangau","code_dun":"N.26","voters_total":7643}},{"type":"Polygon","arcs":[[26]],"properties":{"state":"Terengganu","parlimen":"P.036 Dungun","code_parlimen":"P.036","dun":"N.27 Sura","code_dun":"N.27","voters_total":12826}},{"type":"Polygon","arcs":[[27]],"properties":{"state":"Terengganu","parlimen":"P.036 Dungun","code_parlimen":"P.036","dun":"N.28 Paka","code_dun":"N.28","voters_total":12148}},{"type":"Polygon","arcs":[[28]],"properties":{"state":"Terengganu","parlimen":"P.037 Kemaman","code_parlimen":"P.037","dun":"N.29 Kemasik","code_dun":"N.29","voters_total":8588}},{"type":"Polygon","arcs":[[29]],"properties":{"state":"Terengganu","parlimen":"P.037 Kemaman","code_parlimen":"P.037","dun":"N.30 Kijal","code_dun":"N.30","voters_total":7620}},{"type":"Polygon","arcs":[[30]],"properties":{"state":"Terengganu","parlimen":"P.037 Kemaman","code_parlimen":"P.037","dun":"N.31 Cukai","code_dun":"N.31","voters_total":14109}},{"type":"Polygon","arcs":[[31]],"properties":{"state":"Terengganu","parlimen":"P.037 Kemaman","code_parlimen":"P.037","dun":"N.32 Bukit Bandi","code_dun":"N.32","voters_total":11464}}]}},"arcs":[[[102.60629855536264,5.830982516508171],[102.60624588066102,5.828981355247536],[102.60608800093382,5.826985671924789],[102.60582534891843,5.825000936659162],[102.60545864452578,5.823032589619291],[102.60498889286708,5.821086026110421],[102.604417381499,5.819166581783975],[102.60374567689448,5.81727951801012],[102.60297562014912,5.815430007453315],[102.60210932193496,5.81362311989047],[102.60114915671518,5.811863808310754],[102.60009775623593,5.810156895334948],[102.5989580023128,5.808507059991808],[102.5977330189321,5.806918824887794],[102.59642616368812,5.805396543805129],[102.59504101858023,5.803944389762516],[102.59358138019492,5.802566343571101],[102.59205124929952,5.80126618291734],[102.5904548198765,5.800047472002485],[102.58879646762789,5.798913551767318],[102.58708073798194,5.797867530729055],[102.58531233363438,5.796912276455389],[102.58349610165858,5.796050407699338],[102.58163702022016,5.795284287216288],[102.5797401849321,5.794616015283091],[102.5778107948881,5.794047423937208],[102.57585413841214,5.79358007195125],[102.57387557856362,5.793215240557308],[102.57188053843757,5.792953929932365],[102.5698744863003,5.792796856454748],[102.56786292060123,5.792744450739018],[102.5658513549022,5.792796856454748],[102.56384530276492,5.792953929932365],[102.56185026263886,5.793215240557308],[102.55987170279035,5.79358007195125],[102.55791504631439,5.794047423937208],[102.55598565627038,5.794616015283091],[102.55408882098232,5.795284287216288],[102.5522297395439,5.796050407699338],[102.55041350756811,5.796912276455389],[102.54864510322054,5.797867530729055],[102.5469293735746,5.798913551767318],[102.54527102132599,5.800047472002485],[102.54367459190296,5.80126618291734],[102.54214446100755,5.802566343571101],[102.54068482262224,5.803944389762516],[102.53929967751435,5.805396543805129],[102.53799282227037,5.806918824887794],[102.53676783888967,5.808507059991808],[102.53562808496656,5.810156895334948],[102.53457668448729,5.811863808310754],[102.53361651926751,5.81362311989047],[102.53275022105335,5.815430007453315],[102.531980164308,5.81727951801012],[102.53130845970347,5.819166581783975],[102.5307369483354,5.821086026110421],[102.53026719667669,5.823032589619291],[102.52990049228403,5.825000936659162],[102.52963784026863,5.826985671924789],[102.52947996054145,5.828981355247536],[102.52942728583983,5.830982516508171],[102.52947996054145,5.83298367063103],[102.52963784026863,5.834979332618706],[102.52990049228403,5.836964032585672],[102.53026719667669,5.838932330750048],[102.5307369483354,5.840878832342106],[102.53130845970347,5.842798202388771],[102.531980164308,5.844685180333691],[102.53275022105335,5.846534594452784],[102.53361651926751,5.848341376025731],[102.53457668448729,5.850100573224595],[102.53562808496656,5.851807364681815],[102.53676783888967,5.853457072699972],[102.53799282227037,5.855045176067637],[102.53929967751435,5.856567322445911],[102.54068482262224,5.85801934029193],[102.54214446100755,5.859397250286753],[102.54367459190296,5.860697276236123],[102.54527102132599,5.861915855414641],[102.5469293735746,5.863049648324851],[102.54864510322054,5.864095547844539],[102.55041350756811,5.86505068773738],[102.5522297395439,5.865912450503545],[102.55408882098232,5.866678474548921],[102.55598565627038,5.867346660653209],[102.55791504631439,5.867915177719324],[102.55987170279035,5.868382467788482],[102.56185026263886,5.868747250306955],[102.56384530276492,5.869008525633262],[102.5658513549022,5.869165577775795],[102.56786292060123,5.869217976353762],[102.5698744863003,5.869165577775795],[102.57188053843757,5.869008525633262],[102.57387557856362,5.868747250306955],[102.57585413841214,5.868382467788482],[102.5778107948881,5.867915177719324],[102.5797401849321,5.867346660653209],[102.58163702022016,5.866678474548921],[102.58349610165858,5.865912450503545],[102.58531233363438,5.86505068773738],[102.58708073798194,5.864095547844539],[102.58879646762789,5.863049648324851],[102.5904548198765,5.861915855414641],[102.59205124929952,5.860697276236123],[102.59358138019492,5.859397250286753],[102.59504101858023,5.85801934029193],[102.59642616368812,5.856567322445911],[102.5977330189321,5.855045176067637],[102.5989580023128,5.853457072699972],[102.60009775623593,5.851807364681815],[102.60114915671518,5.850100573224595],[102.60210932193496,5.848341376025731],[102.60297562014912,5.846534594452784],[102.60374567689448,5.844685180333691],[102.604417381499,5.842798202388771],[102.60498889286708,5.840878832342106],[102.60545864452578,5.838932330750048],[102.60582534891843,5.836964032585672],[102.60608800093382,5.834979332618706],[102.60624588066102,5.83298367063103],[102.60629855536264,5.830982516508171]],[[102.64195765957908,5.760288854923561],[102.64190247936968,5.758192244395907],[102.64173708998668,5.756101372827279],[102.6414619447508,5.754021971249005],[102.64107779781607,5.751959739316077],[102.6405857021025,5.749920329682902],[102.63998700641024,5.747909332507425],[102.63928335172258,5.745932260125717],[102.63847666670812,5.743994531939491],[102.6375691624344,5.742101459557595],[102.63656332630754,5.740258232232515],[102.63546191525445,5.738469902631904],[102.6342679481663,5.736741372983877],[102.63298469762384,5.735077381634488],[102.63161568092765,5.733482490054028],[102.63016465045732,5.73196107032796],[102.62863558338651,5.730517293166784],[102.62703267078176,5.729155116467821],[102.62536030611514,5.727878274460311],[102.62362307322195,5.726690267463597],[102.62182573373673,5.725594352286667],[102.61997321404218,5.724593533295302],[102.61807059176594,5.72369055417145],[102.61612308186345,5.722887890387483],[102.61413602232396,5.722187742415986],[102.61211485953957,5.721592029693784],[102.610065133377,5.721102385356775],[102.60799246199316,5.720720151759998],[102.60590252643625,5.720446376795411],[102.60380105507436,5.720281811017289],[102.60169380789442,5.720226905583409],[102.59958656071447,5.720281811017289],[102.59748508935257,5.720446376795411],[102.59539515379568,5.720720151759998],[102.59332248241182,5.721102385356775],[102.59127275624925,5.721592029693784],[102.58925159346485,5.722187742415986],[102.58726453392538,5.722887890387483],[102.58531702402288,5.72369055417145],[102.58341440174665,5.724593533295302],[102.5815618820521,5.725594352286667],[102.57976454256689,5.726690267463597],[102.57802730967369,5.727878274460311],[102.57635494500705,5.729155116467821],[102.57475203240232,5.730517293166784],[102.57322296533151,5.73196107032796],[102.57177193486118,5.733482490054028],[102.57040291816499,5.735077381634488],[102.56911966762253,5.736741372983877],[102.56792570053437,5.738469902631904],[102.56682428948129,5.740258232232515],[102.56581845335442,5.742101459557595],[102.5649109490807,5.743994531939491],[102.56410426406624,5.745932260125717],[102.56340060937858,5.747909332507425],[102.56280191368633,5.749920329682902],[102.56230981797276,5.751959739316077],[102.56192567103803,5.754021971249005],[102.56165052580215,5.756101372827279],[102.56148513641915,5.758192244395907],[102.56142995620975,5.760288854923561],[102.56148513641915,5.762385457711946],[102.56165052580215,5.764476306147586],[102.56192567103803,5.766555669452578],[102.56230981797276,5.768617848391282],[102.56280191368633,5.770657190889882],[102.56340060937858,5.772668107526004],[102.56410426406624,5.774645086845954],[102.5649109490807,5.776582710467654],[102.56581845335442,5.778475667927867],[102.56682428948129,5.780318771233209],[102.56792570053437,5.782106969074838],[102.56911966762253,5.783835360668192],[102.57040291816499,5.785499209179786],[102.57177193486118,5.787093954704289],[102.57322296533151,5.788615226756453],[102.57475203240232,5.790058856243737],[102.57635494500705,5.791420886886745],[102.57802730967369,5.792697586056485],[102.57976454256689,5.793885454998539],[102.5815618820521,5.794981238416501],[102.58341440174665,5.795981933388166],[102.58531702402288,5.796884797590359],[102.58726453392538,5.797687356809824],[102.58925159346485,5.798387411719601],[102.59127275624925,5.798983043902463],[102.59332248241182,5.799472621104933],[102.59539515379568,5.799854801707512],[102.59748508935257,5.800128538398844],[102.59958656071447,5.800293081043964],[102.60169380789442,5.800347978738587],[102.60380105507436,5.800293081043964],[102.60590252643625,5.800128538398844],[102.60799246199316,5.799854801707512],[102.610065133377,5.799472621104933],[102.61211485953957,5.798983043902463],[102.61413602232396,5.798387411719601],[102.61612308186345,5.797687356809824],[102.61807059176594,5.796884797590359],[102.61997321404218,5.795981933388166],[102.62182573373673,5.794981238416501],[102.62362307322195,5.793885454998539],[102.62536030611514,5.792697586056485],[102.62703267078176,5.791420886886745],[102.62863558338651,5.790058856243737],[102.63016465045732,5.788615226756453],[102.63161568092765,5.787093954704289],[102.63298469762384,5.785499209179786],[102.6342679481663,5.783835360668192],[102.63546191525445,5.782106969074838],[102.63656332630754,5.780318771233209],[102.6375691624344,5.778475667927867],[102.63847666670812,5.776582710467654],[102.63928335172258,5.774645086845954],[102.63998700641024,5.772668107526004],[102.6405857021025,5.770657190889882],[102.64107779781607,5.768617848391282],[102.6414619447508,5.766555669452578],[102.64173708998668,5.764476306147586],[102.64190247936968,5.762385457711946],[102.64195765957908,5.760288854923561]],[[102.5019048221788,5.711159177387846],[102.50184842127399,5.709016001054662],[102.5016793731505,5.706878691037306],[102.50139814115747,5.704753105655283],[102.50100549613227,5.702645071155982],[102.50050251428762,5.700560365743461],[102.49989057426177,5.698504703738284],[102.49917135333982,5.696483719911759],[102.49834682285633,5.694502954037648],[102.49741924279202,5.692567835703592],[102.49639115557939,5.69068366942416],[102.495265379134,5.688855620096122],[102.49404499913088,5.687088698836069],[102.49273336054675,5.685387749239112],[102.49133405849183,5.683757434096567],[102.48985092835575,5.682202222608862],[102.48828803529516,5.680726378129045],[102.48664966309128,5.679333946470416],[102.48494030240845,5.678028744810328],[102.48316463848549,5.676814351220894],[102.48132753829377,5.675694094855094],[102.47943403719724,5.674671046815475],[102.47748932515077,5.673748011730422],[102.4754987324749,5.672927520061045],[102.47346771524583,5.672211821160206],[102.47140184034058,5.67160287710233],[102.46930677017869,5.671102357301208],[102.4671882472018,5.670711633930567],[102.46505207813418,5.670431778159982],[102.46290411806675,5.670263557216375],[102.46075025440872,5.670207432279423],[102.45859639075071,5.670263557216375],[102.45644843068328,5.670431778159982],[102.45431226161567,5.670711633930567],[102.45219373863877,5.671102357301208],[102.45009866847688,5.67160287710233],[102.44803279357163,5.672211821160206],[102.44600177634256,5.672927520061045],[102.4440111836667,5.673748011730422],[102.44206647162022,5.674671046815475],[102.4401729705237,5.675694094855094],[102.43833587033198,5.676814351220894],[102.436560206409,5.678028744810328],[102.43485084572617,5.679333946470416],[102.4332124735223,5.680726378129045],[102.43164958046171,5.682202222608862],[102.43016645032564,5.683757434096567],[102.42876714827072,5.685387749239112],[102.42745550968658,5.687088698836069],[102.42623512968345,5.688855620096122],[102.42510935323808,5.69068366942416],[102.42408126602544,5.692567835703592],[102.42315368596114,5.694502954037648],[102.42232915547764,5.696483719911759],[102.42160993455569,5.698504703738284],[102.42099799452984,5.700560365743461],[102.4204950126852,5.702645071155982],[102.42010236766,5.704753105655283],[102.41982113566698,5.706878691037306],[102.41965208754348,5.709016001054662],[102.41959568663866,5.711159177387846],[102.41965208754348,5.713302345703601],[102.41982113566698,5.715439631756534],[102.42010236766,5.717565177489662],[102.4204950126852,5.719673157090043],[102.42099799452984,5.721757792955068],[102.42160993455569,5.723813371526166],[102.42232915547764,5.725834258946147],[102.42315368596114,5.7278149164975],[102.42408126602544,5.729749915779399],[102.42510935323808,5.731633953581635],[102.42623512968345,5.733461866415049],[102.42745550968658,5.735228644658509],[102.42876714827072,5.736929446283849],[102.43016645032564,5.738559610120945],[102.43164958046171,5.7401146686271],[102.4332124735223,5.741590360125365],[102.43485084572617,5.742982640478572],[102.436560206409,5.744287694167055],[102.43833587033198,5.745501944739935],[102.4401729705237,5.746622064611124],[102.44206647162022,5.74764498417356],[102.4440111836667,5.748567900206495],[102.44600177634256,5.74938828355315],[102.44803279357163,5.750103886047471],[102.45009866847688,5.750712746671307],[102.45219373863877,5.75121319692497],[102.45431226161567,5.751603865396692],[102.45644843068328,5.751883681518419],[102.45859639075071,5.75205187849759],[102.46075025440872,5.752107995417127],[102.46290411806675,5.75205187849759],[102.46505207813418,5.751883681518419],[102.4671882472018,5.751603865396692],[102.46930677017869,5.75121319692497],[102.47140184034058,5.750712746671307],[102.47346771524583,5.750103886047471],[102.4754987324749,5.74938828355315],[102.47748932515077,5.748567900206495],[102.47943403719724,5.74764498417356],[102.48132753829377,5.746622064611124],[102.48316463848549,5.745501944739935],[102.48494030240845,5.744287694167055],[102.48664966309128,5.742982640478572],[102.48828803529516,5.741590360125365],[102.48985092835575,5.7401146686271],[102.49133405849183,5.738559610120945],[102.49273336054675,5.736929446283849],[102.49404499913088,5.735228644658509],[102.495265379134,5.733461866415049],[102.49639115557939,5.731633953581635],[102.49741924279202,5.729749915779399],[102.49834682285633,5.7278149164975],[102.49917135333982,5.725834258946147],[102.49989057426177,5.723813371526166],[102.50050251428762,5.721757792955068],[102.50100549613227,5.719673157090043],[102.50139814115747,5.717565177489662],[102.5016793731505,5.715439631756534],[102.50184842127399,5.713302345703601],[102.5019048221788,5.711159177387846]],[[102.53667046752825,5.515631130355252],[102.53661672379009,5.513588238822052],[102.53645563988339,5.51155093971031],[102.53618765732797,5.509524817204126],[102.5358135106454,5.507515424909711],[102.53533422534572,5.505528270631696],[102.53475111511662,5.503568801274406],[102.5340657782227,5.501642387909487],[102.53328009312477,5.499754311050826],[102.53239621333104,5.497909746177189],[102.5314165614946,5.496113749542302],[102.53034382277306,5.494371244311301],[102.52918093746867,5.49268700706156],[102.52793109296921,5.49106565468511],[102.5265977150116,5.489511631728351],[102.52518445829213,5.488029198204109],[102.52369519644922,5.48662241790924],[102.52213401144608,5.485295147280099],[102.52050518238231,5.484051024816281],[102.5188131737651,5.482893461101848],[102.5170626232725,5.481825629451357],[102.5152583290417,5.480850457206458],[102.51340523651781,5.479970617706897],[102.51150842489861,5.479188522958147],[102.5095730932129,5.478506317015501],[102.50760454607031,5.477925870103267],[102.50560817912174,5.477448773484793],[102.50358946427022,5.477076335097713],[102.50155393467281,5.476809575966233],[102.49950716957468,5.476649227400509],[102.4974547790167,5.476595728990562],[102.49540238845874,5.476649227400509],[102.49335562336063,5.476809575966233],[102.49132009376322,5.477076335097713],[102.4893013789117,5.477448773484793],[102.48730501196312,5.477925870103267],[102.48533646482053,5.478506317015501],[102.48340113313482,5.479188522958147],[102.48150432151563,5.479970617706897],[102.47965122899173,5.480850457206458],[102.47784693476095,5.481825629451357],[102.47609638426835,5.482893461101848],[102.47440437565113,5.484051024816281],[102.47277554658733,5.485295147280099],[102.47121436158422,5.48662241790924],[102.46972509974131,5.488029198204109],[102.46831184302184,5.489511631728351],[102.46697846506423,5.49106565468511],[102.46572862056478,5.49268700706156],[102.46456573526036,5.494371244311301],[102.46349299653883,5.496113749542302],[102.4625133447024,5.497909746177189],[102.46162946490867,5.499754311050826],[102.46084377981073,5.501642387909487],[102.4601584429168,5.503568801274406],[102.4595753326877,5.505528270631696],[102.45909604738804,5.507515424909711],[102.45872190070546,5.509524817204126],[102.45845391815004,5.51155093971031],[102.45829283424335,5.513588238822052],[102.45823909050517,5.515631130355252],[102.45829283424335,5.517674014854744],[102.45845391815004,5.519711292942472],[102.45872190070546,5.521737380664647],[102.45909604738804,5.523746724796178],[102.4595753326877,5.525733818060099],[102.4601584429168,5.527693214220586],[102.46084377981073,5.52961954300794],[102.46162946490867,5.531507524834935],[102.4625133447024,5.533351985263978],[102.46349299653883,5.535147869185681],[102.46456573526036,5.536890254669804],[102.46572862056478,5.53857436645095],[102.46697846506423,5.540195589011737],[102.46831184302184,5.541749479228073],[102.46972509974131,5.543231778541443],[102.47121436158422,5.544638424625441],[102.47277554658733,5.545965562514145],[102.47440437565113,5.547209555162314],[102.47609638426835,5.548366993408165],[102.47784693476095,5.549434705311803],[102.47965122899173,5.550409764843543],[102.48150432151563,5.551289499898536],[102.48340113313482,5.552071499615645],[102.48533646482053,5.552753620980751],[102.48730501196312,5.553333994696209],[102.4893013789117,5.553811030300614],[102.49132009376322,5.554183420524835],[102.49335562336063,5.554450144872305],[102.49540238845874,5.554610472414016],[102.4974547790167,5.554663963790268],[102.49950716957468,5.554610472414016],[102.50155393467281,5.554450144872305],[102.50358946427022,5.554183420524835],[102.50560817912174,5.553811030300614],[102.50760454607031,5.553333994696209],[102.5095730932129,5.552753620980751],[102.51150842489861,5.552071499615645],[102.51340523651781,5.551289499898536],[102.5152583290417,5.550409764843543],[102.5170626232725,5.549434705311803],[102.5188131737651,5.548366993408165],[102.52050518238231,5.547209555162314],[102.52213401144608,5.545965562514145],[102.52369519644922,5.544638424625441],[102.52518445829213,5.543231778541443],[102.5265977150116,5.541749479228073],[102.52793109296921,5.540195589011737],[102.52918093746867,5.53857436645095],[102.53034382277306,5.536890254669804],[102.5314165614946,5.535147869185681],[102.53239621333104,5.533351985263978],[102.53328009312477,5.531507524834935],[102.5340657782227,5.52961954300794],[102.53475111511662,5.527693214220586],[102.53533422534572,5.525733818060099],[102.5358135106454,5.523746724796178],[102.53618765732797,5.521737380664647],[102.53645563988339,5.519711292942472],[102.53661672379009,5.517674014854744],[102.53667046752825,5.515631130355252]],[[102.63602480847598,5.66668763847944],[102.63597170944678,5.664669774252839],[102.63581255789994,5.662657433831668],[102.6355477900588,5.660656132990164],[102.63517813163358,5.658671357300336],[102.63470459583236,5.656708547094821],[102.63412848058384,5.654773082553127],[102.63345136497986,5.65287026895206],[102.63267510494727,5.651005322121028],[102.6318018281608,5.649183354141958],[102.63083392821144,5.647409359333115],[102.62977405804573,5.645688200555337],[102.62862512269403,5.644024595878103],[102.62739027130836,5.642423105642333],[102.62607288853046,5.640888119955083],[102.62467658521503,5.639423846650757],[102.62320518853234,5.638034299751814],[102.62166273147845,5.636723288460495],[102.62005344182094,5.63549440671217],[102.61838173051088,5.634351023318589],[102.61665217959279,5.633296272728453],[102.61486952964549,5.632333046430457],[102.6130386667886,5.631463985022647],[102.61116460928993,5.630691470969632],[102.60925249381084,5.630017622067792],[102.60730756132693,5.629444285636311],[102.60533514276298,5.628973033450063],[102.60334064438112,5.628605157428169],[102.60132953296284,5.628341666090283],[102.59930732082468,5.62818328179017],[102.59727955070959,5.628130438734151],[102.59525178059452,5.62818328179017],[102.59322956845637,5.628341666090283],[102.59121845703807,5.628605157428169],[102.58922395865622,5.628973033450063],[102.58725154009225,5.629444285636311],[102.58530660760835,5.630017622067792],[102.58339449212926,5.630691470969632],[102.58152043463059,5.631463985022647],[102.57968957177371,5.632333046430457],[102.57790692182641,5.633296272728453],[102.57617737090831,5.634351023318589],[102.57450565959824,5.63549440671217],[102.57289636994074,5.636723288460495],[102.57135391288686,5.638034299751814],[102.56988251620416,5.639423846650757],[102.56848621288873,5.640888119955083],[102.56716883011084,5.642423105642333],[102.56593397872516,5.644024595878103],[102.56478504337348,5.645688200555337],[102.56372517320774,5.647409359333115],[102.56275727325838,5.649183354141958],[102.56188399647192,5.651005322121028],[102.56110773643933,5.65287026895206],[102.56043062083535,5.654773082553127],[102.55985450558684,5.656708547094821],[102.55938096978561,5.658671357300336],[102.55901131136041,5.660656132990164],[102.55874654351926,5.662657433831668],[102.55858739197242,5.664669774252839],[102.55853429294322,5.66668763847944],[102.55858739197242,5.668705495654484],[102.55874654351926,5.670717814998195],[102.55901131136041,5.672719080967321],[102.55938096978561,5.674703808371876],[102.55985450558684,5.676666557408264],[102.56043062083535,5.678601948567158],[102.56110773643933,5.680504677375756],[102.56188399647192,5.682369528933655],[102.56275727325838,5.684191392202757],[102.56372517320774,5.685965274012001],[102.56478504337348,5.687686312738637],[102.56593397872516,5.689349791628456],[102.56716883011084,5.690951151718714],[102.56848621288873,5.692486004328249],[102.56988251620416,5.693950143080673],[102.57135391288686,5.695339555427726],[102.57289636994074,5.696650433641328],[102.57450565959824,5.697879185244155],[102.57617737090831,5.699022442850334],[102.57790692182641,5.700077073389341],[102.57968957177371,5.701040186687776],[102.58152043463059,5.701909143385632],[102.58339449212926,5.702681562165538],[102.58530660760835,5.703355326274935],[102.58725154009225,5.70392858932364],[102.58922395865622,5.704399780340788],[102.59121845703807,5.704767608077434],[102.59322956845637,5.705031064542929],[102.59525178059452,5.705189427765621],[102.59727955070959,5.70524226377007],[102.59930732082468,5.705189427765621],[102.60132953296284,5.705031064542929],[102.60334064438112,5.704767608077434],[102.60533514276298,5.704399780340788],[102.60730756132693,5.70392858932364],[102.60925249381084,5.703355326274935],[102.61116460928993,5.702681562165538],[102.6130386667886,5.701909143385632],[102.61486952964549,5.701040186687776],[102.61665217959279,5.700077073389341],[102.61838173051088,5.699022442850334],[102.62005344182094,5.697879185244155],[102.62166273147845,5.696650433641328],[102.62320518853234,5.695339555427726],[102.62467658521503,5.693950143080673],[102.62607288853046,5.692486004328249],[102.62739027130836,5.690951151718714],[102.62862512269403,5.689349791628456],[102.62977405804573,5.687686312738637],[102.63083392821144,5.685965274012001],[102.6318018281608,5.684191392202757],[102.63267510494727,5.682369528933655],[102.63345136497986,5.680504677375756],[102.63412848058384,5.678601948567158],[102.63470459583236,5.676666557408264],[102.63517813163358,5.674703808371876],[102.6355477900588,5.672719080967321],[102.63581255789994,5.670717814998195],[102.63597170944678,5.668705495654484],[102.63602480847598,5.66668763847944]],[[102.77224749228236,5.541085061944561],[102.7721934074575,5.539029293480901],[102.77203130122564,5.536979152611996],[102.7717616179087,5.534940258721855],[102.77138509668993,5.532918200424687],[102.77090276958778,5.530918520245216],[102.77031595862734,5.528946699424818],[102.76962627221668,5.527008142894842],[102.76883560073826,5.525108164458831],[102.76794611136768,5.523251972223729],[102.76696024213345,5.521444654320487],[102.76588069523466,5.519691164953107],[102.76471042963426,5.517996310814251],[102.76345265294897,5.516364737905008],[102.76211081265723,5.514800918794818],[102.76068858665002,5.513309140356485],[102.75918987314998,5.511893492010174],[102.7576187800266,5.510557854508484],[102.75597961353697,5.509305889293433],[102.75427686652245,5.508141028454721],[102.75251520609432,5.507066465316704],[102.75069946084129,5.506085145680082],[102.74883460759494,5.505199759742149],[102.74692575778836,5.50441273471816],[102.74497814344622,5.503726228183694],[102.74299710284403,5.503142122156666],[102.74098806587637,5.502662017934975],[102.73895653917396,5.502287231704196],[102.73690809101025,5.50201879092725],[102.73484833603928,5.501857431525983],[102.73278291990626,5.501803595862563],[102.73071750377323,5.501857431525983],[102.72865774880226,5.50201879092725],[102.72660930063857,5.502287231704196],[102.72457777393615,5.502662017934975],[102.7225687369685,5.503142122156666],[102.72058769636631,5.503726228183694],[102.71864008202415,5.50441273471816],[102.71673123221758,5.505199759742149],[102.71486637897122,5.506085145680082],[102.7130506337182,5.507066465316704],[102.71128897329007,5.508141028454721],[102.70958622627556,5.509305889293433],[102.70794705978592,5.510557854508484],[102.70637596666253,5.511893492010174],[102.70487725316251,5.513309140356485],[102.70345502715529,5.514800918794818],[102.70211318686354,5.516364737905008],[102.70085541017826,5.517996310814251],[102.69968514457787,5.519691164953107],[102.69860559767906,5.521444654320487],[102.69761972844485,5.523251972223729],[102.69673023907426,5.525108164458831],[102.69593956759584,5.527008142894842],[102.69524988118518,5.528946699424818],[102.69466307022473,5.530918520245216],[102.69418074312259,5.532918200424687],[102.69380422190382,5.534940258721855],[102.69353453858689,5.536979152611996],[102.69337243235503,5.539029293480901],[102.69331834753015,5.541085061944561],[102.69337243235503,5.543140823252481],[102.69353453858689,5.545190942732628],[102.69380422190382,5.547229801235319],[102.69418074312259,5.549251810534032],[102.69466307022473,5.551251428640883],[102.69524988118518,5.553223174994621],[102.69593956759584,5.555161645479717],[102.69673023907426,5.55706152723539],[102.69761972844485,5.558917613213922],[102.69860559767906,5.56072481644855],[102.69968514457787,5.562478183991602],[102.70085541017826,5.564172910485143],[102.70211318686354,5.565804351326585],[102.70345502715529,5.567368035393477],[102.70487725316251,5.568859677292557],[102.70637596666253,5.570275189099601],[102.70794705978592,5.571610691558006],[102.70958622627556,5.572862524705282],[102.71128897329007,5.57402725789869],[102.7130506337182,5.57510169921238],[102.71486637897122,5.576082904180426],[102.71673123221758,5.576968183861815],[102.71864008202415,5.577755112205491],[102.72058769636631,5.578441532695114],[102.7225687369685,5.579025564255497],[102.72457777393615,5.579505606404605],[102.72660930063857,5.579880343636942],[102.72865774880226,5.580148749026438],[102.73071750377323,5.580310087038958],[102.73278291990626,5.580363915546653],[102.73484833603928,5.580310087038958],[102.73690809101025,5.580148749026438],[102.73895653917396,5.579880343636942],[102.74098806587637,5.579505606404605],[102.74299710284403,5.579025564255497],[102.74497814344622,5.578441532695114],[102.74692575778836,5.577755112205491],[102.74883460759494,5.576968183861815],[102.75069946084129,5.576082904180426],[102.75251520609432,5.57510169921238],[102.75427686652245,5.57402725789869],[102.75597961353697,5.572862524705282],[102.7576187800266,5.571610691558006],[102.75918987314998,5.570275189099601],[102.76068858665002,5.568859677292557],[102.76211081265723,5.567368035393477],[102.76345265294897,5.565804351326585],[102.76471042963426,5.564172910485143],[102.76588069523466,5.562478183991602],[102.76696024213345,5.56072481644855],[102.76794611136768,5.558917613213922],[102.76883560073826,5.55706152723539],[102.76962627221668,5.555161645479717],[102.77031595862734,5.553223174994621],[102.77090276958778,5.551251428640883],[102.77138509668993,5.549251810534032],[102.7717616179087,5.547229801235319],[102.77203130122564,5.545190942732628],[102.7721934074575,5.543140823252481],[102.77224749228236,5.541085061944561]],[[102.85353760823368,5.372356743981878],[102.85348952735136,5.370528672097994],[102.85334541649073,5.3687056053714],[102.85310567064964,5.366892540770397],[102.8527709469548,5.365094447892173],[102.85234216286057,5.363316255340151],[102.85182049363436,5.361562837213379],[102.85120736913524,5.359838999744713],[102.85050446989487,5.358149468124706],[102.8497137225112,5.356498873547223],[102.84883729436784,5.354891740512248],[102.84787758769342,5.353332474420905],[102.84683723297721,5.351825349496626],[102.84571908175919,5.350374497065522],[102.84452619881411,5.34898389422839],[102.84326185375122,5.347657352955194],[102.84192951205243,5.346398509632075],[102.84053282557377,5.345210815089554],[102.83907562253577,5.344097525139478],[102.83756189703067,5.34306169164635],[102.83599579807486,5.342106154157865],[102.83438161823672,5.341233532117613],[102.83272378187098,5.340446217681176],[102.83102683299188,5.339746369155455],[102.82929542281836,5.339135905079327],[102.82753429702537,5.338616498961726],[102.82574828273627,5.338189574691805],[102.82394227529208,5.337856302633563],[102.82212122483368,5.337617596415849],[102.82029012273381,5.337474110426528],[102.81845398791602,5.337426238017636],[102.81661785309822,5.337474110426528],[102.81478675099835,5.337617596415849],[102.81296570053993,5.337856302633563],[102.81115969309576,5.338189574691805],[102.80937367880665,5.338616498961726],[102.80761255301367,5.339135905079327],[102.80588114284015,5.339746369155455],[102.80418419396105,5.340446217681176],[102.80252635759531,5.341233532117613],[102.80091217775717,5.342106154157865],[102.79934607880136,5.34306169164635],[102.79783235329624,5.344097525139478],[102.79637515025826,5.345210815089554],[102.7949784637796,5.346398509632075],[102.79364612208082,5.347657352955194],[102.79238177701792,5.34898389422839],[102.79118889407285,5.350374497065522],[102.79007074285482,5.351825349496626],[102.78903038813861,5.353332474420905],[102.78807068146419,5.354891740512248],[102.78719425332083,5.356498873547223],[102.78640350593714,5.358149468124706],[102.78570060669678,5.359838999744713],[102.78508748219767,5.361562837213379],[102.78456581297146,5.363316255340151],[102.78413702887723,5.365094447892173],[102.78380230518239,5.366892540770397],[102.7835625593413,5.3687056053714],[102.78341844848067,5.370528672097994],[102.78337036759834,5.372356743981878],[102.78341844848067,5.374184810380717],[102.7835625593413,5.376007860712277],[102.78380230518239,5.377820898187868],[102.78413702887723,5.379618953507507],[102.78456581297146,5.381397098479258],[102.78508748219767,5.383150459525417],[102.78570060669678,5.384874231038463],[102.78640350593714,5.386563688550477],[102.78719425332083,5.388214201679552],[102.78807068146419,5.389821246818066],[102.78903038813861,5.391380419527891],[102.79007074285482,5.39288744660873],[102.79118889407285,5.394338197806442],[102.79238177701792,5.395728697129393],[102.79364612208082,5.397055133741705],[102.7949784637796,5.398313872403965],[102.79637515025826,5.399501463432281],[102.79783235329624,5.400614652148978],[102.79934607880136,5.401650387798689],[102.80091217775717,5.402605831905669],[102.80252635759531,5.403478366049472],[102.80418419396105,5.404265599037528],[102.80588114284015,5.404965373455269],[102.80761255301367,5.405575771575802],[102.80937367880665,5.406095120612777],[102.81115969309576,5.406521997302452],[102.81296570053993,5.406855231802122],[102.81478675099835,5.40709391089445],[102.81661785309822,5.407237380488723],[102.81845398791602,5.407285247412559],[102.82029012273381,5.407237380488723],[102.82212122483368,5.40709391089445],[102.82394227529208,5.406855231802122],[102.82574828273627,5.406521997302452],[102.82753429702537,5.406095120612777],[102.82929542281836,5.405575771575802],[102.83102683299188,5.404965373455269],[102.83272378187098,5.404265599037528],[102.83438161823672,5.403478366049472],[102.83599579807486,5.402605831905669],[102.83756189703067,5.401650387798689],[102.83907562253577,5.400614652148978],[102.84053282557377,5.399501463432281],[102.84192951205243,5.398313872403965],[102.84326185375122,5.397055133741705],[102.84452619881411,5.395728697129393],[102.84571908175919,5.394338197806442],[102.84683723297721,5.39288744660873],[102.84787758769342,5.391380419527891],[102.84883729436784,5.389821246818066],[102.8497137225112,5.388214201679552],[102.85050446989487,5.386563688550477],[102.85120736913524,5.384874231038463],[102.85182049363436,5.383150459525417],[102.85234216286057,5.381397098479258],[102.8527709469548,5.379618953507507],[102.85310567064964,5.377820898187868],[102.85334541649073,5.376007860712277],[102.85348952735136,5.374184810380717],[102.85353760823368,5.372356743981878]],[[103.02000810776896,5.510905230029334],[103.0199571381847,5.508967773587207],[103.01980436913595,5.507035621285729],[103.01955021935208,5.505114069099771],[103.01919538544001,5.503208384000748],[103.01874083997478,5.501323789518698],[103.01818782883394,5.49946545142302],[103.01753786778261,5.497638463560858],[103.0167927383188,5.495847833892296],[103.01595448279062,5.49409847076046],[103.01502539879819,5.492395169434147],[103.01400803289613,5.490742598960121],[103.0129051736137,5.489145289361057],[103.01171984381153,5.487607619214194],[103.0104552923962,5.486133803644852],[103.00911498541525,5.484727882767944],[103.00770259655695,5.483393710608874],[103.00622199708098,5.482134944534533],[103.0046772452076,5.480955035223384],[103.00307257499433,5.479857217201997],[103.00141238473066,5.478844499974302],[102.9997012248827,5.477919659767666],[102.99794378562068,5.477085231918697],[102.99614488396344,5.476343503919548],[102.9943094505754,5.475696509143875],[102.99244251625187,5.475146021269725],[102.99054919813008,5.474693549414649],[102.9886346856634,5.474340333996358],[102.98670422639744,5.474087343330376],[102.98476311158682,5.473935270974114],[102.98281666169234,5.47388453382443],[102.98087021179785,5.473935270974114],[102.97892909698724,5.474087343330376],[102.97699863772127,5.474340333996358],[102.9750841252546,5.474693549414649],[102.9731908071328,5.475146021269725],[102.97132387280928,5.475696509143875],[102.96948843942124,5.476343503919548],[102.967689537764,5.477085231918697],[102.96593209850197,5.477919659767666],[102.96422093865401,5.478844499974302],[102.96256074839035,5.479857217201997],[102.96095607817708,5.480955035223384],[102.95941132630368,5.482134944534533],[102.95793072682773,5.483393710608874],[102.95651833796943,5.484727882767944],[102.95517803098848,5.486133803644852],[102.95391347957315,5.487607619214194],[102.95272814977096,5.489145289361057],[102.95162529048854,5.490742598960121],[102.95060792458649,5.492395169434147],[102.94967884059406,5.49409847076046],[102.94884058506587,5.495847833892296],[102.94809545560206,5.497638463560858],[102.94744549455072,5.49946545142302],[102.9468924834099,5.501323789518698],[102.94643793794467,5.503208384000748],[102.94608310403258,5.505114069099771],[102.94582895424871,5.507035621285729],[102.94567618519999,5.508967773587207],[102.94562521561572,5.510905230029334],[102.94567618519999,5.512842680150504],[102.94582895424871,5.514774813558392],[102.94608310403258,5.516696334485109],[102.94643793794467,5.518601976301732],[102.9468924834099,5.520486515952431],[102.94744549455072,5.522344788268577],[102.94809545560206,5.524171700123675],[102.94884058506587,5.525962244390399],[102.94967884059406,5.527711513661344],[102.95060792458649,5.529414713696049],[102.95162529048854,5.531067176557496],[102.95272814977096,5.532664373402068],[102.95391347957315,5.534201926887902],[102.95517803098848,5.535675623167792],[102.95651833796943,5.537081423433818],[102.95793072682773,5.538415474982017],[102.95941132630368,5.53967412176692],[102.96095607817708,5.540853914417029],[102.96256074839035,5.541951619683948],[102.96422093865401,5.542964229299089],[102.96593209850197,5.543888968214129],[102.967689537764,5.54472330220222],[102.96948843942124,5.54546494479957],[102.97132387280928,5.546111863568205],[102.9731908071328,5.546662285662809],[102.9750841252546,5.54711470268656],[102.97699863772127,5.547467874822476],[102.97892909698724,5.54772083422923],[102.98087021179785,5.547872887691902],[102.98281666169234,5.547923618520641],[102.98476311158682,5.547872887691902],[102.98670422639744,5.54772083422923],[102.9886346856634,5.547467874822476],[102.99054919813008,5.54711470268656],[102.99244251625187,5.546662285662809],[102.9943094505754,5.546111863568205],[102.99614488396344,5.54546494479957],[102.99794378562068,5.54472330220222],[102.9997012248827,5.543888968214129],[103.00141238473066,5.542964229299089],[103.00307257499433,5.541951619683948],[103.0046772452076,5.540853914417029],[103.00622199708098,5.53967412176692],[103.00770259655695,5.538415474982017],[103.00911498541525,5.537081423433818],[103.0104552923962,5.535675623167792],[103.01171984381153,5.534201926887902],[103.0129051736137,5.532664373402068],[103.01400803289613,5.531067176557496],[103.01502539879819,5.529414713696049],[103.01595448279062,5.527711513661344],[103.0167927383188,5.525962244390399],[103.01753786778261,5.524171700123675],[103.01818782883394,5.522344788268577],[103.01874083997478,5.520486515952431],[103.01919538544001,5.518601976301732],[103.01955021935208,5.516696334485109],[103.01980436913595,5.514774813558392],[103.0199571381847,5.512842680150504],[103.02000810776896,5.510905230029334]],[[102.95701249889854,5.33745416216915],[102.9569533651564,5.335205722980327],[102.9567761260114,5.332963438400887],[102.95648126726377,5.330733454481528],[102.9560695971008,5.328521883623779],[102.95554224388182,5.326334787824432],[102.95490065304533,5.324178162057384],[102.9541465831472,5.322057917838571],[102.95328210104066,5.319979867018958],[102.95230957621102,5.317949705850215],[102.95123167428127,5.315972999366592],[102.95005134970567,5.314055166126062],[102.94877183767184,5.312201463352418],[102.94739664523331,5.310416972519342],[102.94592954169698,5.308706585415806],[102.94437454829165,5.307074990731214],[102.9427359271462,5.305526661197085],[102.94101816960725,5.304065841320521],[102.93922598392882,5.302696535743394],[102.9373642823673,5.301422498258877],[102.93543816771725,5.300247221515861],[102.93345291932503,5.299173927439275],[102.93141397861852,5.298205558392749],[102.92932693419245,5.297344769108039],[102.92719750649053,5.296593919403059],[102.92503153212607,5.295955067708894],[102.92283494788427,5.295429965423411],[102.92061377444983,5.295020052106981],[102.91837409990475,5.29472645153359],[102.91612206304129,5.294549968608145],[102.91386383653594,5.294491087158469],[102.91160561003059,5.294549968608145],[102.90935357316712,5.29472645153359],[102.90711389862204,5.295020052106981],[102.90489272518761,5.295429965423411],[102.90269614094579,5.295955067708894],[102.90053016658135,5.296593919403059],[102.89840073887943,5.297344769108039],[102.89631369445335,5.298205558392749],[102.89427475374683,5.299173927439275],[102.89228950535463,5.300247221515861],[102.89036339070456,5.301422498258877],[102.88850168914304,5.302696535743394],[102.8867095034646,5.304065841320521],[102.88499174592567,5.305526661197085],[102.88335312478021,5.307074990731214],[102.88179813137488,5.308706585415806],[102.88033102783855,5.310416972519342],[102.87895583540003,5.312201463352418],[102.8776763233662,5.314055166126062],[102.8764959987906,5.315972999366592],[102.87541809686086,5.317949705850215],[102.87444557203122,5.319979867018958],[102.87358108992466,5.322057917838571],[102.87282702002655,5.324178162057384],[102.87218542919005,5.326334787824432],[102.87165807597108,5.328521883623779],[102.8712464058081,5.330733454481528],[102.87095154706046,5.332963438400887],[102.87077430791547,5.335205722980327],[102.87071517417333,5.33745416216915],[102.87077430791547,5.339702593114522],[102.87095154706046,5.341944853053977],[102.8712464058081,5.34417479620674],[102.87165807597108,5.34638631061794],[102.87218542919005,5.348573334909206],[102.87282702002655,5.350729874890143],[102.87358108992466,5.35285001998468],[102.87444557203122,5.35492795942787],[102.87541809686086,5.356957998188335],[102.8764959987906,5.358934572572926],[102.8776763233662,5.360852265471009],[102.87895583540003,5.362705821196376],[102.88033102783855,5.364490159886461],[102.88179813137488,5.366200391419182],[102.88335312478021,5.367831828809621],[102.88499174592567,5.369380001049609],[102.8867095034646,5.370840665355371],[102.88850168914304,5.372209818789533],[102.89036339070456,5.373483709225797],[102.89228950535463,5.374658845626381],[102.89427475374683,5.375732007603984],[102.89631369445335,5.376700254242245],[102.89840073887943,5.377560932150584],[102.90053016658135,5.378311682731326],[102.90269614094579,5.378950448639404],[102.90489272518761,5.379475479416845],[102.90711389862204,5.37988533628675],[102.90935357316712,5.38017889609356],[102.91160561003059,5.380355354379032],[102.91386383653594,5.380414227585256],[102.91612206304129,5.380355354379032],[102.91837409990475,5.38017889609356],[102.92061377444983,5.37988533628675],[102.92283494788427,5.379475479416845],[102.92503153212607,5.378950448639404],[102.92719750649053,5.378311682731326],[102.92932693419245,5.377560932150584],[102.93141397861852,5.376700254242245],[102.93345291932503,5.375732007603984],[102.93543816771725,5.374658845626381],[102.9373642823673,5.373483709225797],[102.93922598392882,5.372209818789533],[102.94101816960725,5.370840665355371],[102.9427359271462,5.369380001049609],[102.94437454829165,5.367831828809621],[102.94592954169698,5.366200391419182],[102.94739664523331,5.364490159886461],[102.94877183767184,5.362705821196376],[102.95005134970567,5.360852265471009],[102.95123167428127,5.358934572572926],[102.95230957621102,5.356957998188335],[102.95328210104066,5.35492795942787],[102.9541465831472,5.35285001998468],[102.95490065304533,5.350729874890143],[102.95554224388182,5.348573334909206],[102.9560695971008,5.34638631061794],[102.95648126726377,5.34417479620674],[102.9567761260114,5.341944853053977],[102.9569533651564,5.339702593114522],[102.95701249889854,5.33745416216915]],[[103.02188151488885,5.286811166612339],[103.02182533824298,5.284674989618951],[103.0216569622817,5.282544660401607],[103.02137684851175,5.280426018137947],[103.02098576470556,5.278324870031589],[103.02048478279663,5.276246975393241],[103.01987527594157,5.274198029852482],[103.01915891475629,5.272183649743591],[103.018337662737,5.270209356707976],[103.01741377087842,5.268280562555733],[103.01638977150388,5.266402554427791],[103.01526847132452,5.26458048029921],[103.0140529437462,5.2628193348637],[103.01274652044549,5.261123945837783],[103.01135278223785,5.259498960722548],[103.00987554926284,5.257948834059023],[103.00831887051338,5.256477815212339],[103.00668701273773,5.255089936718326],[103.00498444874455,5.253789003224267],[103.00321584514347,5.252578581054435],[103.00138604955401,5.251461988429024],[102.9995000773187,5.250442286363247],[102.99756309775631,5.249522270271779],[102.99558041999323,5.248704462301442],[102.99355747841136,5.247991104413322],[102.99149981775298,5.247384152233322],[102.98941307792293,5.246885269687987],[102.98730297853,5.24649582444037],[102.98517530321,5.246216884138597],[102.98303588377307,5.246049213487219],[102.9808905842192,5.245993272149631],[102.97874528466531,5.246049213487219],[102.9766058652284,5.246216884138597],[102.97447818990838,5.24649582444037],[102.97236809051546,5.246885269687987],[102.9702813506854,5.247384152233322],[102.96822369002702,5.247991104413322],[102.96620074844515,5.248704462301442],[102.96421807068207,5.249522270271779],[102.96228109111969,5.250442286363247],[102.96039511888436,5.251461988429024],[102.9585653232949,5.252578581054435],[102.95679671969383,5.253789003224267],[102.95509415570065,5.255089936718326],[102.953462297925,5.256477815212339],[102.95190561917553,5.257948834059023],[102.95042838620053,5.259498960722548],[102.94903464799292,5.261123945837783],[102.9477282246922,5.2628193348637],[102.94651269711387,5.26458048029921],[102.9453913969345,5.266402554427791],[102.94436739755997,5.268280562555733],[102.94344350570138,5.270209356707976],[102.9426222536821,5.272183649743591],[102.94190589249682,5.274198029852482],[102.94129638564175,5.276246975393241],[102.94079540373282,5.278324870031589],[102.94040431992663,5.280426018137947],[102.94012420615668,5.282544660401607],[102.9399558301954,5.284674989618951],[102.93989965354953,5.286811166612339],[102.9399558301954,5.288947336235911],[102.94012420615668,5.291077643424569],[102.94040431992663,5.293196249241998],[102.94079540373282,5.295297346883906],[102.94129638564175,5.297375177592508],[102.94190589249682,5.299424046438593],[102.9426222536821,5.301438337928222],[102.94344350570138,5.303412531390913],[102.94436739755997,5.305341216107483],[102.9453913969345,5.307219106136023],[102.94651269711387,5.309041054795385],[102.9477282246922,5.310802068766534],[102.9490346479929,5.312497321773296],[102.95042838620053,5.314122167804846],[102.95190561917553,5.315672153843988],[102.953462297925,5.317143032066276],[102.95509415570065,5.318530771476604],[102.95679671969383,5.319831568951545],[102.9585653232949,5.32104185965703],[102.96039511888436,5.322158326813248],[102.96228109111969,5.323177910779648],[102.96421807068207,5.32409781743547],[102.96620074844515,5.324915525832907],[102.96822369002702,5.325628795101791],[102.9702813506854,5.326235670587154],[102.97236809051546,5.326734489202755],[102.97447818990838,5.327123883985949],[102.9766058652284,5.327402787841518],[102.97874528466531,5.327570436464208],[102.9808905842192,5.327626370431966],[102.98303588377307,5.327570436464208],[102.98517530321,5.327402787841518],[102.98730297853,5.327123883985949],[102.98941307792293,5.326734489202755],[102.99149981775298,5.326235670587154],[102.99355747841136,5.325628795101791],[102.99558041999323,5.324915525832907],[102.99756309775631,5.32409781743547],[102.9995000773187,5.323177910779648],[103.00138604955401,5.322158326813248],[103.00321584514347,5.32104185965703],[103.00498444874455,5.319831568951545],[103.00668701273773,5.318530771476604],[103.00831887051338,5.317143032066276],[103.00987554926284,5.315672153843988],[103.01135278223785,5.314122167804846],[103.01274652044548,5.312497321773296],[103.0140529437462,5.310802068766534],[103.01526847132452,5.309041054795385],[103.01638977150388,5.307219106136023],[103.01741377087842,5.305341216107483],[103.018337662737,5.303412531390913],[103.01915891475629,5.301438337928222],[103.01987527594157,5.299424046438593],[103.02048478279663,5.297375177592508],[103.02098576470556,5.295297346883906],[103.02137684851175,5.293196249241998],[103.0216569622817,5.291077643424569],[103.02182533824298,5.288947336235911],[103.02188151488885,5.286811166612339]],[[103.13791327157877,5.407567134394178],[103.13786070349423,5.405568571236375],[103.13770314332602,5.403575479431682],[103.13744102293563,5.401593321989594],[103.13707506077685,5.399627532002116],[103.13660625992648,5.397683497750656],[103.1360359053351,5.395766547934927],[103.13536556030499,5.393881937064763],[103.13459706220527,5.392034831054789],[103.13373251743582,5.390230293061335],[103.13277429565376,5.388473269600673],[103.13172502327842,5.386768576986551],[103.13058757629238,5.385120888124234],[103.12936507235884,5.383534719697339],[103.12806086227603,5.382014419782617],[103.1266785207932,5.380564155926782],[103.12522183681224,5.379187903717909],[103.12369480300269,5.377889435883042],[103.12210160485806,5.37667231194176],[103.12044660922378,5.375539868444263],[103.11873435232779,5.374495209820642],[103.11696952734725,5.37354119986667],[103.11515697154474,5.372680453889283],[103.11330165300974,5.371915331533551],[103.1114086570414,5.371247930310696],[103.10948317221006,5.370680079844964],[103.10753047613586,5.370213336855268],[103.10555592102294,5.369848980885284],[103.10356491898968,5.36958801079373],[103.10156292723421,5.369431142014653],[103.0995554330768,5.36937880459491],[103.09754793891938,5.369431142014653],[103.09554594716393,5.36958801079373],[103.09355494513065,5.369848980885284],[103.09158039001773,5.370213336855268],[103.08962769394353,5.370680079844964],[103.0877022091122,5.371247930310696],[103.08580921314385,5.371915331533551],[103.08395389460885,5.372680453889283],[103.08214133880634,5.37354119986667],[103.0803765138258,5.374495209820642],[103.07866425692981,5.375539868444263],[103.07700926129553,5.37667231194176],[103.0754160631509,5.377889435883042],[103.07388902934134,5.379187903717909],[103.07243234536038,5.380564155926782],[103.07105000387756,5.382014419782617],[103.06974579379475,5.383534719697339],[103.0685232898612,5.385120888124234],[103.06738584287517,5.386768576986551],[103.06633657049983,5.388473269600673],[103.06537834871777,5.390230293061335],[103.06451380394832,5.392034831054789],[103.0637453058486,5.393881937064763],[103.0630749608185,5.395766547934927],[103.06250460622711,5.397683497750656],[103.06203580537674,5.399627532002116],[103.06166984321796,5.401593321989594],[103.06140772282757,5.403575479431682],[103.06125016265936,5.405568571236375],[103.06119759457482,5.407567134394178],[103.06125016265936,5.409565690952914],[103.06140772282757,5.41155876303266],[103.06166984321796,5.413540887840094],[103.06203580537674,5.415506632640707],[103.06250460622711,5.417450609648199],[103.0630749608185,5.419367490790028],[103.0637453058486,5.421252022308749],[103.06451380394832,5.42309903915915],[103.06537834871777,5.42490347916175],[103.06633657049983,5.426660396873867],[103.06738584287517,5.428364977140378],[103.0685232898612,5.430012548286919],[103.06974579379475,5.431598594919587],[103.07105000387756,5.433118770296026],[103.07243234536038,5.434568908234006],[103.07388902934134,5.435945034525025],[103.0754160631509,5.437243377821622],[103.07700926129553,5.438460379968677],[103.07866425692981,5.43959270575041],[103.0803765138258,5.440637252026446],[103.08214133880634,5.441591156231911],[103.08395389460885,5.442451804218444],[103.08580921314385,5.443216837414628],[103.0877022091122,5.443884159286066],[103.08962769394353,5.444451941077922],[103.09158039001773,5.444918626823664],[103.09355494513065,5.445282937606809],[103.09554594716393,5.445543875063696],[103.09754793891938,5.445700724117851],[103.0995554330768,5.445753054938527],[103.10156292723421,5.445700724117851],[103.10356491898968,5.445543875063696],[103.10555592102294,5.445282937606809],[103.10753047613586,5.444918626823664],[103.10948317221006,5.444451941077922],[103.1114086570414,5.443884159286066],[103.11330165300974,5.443216837414628],[103.11515697154474,5.442451804218444],[103.11696952734725,5.441591156231911],[103.11873435232779,5.440637252026446],[103.12044660922378,5.43959270575041],[103.12210160485806,5.438460379968677],[103.12369480300269,5.437243377821622],[103.12522183681224,5.435945034525025],[103.1266785207932,5.434568908234006],[103.12806086227603,5.433118770296026],[103.12936507235884,5.431598594919587],[103.13058757629238,5.430012548286919],[103.13172502327842,5.428364977140378],[103.13277429565376,5.426660396873867],[103.13373251743582,5.42490347916175],[103.13459706220527,5.42309903915915],[103.13536556030499,5.421252022308749],[103.1360359053351,5.419367490790028],[103.13660625992648,5.417450609648199],[103.13707506077685,5.415506632640707],[103.13744102293563,5.413540887840094],[103.13770314332602,5.41155876303266],[103.13786070349423,5.409565690952914],[103.13791327157877,5.407567134394178]],[[103.07568659760078,5.363146232044664],[103.07563602706186,5.361223472328271],[103.07548445405538,5.359305976732107],[103.07523229403245,5.357399001054792],[103.07488023814615,5.355507772309137],[103.0744292513572,5.353637474393868],[103.07388056978904,5.351793233883044],[103.07323569733971,5.349980105972057],[103.07249640155977,5.348203060618756],[103.07166470880756,5.346466968917976],[103.07074289869512,5.344776589746365],[103.06973349783985,5.343136556714617],[103.06863927293938,5.341551365462729],[103.06746322318808,5.340025361333093],[103.06620857205657,5.338562727455347],[103.0648787584564,5.337167473275753],[103.06347742731425,5.33584342356243],[103.06200841958129,5.334594207916749],[103.06047576170567,5.33342325081971],[103.05888365459609,5.332333762240578],[103.05723646210745,5.331328728833592],[103.05553869907988,5.330410905746917],[103.05379501896384,5.329582809066459],[103.05201020106529,5.32884670891502],[103.05018913744605,5.328204623226188],[103.04833681951494,5.327658312209546],[103.04645832434662,5.327209273522938],[103.04455880076577,5.326858738164637],[103.04264345523454,5.326607667096948],[103.04071753758186,5.326456748610469],[103.03878632661414,5.326406396436128],[103.03685511564645,5.326456748610469],[103.03492919799375,5.326607667096948],[103.03301385246252,5.326858738164637],[103.03111432888167,5.327209273522938],[103.02923583371334,5.327658312209546],[103.02738351578223,5.328204623226188],[103.025562452163,5.32884670891502],[103.02377763426445,5.329582809066459],[103.0220339541484,5.330410905746917],[103.02033619112082,5.331328728833592],[103.0186889986322,5.332333762240578],[103.0170968915226,5.33342325081971],[103.01556423364698,5.334594207916749],[103.01409522591405,5.33584342356243],[103.01269389477187,5.337167473275753],[103.01136408117172,5.338562727455347],[103.01010943004022,5.340025361333093],[103.00893338028892,5.341551365462729],[103.00783915538844,5.343136556714617],[103.00682975453317,5.344776589746365],[103.00590794442073,5.346466968917976],[103.00507625166851,5.348203060618756],[103.00433695588858,5.349980105972057],[103.00369208343926,5.351793233883044],[103.00314340187107,5.353637474393868],[103.00269241508214,5.355507772309137],[103.00234035919584,5.357399001054792],[103.0020881991729,5.359305976732107],[103.00193662616644,5.361223472328271],[103.0018860556275,5.363146232044664],[103.00193662616644,5.365068985703562],[103.0020881991729,5.366986463193554],[103.00234035919584,5.368893408914434],[103.00269241508214,5.370784596181584],[103.00314340187107,5.372654841550744],[103.00369208343926,5.374499019023534],[103.00433695588858,5.376312074095251],[103.00507625166851,5.378089037606049],[103.00590794442073,5.379825039357804],[103.00682975453317,5.381515321459369],[103.00783915538844,5.383155251363565],[103.00893338028892,5.384740334560281],[103.01010943004022,5.386266226891002],[103.01136408117172,5.387728746450975],[103.01269389477187,5.389123885046438],[103.01409522591405,5.39044781917563],[103.01556423364698,5.391696920503564],[103.0170968915226,5.392867765801688],[103.0186889986322,5.39395714632566],[103.02033619112082,5.39496207660512],[103.0220339541484,5.395879802621749],[103.02377763426445,5.39670780935322],[103.025562452163,5.397443827662169],[103.02738351578223,5.398085840511744],[103.02923583371334,5.398632088490378],[103.03111432888167,5.399081074630888],[103.03301385246252,5.399431568510699],[103.03492919799375,5.399682609621951],[103.03685511564645,5.399833510002296],[103.03878632661414,5.399883856119118],[103.04071753758186,5.399833510002296],[103.04264345523454,5.399682609621951],[103.04455880076577,5.399431568510699],[103.04645832434662,5.399081074630888],[103.04833681951494,5.398632088490378],[103.05018913744605,5.398085840511744],[103.05201020106529,5.397443827662169],[103.05379501896384,5.39670780935322],[103.05553869907988,5.395879802621749],[103.05723646210745,5.39496207660512],[103.05888365459609,5.39395714632566],[103.06047576170567,5.392867765801688],[103.06200841958129,5.391696920503564],[103.06347742731425,5.39044781917563],[103.0648787584564,5.389123885046438],[103.06620857205657,5.387728746450975],[103.06746322318808,5.386266226891002],[103.06863927293938,5.384740334560281],[103.06973349783985,5.383155251363565],[103.07074289869512,5.381515321459369],[103.07166470880756,5.379825039357804],[103.07249640155977,5.378089037606049],[103.07323569733971,5.376312074095251],[103.07388056978904,5.374499019023534],[103.0744292513572,5.372654841550744],[103.07488023814615,5.370784596181584],[103.07523229403245,5.368893408914434],[103.07548445405538,5.366986463193554],[103.07563602706186,5.365068985703562],[103.07568659760078,5.363146232044664]],[[103.28772621570126,5.370455090900903],[103.28765929329289,5.367910640366966],[103.28745870949749,5.365373153421175],[103.28712501410129,5.362849585274098],[103.28665912174017,5.360346853071002],[103.28606230939269,5.357871816929899],[103.28533621288005,5.355431261135101],[103.2844828223823,5.353031875537671],[103.28350447698347,5.35068023721404],[103.2824038582603,5.34838279243282],[103.2811839829322,5.346145838979535],[103.27984819459269,5.343975508887723],[103.2784001545447,5.341877751623749],[103.27684383176539,5.339858317771683],[103.27518349202732,5.337922743262705],[103.27342368620629,5.336076334192894],[103.27156923780771,5.334324152270516],[103.26962522974578,5.332671000933214],[103.26759699041145,5.331121412173111],[103.26549007906776,5.329679634106031],[103.26331027061227,5.328349619318941],[103.26106353974839,5.327135014027817],[103.2587560446093,5.326039148075607],[103.25639410987877,5.325065025797812],[103.25398420945571,5.324215317780808],[103.25153294870968,5.323492353535666],[103.24904704637599,5.322898115107425],[103.24653331614016,5.322434231637577],[103.24399864796202,5.322101974894651],[103.24144998919087,5.321902255785184],[103.23889432552325,5.321835621854626],[103.23633866185563,5.321902255785184],[103.2337900030845,5.322101974894651],[103.23125533490635,5.322434231637577],[103.22874160467052,5.322898115107425],[103.22625570233683,5.323492353535666],[103.2238044415908,5.324215317780808],[103.22139454116774,5.325065025797812],[103.21903260643721,5.326039148075607],[103.2167251112981,5.327135014027817],[103.21447838043426,5.328349619318941],[103.21229857197875,5.329679634106031],[103.21019166063508,5.331121412173111],[103.20816342130072,5.332671000933214],[103.2062194132388,5.334324152270516],[103.20436496484022,5.336076334192894],[103.2026051590192,5.337922743262705],[103.20094481928113,5.339858317771683],[103.19938849650181,5.341877751623749],[103.19794045645382,5.343975508887723],[103.1966046681143,5.346145838979535],[103.19538479278621,5.34838279243282],[103.19428417406306,5.35068023721404],[103.19330582866422,5.353031875537671],[103.19245243816647,5.355431261135101],[103.19172634165382,5.357871816929899],[103.19112952930635,5.360346853071002],[103.19066363694523,5.362849585274098],[103.19032994154902,5.365373153421175],[103.1901293577536,5.367910640366966],[103.19006243534527,5.370455090900903],[103.1901293577536,5.372999530812348],[103.19032994154902,5.375536986007043],[103.19066363694523,5.378060501622286],[103.19112952930635,5.38056316108836],[103.19172634165382,5.383038105084177],[103.19245243816647,5.385478550335005],[103.19330582866422,5.387877808200901],[103.19428417406306,5.390229303004903],[103.19538479278621,5.392526590050827],[103.1966046681143,5.394763373281322],[103.19794045645382,5.396933522527863],[103.19938849650181,5.399031090305444],[103.20094481928113,5.401050328106097],[103.2026051590192,5.402985702146545],[103.20436496484022,5.40483190852715],[103.2062194132388,5.406583887760323],[103.20816342130072,5.408236838629134],[103.21019166063508,5.409786231337823],[103.21229857197875,5.411227819918562],[103.21447838043426,5.412557653860432],[103.2167251112981,5.413772088928829],[103.21903260643721,5.414867797145794],[103.22139454116774,5.415841775904023],[103.2238044415908,5.416691356189544],[103.22625570233683,5.417414209890768],[103.22874160467052,5.418008356173785],[103.23125533490635,5.41847216690665],[103.2337900030845,5.418804371117766],[103.23633866185563,5.419004058476151],[103.23889432552325,5.419070681784229],[103.24144998919087,5.419004058476151],[103.24399864796202,5.418804371117766],[103.24653331614016,5.41847216690665],[103.24904704637599,5.418008356173785],[103.25153294870968,5.417414209890768],[103.25398420945571,5.416691356189544],[103.25639410987877,5.415841775904023],[103.2587560446093,5.414867797145794],[103.26106353974839,5.413772088928829],[103.26331027061227,5.412557653860432],[103.26549007906776,5.411227819918562],[103.26759699041145,5.409786231337823],[103.26962522974578,5.408236838629134],[103.27156923780771,5.406583887760323],[103.27342368620629,5.40483190852715],[103.27518349202732,5.402985702146545],[103.27684383176539,5.401050328106097],[103.2784001545447,5.399031090305444],[103.27984819459269,5.396933522527863],[103.2811839829322,5.394763373281322],[103.2824038582603,5.392526590050827],[103.28350447698347,5.390229303004903],[103.2844828223823,5.387877808200901],[103.28533621288005,5.385478550335005],[103.28606230939269,5.383038105084177],[103.28665912174017,5.38056316108836],[103.28712501410129,5.378060501622286],[103.28745870949749,5.375536986007043],[103.28765929329289,5.372999530812348],[103.28772621570126,5.370455090900903]],[[103.11063263861485,5.285708162525787],[103.11057181852492,5.283395409160375],[103.1103895249587,5.28108898629365],[103.11008625757025,5.278795215780021],[103.10966284759434,5.276520384863931],[103.10912045556833,5.274270728944894],[103.10846056815103,5.272052414484008],[103.10768499404801,5.269871522098599],[103.10679585905396,5.267734029891679],[103.1057956002261,5.265645797061541],[103.10468695920436,5.263612547836892],[103.1034729746967,5.261639855781335],[103.10215697415026,5.259733128510341],[103.10074256463112,5.257897592862792],[103.0992336229374,5.256138280567682],[103.09763428497342,5.254460014445272],[103.09594893441339,5.252867395180846],[103.09418219068601,5.251364788707223],[103.09233889631308,5.249956314230643],[103.0904241036363,5.248645832933051],[103.08844306096931,5.247436937381809],[103.08640119821239,5.246332941675849],[103.08430411196942,5.245336872355474],[103.082157550208,5.244451460100602],[103.07996739650473,5.243679132240553],[103.07773965391866,5.243022006095744],[103.0754804285374,5.242481883169598],[103.07319591274067,5.242060244206852],[103.07089236822748,5.241758245131542],[103.0685761088532,5.241576713876175],[103.06625348332378,5.241516148110474],[103.06393085779436,5.241576713876175],[103.06161459842008,5.241758245131542],[103.05931105390688,5.242060244206852],[103.05702653811014,5.242481883169598],[103.05476731272887,5.243022006095744],[103.05253957014283,5.243679132240553],[103.05034941643956,5.244451460100602],[103.04820285467814,5.245336872355474],[103.04610576843515,5.246332941675849],[103.04406390567824,5.247436937381809],[103.04208286301125,5.248645832933051],[103.04016807033446,5.249956314230643],[103.03832477596151,5.251364788707223],[103.03655803223415,5.252867395180846],[103.03487268167412,5.254460014445272],[103.03327334371015,5.256138280567682],[103.03176440201644,5.257897592862792],[103.03034999249729,5.259733128510341],[103.02903399195085,5.261639855781335],[103.0278200074432,5.263612547836892],[103.02671136642145,5.265645797061541],[103.0257111075936,5.267734029891679],[103.02482197259954,5.269871522098599],[103.02404639849651,5.272052414484008],[103.02338651107922,5.274270728944894],[103.0228441190532,5.276520384863931],[103.02242070907731,5.278795215780021],[103.02211744168885,5.28108898629365],[103.02193514812262,5.283395409160375],[103.0218743280327,5.285708162525787],[103.02193514812262,5.288020907254467],[103.02211744168885,5.290327304305634],[103.02242070907731,5.292621032107696],[103.0228441190532,5.294895803884171],[103.02338651107922,5.297145384883512],[103.02404639849651,5.299363609465447],[103.02482197259954,5.301544397997374],[103.0257111075936,5.303681773514132],[103.02671136642145,5.305769878095909],[103.0278200074432,5.307802988919116],[103.02903399195085,5.309775533936509],[103.03034999249729,5.311682107143585],[103.03176440201644,5.313517483389429],[103.03327334371015,5.315276632691481],[103.03487268167412,5.316954734015283],[103.03655803223415,5.318547188481087],[103.03832477596151,5.320049631961663],[103.04016807033446,5.321457947036565],[103.04208286301125,5.322768274270264],[103.04406390567824,5.323977022783382],[103.04610576843515,5.325080880087925],[103.04820285467814,5.326076821159989],[103.05034941643956,5.326962116724737],[103.05253957014283,5.327734340731343],[103.05476731272887,5.328391376997226],[103.05702653811014,5.328931425003715],[103.05931105390688,5.329353004826897],[103.06161459842008,5.329654961190652],[103.06393085779436,5.329836466630462],[103.06625348332378,5.32989702375943],[103.0685761088532,5.329836466630462],[103.07089236822748,5.329654961190652],[103.07319591274067,5.329353004826897],[103.0754804285374,5.328931425003715],[103.07773965391866,5.328391376997226],[103.07996739650473,5.327734340731343],[103.082157550208,5.326962116724737],[103.08430411196942,5.326076821159989],[103.08640119821239,5.325080880087925],[103.08844306096931,5.323977022783382],[103.0904241036363,5.322768274270264],[103.09233889631308,5.321457947036565],[103.09418219068601,5.320049631961663],[103.09594893441339,5.318547188481087],[103.09763428497342,5.316954734015283],[103.0992336229374,5.315276632691481],[103.10074256463112,5.313517483389429],[103.10215697415026,5.311682107143585],[103.1034729746967,5.309775533936509],[103.10468695920436,5.307802988919116],[103.1057956002261,5.305769878095909],[103.10679585905396,5.303681773514132],[103.10768499404801,5.301544397997374],[103.10846056815103,5.299363609465447],[103.10912045556833,5.297145384883512],[103.10966284759434,5.294895803884171],[103.11008625757025,5.292621032107696],[103.1103895249587,5.290327304305634],[103.11057181852492,5.288020907254467],[103.11063263861485,5.285708162525787]],[[103.2766597171192,5.255929186148133],[103.2765936336467,5.253416165783093],[103.27639556435942,5.250910023339154],[103.27606605215153,5.248417628107686],[103.27560600019306,5.245945811781178],[103.27501666945444,5.243501349725631],[103.2742996752503,5.241090942406547],[103.2734569828119,5.238721197019382],[103.27249090190062,5.236398609374849],[103.27140408047711,5.23412954608878],[103.27019949744331,5.231920227125499],[103.26888045447764,5.229776708742513],[103.26745056698515,5.227704866883407],[103.26591375418808,5.225710381064535],[103.26427422838347,5.223798718799771],[103.26253648339758,5.221975120605975],[103.26070528226867,5.220244585630677],[103.25878564419173,5.218611857941036],[103.25678283076128,5.217081413512073],[103.25470233154971,5.215657447949852],[103.25254984906078,5.214343864983312],[103.25033128309936,5.213144265756356],[103.2480527146005,5.212061938949729],[103.24572038896216,5.211099851759759],[103.24334069892673,5.210260641758906],[103.24092016705922,5.209546609660139],[103.2384654278692,5.208959713005616],[103.23598320962617,5.208501560796465],[103.23348031591782,5.208173409078729],[103.23096360700183,5.207976157497575],[103.22843998100237,5.207910346829297],[103.22591635500291,5.207976157497575],[103.22339964608689,5.208173409078729],[103.22089675237854,5.208501560796465],[103.21841453413552,5.208959713005616],[103.2159597949455,5.209546609660139],[103.21353926307799,5.210260641758906],[103.21115957304255,5.211099851759759],[103.2088272474042,5.212061938949729],[103.20654867890536,5.213144265756356],[103.20433011294394,5.214343864983312],[103.20217763045501,5.215657447949852],[103.20009713124345,5.217081413512073],[103.19809431781299,5.218611857941036],[103.19617467973605,5.220244585630677],[103.19434347860712,5.221975120605975],[103.19260573362125,5.223798718799771],[103.19096620781664,5.225710381064535],[103.18942939501956,5.227704866883407],[103.18799950752708,5.229776708742513],[103.1866804645614,5.231920227125499],[103.18547588152761,5.23412954608878],[103.1843890601041,5.236398609374849],[103.18342297919281,5.238721197019382],[103.1825802867544,5.241090942406547],[103.18186329255026,5.243501349725631],[103.18127396181164,5.245945811781178],[103.18081390985319,5.248417628107686],[103.18048439764529,5.250910023339154],[103.18028632835802,5.253416165783093],[103.18022024488552,5.255929186148133],[103.18028632835802,5.258442196373706],[103.18048439764529,5.260948308510343],[103.18081390985319,5.2634406535987],[103.18127396181164,5.265912400495709],[103.18186329255026,5.268356774596031],[103.1825802867544,5.270767076397809],[103.18342297919281,5.273136699861667],[103.1843890601041,5.275459150512726],[103.18547588152761,5.277728063236069],[103.1866804645614,5.279937219716961],[103.18799950752708,5.282080565478102],[103.18942939501956,5.284152226467193],[103.19096620781664,5.286146525149505],[103.19260573362125,5.288057996061513],[103.19434347860712,5.289881400782805],[103.19617467973605,5.291611742285623],[103.19809431781299,5.29324427862251],[103.20009713124345,5.294774535914963],[103.20217763045501,5.296198320607195],[103.20433011294394,5.297511730951941],[103.20654867890536,5.298711167696571],[103.2088272474042,5.299793343940523],[103.21115957304255,5.300755294137057],[103.21353926307799,5.301594382214679],[103.2159597949455,5.302308308796191],[103.21841453413552,5.302895117495515],[103.22089675237854,5.303353200275205],[103.22339964608689,5.30368130184987],[103.22591635500291,5.30387852312372],[103.22843998100237,5.303944323652556],[103.23096360700183,5.30387852312372],[103.23348031591782,5.30368130184987],[103.23598320962617,5.303353200275205],[103.2384654278692,5.302895117495515],[103.24092016705922,5.302308308796191],[103.24334069892673,5.301594382214679],[103.24572038896216,5.300755294137057],[103.2480527146005,5.299793343940523],[103.25033128309936,5.298711167696571],[103.25254984906078,5.297511730951941],[103.25470233154971,5.296198320607195],[103.25678283076128,5.294774535914963],[103.25878564419173,5.29324427862251],[103.26070528226867,5.291611742285623],[103.26253648339758,5.289881400782805],[103.26427422838347,5.288057996061513],[103.26591375418808,5.286146525149505],[103.26745056698515,5.284152226467193],[103.26888045447764,5.282080565478115],[103.27019949744331,5.279937219716961],[103.27140408047711,5.277728063236069],[103.27249090190062,5.275459150512726],[103.2734569828119,5.273136699861667],[103.2742996752503,5.270767076397809],[103.27501666945444,5.268356774596031],[103.27560600019306,5.265912400495709],[103.27606605215153,5.2634406535987],[103.27639556435942,5.260948308510343],[103.2765936336467,5.258442196373706],[103.2766597171192,5.255929186148133]],[[103.19723769271181,5.333662539783576],[103.19716928705274,5.331061538163512],[103.1969642575707,5.32846765473524],[103.1966231662372,5.32588799929342],[103.19614694795993,5.323329642723152],[103.19553690802006,5.320799597616534],[103.19479471849466,5.318304799048168],[103.19392241367365,5.315852085562173],[103.19292238448388,5.313448180422977],[103.19179737193588,5.311099673181276],[103.19055045961085,5.3088130016058],[103.18918506520876,5.306594434030406],[103.18770493118078,5.304450052165093],[103.18611411447141,5.302385734417954],[103.18441697539866,5.300407139774139],[103.18261816570276,5.298519692275802],[103.18072261579607,5.296728566145886],[103.17873552124911,5.295038671596575],[103.17666232854992,5.293454641361391],[103.17450872017558,5.291980817987896],[103.17228059901693,5.290621241926069],[103.16998407219924,5.289379640445016],[103.16762543434284,5.288259417408389],[103.16521115031016,5.287263643936901],[103.16274783748591,5.286395049983279],[103.16024224763935,5.285656016843137],[103.15770124841805,5.285048570622133],[103.1551318045243,5.284574376677464],[103.15254095862518,5.284234735049062],[103.14993581204921,5.284030576892922],[103.14732350532208,5.283962461926454],[103.14471119859493,5.284030576892922],[103.14210605201897,5.284234735049062],[103.13951520611982,5.284574376677464],[103.13694576222608,5.285048570622133],[103.1344047630048,5.285656016843137],[103.13189917315823,5.286395049983279],[103.12943586033398,5.287263643936901],[103.1270215763013,5.288259417408389],[103.1246629384449,5.289379640445016],[103.1223664116272,5.290621241926069],[103.12013829046856,5.291980817987896],[103.11798468209422,5.293454641361391],[103.11591148939503,5.295038671596575],[103.11392439484807,5.296728566145886],[103.11202884494136,5.298519692275802],[103.1102300352455,5.300407139774139],[103.10853289617272,5.302385734417954],[103.10694207946335,5.304450052165093],[103.10546194543538,5.306594434030406],[103.1040965510333,5.3088130016058],[103.10284963870826,5.311099673181276],[103.10172462616025,5.313448180422977],[103.1007245969705,5.315852085562173],[103.09985229214948,5.318304799048168],[103.09911010262407,5.320799597616534],[103.09850006268421,5.323329642723152],[103.09802384440694,5.32588799929342],[103.09768275307344,5.32846765473524],[103.0974777235914,5.331061538163512],[103.09740931793233,5.333662539783576],[103.0974777235914,5.336263530380208],[103.09768275307344,5.338857380858989],[103.09802384440694,5.341436981786217],[103.09850006268421,5.343995262874072],[103.09911010262407,5.346525212357491],[103.09985229214948,5.349019896209509],[103.1007245969705,5.351472477142886],[103.10172462616025,5.353876233345459],[103.10284963870826,5.356224576898311],[103.1040965510333,5.358511071826123],[103.10546194543538,5.360729451730433],[103.10694207946335,5.362873636957418],[103.10853289617272,5.364937751253354],[103.1102300352455,5.366916137862189],[103.11202884494136,5.368803375021043],[103.11392439484807,5.370594290811464],[103.11591148939503,5.372283977325821],[103.11798468209422,5.373867804109852],[103.12013829046856,5.375341430845058],[103.1223664116272,5.376700819235839],[103.1246629384449,5.377942244069292],[103.1270215763013,5.379062303417133],[103.12943586033398,5.380057927952074],[103.13189917315823,5.380926389353141],[103.1344047630048,5.381665307776986],[103.13694576222608,5.382272658374855],[103.13951520611982,5.382746776837163],[103.14210605201897,5.383086363950997],[103.14471119859493,5.383290489157647],[103.14732350532208,5.383358593100694],[103.14993581204921,5.383290489157647],[103.15254095862518,5.383086363950997],[103.1551318045243,5.382746776837163],[103.15770124841805,5.382272658374855],[103.16024224763935,5.381665307776986],[103.16274783748591,5.380926389353141],[103.16521115031016,5.380057927952074],[103.16762543434284,5.379062303417133],[103.16998407219924,5.377942244069292],[103.17228059901693,5.376700819235839],[103.17450872017558,5.375341430845058],[103.17666232854992,5.373867804109852],[103.17873552124911,5.372283977325821],[103.18072261579607,5.370594290811464],[103.18261816570276,5.368803375021043],[103.18441697539866,5.366916137862189],[103.18611411447141,5.364937751253354],[103.18770493118078,5.362873636957418],[103.18918506520876,5.360729451730433],[103.19055045961085,5.358511071826123],[103.19179737193588,5.356224576898311],[103.19292238448388,5.353876233345459],[103.19392241367365,5.351472477142886],[103.19479471849466,5.349019896209509],[103.19553690802006,5.346525212357491],[103.19614694795993,5.343995262874072],[103.1966231662372,5.341436981786217],[103.1969642575707,5.338857380858989],[103.19716928705274,5.336263530380208],[103.19723769271181,5.333662539783576]],[[103.121828838433,5.185151630062521],[103.12176667261977,5.182787323833771],[103.12158034557227,5.180429489190988],[103.12127036799998,5.178084588907627],[103.12083758952986,5.175759050375897],[103.12028319637763,5.17345924798768],[103.11960870809641,5.171191485659948],[103.11881597341166,5.168961979552673],[103.11790716515405,5.166776841026488],[103.11688477430386,5.164642059887077],[103.11575160316335,5.162563487962103],[103.11451075767583,5.160546823055816],[103.11316563891253,5.158597593325361],[103.1117199337505,5.156721142121707],[103.11017760476707,5.154922613336874],[103.10854287937885,5.153206937297457],[103.1068202382544,5.151578817243541],[103.1050144030334,5.150042716429927],[103.1031303233846,5.148602845885086],[103.10117316343936,5.147263152861608],[103.09914828763708,5.146027310009772],[103.09706124602158,5.144898705304096],[103.09491775902885,5.14388043275044],[103.09272370180774,5.142975283899218],[103.09048508811661,5.142185740188163],[103.08820805383996,5.141513966135634],[103.08589884017049,5.140961803403018],[103.08356377650232,5.140530765742859],[103.0812092630827,5.140222034846372],[103.07884175346922,5.140036457101775],[103.07646773684118,5.139974541272569],[103.07409372021313,5.140036457101775],[103.07172621059966,5.140222034846372],[103.06937169718002,5.140530765742859],[103.06703663351185,5.140961803403018],[103.06472741984238,5.141513966135634],[103.06245038556573,5.142185740188163],[103.0602117718746,5.142975283899218],[103.0580177146535,5.14388043275044],[103.05587422766075,5.144898705304096],[103.05378718604527,5.146027310009772],[103.05176231024298,5.147263152861608],[103.04980515029776,5.148602845885086],[103.04792107064897,5.150042716429927],[103.04611523542793,5.151578817243541],[103.0443925943035,5.153206937297457],[103.04275786891526,5.154922613336874],[103.04121553993184,5.156721142121707],[103.03976983476983,5.158597593325361],[103.03842471600653,5.160546823055816],[103.037183870519,5.162563487962103],[103.03605069937849,5.164642059887077],[103.03502830852831,5.166776841026488],[103.03411950027069,5.168961979552673],[103.03332676558594,5.171191485659948],[103.0326522773047,5.17345924798768],[103.03209788415249,5.175759050375897],[103.03166510568238,5.178084588907627],[103.03135512811008,5.180429489190988],[103.03116880106258,5.182787323833771],[103.03110663524934,5.185151630062521],[103.03116880106258,5.187515927437879],[103.03135512811008,5.189873735617467],[103.03166510568238,5.19221859211777],[103.03209788415249,5.194544070026309],[103.0326522773047,5.196843795615364],[103.03332676558594,5.199111465809386],[103.03411950027069,5.201340865457885],[103.03502830852831,5.203525884366576],[103.03605069937849,5.205660534040329],[103.037183870519,5.207738964091866],[103.03842471600653,5.209755478271335],[103.03976983476983,5.211704550072964],[103.04121553993184,5.213580837876092],[103.04275786891526,5.215379199578971],[103.0443925943035,5.217094706685566],[103.04611523542793,5.218722657806661],[103.04792107064897,5.220258591538321],[103.04980515029776,5.221698298682662],[103.05176231024298,5.223037833777363],[103.05378718604527,5.224273525902408],[103.05587422766075,5.225401988734671],[103.0580177146535,5.226420129822733],[103.0602117718746,5.2273251590565],[103.06245038556573,5.228114596308804],[103.06472741984238,5.228786278227687],[103.06703663351185,5.229338364161166],[103.06937169718002,5.229769341198146],[103.07172621059966,5.230078028311627],[103.07409372021313,5.230263579593029],[103.07646773684118,5.230325486568844],[103.07884175346922,5.230263579593029],[103.0812092630827,5.230078028311627],[103.08356377650232,5.229769341198146],[103.08589884017049,5.229338364161166],[103.08820805383996,5.228786278227687],[103.09048508811661,5.228114596308804],[103.09272370180774,5.2273251590565],[103.09491775902885,5.226420129822733],[103.09706124602158,5.225401988734671],[103.09914828763708,5.224273525902408],[103.10117316343936,5.223037833777363],[103.1031303233846,5.221698298682662],[103.1050144030334,5.220258591538321],[103.1068202382544,5.218722657806661],[103.10854287937885,5.217094706685566],[103.11017760476707,5.215379199578971],[103.1117199337505,5.213580837876092],[103.11316563891253,5.211704550072964],[103.11451075767583,5.209755478271335],[103.11575160316335,5.207738964091866],[103.11688477430386,5.205660534040329],[103.11790716515405,5.203525884366576],[103.11881597341166,5.201340865457885],[103.11960870809641,5.199111465809386],[103.12028319637763,5.196843795615364],[103.12083758952986,5.194544070026309],[103.12127036799998,5.192218592117784],[103.12158034557227,5.189873735617467],[103.12176667261977,5.187515927437879],[103.121828838433,5.185151630062521]],[[103.18109125915753,5.243553746431677],[103.18103526590527,5.241424395073337],[103.18086743962212,5.239300872889261],[103.18058824030825,5.237189000398152],[103.18019843322956,5.235094566245926],[103.1796990868202,5.233023311337767],[103.17909156975391,5.23098091310038],[103.17837754719275,5.228972969917732],[103.17755897622298,5.22700498578275],[103.17663810049069,5.22508235520731],[103.17561744405225,5.223210348431866],[103.17449980445603,5.221394096975109],[103.17328824507449,5.219638579563727],[103.17198608670763,5.217948608480348],[103.17059689848108,5.216328816367756],[103.16912448806316,5.214783643524975],[103.16757289122852,5.213317325730712],[103.16594636079618,5.211933882627133],[103.16424935497305,5.21063710669614],[103.16248652513413,5.209430552858307],[103.16066270307344,5.208317528723139],[103.1587828877605,5.20730108551744],[103.1568522316384,5.206384009716515],[103.1548760265014,5.205568815401527],[103.15285968899039,5.204857737363795],[103.15080874574636,5.20425272497505],[103.14872881826216,5.203755436840428],[103.14662560747446,5.203367236248994],[103.14450487813784,5.203089187434383],[103.14237244302399,5.202922052655453],[103.14023414698934,5.202866290105534],[103.1380958509547,5.202922052655453],[103.13596341584085,5.203089187434383],[103.13384268650421,5.203367236248994],[103.13173947571651,5.203755436840428],[103.12965954823233,5.20425272497505],[103.12760860498828,5.204857737363795],[103.12559226747727,5.205568815401527],[103.12361606234028,5.206384009716515],[103.12168540621819,5.20730108551744],[103.11980559090524,5.208317528723139],[103.11798176884456,5.209430552858307],[103.11621893900563,5.21063710669614],[103.11452193318249,5.211933882627133],[103.11289540275015,5.213317325730712],[103.11134380591552,5.214783643524975],[103.1098713954976,5.216328816367756],[103.10848220727105,5.217948608480348],[103.10718004890418,5.219638579563727],[103.10596848952264,5.221394096975109],[103.10485084992642,5.223210348431866],[103.103830193488,5.22508235520731],[103.10290931775569,5.22700498578275],[103.10209074678592,5.228972969917732],[103.10137672422479,5.23098091310038],[103.1007692071585,5.233023311337767],[103.10026986074912,5.235094566245926],[103.09988005367043,5.237189000398152],[103.09960085435657,5.239300872889261],[103.09943302807342,5.241424395073337],[103.09937703482116,5.243553746431677],[103.09943302807342,5.245683090527462],[103.09960085435657,5.247806591003489],[103.09988005367043,5.249918427578872],[103.10026986074912,5.252012812001229],[103.1007692071585,5.254084003910182],[103.10137672422479,5.256126326569269],[103.10209074678592,5.258134182422588],[103.10290931775569,5.260102068434023],[103.103830193488,5.262024591166726],[103.10485084992642,5.26389648156182],[103.10596848952264,5.265712609375684],[103.10718004890418,5.267467997236318],[103.10848220727105,5.269157834280424],[103.1098713954976,5.27077748933383],[103.11134380591552,5.272322523599144],[103.11289540275015,5.273788702815928],[103.11452193318249,5.275172008860322],[103.11621893900563,5.276468650752078],[103.11798176884456,5.277675075039165],[103.11980559090524,5.278787975531452],[103.12168540621819,5.279804302356826],[103.12361606234028,5.280721270315066],[103.12559226747727,5.281536366506518],[103.12760860498828,5.282247357214947],[103.12965954823233,5.282852294025431],[103.13173947571651,5.283349519160873],[103.13384268650421,5.283737670022425],[103.13596341584085,5.284015682921348],[103.1380958509547,5.284182795992229],[103.14023414698934,5.284238551279631],[103.14237244302399,5.284182795992229],[103.14450487813784,5.284015682921348],[103.14662560747446,5.283737670022425],[103.14872881826216,5.283349519160873],[103.15080874574636,5.282852294025431],[103.15285968899039,5.282247357214947],[103.1548760265014,5.281536366506518],[103.1568522316384,5.280721270315066],[103.1587828877605,5.279804302356826],[103.16066270307344,5.278787975531452],[103.16248652513413,5.277675075039165],[103.16424935497305,5.276468650752078],[103.16594636079618,5.275172008860322],[103.16757289122852,5.273788702815928],[103.16912448806316,5.272322523599144],[103.17059689848108,5.27077748933383],[103.17198608670763,5.269157834280424],[103.17328824507449,5.267467997236318],[103.17449980445603,5.265712609375684],[103.17561744405225,5.26389648156182],[103.17663810049069,5.262024591166726],[103.17755897622298,5.260102068434023],[103.17837754719275,5.258134182422588],[103.17909156975391,5.256126326569269],[103.1796990868202,5.254084003910182],[103.18019843322956,5.252012812001229],[103.18058824030825,5.249918427578872],[103.18086743962212,5.247806591003489],[103.18103526590527,5.245683090527462],[103.18109125915753,5.243553746431677]],[[103.22428304699041,5.172788037339269],[103.22422574966747,5.170608848494863],[103.22405401474657,5.168435625186282],[103.2237683129412,5.166274324162715],[103.2233694273402,5.164130869555335],[103.2228584512612,5.162011136637924],[103.2222367852542,5.159920935720828],[103.22150613326244,5.157865996222208],[103.22066849795227,5.155851950960638],[103.21972617522385,5.153884320711803],[103.2186817479183,5.151968499071833],[103.21753807873824,5.150109737668817],[103.2162983024014,5.148313131763021],[103.21496581704857,5.146583606275423],[103.21354427492943,5.144925902282786],[103.21203757239216,5.143344564016568],[103.21044983920368,5.1418439264011],[103.2087854272303,5.140428103165501],[103.20704889850953,5.139100975561832],[103.20524501274588,5.137866181720555],[103.20337871426489,5.136727106672517],[103.20145511846093,5.135686873064857],[103.19947949777641,5.134748332596361],[103.19745726725029,5.133914058195848],[103.19539396967586,5.133186336964974],[103.19329526040842,5.132567163905035],[103.19116689186411,5.132058236444681],[103.18901469775325,5.131660949784044],[103.18684457709023,5.131376393067649],[103.18466247802499,5.131205346396926],[103.18247438153936,5.131148278690286],[103.18028628505374,5.131205346396926],[103.17810418598849,5.131376393067649],[103.17593406532548,5.131660949784044],[103.17378187121462,5.132058236444681],[103.17165350267031,5.132567163905035],[103.16955479340285,5.133186336964974],[103.16749149582844,5.133914058195848],[103.1654692653023,5.134748332596361],[103.16349364461779,5.135686873064857],[103.16157004881384,5.136727106672517],[103.15970375033284,5.137866181720555],[103.15789986456919,5.139100975561832],[103.15616333584843,5.140428103165501],[103.15449892387505,5.1418439264011],[103.15291119068657,5.143344564016568],[103.15140448814928,5.144925902282786],[103.14998294603016,5.146583606275423],[103.14865046067733,5.148313131763021],[103.14741068434049,5.150109737668817],[103.14626701516042,5.151968499071833],[103.14522258785487,5.153884320711803],[103.14428026512645,5.155851950960638],[103.14344262981629,5.157865996222208],[103.14271197782453,5.159920935720828],[103.14209031181751,5.162011136637924],[103.14157933573851,5.164130869555335],[103.14118045013751,5.166274324162715],[103.14089474833214,5.168435625186282],[103.14072301341126,5.170608848494863],[103.14066571608832,5.172788037339269],[103.14072301341126,5.174967218680417],[103.14089474833214,5.177140419561431],[103.14118045013751,5.179301683478854],[103.14157933573851,5.181445086708024],[103.14209031181751,5.183564754538093],[103.14271197782453,5.185654877371847],[103.14344262981629,5.187709726646591],[103.14428026512645,5.189723670532267],[103.14522258785487,5.191691189363892],[103.14626701516042,5.193606890766059],[103.14741068434049,5.195465524428012],[103.14865046067733,5.197261996489044],[103.14998294603016,5.198991383494617],[103.15140448814928,5.200648945885193],[103.15291119068657,5.202230140980753],[103.15449892387505,5.203730635425575],[103.15616333584843,5.205146317059127],[103.15789986456919,5.206473306180783],[103.15970375033284,5.207707966177322],[103.16157004881384,5.208846913484322],[103.16349364461779,5.209887026854204],[103.1654692653023,5.210825455905529],[103.16749149582844,5.211659628930187],[103.16955479340285,5.212387259937198],[103.17165350267031,5.213006354913832],[103.17378187121462,5.21351521728687],[103.17593406532548,5.213912452569336],[103.17810418598849,5.214196972179586],[103.18028628505374,5.214367996422755],[103.18247438153936,5.214425056626148],[103.18466247802499,5.214367996422755],[103.18684457709023,5.214196972179586],[103.18901469775325,5.213912452569336],[103.19116689186411,5.21351521728687],[103.19329526040842,5.213006354913832],[103.19539396967586,5.212387259937198],[103.19745726725029,5.211659628930187],[103.19947949777641,5.210825455905529],[103.20145511846093,5.209887026854204],[103.20337871426489,5.208846913484322],[103.20524501274588,5.207707966177322],[103.20704889850953,5.206473306180783],[103.2087854272303,5.205146317059127],[103.21044983920368,5.203730635425575],[103.21203757239216,5.202230140980753],[103.21354427492943,5.200648945885193],[103.21496581704857,5.198991383494617],[103.2162983024014,5.197261996489044],[103.21753807873824,5.195465524428012],[103.2186817479183,5.193606890766059],[103.21972617522385,5.191691189363892],[103.22066849795227,5.189723670532267],[103.22150613326244,5.187709726646591],[103.2222367852542,5.185654877371847],[103.2228584512612,5.183564754538093],[103.2233694273402,5.181445086708024],[103.2237683129412,5.179301683478854],[103.22405401474657,5.177140419561431],[103.22422574966747,5.174967218680417],[103.22428304699041,5.172788037339269]],[[103.16899196115914,5.111062262549472],[103.16893693367062,5.108969199595856],[103.16877200203162,5.106881866774311],[103.16849761830832,5.104805985405653],[103.16811453456737,5.102747245477918],[103.16762380081472,5.10071129004884],[103.16702676211747,5.098703699776544],[103.1663250549172,5.09672997762052],[103.16552060254453,5.094795533755259],[103.16461560994755,5.092905670737546],[103.16361255764801,5.091065568968308],[103.16251419494257,5.089280272488988],[103.16132353236705,5.087554675151162],[103.16004383344483,5.085893507197644],[103.15867860574168,5.08430132229175],[103.15723159125187,5.082782485030337],[103.1557067561415,5.081341158974961],[103.15410827987763,5.079981295234101],[103.15244054377258,5.078706621627517],[103.15070811897512,5.077520632462884],[103.14891575394118,5.076426578952455],[103.14706836141873,5.075427460296386],[103.14517100498227,5.074526015456845],[103.14322888515392,5.073724715645917],[103.14124732514911,5.0730257575477],[103.13923175628608,5.07243105729316],[103.137187703099,5.071942245204618],[103.13512076819558,5.071560661323893],[103.1330366169007,5.07128735173682],[103.1309409617282,5.071123065703812],[103.12883954672323,5.071068253604799],[103.12673813171826,5.071123065703812],[103.12464247654576,5.07128735173682],[103.12255832525088,5.071560661323893],[103.12049139034745,5.071942245204618],[103.11844733716038,5.07243105729316],[103.11643176829736,5.0730257575477],[103.11445020829254,5.073724715645917],[103.11250808846418,5.074526015456845],[103.11061073202772,5.075427460296386],[103.10876333950527,5.076426578952455],[103.10697097447134,5.077520632462884],[103.10523854967387,5.078706621627517],[103.10357081356884,5.079981295234101],[103.10197233730496,5.081341158974961],[103.10044750219458,5.082782485030337],[103.09900048770477,5.08430132229175],[103.09763526000162,5.085893507197644],[103.0963555610794,5.087554675151162],[103.0951648985039,5.089280272488988],[103.09406653579845,5.091065568968308],[103.09306348349891,5.092905670737546],[103.09215849090194,5.094795533755259],[103.09135403852927,5.09672997762052],[103.09065233132898,5.098703699776544],[103.09005529263173,5.10071129004884],[103.08956455887909,5.102747245477918],[103.08918147513815,5.104805985405653],[103.08890709141482,5.106881866774311],[103.08874215977582,5.108969199595856],[103.08868713228733,5.111062262549472],[103.08874215977582,5.113155318664234],[103.08890709141482,5.11524263104415],[103.08918147513815,5.117318478592368],[103.08956455887909,5.119377171691397],[103.09005529263173,5.121413067796565],[103.09065233132898,5.123420586899726],[103.09135403852927,5.125394226821097],[103.09215849090194,5.127328578287199],[103.09306348349891,5.129218339753592],[103.09406653579845,5.131058331931958],[103.0951648985039,5.132843511981565],[103.0963555610794,5.134568987326456],[103.09763526000162,5.136230029060386],[103.09900048770477,5.137822084902948],[103.10044750219458,5.139340791671328],[103.10197233730496,5.14078198723366],[103.10357081356884,5.142141721911199],[103.10523854967387,5.14341626929822],[103.10697097447134,5.144602136469932],[103.10876333950527,5.14569607355066],[103.11061073202772,5.146695082615883],[103.11250808846418,5.147596425904142],[103.11445020829254,5.148397633315923],[103.11643176829736,5.149096509179539],[103.11844733716038,5.149691138264943],[103.12049139034745,5.150179891029601],[103.12255832525088,5.15056142808162],[103.12464247654576,5.150834703848278],[103.12673813171826,5.150998969439669],[103.12883954672323,5.151053774699842],[103.1309409617282,5.150998969439669],[103.1330366169007,5.150834703848278],[103.13512076819558,5.15056142808162],[103.137187703099,5.150179891029601],[103.13923175628608,5.149691138264943],[103.14124732514911,5.149096509179539],[103.14322888515392,5.148397633315923],[103.14517100498227,5.147596425904142],[103.14706836141873,5.146695082615883],[103.14891575394118,5.14569607355066],[103.15070811897512,5.144602136469932],[103.15244054377258,5.14341626929822],[103.15410827987763,5.142141721911199],[103.1557067561415,5.14078198723366],[103.15723159125187,5.139340791671328],[103.15867860574168,5.137822084902948],[103.16004383344483,5.136230029060386],[103.16132353236705,5.134568987326456],[103.16251419494257,5.132843511981565],[103.16361255764801,5.131058331931958],[103.16461560994755,5.129218339753592],[103.16552060254453,5.127328578287199],[103.1663250549172,5.125394226821097],[103.16702676211747,5.123420586899726],[103.16762380081472,5.121413067796565],[103.16811453456737,5.119377171691397],[103.16849761830832,5.117318478592368],[103.16877200203162,5.11524263104415],[103.16893693367062,5.113155318664234],[103.16899196115914,5.111062262549472]],[[102.74119666902135,5.067466409787266],[102.74114783238208,5.065608700665792],[102.74100145632212,5.063756078078605],[102.74075794204808,5.0619136200029],[102.74041795701565,5.0600863765985],[102.73998243310015,5.05827935636444],[102.7394525640424,5.056497512409363],[102.73882980217662,5.054745728873252],[102.73811585444984,5.053028807537852],[102.7373126777431,5.051351454662368],[102.73642247350797,5.049718268080667],[102.73544768173237,5.04813372459538],[102.73439097425278,5.046602167703425],[102.73325524743096,5.045127795686677],[102.73204361421519,5.043714650100551],[102.73075939560792,5.042366604691912],[102.72940611156304,5.04108735477687],[102.72798747133807,5.039880407107705],[102.72650736332727,5.038749070256475],[102.72496984440379,5.037696445541989],[102.72337912880016,5.036725418524897],[102.72173957655727,5.035838651094337],[102.72005568157385,5.035038574167856],[102.718332059289,5.034327381024601],[102.71657343403159,5.033707021290169],[102.71478462607125,5.03317919558964],[102.7129705384062,5.032745350883418],[102.71113614332465,5.032406676498754],[102.70928646877606,5.032164100867793],[102.70742658458974,5.032018288981249],[102.70556158857899,5.031969640564506],[102.70369659256824,5.032018288981249],[102.70183670838192,5.032164100867793],[102.69998703383331,5.032406676498754],[102.69815263875178,5.032745350883418],[102.69633855108673,5.03317919558964],[102.69454974312639,5.033707021290169],[102.69279111786898,5.034327381024601],[102.69106749558411,5.035038574167856],[102.68938360060069,5.035838651094337],[102.68774404835781,5.036725418524897],[102.68615333275419,5.037696445541989],[102.6846158138307,5.038749070256475],[102.68313570581991,5.039880407107705],[102.68171706559494,5.04108735477687],[102.68036378155006,5.042366604691912],[102.67907956294277,5.043714650100551],[102.67786792972701,5.045127795686677],[102.6767322029052,5.046602167703425],[102.67567549542561,5.04813372459538],[102.67470070365,5.049718268080667],[102.67381049941487,5.051351454662368],[102.67300732270813,5.053028807537852],[102.67229337498135,5.054745728873252],[102.67167061311558,5.056497512409363],[102.67114074405782,5.05827935636444],[102.67070522014232,5.0600863765985],[102.67036523510988,5.0619136200029],[102.67012172083585,5.063756078078605],[102.66997534477589,5.065608700665792],[102.66992650813663,5.067466409787266],[102.66997534477589,5.069324113567609],[102.67012172083585,5.071176720189888],[102.67036523510988,5.073019151851812],[102.67070522014232,5.074846358682987],[102.67114074405782,5.076653332585068],[102.67167061311558,5.078435120957039],[102.67229337498135,5.080186840267891],[102.67300732270813,5.081903689439534],[102.67381049941487,5.083580963003433],[102.67470070365,5.085214063994651],[102.67567549542561,5.086798516548312],[102.6767322029052,5.088329978163776],[102.67786792972701,5.08980425160301],[102.67907956294277,5.091217296390654],[102.68036378155006,5.092565239884232],[102.68171706559494,5.093844387884188],[102.68313570581991,5.095051234754883],[102.6846158138307,5.096182473028612],[102.68615333275419,5.097235002466606],[102.68774404835781,5.098205938552097],[102.68938360060069,5.099092620392188],[102.69106749558411,5.099892618007098],[102.69279111786898,5.10060373898662],[102.69454974312639,5.101224034495806],[102.69633855108673,5.101751804613228],[102.69815263875178,5.102185602987484],[102.69998703383331,5.102524240798936],[102.70183670838192,5.102766790016142],[102.70369659256824,5.102912585937776],[102.70556158857899,5.102961229013388],[102.70742658458974,5.102912585937776],[102.70928646877606,5.102766790016142],[102.71113614332465,5.102524240798936],[102.7129705384062,5.102185602987484],[102.71478462607125,5.101751804613228],[102.71657343403159,5.101224034495806],[102.718332059289,5.10060373898662],[102.72005568157385,5.099892618007098],[102.72173957655727,5.099092620392188],[102.72337912880016,5.098205938552097],[102.72496984440379,5.097235002466606],[102.72650736332727,5.096182473028612],[102.72798747133807,5.095051234754883],[102.72940611156304,5.093844387884188],[102.73075939560792,5.092565239884232],[102.73204361421519,5.091217296390654],[102.73325524743096,5.08980425160301],[102.73439097425278,5.088329978163776],[102.73544768173237,5.086798516548312],[102.73642247350797,5.085214063994651],[102.7373126777431,5.083580963003433],[102.73811585444984,5.081903689439534],[102.73882980217662,5.080186840267891],[102.7394525640424,5.078435120957039],[102.73998243310015,5.076653332585068],[102.74041795701565,5.074846358682987],[102.74075794204808,5.073019151851812],[102.74100145632212,5.071176720189888],[102.74114783238208,5.069324113567609],[102.74119666902135,5.067466409787266]],[[103.03491870398366,5.209949411255729],[103.03486680721807,5.207975738392234],[103.03471125916668,5.206007469057423],[103.03445248617595,5.204049998219097],[103.0340911975246,5.202108691296852],[103.03362838347974,5.200188869454354],[103.0330653125825,5.198295795012487],[103.03240352817107,5.196434657023189],[103.0316448441505,5.194610557043752],[103.03079134002097,5.19282849515035],[103.02984535517797,5.191093356229444],[103.0288094825002,5.189409896584408],[103.02768656124267,5.187782730894497],[103.02647966925451,5.186216319561417],[103.02519211454275,5.184714956478856],[103.02382742620534,5.183282757258032],[103.0223893447582,5.181923647941803],[103.02088181188257,5.180641354238475],[103.01930895962133,5.17943939130455],[103.01767509905314,5.178321054104694],[103.01598470847628,5.177289408375437],[103.01424242113382,5.176347282217211],[103.01245301251427,5.175497258338075],[103.01062138726226,5.174741666970258],[103.00875256573529,5.174082579479104],[103.00685167024328,5.173521802681814],[103.00492391100863,5.173060873891835],[103.00297457188543,5.172701056702346],[103.00100899587669,5.1724433375204],[102.99903257048963,5.172288422861409],[102.99705071296889,5.17223673741123],[102.99506885544812,5.172288422861409],[102.99309243006107,5.1724433375204],[102.99112685405233,5.172701056702346],[102.98917751492912,5.173060873891835],[102.98724975569448,5.173521802681814],[102.98534886020248,5.174082579479104],[102.98348003867551,5.174741666970258],[102.9816484134235,5.175497258338075],[102.97985900480394,5.176347282217211],[102.97811671746149,5.177289408375437],[102.97642632688462,5.178321054104694],[102.97479246631644,5.17943939130455],[102.97321961405518,5.180641354238475],[102.97171208117958,5.181923647941803],[102.97027399973243,5.183282757258032],[102.96890931139501,5.184714956478856],[102.96762175668324,5.186216319561417],[102.96641486469508,5.187782730894497],[102.96529194343756,5.189409896584408],[102.9642560707598,5.191093356229444],[102.9633100859168,5.19282849515035],[102.96245658178727,5.194610557043752],[102.9616978977667,5.196434657023189],[102.96103611335526,5.198295795012487],[102.96047304245802,5.200188869454354],[102.96001022841315,5.202108691296852],[102.95964893976182,5.204049998219097],[102.95939016677107,5.206007469057423],[102.95923461871969,5.207975738392234],[102.9591827219541,5.209949411255729],[102.95923461871969,5.21192307792003],[102.95939016677107,5.21389132872512],[102.95964893976182,5.215848768906232],[102.96001022841315,5.217790033379663],[102.96047304245802,5.219709801446831],[102.96103611335526,5.22160281137603],[102.9616978977667,5.223463874822096],[102.96245658178727,5.225287891044489],[102.9633100859168,5.227069860884686],[102.9642560707598,5.228804900464796],[102.96529194343756,5.230488254569791],[102.96641486469508,5.232115309676803],[102.96762175668324,5.233681606595649],[102.96890931139501,5.235182852686189],[102.97027399973243,5.23661493361903],[102.97171208117958,5.237973924647249],[102.97321961405518,5.23925610135858],[102.97479246631644,5.240457949878284],[102.97642632688462,5.241576176495228],[102.97811671746149,5.242607716684495],[102.97985900480394,5.243549743501925],[102.9816484134235,5.244399675327882],[102.98348003867551,5.245155182938667],[102.98534886020248,5.24581419588664],[102.98724975569448,5.246374908171263],[102.98917751492912,5.246835783185912],[102.99112685405233,5.247195557926612],[102.99309243006107,5.247453246451357],[102.99506885544812,5.247608142580652],[102.99705071296889,5.247659821831612],[102.99903257048963,5.247608142580652],[103.00100899587669,5.24745324645137],[103.00297457188543,5.247195557926612],[103.00492391100863,5.246835783185912],[103.00685167024328,5.246374908171263],[103.00875256573529,5.24581419588664],[103.01062138726226,5.245155182938667],[103.01245301251427,5.244399675327882],[103.01424242113382,5.243549743501925],[103.01598470847628,5.242607716684495],[103.01767509905314,5.241576176495228],[103.01930895962133,5.240457949878284],[103.02088181188257,5.23925610135858],[103.0223893447582,5.237973924647249],[103.02382742620534,5.23661493361903],[103.02519211454275,5.235182852686189],[103.02647966925451,5.233681606595649],[103.02768656124267,5.232115309676803],[103.0288094825002,5.230488254569791],[103.02984535517797,5.228804900464796],[103.03079134002097,5.227069860884686],[103.0316448441505,5.225287891044489],[103.03240352817107,5.223463874822096],[103.0330653125825,5.22160281137603],[103.03362838347974,5.219709801446831],[103.0340911975246,5.217790033379663],[103.03445248617595,5.215848768906232],[103.03471125916668,5.21389132872512],[103.03486680721807,5.21192307792003],[103.03491870398366,5.209949411255729]],[[103.03449370657216,4.952063369123713],[103.03444074860774,4.950048531998058],[103.03428201986851,4.948039211289519],[103.03401795541892,4.946040914484265],[103.03364927904128,4.944059118901937],[103.03317700125196,4.942099256681236],[103.03260241653147,4.940166699888913],[103.03192709977667,4.938266745792834],[103.03115290198377,4.936404602339619],[103.03028194517516,4.934585373876695],[103.0293166165829,4.932814047157861],[103.02825956210553,4.931095477670806],[103.02711367905594,4.929434376324171],[103.02588210821992,4.927835296530531],[103.02456822524752,4.926302621720918],[103.0231756314006,4.924840553325057],[103.02170814368215,4.923453099250381],[103.02016978437396,4.92214406289135],[103.018564770012,4.920917032699422],[103.01689749982906,4.919775372342193],[103.0151725436968,4.918722211478793],[103.01339462960011,4.917760437176792],[103.01156863067793,4.916892685994323],[103.0096995518664,4.916121336749132],[103.00779251618057,4.915448503994297],[103.00585275067279,4.914876032218757],[103.00388557210542,4.914405490788391],[103.00189637237816,4.914038169641728],[102.99989060374925,4.913775075751859],[102.99787376389106,4.913616930364607],[102.99585138082143,4.913564167020286],[102.99382899775182,4.913616930364607],[102.99181215789363,4.913775075751859],[102.98980638926471,4.914038169641728],[102.98781718953747,4.914405490788391],[102.98585001097008,4.914876032218757],[102.9839102454623,4.915448503994297],[102.9820032097765,4.916121336749132],[102.98013413096496,4.916892685994323],[102.97830813204277,4.917760437176792],[102.97653021794608,4.918722211478793],[102.97480526181383,4.919775372342193],[102.97313799163088,4.920917032699422],[102.97153297726892,4.92214406289135],[102.96999461796074,4.923453099250381],[102.96852713024228,4.924840553325057],[102.96713453639536,4.926302621720918],[102.96582065342295,4.927835296530531],[102.96458908258693,4.929434376324171],[102.96344319953735,4.931095477670806],[102.96238614505998,4.932814047157861],[102.96142081646772,4.934585373876695],[102.96054985965911,4.936404602339619],[102.95977566186622,4.938266745792834],[102.95910034511141,4.940166699888913],[102.95852576039094,4.942099256681236],[102.9580534826016,4.944059118901937],[102.95768480622397,4.946040914484265],[102.95742074177438,4.948039211289519],[102.95726201303515,4.950048531998058],[102.95720905507072,4.952063369123713],[102.95726201303515,4.954078200110287],[102.95742074177438,4.956087502468871],[102.95768480622397,4.958085768914318],[102.9580534826016,4.960067522459648],[102.95852576039094,4.962027331426695],[102.95910034511141,4.963959824332183],[102.95977566186622,4.965859704608198],[102.96054985965911,4.967721765116911],[102.96142081646772,4.969540902419654],[102.96238614505998,4.9713121307614],[102.96344319953735,4.973030595732286],[102.96458908258693,4.974691587568785],[102.96582065342295,4.976290554058142],[102.96713453639536,4.977823113010693],[102.96852713024228,4.979285064266077],[102.96999461796074,4.980672401200288],[102.97153297726892,4.981981321702284],[102.97313799163088,4.983208238589929],[102.97480526181383,4.984349789437034],[102.97653021794608,4.985402845784278],[102.97830813204277,4.986364521709215],[102.98013413096496,4.987232181731517],[102.9820032097765,4.988003448032232],[102.9839102454623,4.988676206967027],[102.98585001097008,4.989248614855746],[102.98781718953747,4.98971910303247],[102.98980638926471,4.990086382142148],[102.99181215789363,4.990349445672236],[102.99382899775182,4.990507572709532],[102.99585138082143,4.990560329914772],[102.99787376389106,4.990507572709532],[102.99989060374925,4.990349445672236],[103.00189637237816,4.990086382142148],[103.00388557210542,4.98971910303247],[103.00585275067279,4.989248614855746],[103.00779251618057,4.988676206967027],[103.0096995518664,4.988003448032232],[103.01156863067793,4.987232181731517],[103.01339462960011,4.986364521709215],[103.0151725436968,4.985402845784278],[103.01689749982906,4.984349789437034],[103.018564770012,4.983208238589929],[103.02016978437396,4.981981321702284],[103.02170814368215,4.980672401200288],[103.0231756314006,4.979285064266077],[103.02456822524752,4.977823113010693],[103.02588210821992,4.976290554058142],[103.02711367905594,4.974691587568785],[103.02825956210553,4.973030595732286],[103.0293166165829,4.9713121307614],[103.03028194517516,4.969540902419654],[103.03115290198377,4.967721765116911],[103.03192709977667,4.965859704608198],[103.03260241653147,4.963959824332183],[103.03317700125196,4.962027331426695],[103.03364927904128,4.960067522459648],[103.03401795541892,4.958085768914318],[103.03428201986851,4.956087502468871],[103.03444074860774,4.954078200110287],[103.03449370657216,4.952063369123713]],[[103.15934490680476,5.034483605586335],[103.15929419777937,5.032554574067985],[103.15914220969317,5.030630824195152],[103.15888935913486,5.028717628904851],[103.15853633915032,5.02682023225063],[103.15808411734274,5.024943835027619],[103.15753393322069,5.023093580515652],[103.15688729480061,5.021274540379745],[103.15614597447343,5.019491700766197],[103.15531200414667,5.01774994863281],[103.154387669675,5.016054058350623],[103.15337550459498,5.014408678613776],[103.15227828318072,5.012818319693713],[103.15109901283986,5.011287341072411],[103.14984092587045,5.009819939488758],[103.14850747060139,5.008420137430933],[103.1471023019409,5.007091772106078],[103.14562927135863,5.005838484918015],[103.144092416329,5.004663711481479],[103.1424959492648,5.003570672200589],[103.14084424597131,5.002562363437121],[103.13914183365243,5.001641549293276],[103.13739337850203,5.000810754031086],[103.1356036729141,5.000072255149452],[103.13377762234727,4.999428077138041],[103.13192023187922,4.998879985924741],[103.13003659248811,4.998429484032387],[103.1281318670986,4.998077806457843],[103.12621127643057,4.997825917284661],[103.12428008468956,4.997674507038959],[103.12234358513787,4.997623990795451],[103.12040708558618,4.997674507038959],[103.11847589384516,4.997825917284661],[103.11655530317712,4.998077806457843],[103.11465057778761,4.998429484032387],[103.1127669383965,4.998879985924741],[103.11090954792846,4.999428077138041],[103.10908349736164,5.000072255149452],[103.1072937917737,5.000810754031086],[103.1055453366233,5.001641549293276],[103.10384292430442,5.002562363437121],[103.10219122101093,5.003570672200589],[103.10059475394674,5.004663711481479],[103.0990578989171,5.005838484918015],[103.09758486833482,5.007091772106078],[103.09617969967434,5.008420137430933],[103.09484624440529,5.009819939488758],[103.09358815743587,5.011287341072411],[103.09240888709502,5.012818319693713],[103.09131166568078,5.014408678613776],[103.09029950060074,5.016054058350623],[103.08937516612907,5.01774994863281],[103.0885411958023,5.019491700766197],[103.08779987547511,5.021274540379745],[103.08715323705503,5.023093580515652],[103.086603052933,5.024943835027619],[103.08615083112542,5.02682023225063],[103.08579781114088,5.028717628904851],[103.08554496058258,5.030630824195152],[103.08539297249636,5.032554574067985],[103.08534226347098,5.034483605586335],[103.08539297249636,5.036412631383222],[103.08554496058258,5.038336364154366],[103.08579781114088,5.040249531150122],[103.08615083112542,5.042146888626919],[103.086603052933,5.044023236218915],[103.08715323705503,5.045873431189982],[103.08779987547511,5.047692402527477],[103.0885411958023,5.049475164838889],[103.08937516612907,5.051216832013312],[103.09029950060074,5.052912630610578],[103.09131166568078,5.054557912941042],[103.09240888709502,5.056148169800465],[103.09358815743587,5.057679042825074],[103.09484624440529,5.059146336432915],[103.09617969967434,5.060546029318836],[103.09758486833482,5.061874285471776],[103.0990578989171,5.06312746468404],[103.10059475394674,5.064302132523883],[103.10219122101093,5.065395069744158],[103.10384292430442,5.066403281101255],[103.1055453366233,5.06732400356018],[103.1072937917737,5.068154713863444],[103.10908349736164,5.068893135442943],[103.11090954792846,5.069537244655967],[103.1127669383965,5.070085276328405],[103.11465057778761,5.070535728589717],[103.11655530317712,5.070887366986875],[103.11847589384516,5.071139227865512],[103.12040708558618,5.071290621009524],[103.12234358513787,5.071341131531584],[103.12428008468956,5.071290621009524],[103.12621127643057,5.071139227865512],[103.1281318670986,5.070887366986875],[103.13003659248811,5.070535728589717],[103.13192023187922,5.070085276328405],[103.13377762234727,5.069537244655967],[103.1356036729141,5.068893135442943],[103.13739337850203,5.068154713863444],[103.13914183365243,5.06732400356018],[103.14084424597131,5.066403281101255],[103.1424959492648,5.065395069744158],[103.144092416329,5.064302132523883],[103.14562927135863,5.06312746468404],[103.1471023019409,5.061874285471776],[103.14850747060139,5.060546029318836],[103.14984092587045,5.059146336432915],[103.15109901283986,5.057679042825074],[103.15227828318072,5.056148169800465],[103.15337550459498,5.054557912941042],[103.154387669675,5.052912630610578],[103.15531200414667,5.051216832013312],[103.15614597447343,5.049475164838889],[103.15688729480061,5.047692402527477],[103.15753393322069,5.045873431189982],[103.15808411734274,5.044023236218915],[103.15853633915032,5.042146888626919],[103.15888935913486,5.040249531150122],[103.15914220969317,5.038336364154366],[103.15929419777937,5.036412631383222],[103.15934490680476,5.034483605586335]],[[103.33678944248823,4.956870410875147],[103.33673433010254,4.954773621820567],[103.33656914400471,4.952682573294044],[103.33629433695835,4.950602996798635],[103.33591066219046,4.948540592446743],[103.33541917132692,4.946501013334887],[103.33482121151002,4.944489850046889],[103.33411842170605,4.942512615327838],[103.33331272821302,4.940574728970808],[103.3324063393808,4.938681502958032],[103.33140173955815,4.936838126896983],[103.33030168228338,4.93504965379159],[103.329109182737,4.933320986187526],[103.3278275094774,4.931656862729498],[103.32646017548186,4.930061845167738],[103.32501092851786,4.928540305848934],[103.32348374087054,4.927096415726426],[103.32188279845516,4.925734132922174],[103.32021248934355,4.924457191872192],[103.31847739173689,4.923269093085077],[103.31668226141711,4.922173093541987],[103.31483201871166,4.921172197764107],[103.31293173500715,4.920269149572474],[103.31098661884918,4.919466424562652],[103.30900200166589,4.918766223314867],[103.30698332315505,4.918170465358395],[103.30493611637415,4.917680783906782],[103.30286599257467,4.917298521378154],[103.30077862582203,4.917024725713269],[103.29867973744342,4.916860147501163],[103.296575080346,4.916805237920299],[103.29447042324858,4.916860147501163],[103.29237153486999,4.917024725713269],[103.29028416811735,4.917298521378154],[103.28821404431785,4.917680783906782],[103.28616683753695,4.918170465358395],[103.28414815902612,4.918766223314867],[103.28216354184282,4.919466424562652],[103.28021842568485,4.920269149572474],[103.27831814198036,4.921172197764107],[103.27646789927489,4.922173093541987],[103.27467276895513,4.923269093085077],[103.27293767134847,4.924457191872192],[103.27126736223686,4.925734132922174],[103.26966641982145,4.927096415726426],[103.26813923217415,4.928540305848934],[103.26668998521015,4.930061845167738],[103.2653226512146,4.931656862729498],[103.264040977955,4.933320986187526],[103.26284847840863,4.93504965379159],[103.26174842113386,4.936838126896983],[103.26074382131121,4.938681502958032],[103.25983743247899,4.940574728970808],[103.25903173898595,4.942512615327838],[103.258328949182,4.944489850046889],[103.25773098936509,4.946501013334887],[103.25723949850155,4.948540592446743],[103.25685582373367,4.950602996798635],[103.2565810166873,4.952682573294044],[103.25641583058946,4.954773621820567],[103.25636071820378,4.956870410875147],[103.25641583058946,4.958967193274607],[103.2565810166873,4.961058221908694],[103.25685582373367,4.963137765492271],[103.25723949850155,4.965200124273569],[103.25773098936509,4.967239645655318],[103.258328949182,4.96925073968619],[103.25903173898595,4.971227894379928],[103.25983743247899,4.973165690820196],[103.26074382131121,4.975058818009933],[103.26174842113386,4.9769020874244],[103.26284847840863,4.978690447228067],[103.264040977955,4.980418996116656],[103.2653226512146,4.982082996746115],[103.26668998521015,4.983677888711969],[103.26813923217415,4.985199301043565],[103.26966641982145,4.986643064178877],[103.27126736223686,4.988005221387223],[103.27293767134847,4.989282039608675],[103.27467276895513,4.990470019680314],[103.27646789927489,4.991565905921715],[103.27831814198036,4.992566695053028],[103.28021842568485,4.993469644421646],[103.28216354184282,4.994272279514732],[103.28414815902612,4.99497240073723],[103.28616683753695,4.995568089436601],[103.28821404431785,4.996057713158119],[103.29028416811735,4.996439930116154],[103.29237153486999,4.996713692869232],[103.29447042324858,4.996878251188915],[103.296575080346,4.996933154114672],[103.29867973744342,4.996878251188915],[103.30077862582203,4.996713692869232],[103.30286599257467,4.996439930116154],[103.30493611637415,4.996057713158119],[103.30698332315505,4.995568089436601],[103.30900200166589,4.99497240073723],[103.31098661884918,4.994272279514732],[103.31293173500715,4.993469644421646],[103.31483201871166,4.992566695053028],[103.31668226141711,4.991565905921715],[103.31847739173689,4.990470019680314],[103.32021248934355,4.989282039608675],[103.32188279845516,4.988005221387223],[103.32348374087054,4.986643064178877],[103.32501092851786,4.985199301043565],[103.32646017548186,4.983677888711969],[103.3278275094774,4.982082996746115],[103.329109182737,4.980418996116656],[103.33030168228338,4.978690447228067],[103.33140173955815,4.9769020874244],[103.3324063393808,4.975058818009933],[103.33331272821302,4.973165690820196],[103.33411842170605,4.971227894379928],[103.33482121151002,4.96925073968619],[103.33541917132692,4.967239645655318],[103.33591066219046,4.965200124273569],[103.33629433695835,4.963137765492271],[103.33656914400471,4.961058221908694],[103.33673433010254,4.958967193274607],[103.33678944248823,4.956870410875147]],[[103.10978262417055,4.692299361939802],[103.10973381625966,4.690441707611398],[103.1095875263061,4.688589140063022],[103.10934415528043,4.686746737116152],[103.10900437024576,4.684919548771415],[103.1085691025292,4.683112583365753],[103.10803954516933,4.681330793843363],[103.10741714964608,4.679579064178062],[103.1067036219023,4.677862195984273],[103.10590091766792,4.676184895353497],[103.1050112370995,4.674551759952138],[103.10403701874961,4.67296726641638],[103.10298093288303,4.671435758078442],[103.1018458741577,4.66996143305799],[103.1006349536907,4.668548332751461],[103.09935149053088,4.667200330750791],[103.09799900256154,4.665921122221992],[103.09658119685817,4.664714213772692],[103.09510195952765,4.66358291383666],[103.09356534505672,4.662530323601382],[103.09197556519881,4.661559328503841],[103.09033697743003,4.660672590317934],[103.08865407300551,4.659872539854826],[103.08693146464935,4.659161370296911],[103.08517387391129,4.658541031183058],[103.08338611822538,4.658013223062206],[103.08157309770569,4.657579392829556],[103.07973978171545,4.657240729758533],[103.07789119524635,4.656998162239092],[103.07603240514541,4.656852355231634],[103.07416850622708,4.656803708443271],[103.07230460730875,4.656852355231634],[103.07044581720781,4.656998162239092],[103.06859723073872,4.657240729758533],[103.06676391474848,4.657579392829556],[103.06495089422879,4.658013223062206],[103.06316313854288,4.658541031183058],[103.06140554780482,4.659161370296911],[103.05968293944865,4.659872539854826],[103.05800003502414,4.660672590317934],[103.05636144725536,4.661559328503841],[103.05477166739745,4.662530323601382],[103.05323505292651,4.66358291383666],[103.051755815596,4.664714213772692],[103.05033800989264,4.665921122221992],[103.04898552192329,4.667200330750791],[103.04770205876346,4.668548332751461],[103.04649113829646,4.66996143305799],[103.04535607957114,4.671435758078442],[103.04429999370456,4.67296726641638],[103.04332577535466,4.674551759952138],[103.04243609478624,4.676184895353497],[103.04163339055187,4.677862195984273],[103.04091986280808,4.679579064178062],[103.04029746728483,4.681330793843363],[103.03976790992496,4.683112583365753],[103.03933264220841,4.684919548771415],[103.03899285717374,4.686746737116152],[103.03874948614806,4.688589140063022],[103.0386031961945,4.690441707611398],[103.03855438828361,4.692299361939802],[103.0386031961945,4.694157011324646],[103.03874948614806,4.696009564096443],[103.03899285717374,4.697851942595625],[103.03933264220841,4.699679097089438],[103.03976790992496,4.701486019611807],[103.04029746728483,4.703267757688357],[103.04091986280808,4.705019427908963],[103.04163339055187,4.706736229310455],[103.04243609478624,4.708413456533139],[103.04332577535466,4.710046512714883],[103.04429999370456,4.711630922087426],[103.04535607957114,4.713162342240707],[103.04649113829646,4.714636576021197],[103.04770205876346,4.716049583032096],[103.04898552192329,4.717397490703659],[103.05033800989264,4.718676604903365],[103.051755815596,4.719883420057035],[103.05323505292651,4.721014628753106],[103.05477166739745,4.722067130803738],[103.05636144725536,4.723038041738077],[103.05800003502414,4.723924700704382],[103.05968293944865,4.724724677759411],[103.06140554780482,4.725435780525054],[103.06316313854288,4.7260560601942],[103.06495089422879,4.726583816869249],[103.06676391474848,4.727017604218609],[103.06859723073872,4.727356233438721],[103.07044581720781,4.727598776510496],[103.07230460730875,4.727744568741378],[103.07416850622708,4.727793210586153],[103.07603240514541,4.727744568741378],[103.07789119524635,4.727598776510496],[103.07973978171545,4.727356233438721],[103.08157309770569,4.727017604218609],[103.08338611822538,4.726583816869249],[103.08517387391129,4.7260560601942],[103.08693146464935,4.725435780525054],[103.08865407300551,4.724724677759411],[103.09033697743003,4.723924700704382],[103.09197556519881,4.723038041738077],[103.09356534505672,4.722067130803738],[103.09510195952765,4.721014628753106],[103.09658119685817,4.719883420057035],[103.09799900256154,4.718676604903365],[103.09935149053088,4.717397490703659],[103.1006349536907,4.716049583032096],[103.1018458741577,4.714636576021197],[103.10298093288303,4.713162342240707],[103.10403701874961,4.711630922087426],[103.1050112370995,4.710046512714883],[103.10590091766792,4.708413456533139],[103.1067036219023,4.706736229310455],[103.10741714964608,4.705019427908963],[103.10803954516933,4.703267757688357],[103.1085691025292,4.701486019611807],[103.10900437024576,4.699679097089438],[103.10934415528043,4.697851942595625],[103.1095875263061,4.696009564096443],[103.10973381625966,4.694157011324646],[103.10978262417055,4.692299361939802]],[[103.44690332092007,4.76114949313434],[103.44684009372627,4.758743271526435],[103.44665058544619,4.756343636826843],[103.44633531550889,4.753957166374924],[103.44589514804731,4.751590401495156],[103.44533128952992,4.749249829565877],[103.44464528545367,4.746941866235162],[103.44383901610807,4.74467283783259],[103.44291469142136,4.742448964025203],[103.44187484490325,4.740276340765247],[103.44072232670078,4.738160923576427],[103.4394602957862,4.736108511224538],[103.43809221129858,4.734124729817451],[103.43662182306235,4.732215017377829],[103.43505316130947,4.730384608931204],[103.43339052563282,4.728638522150143],[103.43163847320113,4.726981543594104],[103.4298018062684,4.725418215582612],[103.42788555901105,4.723952823737953],[103.42589498372953,4.7225893852315],[103.42383553645239,4.721331637766041],[103.42171286198143,4.720183029324355],[103.41953277841986,4.719146708712167],[103.41730126122518,4.71822551692151],[103.4150244268309,4.717421979338286],[103.4127085158818,4.716738298815289],[103.4103598761289,4.716176349629871],[103.40798494503042,4.715737672342874],[103.4055902321075,4.715423469572798],[103.40318230110174,4.715234602696928],[103.4007677519847,4.715171589488611],[103.39835320286765,4.715234602696928],[103.39594527186189,4.715423469572798],[103.39355055893897,4.715737672342874],[103.39117562784051,4.716176349629871],[103.38882698808759,4.716738298815289],[103.38651107713851,4.717421979338286],[103.38423424274421,4.71822551692151],[103.38200272554953,4.719146708712167],[103.37982264198797,4.720183029324355],[103.37769996751702,4.721331637766041],[103.37564052023986,4.7225893852315],[103.37364994495834,4.723952823737953],[103.37173369770099,4.725418215582612],[103.36989703076827,4.726981543594104],[103.36814497833659,4.728638522150143],[103.36648234265992,4.730384608931204],[103.36491368090705,4.732215017377829],[103.36344329267082,4.734124729817451],[103.36207520818319,4.736108511224538],[103.36081317726862,4.738160923576427],[103.35966065906615,4.740276340765247],[103.35862081254803,4.742448964025203],[103.35769648786132,4.74467283783259],[103.35689021851573,4.746941866235162],[103.35620421443949,4.749249829565877],[103.35564035592208,4.751590401495156],[103.35520018846051,4.753957166374924],[103.35488491852321,4.756343636826843],[103.35469541024314,4.758743271526435],[103.35463218304932,4.76114949313434],[103.35469541024314,4.763555706325645],[103.35488491852321,4.765955315867597],[103.35520018846051,4.768341744696499],[103.35564035592208,4.770708451943891],[103.35620421443949,4.773048950862864],[103.35689021851573,4.775356826605275],[103.35769648786132,4.777625753801185],[103.35862081254803,4.779849513892368],[103.35966065906615,4.782022012172493],[103.36081317726862,4.784137294487182],[103.36207520818319,4.786189563548301],[103.36344329267082,4.78817319481794],[103.36491368090705,4.790082751918368],[103.36648234265992,4.791913001525981],[103.36814497833659,4.79365892770847],[103.36989703076827,4.79531574566595],[103.37173369770098,4.796878914838442],[103.37364994495834,4.798344151343919],[103.37564052023986,4.799707439712963],[103.37769996751702,4.800965043887691],[103.37982264198797,4.802113517455271],[103.38200272554953,4.803149713087678],[103.38423424274421,4.804070791162169],[103.38651107713851,4.804874227538769],[103.38882698808759,4.805557820473513],[103.39117562784051,4.806119696648664],[103.39355055893897,4.806558316303297],[103.39594527186189,4.806872477450383],[103.39835320286765,4.807061319168637],[103.4007677519847,4.807124323960329],[103.40318230110174,4.807061319168637],[103.4055902321075,4.806872477450383],[103.40798494503042,4.806558316303297],[103.4103598761289,4.806119696648664],[103.4127085158818,4.805557820473513],[103.4150244268309,4.804874227538769],[103.41730126122518,4.804070791162169],[103.41953277841986,4.803149713087678],[103.42171286198143,4.802113517455271],[103.42383553645239,4.800965043887691],[103.42589498372953,4.799707439712963],[103.42788555901105,4.798344151343919],[103.4298018062684,4.796878914838442],[103.43163847320113,4.79531574566595],[103.43339052563282,4.79365892770847],[103.43505316130947,4.791913001525981],[103.43662182306235,4.790082751918368],[103.43809221129858,4.78817319481794],[103.4394602957862,4.786189563548301],[103.44072232670078,4.784137294487182],[103.44187484490325,4.782022012172493],[103.44291469142136,4.779849513892368],[103.44383901610807,4.777625753801185],[103.44464528545367,4.775356826605275],[103.44533128952992,4.773048950862864],[103.44589514804731,4.770708451943891],[103.44633531550889,4.768341744696499],[103.44665058544619,4.765955315867597],[103.44684009372627,4.763555706325645],[103.44690332092007,4.76114949313434]],[[103.33166632504144,4.60864614036085],[103.33160479167424,4.606303869678614],[103.33142036023136,4.603968011314464],[103.33111353622657,4.601644967792365],[103.33068516064313,4.599341106573526],[103.33013640762871,4.597062742601828],[103.32946878127721,4.59481612099249],[103.32868411150608,4.592607399911697],[103.32778454904054,4.590442633693637],[103.32677255951886,4.588327756241919],[103.32565091673393,4.586268564760328],[103.3244226950307,4.584270703857968],[103.32309126087944,4.582339650072154],[103.32166026364861,4.580480696851755],[103.32013362560221,4.578698940042006],[103.31851553114896,4.576999263910811],[103.31681041537331,4.575386327754718],[103.31502295187904,4.573864553121659],[103.3131580399794,4.572438111685157],[103.31122079126823,4.571110913803621],[103.3092165156096,4.569886597795968],[103.30715070658381,4.568768519963183],[103.30502902642978,4.567759745383093],[103.30285729052532,4.566863039503719],[103.30064145144762,4.566080860558333],[103.29838758265757,4.565415352822985],[103.29610186185282,4.564868340735108],[103.29379055403523,4.564441323889318],[103.29145999433891,4.564135472924205],[103.28911657066598,4.563951626311274],[103.2867667061778,4.5638902880552],[103.28441684168962,4.563951626311274],[103.28207341801668,4.564135472924205],[103.27974285832036,4.564441323889318],[103.2774315505028,4.564868340735108],[103.27514582969805,4.565415352822985],[103.27289196090798,4.566080860558333],[103.27067612183028,4.566863039503719],[103.26850438592582,4.567759745383093],[103.26638270577179,4.568768519963183],[103.26431689674598,4.569886597795968],[103.26231262108737,4.571110913803621],[103.2603753723762,4.572438111685157],[103.25851046047654,4.573864553121659],[103.25672299698229,4.575386327754718],[103.25501788120664,4.576999263910811],[103.2533997867534,4.578698940042006],[103.25187314870698,4.580480696851755],[103.25044215147618,4.582339650072154],[103.24911071732491,4.584270703857968],[103.24788249562167,4.586268564760328],[103.24676085283673,4.588327756241919],[103.24574886331506,4.590442633693637],[103.24484930084952,4.592607399911697],[103.24406463107837,4.59481612099249],[103.24339700472687,4.597062742601828],[103.24284825171247,4.599341106573526],[103.24241987612903,4.601644967792365],[103.24211305212422,4.603968011314464],[103.24192862068136,4.606303869678614],[103.24186708731418,4.60864614036085],[103.24192862068136,4.610988403324492],[103.24211305212422,4.613324238617381],[103.24241987612903,4.615647243968359],[103.24284825171247,4.617951052334407],[103.24339700472687,4.620229349350734],[103.24406463107837,4.622475890635672],[103.24484930084952,4.624684518903122],[103.24574886331506,4.626849180835729],[103.24676085283673,4.628963943672509],[103.24788249562167,4.631023011465382],[103.24911071732491,4.63302074096044],[103.25044215147618,4.634951657060069],[103.25187314870698,4.636810467823906],[103.2533997867534,4.638592078967533],[103.25501788120664,4.640291607819009],[103.25672299698229,4.641904396695358],[103.25851046047654,4.643426025662307],[103.2603753723762,4.644852324642273],[103.26231262108737,4.64617938483766],[103.26431689674598,4.647403569438026],[103.26638270577179,4.64852152358213],[103.26850438592582,4.64953018354732],[103.27067612183028,4.650426785141292],[103.27289196090798,4.65120887127336],[103.27514582969805,4.651874298684347],[103.2774315505028,4.652421243816878],[103.27974285832036,4.652848207809904],[103.28207341801668,4.653154020603919],[103.28441684168962,4.653337844145604],[103.2867667061778,4.653399174683068],[103.28911657066598,4.653337844145604],[103.29145999433891,4.653154020603919],[103.29379055403523,4.652848207809904],[103.29610186185282,4.652421243816878],[103.29838758265757,4.651874298684347],[103.30064145144762,4.65120887127336],[103.30285729052532,4.650426785141292],[103.30502902642978,4.64953018354732],[103.30715070658381,4.64852152358213],[103.3092165156096,4.647403569438026],[103.31122079126823,4.64617938483766],[103.3131580399794,4.644852324642273],[103.31502295187904,4.643426025662307],[103.31681041537331,4.641904396695358],[103.31851553114896,4.640291607819009],[103.32013362560221,4.638592078967533],[103.32166026364861,4.636810467823906],[103.32309126087944,4.634951657060069],[103.3244226950307,4.63302074096044],[103.32565091673393,4.631023011465382],[103.32677255951886,4.628963943672509],[103.32778454904054,4.626849180835729],[103.32868411150608,4.624684518903122],[103.32946878127721,4.622475890635672],[103.33013640762871,4.620229349350734],[103.33068516064313,4.617951052334407],[103.33111353622657,4.615647243968359],[103.33142036023136,4.613324238617381],[103.33160479167424,4.610988403324492],[103.33166632504144,4.60864614036085]],[[103.42595506236509,4.49939072170753],[103.425903325,4.497421037773927],[103.42574825471317,4.495456747302896],[103.42549027654151,4.493503234345747],[103.42513009758527,4.491565853456067],[103.42466870506992,4.489649915012071],[103.42410736364026,4.487760670659468],[103.42344761189415,4.485903298914963],[103.42269125816526,4.484082890969811],[103.42184037556659,4.482304436732245],[103.4208972963082,4.480572811147253],[103.41986460530478,4.478892760831118],[103.4187451330906,4.477268891057406],[103.41754194806116,4.475705653130202],[103.41625834806301,4.47420733217906],[103.41489785135454,4.472778035409402],[103.41346418696261,4.471421680840473],[103.41196128446173,4.470141986561715],[103.41039326320315,4.468942460537312],[103.40876442102416,4.467826390986509],[103.40707922246794,4.466796837366569],[103.4053422865466,4.465856621982699],[103.40355837408079,4.465008322248363],[103.40173237465056,4.46425426361692],[103.39986929319342,4.463596513204251],[103.39797423628615,4.463036874119715],[103.39605239814803,4.46257688052118],[103.39410904640377,4.462217793407472],[103.39214950764544,4.461960597160075],[103.39017915283259,4.46180599684337],[103.38820338257077,4.461754416270988],[103.38622761230896,4.46180599684337],[103.3842572574961,4.461960597160075],[103.38229771873779,4.462217793407472],[103.38035436699353,4.46257688052118],[103.3784325288554,4.463036874119715],[103.37653747194813,4.463596513204251],[103.37467439049098,4.46425426361692],[103.37284839106076,4.465008322248363],[103.37106447859493,4.465856621982699],[103.3693275426736,4.466796837366569],[103.36764234411739,4.467826390986509],[103.3660135019384,4.468942460537312],[103.36444548067982,4.470141986561715],[103.36294257817893,4.471421680840473],[103.36150891378702,4.472778035409402],[103.36014841707853,4.47420733217906],[103.3588648170804,4.475705653130202],[103.35766163205095,4.477268891057406],[103.35654215983676,4.478892760831118],[103.35550946883335,4.480572811147253],[103.35456638957494,4.482304436732245],[103.35371550697629,4.484082890969811],[103.3529591532474,4.485903298914963],[103.35229940150128,4.487760670659468],[103.35173806007163,4.489649915012071],[103.35127666755628,4.491565853456067],[103.35091648860003,4.493503234345747],[103.35065851042839,4.495456747302896],[103.35050344014155,4.497421037773927],[103.35045170277645,4.49939072170753],[103.35050344014155,4.501360400312763],[103.35065851042839,4.503324674857065],[103.35091648860003,4.505278161463623],[103.35127666755628,4.507215505867532],[103.35173806007163,4.509131398090359],[103.35229940150128,4.51102058699279],[103.3529591532474,4.512877894665619],[103.35371550697629,4.514698230619616],[103.35456638957494,4.516476605735273],[103.35550946883335,4.518208145934471],[103.35654215983676,4.519888105536454],[103.35766163205095,4.521511880261516],[103.3588648170804,4.523075019846974],[103.36014841707853,4.524573240240707],[103.36150891378702,4.526002435339024],[103.36294257817893,4.527358688236624],[103.36444548067982,4.528638281957961],[103.3660135019384,4.52983770964063],[103.36764234411739,4.530953684142808],[103.3693275426736,4.531983147048609],[103.37106447859493,4.53292327704671],[103.37284839106076,4.53377149765915],[103.37467439049098,4.534525484299451],[103.37653747194813,4.53518317064047],[103.3784325288554,4.535742754274833],[103.38035436699353,4.536202701652212],[103.38229771873779,4.536561752280174],[103.3842572574961,4.536818922176995],[103.38622761230896,4.536973506566957],[103.38820338257077,4.53702508181098],[103.39017915283259,4.536973506566957],[103.39214950764544,4.536818922176995],[103.39410904640377,4.536561752280174],[103.39605239814803,4.536202701652212],[103.39797423628615,4.535742754274833],[103.39986929319342,4.53518317064047],[103.40173237465056,4.534525484299451],[103.40355837408079,4.53377149765915],[103.4053422865466,4.53292327704671],[103.40707922246794,4.531983147048609],[103.40876442102416,4.530953684142808],[103.41039326320315,4.52983770964063],[103.41196128446173,4.528638281957961],[103.41346418696261,4.527358688236624],[103.41489785135454,4.526002435339024],[103.41625834806301,4.524573240240707],[103.41754194806116,4.523075019846974],[103.4187451330906,4.521511880261516],[103.41986460530478,4.519888105536454],[103.4208972963082,4.518208145934471],[103.42184037556659,4.516476605735273],[103.42269125816526,4.514698230619616],[103.42344761189415,4.512877894665619],[103.42410736364026,4.51102058699279],[103.42466870506992,4.509131398090359],[103.42513009758527,4.507215505867532],[103.42549027654151,4.505278161463623],[103.42574825471317,4.503324674857065],[103.425903325,4.501360400312763],[103.42595506236509,4.49939072170753]],[[103.36630096695863,4.366699616639602],[103.36625223254164,4.36484392447464],[103.36610616286832,4.36299331406424],[103.3658631583055,4.361152857861139],[103.3655238849118,4.359327600522851],[103.365089272612,4.35752254508362],[103.36456051264821,4.355742639239931],[103.36393905431471,4.35399276178743],[103.36322660098564,4.35227770924627],[103.36242510544602,4.350602182711682],[103.36153676453944,4.348970774965845],[103.36056401314654,4.347387957886224],[103.3595095175113,4.345858070185217],[103.35837616793296,4.344385305514498],[103.35716707084393,4.342973700966845],[103.35588554029528,4.341627126006992],[103.35453508887318,4.340349271861744],[103.35311941807107,4.339143641398741],[103.35164240814429,4.338013539521399],[103.35010810747433,4.33696206410658],[103.34852072147267,4.335992097509702],[103.34688460105404,4.335106298660799],[103.34520423071076,4.334307095773135],[103.34348421622116,4.333596679684299],[103.34172927202536,4.332976997848369],[103.33994420830345,4.332449748995183],[103.338133917791,4.332016378471941],[103.33630336236848,4.331678074279391],[103.33445755946106,4.331435763813894],[103.33260156828622,4.331290111324067],[103.33074047598672,4.331241516089175],[103.32887938368724,4.331290111324067],[103.3270233925124,4.331435763813894],[103.32517758960496,4.331678074279391],[103.32334703418245,4.332016378471941],[103.32153674367001,4.332449748995183],[103.3197516799481,4.332976997848369],[103.31799673575229,4.333596679684299],[103.3162767212627,4.334307095773135],[103.31459635091942,4.335106298660799],[103.31296023050079,4.335992097509702],[103.31137284449913,4.33696206410658],[103.30983854382917,4.338013539521399],[103.30836153390239,4.339143641398741],[103.30694586310028,4.340349271861744],[103.30559541167817,4.341627126006992],[103.30431388112953,4.342973700966845],[103.3031047840405,4.344385305514498],[103.30197143446216,4.345858070185217],[103.30091693882692,4.347387957886224],[103.29994418743401,4.348970774965845],[103.29905584652742,4.350602182711682],[103.29825435098782,4.35227770924627],[103.29754189765875,4.35399276178743],[103.29692043932525,4.355742639239931],[103.29639167936146,4.35752254508362],[103.29595706706165,4.359327600522851],[103.29561779366794,4.361152857861139],[103.29537478910514,4.36299331406424],[103.2952287194318,4.36484392447464],[103.29517998501483,4.366699616639602],[103.2952287194318,4.368555304215101],[103.29537478910514,4.370405900907425],[103.29561779366794,4.372246334414138],[103.29595706706165,4.374071560326358],[103.29639167936146,4.375876575954191],[103.29692043932525,4.377656434037309],[103.29754189765875,4.37940625630337],[103.29825435098782,4.381121246836831],[103.29905584652742,4.382796705221814],[103.29994418743401,4.384428039422845],[103.30091693882692,4.386010778368196],[103.30197143446216,4.387540584201548],[103.3031047840405,4.38901326416818],[103.30431388112953,4.390424782103324],[103.30559541167817,4.391771269491235],[103.30694586310028,4.393049036064528],[103.30836153390239,4.394254579915047],[103.30983854382917,4.395384597088289],[103.31137284449913,4.396435990635452],[103.31296023050079,4.397405879098088],[103.31459635091942,4.398291604402171],[103.3162767212627,4.399090739140268],[103.31799673575229,4.399801093221404],[103.3197516799481,4.400420719870907],[103.32153674367001,4.400947920963536],[103.32334703418245,4.401381251675392],[103.32517758960496,4.4017195244419],[103.3270233925124,4.401961812210997],[103.32887938368724,4.402107450982748],[103.33074047598672,4.402156041628201],[103.33260156828622,4.402107450982748],[103.33445755946106,4.401961812210997],[103.33630336236848,4.4017195244419],[103.338133917791,4.401381251675392],[103.33994420830345,4.400947920963536],[103.34172927202536,4.400420719870907],[103.34348421622116,4.399801093221404],[103.34520423071076,4.399090739140268],[103.34688460105404,4.398291604402171],[103.34852072147267,4.397405879098088],[103.35010810747433,4.396435990635452],[103.35164240814429,4.395384597088289],[103.35311941807107,4.394254579915047],[103.35453508887318,4.393049036064528],[103.35588554029528,4.391771269491235],[103.35716707084393,4.390424782103324],[103.35837616793296,4.38901326416818],[103.3595095175113,4.387540584201548],[103.36056401314654,4.386010778368196],[103.36153676453944,4.384428039422845],[103.36242510544602,4.382796705221814],[103.36322660098564,4.381121246836831],[103.36393905431471,4.37940625630337],[103.36456051264821,4.377656434037309],[103.365089272612,4.375876575954191],[103.3655238849118,4.374071560326358],[103.3658631583055,4.372246334414138],[103.36610616286832,4.370405900907425],[103.36625223254164,4.368555304215101],[103.36630096695863,4.366699616639602]],[[103.47398147493243,4.223559564103452],[103.47391516075207,4.22103400101023],[103.47371639997363,4.21851535212731],[103.47338573738652,4.216010521001882],[103.47292407931394,4.21352637337346],[103.47233269112857,4.21106971835341],[103.47161319378434,4.208647289759013],[103.47076755937341,4.206265727653287],[103.46979810572097,4.203931560141012],[103.46870749003207,4.201651185471217],[103.4674987016085,4.199430854494975],[103.46617505365533,4.197276653526672],[103.4647401741996,4.195194487655987],[103.46319799614612,4.193190064556087],[103.46155274649779,4.191268878832761],[103.45980893476948,4.189436196957302],[103.45797134062798,4.187697042824537],[103.45604500079105,4.186056183975722],[103.45403519522235,4.184518118524079],[103.4519474326592,4.18308706281883],[103.44978743551364,4.181766939881877],[103.44756112418774,4.180561368648487],[103.44527460084615,4.179473654041896],[103.44293413269031,4.178506777908972],[103.44054613478083,4.177663390841727],[103.43811715245394,4.176945804907414],[103.4356538433814,4.176355987306941],[103.43316295932213,4.175895554979093],[103.43065132761623,4.175565770165593],[103.4281258324716,4.175367536948832],[103.42559339609487,4.175301398772057],[103.42306095971813,4.175367536948832],[103.42053546457349,4.175565770165593],[103.41802383286759,4.175895554979093],[103.41553294880832,4.176355987306941],[103.41306963973578,4.176945804907414],[103.4106406574089,4.177663390841727],[103.40825265949941,4.178506777908972],[103.40591219134357,4.179473654041896],[103.40362566800198,4.180561368648487],[103.40139935667608,4.181766939881877],[103.39923935953054,4.18308706281883],[103.39715159696738,4.184518118524079],[103.39514179139867,4.186056183975722],[103.39321545156176,4.187697042824537],[103.39137785742025,4.189436196957302],[103.38963404569193,4.191268878832761],[103.3879887960436,4.193190064556087],[103.38644661799013,4.195194487655987],[103.38501173853439,4.197276653526672],[103.38368809058123,4.199430854494975],[103.38247930215766,4.201651185471217],[103.38138868646875,4.203931560141012],[103.38041923281632,4.206265727653287],[103.3795735984054,4.208647289759013],[103.37885410106117,4.21106971835341],[103.3782627128758,4.21352637337346],[103.37780105480321,4.216010521001882],[103.37747039221611,4.21851535212731],[103.37727163143765,4.22103400101023],[103.3772053172573,4.223559564103452],[103.37727163143765,4.226085118975461],[103.37747039221611,4.228603743284804],[103.37780105480321,4.231108533753545],[103.3782627128758,4.233592625087588],[103.37885410106117,4.236049208792351],[103.3795735984054,4.2384715518319],[103.38041923281632,4.240853015080579],[103.38138868646875,4.243187071516716],[103.38247930215766,4.245467324108208],[103.38368809058123,4.247687523341563],[103.38501173853439,4.249841584345752],[103.38644661799013,4.251923603564599],[103.3879887960436,4.253927874931684],[103.38963404569193,4.255848905503609],[103.39137785742025,4.257681430508985],[103.39321545156176,4.259420427771665],[103.39514179139867,4.261061131469092],[103.39715159696738,4.262599045187933],[103.39923935953054,4.264029954241368],[103.40139935667608,4.26534993721426],[103.40362566800198,4.2665553767048],[103.40591219134357,4.26764296923314],[103.40825265949941,4.268609734289963],[103.4106406574089,4.269453022500199],[103.41306963973578,4.270170522879716],[103.41553294880832,4.27076026916494],[103.41802383286759,4.271220645198446],[103.42053546457349,4.271550389355271],[103.42306095971813,4.271748597998469],[103.42559339609487,4.271814727954031],[103.4281258324716,4.271748597998469],[103.43065132761623,4.271550389355271],[103.43316295932213,4.271220645198446],[103.4356538433814,4.27076026916494],[103.43811715245394,4.270170522879716],[103.44054613478083,4.269453022500199],[103.44293413269031,4.268609734289963],[103.44527460084615,4.26764296923314],[103.44756112418774,4.2665553767048],[103.44978743551364,4.26534993721426],[103.4519474326592,4.264029954241368],[103.45403519522235,4.262599045187933],[103.45604500079105,4.261061131469092],[103.45797134062798,4.259420427771665],[103.45980893476948,4.257681430508985],[103.46155274649779,4.255848905503609],[103.46319799614612,4.253927874931684],[103.4647401741996,4.251923603564599],[103.46617505365533,4.249841584345752],[103.4674987016085,4.247687523341563],[103.46870749003207,4.245467324108208],[103.46979810572097,4.243187071516716],[103.47076755937341,4.240853015080579],[103.47161319378434,4.2384715518319],[103.47233269112857,4.236049208792351],[103.47292407931394,4.233592625087588],[103.47338573738652,4.231108533753545],[103.47371639997363,4.228603743284804],[103.47391516075207,4.226085118975461],[103.47398147493243,4.223559564103452]],[[103.19892979734634,4.206382821176713],[103.19887002141134,4.204106216008231],[103.19869085744801,4.20183584423413],[103.19839279653236,4.199577928870792],[103.1979766556286,4.197338658845721],[103.19744357535002,4.195124172032577],[103.19679501683264,4.192940538425571],[103.19603275773028,4.190793743499337],[103.19515888734212,4.18868967180003],[103.19417580088616,4.186634090812525],[103.19308619293406,4.184632635148032],[103.19189305002547,4.182690791095646],[103.19059964248216,4.180813881579915],[103.18920951544432,4.179007051566002],[103.18772647915353,4.177275253952389],[103.18615459850915,4.175623235989844],[103.1844981819268,4.174055526263914],[103.1827617695292,4.172576422276713],[103.180950120702,4.171189978662174],[103.17906820104874,4.169899996066933],[103.17712116878037,4.168710010727663],[103.175114360577,4.167623284773137],[103.17305327696042,4.166642797278025],[103.17094356721758,4.165771236092755],[103.16879101391619,4.165010990471885],[103.16660151705527,4.164364144521376],[103.16438107789352,4.163832471482686],[103.16213578250037,4.163417428869423],[103.15987178507434,4.163120154469787],[103.15759529107511,4.162941463226043],[103.15531254021441,4.162881844999299],[103.15302978935371,4.162941463226043],[103.15075329535446,4.163120154469787],[103.14848929792845,4.163417428869423],[103.14624400253527,4.163832471482686],[103.14402356337354,4.164364144521376],[103.14183406651262,4.165010990471885],[103.13968151321124,4.165771236092755],[103.13757180346839,4.166642797278025],[103.13551071985181,4.167623284773137],[103.13350391164845,4.168710010727663],[103.13155687938007,4.169899996066933],[103.12967495972681,4.171189978662174],[103.12786331089963,4.172576422276713],[103.12612689850201,4.174055526263914],[103.12447048191966,4.175623235989844],[103.1228986012753,4.177275253952389],[103.1214155649845,4.179007051566002],[103.12002543794667,4.180813881579915],[103.11873203040335,4.182690791095646],[103.11753888749475,4.184632635148032],[103.11644927954265,4.186634090812525],[103.1154661930867,4.18868967180003],[103.11459232269854,4.190793743499337],[103.11383006359617,4.192940538425571],[103.11318150507878,4.195124172032577],[103.11264842480021,4.197338658845721],[103.11223228389646,4.199577928870792],[103.1119342229808,4.20183584423413],[103.11175505901747,4.204106216008231],[103.11169528308248,4.206382821176713],[103.11175505901747,4.208659419692188],[103.1119342229808,4.210929771580113],[103.11223228389646,4.213187654042012],[103.11264842480021,4.215426878510828],[103.11318150507878,4.217641307612056],[103.11383006359617,4.21982487198378],[103.11459232269854,4.221971586909892],[103.1154661930867,4.224075568720795],[103.11644927954265,4.226131050916416],[103.11753888749475,4.228132399967903],[103.11873203040335,4.230074130754273],[103.12002543794667,4.231950921591957],[103.1214155649845,4.233757628816028],[103.1228986012753,4.235489300873301],[103.12447048191966,4.237141191888662],[103.12612689850201,4.238708774667408],[103.12786331089963,4.240187753098281],[103.12967495972681,4.241574073922992],[103.13155687938007,4.242863937840198],[103.13350391164845,4.244053809913491],[103.13551071985181,4.245140429255049],[103.13757180346839,4.246120817958277],[103.13968151321124,4.246992289255155],[103.14183406651262,4.247752454875966],[103.14402356337354,4.248399231591219],[103.14624400253527,4.248930846918007],[103.14848929792845,4.249345843975052],[103.15075329535446,4.249643085473251],[103.15302978935371,4.249821756830843],[103.15531254021441,4.249881368404555],[103.15759529107511,4.249821756830843],[103.15987178507434,4.249643085473251],[103.16213578250037,4.249345843975052],[103.16438107789352,4.248930846918007],[103.16660151705527,4.248399231591219],[103.16879101391619,4.247752454875966],[103.17094356721758,4.246992289255155],[103.17305327696042,4.246120817958277],[103.175114360577,4.245140429255049],[103.17712116878037,4.244053809913491],[103.17906820104874,4.242863937840198],[103.180950120702,4.241574073922992],[103.1827617695292,4.240187753098281],[103.1844981819268,4.238708774667408],[103.18615459850915,4.237141191888662],[103.18772647915353,4.235489300873301],[103.18920951544432,4.233757628816028],[103.19059964248216,4.231950921591957],[103.19189305002547,4.230074130754273],[103.19308619293406,4.228132399967903],[103.19417580088616,4.226131050916416],[103.19515888734212,4.224075568720795],[103.19603275773028,4.221971586909905],[103.19679501683264,4.21982487198378],[103.19744357535002,4.217641307612056],[103.1979766556286,4.215426878510828],[103.19839279653236,4.213187654042012],[103.19869085744801,4.210929771580113],[103.19887002141134,4.208659419692188],[103.19892979734634,4.206382821176713]]],"bbox":[102.41959568663866,4.162881844999299,103.47398147493243,5.869217976353762]}
