{"type":"Topology","objects":{"MYS_GE-03":{"type":"GeometryCollection","geometries":[{"type":"Polygon","arcs":[[0]],"properties":{"state":"Perlis","parlimen":"P.001 Perlis Utara","code_parlimen":"P.001"}},{"type":"Polygon","arcs":[[1]],"properties":{"state":"Perlis","parlimen":"P.002 Perlis Selatan","code_parlimen":"P.002"}},{"type":"Polygon","arcs":[[2]],"properties":{"state":"Kedah","parlimen":"P.003 Jitra-Padang Terap","code_parlimen":"P.003"}},{"type":"Polygon","arcs":[[3]],"properties":{"state":"Kedah","parlimen":"P.004 Kubang Pasu Barat","code_parlimen":"P.004"}},{"type":"Polygon","arcs":[[4]],"properties":{"state":"Kedah","parlimen":"P.005 Kota Star Utara","code_parlimen":"P.005"}},{"type":"Polygon","arcs":[[5]],"properties":{"state":"Kedah","parlimen":"P.006 Alor Star","code_parlimen":"P.006"}},{"type":"Polygon","arcs":[[6]],"properties":{"state":"Kedah","parlimen":"P.007 Kuala Kedah","code_parlimen":"P.007"}},{"type":"Polygon","arcs":[[7]],"properties":{"state":"Kedah","parlimen":"P.008 Kota Star Selatan","code_parlimen":"P.008"}},{"type":"Polygon","arcs":[[8]],"properties":{"state":"Kedah","parlimen":"P.009 Kedah Tengah","code_parlimen":"P.009"}},{"type":"Polygon","arcs":[[9]],"properties":{"state":"Kedah","parlimen":"P.010 Jerai","code_parlimen":"P.010"}},{"type":"Polygon","arcs":[[10]],"properties":{"state":"Kedah","parlimen":"P.011 Baling","code_parlimen":"P.011"}},{"type":"Polygon","arcs":[[11]],"properties":{"state":"Kedah","parlimen":"P.012 Sungei Patani","code_parlimen":"P.012"}},{"type":"Polygon","arcs":[[12]],"properties":{"state":"Kedah","parlimen":"P.013 Kulim Utara","code_parlimen":"P.013"}},{"type":"Polygon","arcs":[[13]],"properties":{"state":"Kedah","parlimen":"P.014 Kulim-Bandar Bahru","code_parlimen":"P.014"}},{"type":"Polygon","arcs":[[14]],"properties":{"state":"Kelantan","parlimen":"P.015 Tumpat","code_parlimen":"P.015"}},{"type":"Polygon","arcs":[[15]],"properties":{"state":"Kelantan","parlimen":"P.016 Kelantan Hilir","code_parlimen":"P.016"}},{"type":"Polygon","arcs":[[16]],"properties":{"state":"Kelantan","parlimen":"P.017 Pasir Mas Hilir","code_parlimen":"P.017"}},{"type":"Polygon","arcs":[[17]],"properties":{"state":"Kelantan","parlimen":"P.018 Kota Bharu Hilir","code_parlimen":"P.018"}},{"type":"Polygon","arcs":[[18]],"properties":{"state":"Kelantan","parlimen":"P.019 Bachok","code_parlimen":"P.019"}},{"type":"Polygon","arcs":[[19]],"properties":{"state":"Kelantan","parlimen":"P.020 Kota Bharu Hulu","code_parlimen":"P.020"}},{"type":"Polygon","arcs":[[20]],"properties":{"state":"Kelantan","parlimen":"P.021 Pasir Mas Hulu","code_parlimen":"P.021"}},{"type":"Polygon","arcs":[[21]],"properties":{"state":"Kelantan","parlimen":"P.022 Pasir Puteh","code_parlimen":"P.022"}},{"type":"Polygon","arcs":[[22]],"properties":{"state":"Kelantan","parlimen":"P.023 Tanah Merah","code_parlimen":"P.023"}},{"type":"Polygon","arcs":[[23]],"properties":{"state":"Kelantan","parlimen":"P.024 Ulu Kelantan","code_parlimen":"P.024"}},{"type":"Polygon","arcs":[[24]],"properties":{"state":"Terengganu","parlimen":"P.025 Besut","code_parlimen":"P.025"}},{"type":"Polygon","arcs":[[25]],"properties":{"state":"Terengganu","parlimen":"P.026 Kuala Trengganu Utara","code_parlimen":"P.026"}},{"type":"Polygon","arcs":[[26]],"properties":{"state":"Terengganu","parlimen":"P.027 Kuala Trengganu Selatan","code_parlimen":"P.027"}},{"type":"Polygon","arcs":[[27]],"properties":{"state":"Terengganu","parlimen":"P.028 Dungun","code_parlimen":"P.028"}},{"type":"Polygon","arcs":[[28]],"properties":{"state":"Terengganu","parlimen":"P.029 Kemaman","code_parlimen":"P.029"}},{"type":"Polygon","arcs":[[29]],"properties":{"state":"Terengganu","parlimen":"P.030 Trengganu Tengah","code_parlimen":"P.030"}},{"type":"Polygon","arcs":[[30]],"properties":{"state":"Pulau Pinang","parlimen":"P.031 Bagan","code_parlimen":"P.031"}},{"type":"Polygon","arcs":[[31]],"properties":{"state":"Pulau Pinang","parlimen":"P.032 Seberang Tengah","code_parlimen":"P.032"}},{"type":"Polygon","arcs":[[32]],"properties":{"state":"Pulau Pinang","parlimen":"P.033 Seberang Selatan","code_parlimen":"P.033"}},{"type":"Polygon","arcs":[[33]],"properties":{"state":"Pulau Pinang","parlimen":"P.034 Penang Utara","code_parlimen":"P.034"}},{"type":"Polygon","arcs":[[34]],"properties":{"state":"Pulau Pinang","parlimen":"P.035 Penang Selatan","code_parlimen":"P.035"}},{"type":"Polygon","arcs":[[35]],"properties":{"state":"Pulau Pinang","parlimen":"P.036 Tanjong","code_parlimen":"P.036"}},{"type":"Polygon","arcs":[[36]],"properties":{"state":"Pulau Pinang","parlimen":"P.037 Dato Kramat","code_parlimen":"P.037"}},{"type":"Polygon","arcs":[[37]],"properties":{"state":"Pulau Pinang","parlimen":"P.038 Seberang Utara","code_parlimen":"P.038"}},{"type":"Polygon","arcs":[[38]],"properties":{"state":"Perak","parlimen":"P.039 Ulu Perak","code_parlimen":"P.039"}},{"type":"Polygon","arcs":[[39]],"properties":{"state":"Perak","parlimen":"P.040 Larut Utara","code_parlimen":"P.040"}},{"type":"Polygon","arcs":[[40]],"properties":{"state":"Perak","parlimen":"P.041 Krian Laut","code_parlimen":"P.041"}},{"type":"Polygon","arcs":[[41]],"properties":{"state":"Perak","parlimen":"P.042 Krian Darat","code_parlimen":"P.042"}},{"type":"Polygon","arcs":[[42]],"properties":{"state":"Perak","parlimen":"P.043 Larut Selatan","code_parlimen":"P.043"}},{"type":"Polygon","arcs":[[43]],"properties":{"state":"Perak","parlimen":"P.044 Hilir Perak","code_parlimen":"P.044"}},{"type":"Polygon","arcs":[[44]],"properties":{"state":"Perak","parlimen":"P.045 Kuala Kangsar","code_parlimen":"P.045"}},{"type":"Polygon","arcs":[[45]],"properties":{"state":"Perak","parlimen":"P.046 Sungei Siput","code_parlimen":"P.046"}},{"type":"Polygon","arcs":[[46]],"properties":{"state":"Perak","parlimen":"P.047 Parit","code_parlimen":"P.047"}},{"type":"Polygon","arcs":[[47]],"properties":{"state":"Perak","parlimen":"P.048 Bruas","code_parlimen":"P.048"}},{"type":"Polygon","arcs":[[48]],"properties":{"state":"Perak","parlimen":"P.049 Sitiawan","code_parlimen":"P.049"}},{"type":"Polygon","arcs":[[49]],"properties":{"state":"Perak","parlimen":"P.050 Ipoh","code_parlimen":"P.050"}},{"type":"Polygon","arcs":[[50]],"properties":{"state":"Perak","parlimen":"P.051 Menglembu","code_parlimen":"P.051"}},{"type":"Polygon","arcs":[[51]],"properties":{"state":"Perak","parlimen":"P.052 Ulu Kinta","code_parlimen":"P.052"}},{"type":"Polygon","arcs":[[52]],"properties":{"state":"Perak","parlimen":"P.053 Batu Gajah","code_parlimen":"P.053"}},{"type":"Polygon","arcs":[[53]],"properties":{"state":"Perak","parlimen":"P.054 Kampar","code_parlimen":"P.054"}},{"type":"Polygon","arcs":[[54]],"properties":{"state":"Perak","parlimen":"P.055 Tanjong Malim","code_parlimen":"P.055"}},{"type":"Polygon","arcs":[[55]],"properties":{"state":"Perak","parlimen":"P.056 Telok Anson","code_parlimen":"P.056"}},{"type":"Polygon","arcs":[[56]],"properties":{"state":"Perak","parlimen":"P.057 Bagan Datoh","code_parlimen":"P.057"}},{"type":"Polygon","arcs":[[57]],"properties":{"state":"Perak","parlimen":"P.058 Batang Padang","code_parlimen":"P.058"}},{"type":"Polygon","arcs":[[58]],"properties":{"state":"Pahang","parlimen":"P.059 Raub","code_parlimen":"P.059"}},{"type":"Polygon","arcs":[[59]],"properties":{"state":"Pahang","parlimen":"P.060 Bentong","code_parlimen":"P.060"}},{"type":"Polygon","arcs":[[60]],"properties":{"state":"Pahang","parlimen":"P.061 Kuantan","code_parlimen":"P.061"}},{"type":"Polygon","arcs":[[61]],"properties":{"state":"Pahang","parlimen":"P.062 Pekan","code_parlimen":"P.062"}},{"type":"Polygon","arcs":[[62]],"properties":{"state":"Pahang","parlimen":"P.063 Temerloh","code_parlimen":"P.063"}},{"type":"Polygon","arcs":[[63]],"properties":{"state":"Pahang","parlimen":"P.064 Lipis","code_parlimen":"P.064"}},{"type":"Polygon","arcs":[[64]],"properties":{"state":"Selangor","parlimen":"P.065 Kuala Selangor","code_parlimen":"P.065"}},{"type":"Polygon","arcs":[[65]],"properties":{"state":"Selangor","parlimen":"P.066 Batu","code_parlimen":"P.066"}},{"type":"Polygon","arcs":[[66]],"properties":{"state":"Selangor","parlimen":"P.067 Kapar","code_parlimen":"P.067"}},{"type":"Polygon","arcs":[[67]],"properties":{"state":"Selangor","parlimen":"P.068 Rawang","code_parlimen":"P.068"}},{"type":"Polygon","arcs":[[68]],"properties":{"state":"Selangor","parlimen":"P.069 Langat","code_parlimen":"P.069"}},{"type":"Polygon","arcs":[[69]],"properties":{"state":"Selangor","parlimen":"P.070 Setapak","code_parlimen":"P.070"}},{"type":"Polygon","arcs":[[70]],"properties":{"state":"Selangor","parlimen":"P.071 Bungsar","code_parlimen":"P.071"}},{"type":"Polygon","arcs":[[71]],"properties":{"state":"Selangor","parlimen":"P.072 Bukit Bintang","code_parlimen":"P.072"}},{"type":"Polygon","arcs":[[72]],"properties":{"state":"Selangor","parlimen":"P.073 Damansara","code_parlimen":"P.073"}},{"type":"Polygon","arcs":[[73]],"properties":{"state":"Selangor","parlimen":"P.074 Klang","code_parlimen":"P.074"}},{"type":"Polygon","arcs":[[74]],"properties":{"state":"Selangor","parlimen":"P.075 Kuala Langat","code_parlimen":"P.075"}},{"type":"Polygon","arcs":[[75]],"properties":{"state":"Selangor","parlimen":"P.076 Sepang","code_parlimen":"P.076"}},{"type":"Polygon","arcs":[[76]],"properties":{"state":"Selangor","parlimen":"P.077 Sabak Bernam","code_parlimen":"P.077"}},{"type":"Polygon","arcs":[[77]],"properties":{"state":"Selangor","parlimen":"P.078 Ulu Selangor","code_parlimen":"P.078"}},{"type":"Polygon","arcs":[[78]],"properties":{"state":"Negeri Sembilan","parlimen":"P.079 Kuala Pilah","code_parlimen":"P.079"}},{"type":"Polygon","arcs":[[79]],"properties":{"state":"Negeri Sembilan","parlimen":"P.080 Seremban Timor","code_parlimen":"P.080"}},{"type":"Polygon","arcs":[[80]],"properties":{"state":"Negeri Sembilan","parlimen":"P.081 Rembau-Tampin","code_parlimen":"P.081"}},{"type":"Polygon","arcs":[[81]],"properties":{"state":"Negeri Sembilan","parlimen":"P.082 Port Dickson","code_parlimen":"P.082"}},{"type":"Polygon","arcs":[[82]],"properties":{"state":"Negeri Sembilan","parlimen":"P.083 Jelebu-Jempol","code_parlimen":"P.083"}},{"type":"Polygon","arcs":[[83]],"properties":{"state":"Negeri Sembilan","parlimen":"P.084 Seremban Barat","code_parlimen":"P.084"}},{"type":"Polygon","arcs":[[84]],"properties":{"state":"Melaka","parlimen":"P.085 Malacca Tengah","code_parlimen":"P.085"}},{"type":"Polygon","arcs":[[85]],"properties":{"state":"Melaka","parlimen":"P.086 Bandar Malacca","code_parlimen":"P.086"}},{"type":"Polygon","arcs":[[86]],"properties":{"state":"Melaka","parlimen":"P.087 Malacca Utara","code_parlimen":"P.087"}},{"type":"Polygon","arcs":[[87]],"properties":{"state":"Melaka","parlimen":"P.088 Malacca Selatan","code_parlimen":"P.088"}},{"type":"Polygon","arcs":[[88]],"properties":{"state":"Johor","parlimen":"P.089 Muar Dalam","code_parlimen":"P.089"}},{"type":"Polygon","arcs":[[89]],"properties":{"state":"Johor","parlimen":"P.090 Segamat Selatan","code_parlimen":"P.090"}},{"type":"Polygon","arcs":[[90]],"properties":{"state":"Johor","parlimen":"P.091 Muar Pantai","code_parlimen":"P.091"}},{"type":"Polygon","arcs":[[91]],"properties":{"state":"Johor","parlimen":"P.092 Muar Selatan","code_parlimen":"P.092"}},{"type":"Polygon","arcs":[[92]],"properties":{"state":"Johor","parlimen":"P.093 Batu Pahat","code_parlimen":"P.093"}},{"type":"Polygon","arcs":[[93]],"properties":{"state":"Johor","parlimen":"P.094 Batu Pahat Dalam","code_parlimen":"P.094"}},{"type":"Polygon","arcs":[[94]],"properties":{"state":"Johor","parlimen":"P.095 Kluang Utara","code_parlimen":"P.095"}},{"type":"Polygon","arcs":[[95]],"properties":{"state":"Johor","parlimen":"P.096 Johore Tenggara","code_parlimen":"P.096"}},{"type":"Polygon","arcs":[[96]],"properties":{"state":"Johor","parlimen":"P.097 Pontian Utara","code_parlimen":"P.097"}},{"type":"Polygon","arcs":[[97]],"properties":{"state":"Johor","parlimen":"P.098 Pontian Selatan","code_parlimen":"P.098"}},{"type":"Polygon","arcs":[[98]],"properties":{"state":"Johor","parlimen":"P.099 Kluang Selatan","code_parlimen":"P.099"}},{"type":"Polygon","arcs":[[99]],"properties":{"state":"Johor","parlimen":"P.100 Johore Bahru Timor","code_parlimen":"P.100"}},{"type":"Polygon","arcs":[[100]],"properties":{"state":"Johor","parlimen":"P.101 Johore Bahru Barat","code_parlimen":"P.101"}},{"type":"Polygon","arcs":[[101]],"properties":{"state":"Johor","parlimen":"P.102 Johore Timor","code_parlimen":"P.102"}},{"type":"Polygon","arcs":[[102]],"properties":{"state":"Johor","parlimen":"P.103 Segamat Utara","code_parlimen":"P.103"}},{"type":"Polygon","arcs":[[103]],"properties":{"state":"Johor","parlimen":"P.104 Muar Utara","code_parlimen":"P.104"}},{"type":"Polygon","arcs":[[104]],"properties":{"state":"Sabah","parlimen":"P.105 Marudu","code_parlimen":"P.105"}},{"type":"Polygon","arcs":[[105]],"properties":{"state":"Sabah","parlimen":"P.106 Bandau","code_parlimen":"P.106"}},{"type":"Polygon","arcs":[[106]],"properties":{"state":"Sabah","parlimen":"P.107 Kota Belud","code_parlimen":"P.107"}},{"type":"Polygon","arcs":[[107]],"properties":{"state":"Sabah","parlimen":"P.108 Tuaran","code_parlimen":"P.108"}},{"type":"Polygon","arcs":[[108]],"properties":{"state":"Sabah","parlimen":"P.109 Jesselton","code_parlimen":"P.109"}},{"type":"Polygon","arcs":[[109]],"properties":{"state":"Sabah","parlimen":"P.110 Penampang","code_parlimen":"P.110"}},{"type":"Polygon","arcs":[[110]],"properties":{"state":"Sabah","parlimen":"P.111 Kimanis","code_parlimen":"P.111"}},{"type":"Polygon","arcs":[[111]],"properties":{"state":"Sabah","parlimen":"P.112 Labuan-Beaufort","code_parlimen":"P.112"}},{"type":"Polygon","arcs":[[112]],"properties":{"state":"Sabah","parlimen":"P.113 Sabah Selatan","code_parlimen":"P.113"}},{"type":"Polygon","arcs":[[113]],"properties":{"state":"Sabah","parlimen":"P.114 Sabah Dalam","code_parlimen":"P.114"}},{"type":"Polygon","arcs":[[114]],"properties":{"state":"Sabah","parlimen":"P.115 Kinabalu","code_parlimen":"P.115"}},{"type":"Polygon","arcs":[[115]],"properties":{"state":"Sabah","parlimen":"P.116 Sandakan","code_parlimen":"P.116"}},{"type":"Polygon","arcs":[[116]],"properties":{"state":"Sabah","parlimen":"P.117 Labuk-Sugut","code_parlimen":"P.117"}},{"type":"Polygon","arcs":[[117]],"properties":{"state":"Sabah","parlimen":"P.118 Kinabatangan","code_parlimen":"P.118"}},{"type":"Polygon","arcs":[[118]],"properties":{"state":"Sabah","parlimen":"P.119 Darvel","code_parlimen":"P.119"}},{"type":"Polygon","arcs":[[119]],"properties":{"state":"Sabah","parlimen":"P.120 Tawau","code_parlimen":"P.120"}},{"type":"Polygon","arcs":[[120]],"properties":{"state":"Sarawak","parlimen":"P.121 Bau-Lundu","code_parlimen":"P.121"}},{"type":"Polygon","arcs":[[121]],"properties":{"state":"Sarawak","parlimen":"P.122 Bandar Kuching","code_parlimen":"P.122"}},{"type":"Polygon","arcs":[[122]],"properties":{"state":"Sarawak","parlimen":"P.123 Santubong","code_parlimen":"P.123"}},{"type":"Polygon","arcs":[[123]],"properties":{"state":"Sarawak","parlimen":"P.124 Samarahan","code_parlimen":"P.124"}},{"type":"Polygon","arcs":[[124]],"properties":{"state":"Sarawak","parlimen":"P.125 Padawan","code_parlimen":"P.125"}},{"type":"Polygon","arcs":[[125]],"properties":{"state":"Sarawak","parlimen":"P.126 Serian","code_parlimen":"P.126"}},{"type":"Polygon","arcs":[[126]],"properties":{"state":"Sarawak","parlimen":"P.127 Simunjan","code_parlimen":"P.127"}},{"type":"Polygon","arcs":[[127]],"properties":{"state":"Sarawak","parlimen":"P.128 Batang Lupar","code_parlimen":"P.128"}},{"type":"Polygon","arcs":[[128]],"properties":{"state":"Sarawak","parlimen":"P.129 Lubok Antu","code_parlimen":"P.129"}},{"type":"Polygon","arcs":[[129]],"properties":{"state":"Sarawak","parlimen":"P.130 Betong","code_parlimen":"P.130"}},{"type":"Polygon","arcs":[[130]],"properties":{"state":"Sarawak","parlimen":"P.131 Saratok","code_parlimen":"P.131"}},{"type":"Polygon","arcs":[[131]],"properties":{"state":"Sarawak","parlimen":"P.132 Sarikei","code_parlimen":"P.132"}},{"type":"Polygon","arcs":[[132]],"properties":{"state":"Sarawak","parlimen":"P.133 Payang","code_parlimen":"P.133"}},{"type":"Polygon","arcs":[[133]],"properties":{"state":"Sarawak","parlimen":"P.134 Bandar Sibu","code_parlimen":"P.134"}},{"type":"Polygon","arcs":[[134]],"properties":{"state":"Sarawak","parlimen":"P.135 Rajang","code_parlimen":"P.135"}},{"type":"Polygon","arcs":[[135]],"properties":{"state":"Sarawak","parlimen":"P.136 Mukah","code_parlimen":"P.136"}},{"type":"Polygon","arcs":[[136]],"properties":{"state":"Sarawak","parlimen":"P.137 Julau","code_parlimen":"P.137"}},{"type":"Polygon","arcs":[[137]],"properties":{"state":"Sarawak","parlimen":"P.138 Kanowit","code_parlimen":"P.138"}},{"type":"Polygon","arcs":[[138]],"properties":{"state":"Sarawak","parlimen":"P.139 Kapit","code_parlimen":"P.139"}},{"type":"Polygon","arcs":[[139]],"properties":{"state":"Sarawak","parlimen":"P.140 Ulu Rajang","code_parlimen":"P.140"}},{"type":"Polygon","arcs":[[140]],"properties":{"state":"Sarawak","parlimen":"P.141 Bintulu","code_parlimen":"P.141"}},{"type":"Polygon","arcs":[[141]],"properties":{"state":"Sarawak","parlimen":"P.142 Miri-Subis","code_parlimen":"P.142"}},{"type":"Polygon","arcs":[[142]],"properties":{"state":"Sarawak","parlimen":"P.143 Baram","code_parlimen":"P.143"}},{"type":"Polygon","arcs":[[143]],"properties":{"state":"Sarawak","parlimen":"P.144 Limbang-Lawas","code_parlimen":"P.144"}}]}},"arcs":[[[100.33786670183167,6.620563755872085],[100.33772835092408,6.615315552648405],[100.33731367741157,6.610081678861088],[100.33662381788538,6.604876480921612],[100.33566066320256,6.599714227089198],[100.3344268533031,6.594609068349118],[100.33292576997421,6.589574999607757],[100.33116152758093,6.58462582131086],[100.32913896178904,6.579775101590732],[100.32686361631079,6.575036139046154],[100.32434172770998,6.570421926257466],[100.32158020830798,6.565945114137342],[100.3185866272375,6.56161797721514],[100.31536918969618,6.557452379950653],[100.31193671445669,6.553459744169836],[100.30829860969504,6.54965101771249],[100.30446484720355,6.546036644378165],[100.30044593505869,6.542626535253208],[100.29625288881932,6.539430041498005],[100.29189720133373,6.536455928669707],[100.28739081123851,6.533712352651032],[100.28274607023572,6.531206837251834],[100.27797570923758,6.528946253545136],[100.27309280347203,6.526936800994896],[100.26811073664435,6.525183990427361],[100.26304316425338,6.523692628893438],[100.25790397616285,6.522466806463526],[100.25270725853008,6.521509884991657],[100.24746725519688,6.52082448887978],[100.24219832864816,6.520412497867849],[100.23691492064533,6.520275041869491],[100.23163151264251,6.520412497867849],[100.22636258609379,6.52082448887978],[100.22112258276057,6.521509884991657],[100.2159258651278,6.522466806463526],[100.21078667703728,6.523692628893438],[100.2057191046463,6.525183990427361],[100.20073703781863,6.526936800994896],[100.19585413205307,6.528946253545136],[100.19108377105493,6.531206837251834],[100.18643903005216,6.533712352651032],[100.18193263995694,6.536455928669707],[100.17757695247133,6.539430041498005],[100.17338390623196,6.542626535253208],[100.1693649940871,6.546036644378165],[100.16553123159561,6.54965101771249],[100.16189312683396,6.553459744169836],[100.15846065159447,6.557452379950653],[100.15524321405314,6.56161797721514],[100.15224963298267,6.565945114137342],[100.14948811358066,6.570421926257466],[100.14696622497986,6.575036139046154],[100.14469087950161,6.579775101590732],[100.14266831370972,6.58462582131086],[100.14090407131646,6.589574999607757],[100.13940298798755,6.594609068349118],[100.13816917808809,6.599714227089198],[100.13720602340527,6.604876480921612],[100.13651616387908,6.610081678861088],[100.13610149036657,6.615315552648405],[100.13596313945898,6.620563755872085],[100.13610149036657,6.625811903299484],[100.13651616387908,6.631045610309251],[100.13720602340527,6.636250532317186],[100.13816917808809,6.641412404087225],[100.13940298798755,6.646517078820048],[100.14090407131646,6.651550566912221],[100.14266831370972,6.656499074279709],[100.14469087950161,6.661349040141064],[100.14696622497986,6.666087174156974],[100.14948811358066,6.670700492824644],[100.15224963298267,6.67517635502761],[100.15524321405314,6.679502496644003],[100.15846065159447,6.68366706411885],[100.16189312683396,6.687658646908785],[100.16553123159561,6.691466308710794],[100.1693649940871,6.695079617389922],[100.17338390623196,6.698488673524416],[100.17757695247133,6.701684137490641],[100.18193263995694,6.704657255014058],[100.18643903005216,6.707399881116669],[100.19108377105493,6.709904502396096],[100.19585413205307,6.712164257575437],[100.20073703781863,6.714172956268265],[100.2057191046463,6.715925095907701],[100.21078667703728,6.717415876793684],[100.2159258651278,6.718641215217459],[100.22112258276057,6.719597754627842],[100.22636258609379,6.72028287480884],[100.23163151264251,6.720694699043654],[100.23691492064533,6.720832099245859],[100.24219832864816,6.720694699043654],[100.24746725519688,6.72028287480884],[100.25270725853008,6.719597754627842],[100.25790397616285,6.718641215217459],[100.26304316425338,6.717415876793684],[100.26811073664435,6.715925095907701],[100.27309280347203,6.714172956268265],[100.27797570923758,6.712164257575437],[100.28274607023572,6.709904502396096],[100.28739081123851,6.707399881116669],[100.29189720133373,6.704657255014058],[100.29625288881932,6.701684137490641],[100.30044593505869,6.698488673524416],[100.30446484720355,6.695079617389922],[100.30829860969504,6.691466308710794],[100.31193671445669,6.687658646908785],[100.31536918969618,6.68366706411885],[100.3185866272375,6.679502496644003],[100.32158020830798,6.67517635502761],[100.32434172770998,6.670700492824644],[100.32686361631079,6.666087174156974],[100.32913896178904,6.661349040141064],[100.33116152758093,6.656499074279709],[100.33292576997421,6.651550566912221],[100.3344268533031,6.646517078820048],[100.33566066320256,6.641412404087225],[100.33662381788538,6.636250532317186],[100.33731367741157,6.631045610309251],[100.33772835092408,6.625811903299484],[100.33786670183167,6.620563755872085]],[[100.30390719506616,6.422824641965578],[100.30376884415858,6.417574368544797],[100.30335417064607,6.412338431866023],[100.30266431111988,6.407131183974974],[100.30170115643706,6.401966898716433],[100.3004673465376,6.3968597325977],[100.29896626320868,6.391823685968883],[100.29720202081543,6.386872564627074],[100.29517945502354,6.382019941949452],[100.29290410954529,6.377279121659781],[100.29038222094448,6.372663101330469],[100.28762070154247,6.36818453672072],[100.284627120472,6.363855707048794],[100.28140968293069,6.359688481294116],[100.2779772076912,6.355694285622049],[100.27433910292955,6.351884072020907],[100.27050534043805,6.348268288237942],[100.26648642829318,6.344856849097],[100.26229338205381,6.341659109276895],[100.2579376945682,6.33868383762589],[100.253431304473,6.33593919308286],[100.2487865634702,6.333432702271749],[100.24401620247208,6.331171238831248],[100.23913329670653,6.329161004536568],[100.23415122987883,6.327407512265712],[100.22908365748788,6.325915570857067],[100.22394446939735,6.324689271900383],[100.21874775176457,6.323731978497377],[100.21350774843135,6.323046316023333],[100.20823882188263,6.322634164914938],[100.20295541387982,6.322496655504545],[100.197672005877,6.322634164914938],[100.19240307932827,6.323046316023333],[100.18716307599507,6.323731978497377],[100.1819663583623,6.324689271900383],[100.17682717027178,6.325915570857067],[100.17175959788081,6.327407512265712],[100.16677753105313,6.329161004536568],[100.16189462528757,6.331171238831248],[100.15712426428944,6.333432702271749],[100.15247952328664,6.33593919308286],[100.14797313319143,6.33868383762589],[100.14361744570583,6.341659109276895],[100.13942439946646,6.344856849097],[100.13540548732159,6.348268288237942],[100.13157172483008,6.351884072020907],[100.12793362006846,6.355694285622049],[100.12450114482895,6.359688481294116],[100.12128370728765,6.363855707048794],[100.11829012621718,6.36818453672072],[100.11552860681516,6.372663101330469],[100.11300671821435,6.377279121659781],[100.11073137273611,6.382019941949452],[100.10870880694422,6.386872564627074],[100.10694456455094,6.391823685968883],[100.10544348122204,6.3968597325977],[100.1042096713226,6.401966898716433],[100.10324651663977,6.407131183974974],[100.10255665711358,6.412338431866023],[100.10214198360106,6.417574368544797],[100.10200363269348,6.422824641965578],[100.10214198360106,6.428074861228103],[100.10255665711358,6.433310636025459],[100.10324651663977,6.438517616085599],[100.1042096713226,6.443681530498106],[100.10544348122204,6.448788226818799],[100.10694456455094,6.453823709844751],[100.10870880694422,6.458774179953868],[100.11073137273611,6.463626070904047],[100.11300671821435,6.468366086988483],[100.11552860681516,6.472981239445831],[100.11829012621718,6.477458882025499],[100.12128370728765,6.481786745611205],[100.12450114482895,6.485952971808155],[100.12793362006846,6.489946145402397],[100.13157172483008,6.493755325603704],[100.13540548732159,6.497370075986961],[100.13942439946646,6.500780493050486],[100.14361744570583,6.503977233313523],[100.14797313319143,6.506951538879186],[100.15247952328664,6.509695261393191],[100.15712426428944,6.512200884333547],[100.16189462528757,6.514461543570098],[100.16677753105313,6.516471046138644],[100.17175959788081,6.518223887178107],[100.17682717027178,6.519715264985096],[100.1819663583623,6.520941094144795],[100.18716307599507,6.521898016702657],[100.19240307932827,6.52258341134644],[100.197672005877,6.522995400573839],[100.20295541387982,6.523132855826116],[100.20823882188263,6.522995400573839],[100.21350774843135,6.52258341134644],[100.21874775176457,6.521898016702657],[100.22394446939735,6.520941094144795],[100.22908365748788,6.519715264985096],[100.23415122987883,6.518223887178107],[100.23913329670653,6.516471046138644],[100.24401620247208,6.514461543570098],[100.2487865634702,6.512200884333547],[100.253431304473,6.509695261393191],[100.2579376945682,6.506951538879186],[100.26229338205381,6.503977233313523],[100.26648642829318,6.500780493050486],[100.27050534043805,6.497370075986961],[100.27433910292955,6.493755325603704],[100.2779772076912,6.489946145402397],[100.28140968293069,6.485952971808155],[100.284627120472,6.481786745611205],[100.28762070154247,6.477458882025499],[100.29038222094448,6.472981239445831],[100.29290410954529,6.468366086988495],[100.29517945502354,6.463626070904047],[100.29720202081543,6.458774179953868],[100.29896626320868,6.453823709844751],[100.3004673465376,6.448788226818799],[100.30170115643706,6.443681530498106],[100.30266431111988,6.438517616085599],[100.30335417064607,6.433310636025459],[100.30376884415858,6.428074861228103],[100.30390719506616,6.422824641965578]],[[100.73060112024221,6.335242688183031],[100.73046276933462,6.329991517818999],[100.73004809582211,6.324754687378852],[100.72935823629592,6.319546551349103],[100.7283950816131,6.314381385994199],[100.72716127171364,6.309273350213283],[100.72566018838475,6.304236446714347],[100.72389594599147,6.299284483612037],[100.72187338019958,6.294431036554895],[100.71959803472133,6.289689411485949],[100.71707614612053,6.285072608139162],[100.71431462671852,6.280593284372142],[100.71132104564805,6.27626372143313],[100.70810360810673,6.272095790258166],[100.70467113286723,6.26810091889101],[100.70103302810558,6.264290061115728],[100.69719926561409,6.260673666388234],[100.69318035346923,6.257261651149975],[100.68898730722987,6.254063371602462],[100.68463161974427,6.251087598018225],[100.68012522964905,6.248342490658638],[100.67548048864626,6.245835577365392],[100.67071012764812,6.243573732887263],[100.66582722188257,6.241563159999575],[100.66084515505489,6.239809372468017],[100.65577758266392,6.238317179904379],[100.65063839457339,6.237090674555701],[100.64544167694062,6.23613322006354],[100.64020167360742,6.235447442224227],[100.6349327470587,6.23503522177591],[100.62964933905587,6.234897689232071],[100.62436593105305,6.23503522177591],[100.61909700450433,6.235447442224227],[100.61385700117111,6.23613322006354],[100.60866028353834,6.237090674555701],[100.60352109544782,6.238317179904379],[100.59845352305685,6.239809372468017],[100.59347145622917,6.241563159999575],[100.58858855046361,6.243573732887263],[100.58381818946548,6.245835577365392],[100.5791734484627,6.248342490658638],[100.57466705836748,6.251087598018225],[100.57031137088187,6.254063371602462],[100.5661183246425,6.257261651149975],[100.56209941249764,6.260673666388234],[100.55826565000615,6.264290061115728],[100.5546275452445,6.26810091889101],[100.55119507000501,6.272095790258166],[100.5479776324637,6.27626372143313],[100.54498405139321,6.280593284372142],[100.54222253199121,6.285072608139162],[100.5397006433904,6.289689411485949],[100.53742529791215,6.294431036554895],[100.53540273212026,6.299284483612037],[100.533638489727,6.304236446714347],[100.53213740639809,6.309273350213283],[100.53090359649863,6.314381385994199],[100.52994044181581,6.319546551349103],[100.52925058228962,6.324754687378852],[100.52883590877711,6.329991517818999],[100.52869755786952,6.335242688183031],[100.52883590877711,6.340493805115145],[100.52925058228962,6.345730475844972],[100.52994044181581,6.350938347635791],[100.53090359649863,6.356103147118258],[100.53213740639809,6.361210719401788],[100.533638489727,6.366247066856614],[100.53540273212026,6.371198387460212],[100.53742529791215,6.376051112603448],[100.5397006433904,6.380791944252725],[100.54222253199121,6.385407891366967],[100.54498405139321,6.389886305469687],[100.5479776324637,6.394214915279104],[100.55119507000501,6.398381860301882],[100.5546275452445,6.402375723298754],[100.55826565000615,6.406185561533595],[100.56209941249764,6.409800936720775],[100.5661183246425,6.413211943589185],[100.57031137088187,6.416409236985146],[100.57466705836748,6.419384057440654],[100.5791734484627,6.422128255136972],[100.58381818946548,6.424634312198894],[100.58858855046361,6.426895363258599],[100.59347145622917,6.428905214233681],[100.59845352305685,6.430658359267811],[100.60352109544782,6.432149995788523],[100.60866028353834,6.43337603764087],[100.61385700117111,6.434333126261472],[100.61909700450433,6.435018639862504],[100.62436593105305,6.435430700600883],[100.62964933905587,6.435568179712943],[100.6349327470587,6.435430700600883],[100.64020167360742,6.435018639862504],[100.64544167694062,6.434333126261472],[100.65063839457339,6.43337603764087],[100.65577758266392,6.432149995788523],[100.66084515505489,6.430658359267811],[100.66582722188257,6.428905214233681],[100.67071012764812,6.426895363258599],[100.67548048864626,6.424634312198894],[100.68012522964905,6.422128255136972],[100.68463161974427,6.419384057440654],[100.68898730722987,6.416409236985146],[100.69318035346923,6.413211943589185],[100.69719926561409,6.409800936720775],[100.70103302810558,6.406185561533595],[100.70467113286723,6.402375723298754],[100.70810360810673,6.398381860301882],[100.71132104564805,6.394214915279104],[100.71431462671852,6.389886305469687],[100.71707614612053,6.385407891366967],[100.71959803472133,6.380791944252725],[100.72187338019958,6.376051112603448],[100.72389594599147,6.371198387460212],[100.72566018838475,6.366247066856614],[100.72716127171364,6.361210719401788],[100.7283950816131,6.356103147118258],[100.72935823629592,6.350938347635791],[100.73004809582211,6.345730475844972],[100.73046276933462,6.340493805115145],[100.73060112024221,6.335242688183031]],[[100.43026642339076,6.266314122131973],[100.43012807248319,6.261062254485842],[100.42971339897068,6.255824729244454],[100.42902353944449,6.250615902791765],[100.42806038476166,6.24545005327301],[100.4268265748622,6.24034134144652],[100.4253254915333,6.235303771852922],[100.42356124914004,6.230351154408139],[100.42153868334815,6.225497066525984],[100.41926333786989,6.220754815874219],[100.41674144926908,6.216137403866617],[100.41397992986708,6.211657489991389],[100.4109863487966,6.207327357074257],[100.40776891125527,6.203158877571602],[100.40433643601578,6.199163480986755],[100.40069833125415,6.195352122498976],[100.39686456876265,6.191735252891768],[100.39284565661778,6.188322789863329],[100.38865261037841,6.185124090798173],[100.38429692289282,6.182147927075293],[100.3797905327976,6.179402459983496],[100.37514579179482,6.176895218310396],[100.37037543079667,6.174633077667221],[100.36549252503113,6.172622241606088],[100.36051045820344,6.170868224582269],[100.35544288581248,6.169375836808321],[100.35030369772196,6.168149171041854],[100.34510698008917,6.167191591343698],[100.33986697675597,6.166505723837308],[100.33459805020725,6.166093449494938],[100.32931464220442,6.165955898970775],[100.3240312342016,6.166093449494938],[100.31876230765288,6.166505723837308],[100.31352230431968,6.167191591343698],[100.30832558668689,6.168149171041854],[100.30318639859637,6.169375836808321],[100.29811882620541,6.170868224582269],[100.29313675937773,6.172622241606088],[100.28825385361218,6.174633077667221],[100.28348349261402,6.176895218310396],[100.27883875161125,6.179402459983496],[100.27433236151603,6.182147927075293],[100.26997667403043,6.185124090798173],[100.26578362779107,6.188322789863329],[100.26176471564621,6.191735252891768],[100.2579309531547,6.195352122498976],[100.25429284839306,6.199163480986755],[100.25086037315357,6.203158877571602],[100.24764293561226,6.207327357074257],[100.24464935454178,6.211657489991389],[100.24188783513976,6.216137403866617],[100.23936594653895,6.220754815874219],[100.23709060106071,6.225497066525984],[100.23506803526881,6.230351154408139],[100.23330379287555,6.235303771852922],[100.23180270954664,6.24034134144652],[100.23056889964718,6.24545005327301],[100.22960574496436,6.250615902791765],[100.22891588543817,6.255824729244454],[100.22850121192566,6.261062254485842],[100.22836286101808,6.266314122131973],[100.22850121192566,6.271565936918189],[100.22891588543817,6.276803304158959],[100.22960574496436,6.28201186920144],[100.23056889964718,6.287177356764458],[100.23180270954664,6.292285610055367],[100.23330379287555,6.297322629557376],[100.23506803526881,6.302274611381486],[100.23709060106071,6.307127985077887],[100.23936594653895,6.31186945080364],[100.24188783513976,6.316486015744776],[100.24464935454178,6.320965029693761],[100.24764293561226,6.325294219684658],[100.25086037315357,6.329461723591998],[100.25429284839306,6.333456122601314],[100.2579309531547,6.337266472462954],[100.26176471564621,6.340882333444151],[100.26578362779107,6.344293798897453],[100.26997667403043,6.347491522367929],[100.27433236151603,6.350466743165427],[100.27883875161125,6.353211310332037],[100.28348349261402,6.355717704939841],[100.28825385361218,6.357979060658264],[100.29313675937773,6.35998918253494],[100.29811882620541,6.361742563939333],[100.30318639859637,6.363234401622863],[100.30832558668689,6.364460608854792],[100.31352230431968,6.365417826598065],[100.31876230765288,6.366103432694894],[100.3240312342016,6.36651554903704],[100.32931464220442,6.366653046701428],[100.33459805020725,6.36651554903704],[100.33986697675597,6.366103432694894],[100.34510698008917,6.365417826598065],[100.35030369772196,6.364460608854792],[100.35544288581248,6.363234401622863],[100.36051045820344,6.361742563939333],[100.36549252503113,6.35998918253494],[100.37037543079667,6.357979060658264],[100.37514579179482,6.355717704939841],[100.3797905327976,6.353211310332037],[100.38429692289282,6.350466743165427],[100.38865261037841,6.347491522367929],[100.39284565661778,6.344293798897453],[100.39686456876265,6.340882333444151],[100.40069833125415,6.337266472462954],[100.40433643601578,6.333456122601314],[100.40776891125527,6.329461723591998],[100.4109863487966,6.325294219684658],[100.41397992986708,6.320965029693761],[100.41674144926908,6.316486015744776],[100.41926333786989,6.31186945080364],[100.42153868334815,6.307127985077887],[100.42356124914004,6.302274611381486],[100.4253254915333,6.297322629557376],[100.4268265748622,6.292285610055367],[100.42806038476166,6.287177356764458],[100.42902353944449,6.28201186920144],[100.42971339897068,6.276803304158959],[100.43012807248319,6.271565936918189],[100.43026642339076,6.266314122131973]],[[100.63720243991457,6.157303368779154],[100.63706408900698,6.152050413895708],[100.63664941549447,6.146811805298619],[100.63595955596828,6.141601902330164],[100.63499640128546,6.136434986067886],[100.633762591386,6.131325220168566],[100.63226150805711,6.126286612029745],[100.63049726566383,6.121332974375268],[100.62847469987194,6.116477887370585],[100.62619935439369,6.111734661371755],[100.6236774657929,6.107116300410702],[100.62091594639088,6.102635466517083],[100.61792236532041,6.098304444974994],[100.61470492777909,6.094135110610168],[100.6112724525396,6.090138895200385],[100.60763434777795,6.086326756099045],[100.60380058528645,6.082709146158309],[100.59978167314159,6.079295985034568],[100.59558862690223,6.076096631955566],[100.59123293941663,6.073119860024221],[100.58672654932141,6.070373832130025],[100.58208180831862,6.067866078534385],[100.57731144732048,6.065603476191995],[100.57242854155493,6.063592229865261],[100.56744647472725,6.061837855083644],[100.56237890233628,6.060345162995522],[100.55723971424575,6.059118247153923],[100.55204299661298,6.058160472272824],[100.54680299327978,6.057474464985139],[100.54153406673106,6.057062106627895],[100.53625065872824,6.056924528074407],[100.5309672507254,6.057062106627895],[100.52569832417667,6.057474464985139],[100.52045832084347,6.058160472272824],[100.5152616032107,6.059118247153923],[100.51012241512018,6.060345162995522],[100.50505484272921,6.061837855083644],[100.50007277590153,6.063592229865261],[100.49518987013597,6.065603476191995],[100.49041950913784,6.067866078534385],[100.48577476813506,6.070373832130025],[100.48126837803984,6.073119860024221],[100.47691269055423,6.076096631955566],[100.47271964431486,6.079295985034568],[100.46870073217,6.082709146158309],[100.46486696967851,6.086326756099045],[100.46122886491686,6.090138895200385],[100.45779638967737,6.094135110610168],[100.45457895213606,6.098304444974994],[100.45158537106558,6.102635466517083],[100.44882385166358,6.107116300410702],[100.44630196306277,6.111734661371755],[100.44402661758451,6.116477887370585],[100.44200405179262,6.121332974375268],[100.44023980939936,6.126286612029745],[100.43873872607045,6.131325220168566],[100.437504916171,6.136434986067886],[100.43654176148817,6.141601902330164],[100.43585190196198,6.146811805298619],[100.43543722844947,6.152050413895708],[100.43529887754188,6.157303368779154],[100.43543722844947,6.162556271707907],[100.43585190196198,6.167794725010178],[100.43654176148817,6.173004371045118],[100.437504916171,6.178170931550218],[100.43873872607045,6.183280246766454],[100.44023980939936,6.188318314234095],[100.44200405179262,6.193271327153017],[100.44402661758451,6.198125712202513],[100.44630196306277,6.202868166717324],[100.44882385166358,6.207485695118088],[100.45158537106558,6.211965644496855],[100.45457895213606,6.216295739260486],[100.45779638967737,6.220464114737248],[100.46122886491686,6.22445934965515],[100.46486696967851,6.228270497403242],[100.46870073217,6.231887115990872],[100.47271964431486,6.235299296623128],[100.47691269055423,6.238497690814688],[100.48126837803984,6.241473535968415],[100.48577476813506,6.244218679348789],[100.49041950913784,6.246725600385299],[100.49518987013597,6.24898743124489],[100.50007277590153,6.250997975617723],[100.50505484272921,6.252751725665019],[100.51012241512018,6.254243877083106],[100.5152616032107,6.255470342242651],[100.52045832084347,6.256427761367426],[100.52569832417667,6.257113511722218],[100.5309672507254,6.257525714785038],[100.53625065872824,6.257663241383975],[100.54153406673106,6.257525714785038],[100.54680299327978,6.257113511722218],[100.55204299661298,6.256427761367426],[100.55723971424575,6.255470342242651],[100.56237890233628,6.254243877083106],[100.56744647472725,6.252751725665019],[100.57242854155493,6.250997975617723],[100.57731144732048,6.24898743124489],[100.58208180831862,6.246725600385299],[100.58672654932141,6.244218679348789],[100.59123293941663,6.241473535968415],[100.59558862690223,6.238497690814688],[100.59978167314159,6.235299296623128],[100.60380058528645,6.231887115990872],[100.60763434777795,6.228270497403242],[100.6112724525396,6.22445934965515],[100.61470492777909,6.220464114737248],[100.61792236532041,6.216295739260486],[100.62091594639088,6.211965644496855],[100.6236774657929,6.207485695118088],[100.62619935439369,6.202868166717336],[100.62847469987194,6.198125712202513],[100.63049726566383,6.193271327153017],[100.63226150805711,6.188318314234095],[100.633762591386,6.183280246766454],[100.63499640128546,6.178170931550218],[100.63595955596828,6.173004371045118],[100.63664941549447,6.167794725010178],[100.63706408900698,6.162556271707907],[100.63720243991457,6.157303368779154]],[[100.45549755154221,6.067152541575274],[100.45535920063462,6.061898701922176],[100.45494452712211,6.056659211726688],[100.45425466759592,6.051448432738299],[100.4532915129131,6.046280648420501],[100.45205770301365,6.041170024788303],[100.45055661968475,6.03613057156356],[100.44879237729147,6.031176103754452],[100.44676981149958,6.026320203764816],[100.44449446602134,6.021576184137506],[100.44197257742053,6.01695705103402],[100.43921105801851,6.012475468551121],[100.43621747694804,6.008143723972328],[100.43300003940674,6.003973694050229],[100.42956756416723,5.999976812412291],[100.42592945940558,5.996164038179944],[100.4220956969141,5.992545825887391],[100.41807678476923,5.989132096783298],[100.41388373852986,5.985932211594102],[100.40952805104426,5.982954944824388],[100.40502166094905,5.980208460665006],[100.40037691994625,5.977700290575513],[100.39560655894812,5.975437312602873],[100.39072365318256,5.973425732493299],[100.38574158635488,5.971671066649543],[100.38067401396391,5.970178126980721],[100.37553482587339,5.968951007686393],[100.37033810824062,5.967993074011482],[100.36509810490742,5.967306953003053],[100.3598291783587,5.966894526294595],[100.35454577035587,5.966756924937547],[100.34926236235304,5.966894526294595],[100.34399343580432,5.967306953003053],[100.33875343247112,5.967993074011482],[100.33355671483834,5.968951007686393],[100.32841752674781,5.970178126980721],[100.32334995435686,5.971671066649543],[100.31836788752916,5.973425732493299],[100.31348498176361,5.975437312602873],[100.30871462076549,5.977700290575513],[100.3040698797627,5.980208460665006],[100.29956348966748,5.982954944824388],[100.29520780218186,5.985932211594102],[100.2910147559425,5.989132096783298],[100.28699584379764,5.992545825887391],[100.28316208130614,5.996164038179944],[100.2795239765445,5.999976812412291],[100.276091501305,6.003973694050229],[100.2728740637637,6.008143723972328],[100.26988048269322,6.012475468551121],[100.26711896329121,6.01695705103402],[100.2645970746904,6.021576184137506],[100.26232172921215,6.026320203764816],[100.26029916342026,6.031176103754452],[100.25853492102699,6.03613057156356],[100.25703383769809,6.041170024788303],[100.25580002779863,6.046280648420501],[100.2548368731158,6.051448432738299],[100.25414701358962,6.056659211726688],[100.25373234007711,6.061898701922176],[100.25359398916952,6.067152541575274],[100.25373234007711,6.072406330022879],[100.25414701358962,6.077645667162912],[100.2548368731158,6.082856192922777],[100.25580002779863,6.088023626613441],[100.25703383769809,6.093133806061445],[100.25853492102699,6.098172726411515],[100.26029916342026,6.103126578493798],[100.26232172921215,6.107981786650478],[100.2645970746904,6.11272504591861],[100.26711896329121,6.11734335846737],[100.26988048269322,6.121824069190193],[100.2728740637637,6.126154900354736],[100.276091501305,6.130323985216003],[100.2795239765445,6.134319900500795],[100.28316208130614,6.138131697675293],[100.28699584379764,6.141748932910112],[100.2910147559425,6.145161695661454],[100.29520780218186,6.148360635790429],[100.29956348966748,6.151336989146719],[100.3040698797627,6.154082601547029],[100.30871462076549,6.15658995108293],[100.31348498176361,6.158852168697626],[100.31836788752916,6.160863056975491],[100.32334995435686,6.162617107093642],[100.32841752674781,6.164109513888937],[100.33355671483834,6.165336189000064],[100.33875343247112,6.16629377204868],[100.34399343580432,6.16697963982922],[100.34926236235304,6.167391913482606],[100.35454577035587,6.167529463634288],[100.3598291783587,6.167391913482606],[100.36509810490742,6.16697963982922],[100.37033810824062,6.16629377204868],[100.37553482587339,6.165336189000064],[100.38067401396391,6.164109513888937],[100.38574158635488,6.162617107093642],[100.39072365318256,6.160863056975491],[100.39560655894812,6.158852168697626],[100.40037691994625,6.15658995108293],[100.40502166094905,6.154082601547029],[100.40952805104426,6.151336989146719],[100.41388373852986,6.148360635790429],[100.41807678476923,6.145161695661454],[100.4220956969141,6.141748932910112],[100.42592945940558,6.138131697675293],[100.42956756416723,6.134319900500795],[100.43300003940674,6.130323985216003],[100.43621747694804,6.126154900354736],[100.43921105801851,6.121824069190193],[100.44197257742053,6.11734335846737],[100.44449446602134,6.112725045918623],[100.44676981149958,6.107981786650478],[100.44879237729147,6.103126578493798],[100.45055661968475,6.098172726411515],[100.45205770301365,6.093133806061445],[100.4532915129131,6.088023626613441],[100.45425466759592,6.082856192922777],[100.45494452712211,6.077645667162912],[100.45535920063462,6.072406330022879],[100.45549755154221,6.067152541575274]],[[100.04335063230059,6.287075724730682],[100.04321228139301,6.28182406630925],[100.0427976078805,6.27658674954747],[100.04210774835431,6.271378130259981],[100.04114459367149,6.266212486027686],[100.03991078377203,6.261103977051071],[100.03840970044313,6.256066607320895],[100.03664545804986,6.251114186212643],[100.03462289225797,6.246260290610488],[100.03234754677972,6.241518227664706],[100.02982565817892,6.236900998285113],[100.02706413877691,6.232421261470703],[100.02407055770644,6.228091299573904],[100.02085312016511,6.223922984594982],[100.01742064492562,6.21992774559938],[100.01378254016397,6.216116537347811],[100.00994877767248,6.212499810225482],[100.0059298655276,6.209087481553547],[100.00173681928825,6.205888908361654],[99.99738113180264,6.202912861696849],[99.99287474170742,6.200167502539708],[99.98823000070465,6.197660359394072],[99.98345963970651,6.195398307612465],[99.97857673394095,6.193387550513971],[99.97359466711328,6.191633602346998],[99.9685270947223,6.190141273143868],[99.96338790663178,6.188914655509065],[99.95819118899901,6.187957113377611],[99.9529511856658,6.187271272774835],[99.94768225911707,6.186859014602773],[99.94239885111425,6.186721469473403],[99.93711544311142,6.186859014602773],[99.9318465165627,6.187271272774835],[99.9266065132295,6.187957113377611],[99.92140979559673,6.188914655509065],[99.9162706075062,6.190141273143868],[99.91120303511524,6.191633602346998],[99.90622096828756,6.193387550513971],[99.901338062522,6.195398307612465],[99.89656770152386,6.197660359394072],[99.89192296052107,6.200167502539708],[99.88741657042586,6.202912861696849],[99.88306088294026,6.205888908361654],[99.87886783670089,6.209087481553547],[99.87484892455603,6.212499810225482],[99.87101516206452,6.216116537347811],[99.86737705730289,6.21992774559938],[99.8639445820634,6.223922984594982],[99.86072714452209,6.228091299573904],[99.8577335634516,6.232421261470703],[99.85497204404959,6.236900998285113],[99.85245015544879,6.241518227664706],[99.85017480997054,6.246260290610488],[99.84815224417865,6.251114186212643],[99.84638800178537,6.256066607320895],[99.84488691845648,6.261103977051071],[99.84365310855702,6.266212486027686],[99.8426899538742,6.271378130259981],[99.84200009434801,6.27658674954747],[99.8415854208355,6.28182406630925],[99.84144706992791,6.287075724730682],[99.8415854208355,6.292327330119877],[99.84200009434801,6.297564488365967],[99.8426899538742,6.302772845391062],[99.84365310855702,6.307938126487686],[99.84488691845648,6.313046175433923],[99.84638800178537,6.318082993279237],[99.84815224417865,6.323034776694736],[99.85017480997054,6.327887955782957],[99.85245015544879,6.332629231243897],[99.85497204404959,6.337245610795652],[99.8577335634516,6.341724444750113],[99.86072714452209,6.346053460646811],[99.8639445820634,6.350220796850042],[99.86737705730289,6.35421503501806],[99.87101516206452,6.358025231355431],[99.87484892455603,6.361640946563716],[99.87886783670089,6.365052274408463],[99.88306088294026,6.368249868825312],[99.88741657042586,6.371224969490868],[99.89192296052107,6.373969425789117],[99.89656770152386,6.376475719108074],[99.901338062522,6.378736983406121],[99.90622096828756,6.380747023991967],[99.91120303511524,6.382500334467446],[99.9162706075062,6.383992111786886],[99.92140979559673,6.385218269392365],[99.9266065132295,6.386175448389001],[99.9318465165627,6.386861026730033],[99.93711544311142,6.387273126386798],[99.94239885111425,6.387410618484071],[99.94768225911707,6.387273126386798],[99.9529511856658,6.386861026730033],[99.95819118899901,6.386175448389001],[99.96338790663178,6.385218269392365],[99.9685270947223,6.383992111786886],[99.97359466711328,6.382500334467446],[99.97857673394095,6.380747023991967],[99.98345963970651,6.378736983406121],[99.98823000070465,6.376475719108074],[99.99287474170742,6.373969425789117],[99.99738113180264,6.371224969490868],[100.00173681928825,6.368249868825312],[100.0059298655276,6.365052274408463],[100.00994877767248,6.361640946563716],[100.01378254016397,6.358025231355431],[100.01742064492562,6.35421503501806],[100.02085312016511,6.350220796850042],[100.02407055770644,6.346053460646811],[100.02706413877691,6.341724444750113],[100.02982565817892,6.337245610795652],[100.03234754677972,6.332629231243897],[100.03462289225797,6.327887955782957],[100.03664545804986,6.323034776694736],[100.03840970044313,6.318082993279237],[100.03991078377203,6.313046175433923],[100.04114459367149,6.307938126487686],[100.04210774835431,6.302772845391062],[100.0427976078805,6.297564488365967],[100.04321228139301,6.292327330119877],[100.04335063230059,6.287075724730682]],[[100.66680425455984,5.958697043086375],[100.66666590365226,5.953442156252441],[100.66625123013974,5.948201622644668],[100.66556137061355,5.942989806861481],[100.66459821593074,5.937820995189814],[100.66336440603128,5.932709356435297],[100.66186332270237,5.92766890307002],[100.66009908030911,5.922713452804988],[100.6580765145172,5.917856590692332],[100.65580116903897,5.913111631861982],[100.65327928043816,5.908491584994716],[100.65051776103614,5.904009116632494],[100.64752417996567,5.89967651642387],[100.64430674242436,5.895505663400593],[100.64087426718486,5.891507993377766],[100.63723616242322,5.887694467567778],[100.63340239993173,5.884075542494156],[100.62938348778685,5.880661141288504],[100.62519044154749,5.877460626449491],[100.62083475406189,5.8744827741391],[100.61632836396667,5.871735750086972],[100.61168362296388,5.869227087169361],[100.60691326196574,5.866963664724624],[100.60203035620019,5.864951689662153],[100.59704828937251,5.863196679417186],[100.59198071698155,5.86170344679821],[100.58684152889101,5.860476086769149],[100.58164481125824,5.859517965202588],[100.57640480792504,5.858831709635209],[100.57113588137632,5.85841920205097],[100.5658524733735,5.858281573711928],[100.56056906537069,5.85841920205097],[100.55530013882196,5.858831709635209],[100.55006013548875,5.859517965202588],[100.54486341785596,5.860476086769149],[100.53972422976544,5.86170344679821],[100.53465665737448,5.863196679417186],[100.52967459054679,5.864951689662153],[100.52479168478123,5.866963664724624],[100.52002132378311,5.869227087169361],[100.51537658278032,5.871735750086972],[100.51087019268512,5.8744827741391],[100.5065145051995,5.877460626449491],[100.50232145896014,5.880661141288504],[100.49830254681527,5.884075542494156],[100.49446878432377,5.887694467567778],[100.49083067956214,5.891507993377766],[100.48739820432263,5.895505663400593],[100.48418076678132,5.89967651642387],[100.48118718571085,5.904009116632494],[100.47842566630884,5.908491584994716],[100.47590377770803,5.913111631861982],[100.47362843222977,5.917856590692332],[100.47160586643788,5.922713452804988],[100.46984162404463,5.92766890307002],[100.46834054071572,5.932709356435297],[100.46710673081625,5.937820995189814],[100.46614357613343,5.942989806861481],[100.46545371660724,5.948201622644668],[100.46503904309473,5.953442156252441],[100.46490069218716,5.958697043086375],[100.46503904309473,5.963951879616796],[100.46545371660724,5.969192262865156],[100.46614357613343,5.974403829880445],[100.46710673081625,5.97957229710122],[100.46834054071572,5.98468349949581],[100.46984162404463,5.989723429372956],[100.47160586643788,5.994678274757135],[100.47362843222977,5.999534457223422],[100.47590377770803,6.004278669088253],[100.47842566630884,6.0088979098548],[100.48118718571085,6.013379521812918],[100.48418076678132,6.017711224697004],[100.48739820432263,6.0218811493066],[100.49083067956214,6.025877869998509],[100.49446878432377,6.029690435961431],[100.49830254681527,6.033308401188115],[100.50232145896014,6.03672185306323],[100.5065145051995,6.039921439489185],[100.51087019268512,6.042898394475866],[100.51537658278032,6.045644562124881],[100.52002132378311,6.048152418942879],[100.52479168478123,6.050415094423307],[100.52967459054679,6.052426389840618],[100.53465665737448,6.054180795205927],[100.53972422976544,6.055673504337904],[100.54486341785596,6.056900428008018],[100.55006013548875,6.057858205124539],[100.55530013882196,6.058544211924605],[100.56056906537069,6.058956569149814],[100.5658524733735,6.05909414718547],[100.57113588137632,6.058956569149814],[100.57640480792504,6.058544211924605],[100.58164481125824,6.057858205124539],[100.58684152889101,6.056900428008018],[100.59198071698155,6.055673504337904],[100.59704828937251,6.054180795205927],[100.60203035620019,6.052426389840618],[100.60691326196574,6.050415094423307],[100.61168362296388,6.048152418942879],[100.61632836396667,6.045644562124881],[100.62083475406189,6.042898394475866],[100.62519044154749,6.039921439489185],[100.62938348778685,6.03672185306323],[100.63340239993173,6.033308401188115],[100.63723616242322,6.029690435961431],[100.64087426718486,6.025877869998509],[100.64430674242436,6.0218811493066],[100.64752417996567,6.017711224697004],[100.65051776103614,6.013379521812918],[100.65327928043816,6.0088979098548],[100.65580116903897,6.004278669088266],[100.6580765145172,5.999534457223422],[100.66009908030911,5.994678274757135],[100.66186332270237,5.989723429372956],[100.66336440603128,5.98468349949581],[100.66459821593074,5.97957229710122],[100.66556137061355,5.974403829880445],[100.66625123013974,5.969192262865156],[100.66666590365226,5.963951879616796],[100.66680425455984,5.958697043086375]],[[100.88572443070217,5.941292444454407],[100.88558607979459,5.936037391325337],[100.88517140628208,5.930796692022459],[100.8844815467559,5.925584711596574],[100.88351839207307,5.920415736782986],[100.88228458217361,5.915303936830375],[100.88078349884469,5.91026332464756],[100.87901925645144,5.905307718374603],[100.87699669065955,5.900450703484156],[100.8747213451813,5.895705595516834],[100.87219945658049,5.891085403553376],[100.86943793717847,5.886602794523871],[100.866444356108,5.882270058452345],[100.8632269185667,5.878099074732316],[100.8597944433272,5.874101279526138],[100.85615633856555,5.870287634378075],[100.85232257607406,5.866668596127417],[100.84830366392919,5.863254088204589],[100.84411061768984,5.860053473389571],[100.83975493020421,5.857075528107356],[100.835248540109,5.854328418331825],[100.83060379910621,5.851819677164044],[100.82583343810808,5.849556184147315],[100.82095053234252,5.847544146375628],[100.81596846551484,5.845789081448034],[100.81090089312389,5.844295802315775],[100.80576170503335,5.84306840406404],[100.80056498740058,5.842110252665035],[100.79532498406736,5.841423975733131],[100.79005605751864,5.841011455307912],[100.78477264951583,5.840873822684816],[100.779489241513,5.841011455307912],[100.77422031496428,5.841423975733131],[100.76898031163108,5.842110252665035],[100.76378359399831,5.84306840406404],[100.75864440590777,5.844295802315775],[100.75357683351682,5.845789081448034],[100.74859476668914,5.847544146375628],[100.74371186092358,5.849556184147315],[100.73894149992545,5.851819677164044],[100.73429675892264,5.854328418331825],[100.72979036882744,5.857075528107356],[100.72543468134182,5.860053473389571],[100.72124163510246,5.863254088204589],[100.7172227229576,5.866668596127417],[100.7133889604661,5.870287634378075],[100.70975085570446,5.874101279526138],[100.70631838046496,5.878099074732316],[100.70310094292365,5.882270058452345],[100.70010736185318,5.886602794523871],[100.69734584245117,5.891085403553376],[100.69482395385036,5.895705595516834],[100.6925486083721,5.900450703484156],[100.69052604258022,5.905307718374603],[100.68876180018695,5.91026332464756],[100.68726071685805,5.915303936830375],[100.6860269069586,5.920415736782986],[100.68506375227577,5.925584711596574],[100.68437389274958,5.930796692022459],[100.68395921923707,5.936037391325337],[100.68382086832948,5.941292444454407],[100.68395921923707,5.946547447424781],[100.68437389274958,5.95178799680112],[100.68506375227577,5.956999729175241],[100.6860269069586,5.962168360529571],[100.68726071685805,5.967279725378447],[100.68876180018695,5.972319815580153],[100.69052604258022,5.977274818713584],[100.6925486083721,5.982131155914239],[100.69482395385036,5.986875519066428],[100.69734584245117,5.991494907249789],[100.70010736185318,5.995976662340603],[100.70310094292365,6.000308503670812],[100.70631838046496,6.004478561649894],[100.70975085570446,6.008475410258115],[100.7133889604661,6.012288098322328],[100.7172227229576,6.015906179489275],[100.72124163510246,6.019319740814516],[100.72543468134182,6.022519429889196],[100.72979036882744,6.025496480430911],[100.73429675892264,6.028242736268755],[100.73894149992545,6.030750673657545],[100.74371186092358,6.033013421860325],[100.74859476668914,6.035024781943451],[100.75357683351682,6.036779243732717],[100.75864440590777,6.038272000884988],[100.76378359399831,6.039498964033979],[100.76898031163108,6.040456771974528],[100.77422031496428,6.041142800855277],[100.779489241513,6.041555171354353],[100.78477264951583,6.041692753818867],[100.79005605751864,6.041555171354353],[100.79532498406736,6.041142800855277],[100.80056498740058,6.040456771974528],[100.80576170503335,6.039498964033979],[100.81090089312389,6.038272000884988],[100.81596846551484,6.036779243732717],[100.82095053234252,6.035024781943451],[100.82583343810808,6.033013421860325],[100.83060379910621,6.030750673657545],[100.835248540109,6.028242736268755],[100.83975493020421,6.025496480430911],[100.84411061768984,6.022519429889196],[100.84830366392919,6.019319740814516],[100.85232257607406,6.015906179489275],[100.85615633856555,6.012288098322328],[100.8597944433272,6.008475410258115],[100.8632269185667,6.004478561649894],[100.866444356108,6.000308503670812],[100.86943793717847,5.995976662340603],[100.87219945658049,5.991494907249789],[100.8747213451813,5.986875519066428],[100.87699669065955,5.982131155914239],[100.87901925645144,5.977274818713584],[100.88078349884469,5.972319815580153],[100.88228458217361,5.967279725378447],[100.88351839207307,5.962168360529571],[100.8844815467559,5.956999729175241],[100.88517140628208,5.95178799680112],[100.88558607979459,5.946547447424781],[100.88572443070217,5.941292444454407]],[[100.49211788816402,5.857993954780335],[100.49197953725643,5.852738112476339],[100.49156486374392,5.847496626852127],[100.49087500421773,5.842283865105276],[100.4899118495349,5.837114116098572],[100.48867803963545,5.832001551183262],[100.48717695630656,5.826960185340154],[100.48541271391328,5.822003838745463],[100.48339014812139,5.81714609886676],[100.48111480264313,5.812400283193338],[100.47859291404232,5.807779402703429],[100.47583139464032,5.803296126168699],[100.47283781356984,5.798962745394261],[100.46962037602853,5.794791141489897],[100.46618790078904,5.790792752265275],[100.46254979602739,5.786978540839068],[100.4587160335359,5.783358965548317],[100.45469712139104,5.779943951241096],[100.45050407515167,5.776742862031526],[100.44614838766606,5.773764475592344],[100.44164199757085,5.771016959055726],[100.43699725656806,5.768507846589165],[100.43222689556993,5.766244018707964],[100.42734398980437,5.76423168338166],[100.42236192297668,5.762476358986349],[100.41729435058572,5.760982859150171],[100.4121551624952,5.759755279533629],[100.40695844486243,5.758796986581277],[100.40171844152923,5.758110608275974],[100.3964495149805,5.757698026921034],[100.39116610697766,5.757560373970414],[100.38588269897484,5.757698026921034],[100.38061377242612,5.758110608275974],[100.37537376909292,5.758796986581277],[100.37017705146015,5.759755279533629],[100.36503786336962,5.760982859150171],[100.35997029097865,5.762476358986349],[100.35498822415097,5.76423168338166],[100.35010531838542,5.766244018707964],[100.34533495738728,5.768507846589165],[100.34069021638449,5.771016959055726],[100.33618382628927,5.773764475592344],[100.33182813880367,5.776742862031526],[100.32763509256431,5.779943951241096],[100.32361618041945,5.783358965548317],[100.31978241792795,5.786978540839068],[100.3161443131663,5.790792752265275],[100.3127118379268,5.794791141489897],[100.30949440038549,5.798962745394261],[100.30650081931502,5.803296126168699],[100.303739299913,5.807779402703429],[100.30121741131221,5.812400283193338],[100.29894206583396,5.81714609886676],[100.29691950004207,5.822003838745463],[100.29515525764879,5.826960185340154],[100.2936541743199,5.832001551183262],[100.29242036442044,5.837114116098572],[100.29145720973762,5.842283865105276],[100.29076735021142,5.847496626852127],[100.29035267669892,5.852738112476339],[100.29021432579133,5.857993954780335],[100.29035267669892,5.863249747618984],[100.29076735021142,5.868491085389056],[100.29145720973762,5.873703602512933],[100.29242036442044,5.878873012807979],[100.2936541743199,5.883985148633945],[100.29515525764879,5.889025999711224],[100.29691950004207,5.893981751503515],[100.29894206583396,5.898838823060061],[100.30121741131221,5.903583904213844],[100.303739299913,5.908203992034211],[100.30650081931502,5.912686426434153],[100.30949440038549,5.917018924835193],[100.3127118379268,5.921189615795024],[100.3161443131663,5.92518707150639],[100.31978241792795,5.929000339078415],[100.32361618041945,5.932618970515112],[100.32763509256431,5.936033051309447],[100.33182813880367,5.939233227575081],[100.33618382628927,5.94221073164168],[100.34069021638449,5.944957406044478],[100.34533495738728,5.947465725842603],[100.35010531838542,5.949728819205334],[100.35498822415097,5.951740486210678],[100.35997029097865,5.953495215804784],[100.36503786336962,5.95498820087624],[100.37017705146015,5.956215351404405],[100.37537376909292,5.957173305645914],[100.38061377242612,5.957859439328841],[100.38588269897484,5.958271872830022],[100.39116610697766,5.958409476315408],[100.3964495149805,5.958271872830022],[100.40171844152923,5.957859439328841],[100.40695844486243,5.957173305645914],[100.4121551624952,5.956215351404405],[100.41729435058572,5.95498820087624],[100.42236192297668,5.953495215804784],[100.42734398980437,5.951740486210678],[100.43222689556993,5.949728819205334],[100.43699725656806,5.947465725842603],[100.44164199757085,5.944957406044478],[100.44614838766606,5.94221073164168],[100.45050407515167,5.939233227575081],[100.45469712139104,5.936033051309447],[100.4587160335359,5.932618970515112],[100.46254979602739,5.929000339078415],[100.46618790078904,5.92518707150639],[100.46962037602853,5.921189615795024],[100.47283781356984,5.917018924835193],[100.47583139464032,5.912686426434153],[100.47859291404232,5.908203992034211],[100.48111480264313,5.903583904213844],[100.48339014812139,5.898838823060061],[100.48541271391328,5.893981751503515],[100.48717695630656,5.889025999711224],[100.48867803963545,5.883985148633945],[100.4899118495349,5.878873012807979],[100.49087500421773,5.873703602512933],[100.49156486374392,5.868491085389056],[100.49197953725643,5.863249747618984],[100.49211788816402,5.857993954780335]],[[100.99398671139689,5.767868211382427],[100.9938483604893,5.762611527733871],[100.99343368697679,5.757369203818762],[100.9927438274506,5.752155609123188],[100.99178067276777,5.746985034777773],[100.99054686286831,5.741871654374857],[100.98904577953941,5.736829485103764],[100.98728153714615,5.731872349310751],[100.98525897135426,5.727013836589474],[100.982983625876,5.722267266505885],[100.98046173727519,5.717645652060236],[100.97770021787318,5.713161663986507],[100.97470663680271,5.708827595987596],[100.9714891992614,5.704655331001902],[100.9680567240219,5.700656308594158],[100.96441861926026,5.696841493560338],[100.96058485676876,5.69322134583305],[100.9565659446239,5.689805791770559],[100.95237289838454,5.686604196908188],[100.94801721089893,5.68362534024766],[100.94351082080371,5.680877390154989],[100.93886607980092,5.678367881933472],[100.9340957188028,5.676103697133721],[100.92921281303724,5.674091044657732],[100.92423074620955,5.672335443709197],[100.91916317381859,5.670841708637171],[100.91402398572805,5.669613935714798],[100.90882726809528,5.668655491889705],[100.90358726476208,5.667969005537143],[100.89831833821336,5.667556359241332],[100.89303493021053,5.66741868462499],[100.88775152220771,5.667556359241332],[100.88248259565898,5.667969005537143],[100.87724259232579,5.668655491889705],[100.87204587469301,5.669613935714798],[100.86690668660249,5.670841708637171],[100.86183911421152,5.672335443709197],[100.85685704738384,5.674091044657732],[100.85197414161829,5.676103697133721],[100.84720378062015,5.678367881933472],[100.84255903961736,5.680877390154989],[100.83805264952214,5.68362534024766],[100.83369696203653,5.686604196908188],[100.82950391579716,5.689805791770559],[100.8254850036523,5.69322134583305],[100.82165124116081,5.696841493560338],[100.81801313639916,5.700656308594158],[100.81458066115967,5.704655331001902],[100.81136322361836,5.708827595987596],[100.80836964254789,5.713161663986507],[100.80560812314587,5.717645652060236],[100.80308623454506,5.722267266505885],[100.80081088906681,5.727013836589474],[100.79878832327492,5.731872349310751],[100.79702408088166,5.736829485103764],[100.79552299755275,5.741871654374857],[100.7942891876533,5.746985034777773],[100.79332603297047,5.752155609123188],[100.7926361734443,5.757369203818762],[100.79222149993178,5.762611527733871],[100.79208314902418,5.767868211382427],[100.79222149993178,5.773124846316247],[100.7926361734443,5.778367024620906],[100.79332603297047,5.783580378405659],[100.7942891876533,5.788750619179345],[100.79552299755275,5.793863577004339],[100.79702408088166,5.798905239321185],[100.79878832327492,5.803861789337907],[100.80081088906681,5.808719643878798],[100.80308623454506,5.813465490589052],[100.80560812314587,5.818086324393902],[100.80836964254789,5.822569483112223],[100.81136322361836,5.826902682127732],[100.81458066115967,5.831074048022804],[100.81801313639916,5.835072151083343],[100.82165124116081,5.838886036585949],[100.8254850036523,5.842505254782123],[100.82950391579716,5.84591988949779],[100.83369696203653,5.849120585270137],[100.83805264952214,5.852098572948052],[100.84255903961736,5.854845693686281],[100.84720378062015,5.857354421268067],[100.85197414161829,5.859617882695655],[100.85685704738384,5.861629876992454],[100.86183911421152,5.863384892165868],[100.86690668660249,5.864878120284703],[100.87204587469301,5.866105470630121],[100.87724259232579,5.867063580884287],[100.88248259565898,5.867749826326626],[100.88775152220771,5.868162327012356],[100.89303493021053,5.868299952914101],[100.89831833821336,5.868162327012356],[100.90358726476208,5.867749826326626],[100.90882726809528,5.867063580884287],[100.91402398572805,5.866105470630121],[100.91916317381859,5.864878120284703],[100.92423074620955,5.863384892165868],[100.92921281303724,5.861629876992454],[100.9340957188028,5.859617882695655],[100.93886607980092,5.857354421268067],[100.94351082080371,5.854845693686281],[100.94801721089893,5.852098572948052],[100.95237289838454,5.849120585270137],[100.9565659446239,5.84591988949779],[100.96058485676876,5.842505254782123],[100.96441861926026,5.838886036585949],[100.9680567240219,5.835072151083343],[100.9714891992614,5.831074048022804],[100.97470663680271,5.826902682127732],[100.97770021787318,5.822569483112223],[100.98046173727519,5.818086324393902],[100.982983625876,5.813465490589052],[100.98525897135426,5.808719643878798],[100.98728153714615,5.803861789337907],[100.98904577953941,5.798905239321185],[100.99054686286831,5.793863577004339],[100.99178067276777,5.788750619179345],[100.9927438274506,5.783580378405659],[100.99343368697679,5.778367024620906],[100.9938483604893,5.773124846316247],[100.99398671139689,5.767868211382427]],[[100.70743696315718,5.722672905776943],[100.7072986122496,5.717415805116358],[100.70688393873709,5.712173065707301],[100.7061940792109,5.70695905817008],[100.70523092452808,5.701788074759254],[100.70399711462862,5.696674290177835],[100.70249603129972,5.691631722709515],[100.70073178890645,5.686674195775946],[100.69870922311455,5.681815300024233],[100.69643387763631,5.677068356049344],[100.6939119890355,5.67244637785335],[100.6911504696335,5.66796203714244],[100.688156888563,5.663627628559747],[100.68493945102169,5.659455035949593],[100.6815069757822,5.655455699746148],[100.67786887102056,5.651640585576249],[100.67403510852905,5.648020154162936],[100.6700161963842,5.644604332612452],[100.66582315014483,5.6414024871641],[100.66146746265923,5.638423397477879],[100.65696107256402,5.635675232530903],[100.65231633156124,5.633165528189018],[100.64754597056309,5.630901166515555],[100.64266306479753,5.62888835687434],[100.63768099796985,5.627132618878947],[100.6326134255789,5.625638767235407],[100.62747423748837,5.624410898520299],[100.62227751985559,5.623452379930366],[100.61703751652239,5.622765840035187],[100.61176858997366,5.622353161558079],[100.60648518197084,5.622215476205342],[100.60120177396801,5.622353161558079],[100.59593284741929,5.622765840035187],[100.59069284408609,5.623452379930366],[100.58549612645331,5.624410898520299],[100.58035693836278,5.625638767235407],[100.57528936597183,5.627132618878947],[100.57030729914415,5.62888835687434],[100.56542439337859,5.630901166515555],[100.56065403238044,5.633165528189018],[100.55600929137766,5.635675232530903],[100.55150290128245,5.638423397477879],[100.54714721379685,5.6414024871641],[100.54295416755748,5.644604332612452],[100.53893525541261,5.648020154162936],[100.53510149292111,5.651640585576249],[100.53146338815948,5.655455699746148],[100.52803091291999,5.659455035949593],[100.52481347537866,5.663627628559747],[100.52181989430818,5.66796203714244],[100.51905837490618,5.67244637785335],[100.51653648630537,5.677068356049344],[100.51426114082712,5.681815300024233],[100.51223857503523,5.686674195775946],[100.51047433264196,5.691631722709515],[100.50897324931306,5.696674290177835],[100.5077394394136,5.701788074759254],[100.50677628473078,5.70695905817008],[100.50608642520459,5.712173065707301],[100.50567175169208,5.717415805116358],[100.5055334007845,5.722672905776943],[100.50567175169208,5.727929958099407],[100.50608642520459,5.733172553023701],[100.50677628473078,5.738386321512531],[100.5077394394136,5.743556973930398],[100.50897324931306,5.748670339200757],[100.51047433264196,5.75371240363396],[100.51223857503523,5.758669349319776],[100.51426114082712,5.763527591979329],[100.51653648630537,5.768273818173139],[100.51905837490618,5.772895021763296],[100.52181989430818,5.777378539530363],[100.52481347537866,5.781712085847571],[100.52803091291999,5.785883786317773],[100.53146338815948,5.789882210281291],[100.53510149292111,5.793696402105969],[100.53893525541261,5.797315911174187],[100.54295416755748,5.800730820485103],[100.54714721379685,5.8039317737941],[100.55150290128245,5.806910001215611],[100.55600929137766,5.809657343219699],[100.56065403238044,5.812166272956828],[100.56542439337859,5.814429916850345],[100.57030729914415,5.816442073400596],[100.57528936597183,5.818197230149379],[100.58035693836278,5.819690578758884],[100.58549612645331,5.820918028163886],[100.59069284408609,5.821876215761661],[100.59593284741929,5.822562516609034],[100.60120177396801,5.822975050601737],[100.60648518197084,5.823112687616479],[100.61176858997366,5.822975050601737],[100.61703751652239,5.822562516609034],[100.62227751985559,5.821876215761661],[100.62747423748837,5.820918028163886],[100.6326134255789,5.819690578758884],[100.63768099796985,5.818197230149379],[100.64266306479753,5.816442073400596],[100.64754597056309,5.814429916850345],[100.65231633156124,5.812166272956828],[100.65696107256402,5.809657343219699],[100.66146746265923,5.806910001215611],[100.66582315014483,5.8039317737941],[100.6700161963842,5.800730820485103],[100.67403510852905,5.797315911174187],[100.67786887102056,5.793696402105969],[100.6815069757822,5.789882210281291],[100.68493945102169,5.785883786317773],[100.688156888563,5.781712085847571],[100.6911504696335,5.777378539530363],[100.6939119890355,5.772895021763296],[100.69643387763631,5.768273818173139],[100.69870922311455,5.763527591979329],[100.70073178890645,5.758669349319776],[100.70249603129972,5.75371240363396],[100.70399711462862,5.748670339200757],[100.70523092452808,5.743556973930398],[100.7061940792109,5.738386321512531],[100.70688393873709,5.733172553023701],[100.7072986122496,5.727929958099407],[100.70743696315718,5.722672905776943]],[[100.81771119931348,5.485523606317596],[100.81757284840589,5.480264371126906],[100.81715817489338,5.475019505008347],[100.81646831536719,5.469803384387221],[100.81550516068435,5.464630307269804],[100.8142713507849,5.459514454042237],[100.812770267456,5.454469848587832],[100.81100602506274,5.449510319829697],[100.80898345927085,5.444649463804174],[100.8067081137926,5.439900606369434],[100.80418622519178,5.435276766651577],[100.80142470578977,5.430790621328926],[100.7984311247193,5.426454469852559],[100.79521368717799,5.42228020069902],[100.7917812119385,5.418279258747736],[100.78814310717685,5.414462613873443],[100.78430934468535,5.410840730839593],[100.7802904325405,5.407423540576152],[100.77609738630113,5.404220412920552],[100.77174169881552,5.401240130897178],[100.76723530872032,5.398490866606221],[100.76259056771751,5.395980158788356],[100.75782020671937,5.39371489212709],[100.75293730095382,5.391701278345979],[100.74795523412614,5.389944839152843],[100.74288766173518,5.388450391077911],[100.73774847364464,5.387222032247851],[100.73255175601187,5.386263131132274],[100.72731175267867,5.385576317293556],[100.72204282612995,5.385163474165632],[100.71675941812714,5.385025733881829],[100.7114760101243,5.385163474165632],[100.70620708357559,5.385576317293556],[100.70096708024238,5.386263131132274],[100.69577036260961,5.387222032247851],[100.69063117451907,5.388450391077911],[100.68556360212811,5.389944839152843],[100.68058153530043,5.391701278345979],[100.67569862953488,5.39371489212709],[100.67092826853674,5.395980158788356],[100.66628352753395,5.398490866606221],[100.66177713743875,5.401240130897178],[100.65742144995312,5.404220412920552],[100.65322840371377,5.407423540576152],[100.6492094915689,5.410840730839593],[100.6453757290774,5.414462613873443],[100.64173762431575,5.418279258747736],[100.63830514907626,5.42228020069902],[100.63508771153495,5.426454469852559],[100.63209413046448,5.430790621328926],[100.62933261106247,5.435276766651577],[100.62681072246166,5.439900606369434],[100.6245353769834,5.444649463804174],[100.62251281119151,5.449510319829697],[100.62074856879826,5.454469848587832],[100.61924748546934,5.459514454042237],[100.6180136755699,5.464630307269804],[100.61705052088706,5.469803384387221],[100.61636066136087,5.475019505008347],[100.61594598784836,5.480264371126906],[100.61580763694079,5.485523606317596],[100.61594598784836,5.49078279514824],[100.61636066136087,5.496027522694549],[100.61705052088706,5.501243414049487],[100.6180136755699,5.506416173718642],[100.61924748546934,5.511531624793961],[100.62074856879826,5.516575747798169],[100.62251281119151,5.521534719094009],[100.6245353769834,5.526394948752849],[100.62681072246166,5.531143117779136],[100.62933261106247,5.535766214589111],[100.63209413046448,5.540251570643949],[100.63508771153495,5.544586895139956],[100.63830514907626,5.548760308661197],[100.64173762431575,5.552760375702699],[100.6453757290774,5.556576135975451],[100.6492094915689,5.560197134407875],[100.65322840371377,5.56361344976189],[100.65742144995312,5.566815721785752],[100.66177713743875,5.569795176829516],[100.66628352753395,5.572543651853577],[100.67092826853674,5.575053616764604],[100.67569862953488,5.577318195018524],[100.68058153530043,5.579331182434069],[100.68556360212811,5.581087064166031],[100.69063117451907,5.582581029791809],[100.69577036260961,5.583808986470513],[100.70096708024238,5.58476757013859],[100.70620708357559,5.585454154711694],[100.7114760101243,5.585866859267709],[100.71675941812714,5.586004553191595],[100.72204282612995,5.585866859267709],[100.72731175267867,5.585454154711694],[100.73255175601187,5.58476757013859],[100.73774847364464,5.583808986470513],[100.74288766173518,5.582581029791809],[100.74795523412614,5.581087064166031],[100.75293730095382,5.579331182434069],[100.75782020671937,5.577318195018524],[100.76259056771751,5.575053616764604],[100.76723530872032,5.572543651853577],[100.77174169881552,5.569795176829516],[100.77609738630113,5.566815721785752],[100.7802904325405,5.56361344976189],[100.78430934468535,5.560197134407875],[100.78814310717685,5.556576135975451],[100.7917812119385,5.552760375702699],[100.79521368717799,5.548760308661197],[100.7984311247193,5.544586895139956],[100.80142470578977,5.540251570643949],[100.80418622519178,5.535766214589111],[100.8067081137926,5.531143117779136],[100.80898345927085,5.526394948752849],[100.81100602506274,5.521534719094009],[100.812770267456,5.516575747798169],[100.8142713507849,5.511531624793961],[100.81550516068435,5.506416173718642],[100.81646831536719,5.501243414049487],[100.81715817489338,5.496027522694549],[100.81757284840589,5.49078279514824],[100.81771119931348,5.485523606317596]],[[100.82093996511654,5.284536950850574],[100.82080161420895,5.279275977159447],[100.82038694069644,5.274029378977676],[100.81969708117025,5.268811537457467],[100.81873392648743,5.263636755287927],[100.81750011658798,5.258519217481457],[100.81599903325906,5.253472952478934],[100.8142347908658,5.248511793680431],[100.8122122250739,5.243649341507243],[100.80993687959567,5.238898926099306],[100.80741499099486,5.234273570750632],[100.80465347159284,5.229785956183278],[100.80165989052237,5.225448385758023],[100.79844245298106,5.22127275171757],[100.79500997774156,5.217270502555145],[100.79137187297991,5.213452611598228],[100.78753811048843,5.209829546894093],[100.78351919834355,5.206411242479918],[100.77932615210419,5.203207071116723],[100.77497046461858,5.200225818562305],[100.77046407452336,5.197475659453903],[100.76581933352058,5.19496413486733],[100.76104897252245,5.19269813161423],[100.75616606675689,5.190683863334634],[100.75118399992921,5.188926853437052],[100.74611642753824,5.187431919932952],[100.74097723944772,5.186203162207748],[100.73578052181495,5.185243949764519],[100.73054051848173,5.184556912971691],[100.72527159193302,5.184143935840179],[100.71998818393018,5.184006150849952],[100.71470477592737,5.184143935840179],[100.70943584937865,5.184556912971691],[100.70419584604545,5.185243949764519],[100.69899912841267,5.186203162207748],[100.69385994032214,5.187431919932952],[100.68879236793119,5.188926853437052],[100.68381030110349,5.190683863334634],[100.67892739533794,5.19269813161423],[100.67415703433981,5.19496413486733],[100.66951229333701,5.197475659453903],[100.6650059032418,5.200225818562305],[100.66065021575619,5.203207071116723],[100.65645716951683,5.206411242479918],[100.65243825737197,5.209829546894093],[100.64860449488047,5.213452611598228],[100.64496639011882,5.217270502555145],[100.64153391487933,5.22127275171757],[100.63831647733802,5.225448385758023],[100.63532289626755,5.229785956183278],[100.63256137686554,5.234273570750632],[100.63003948826473,5.238898926099306],[100.62776414278648,5.243649341507243],[100.62574157699459,5.248511793680431],[100.62397733460132,5.253472952478934],[100.62247625127242,5.258519217481457],[100.62124244137296,5.263636755287927],[100.62027928669013,5.268811537457467],[100.61958942716394,5.274029378977676],[100.61917475365144,5.279275977159447],[100.61903640274384,5.284536950850574],[100.61917475365144,5.289797879860556],[100.61958942716394,5.295044344488471],[100.62027928669013,5.300261965045329],[100.62124244137296,5.305436441262976],[100.62247625127242,5.310553591481074],[100.62397733460132,5.315599391505292],[100.62574157699459,5.320560013029945],[100.62776414278648,5.325421861520241],[100.63003948826473,5.33017161345035],[100.63256137686554,5.334796252795467],[100.63532289626755,5.339283106678248],[100.63831647733802,5.34361988007216],[100.64153391487933,5.347794689466919],[100.64496639011882,5.351796095404339],[100.64860449488047,5.355613133795456],[100.65243825737197,5.359235345933908],[100.65645716951683,5.362652807123408],[100.66065021575619,5.365856153841456],[100.6650059032418,5.368836609365258],[100.66951229333701,5.371586007789963],[100.67415703433981,5.374096816373984],[100.67892739533794,5.376362156150337],[100.68381030110349,5.378375820748136],[100.68879236793119,5.380132293372935],[100.69385994032214,5.381626761899712],[100.69899912841267,5.382855132037433],[100.70419584604545,5.383814038529494],[100.70943584937865,5.384500854359533],[100.71470477592737,5.384913697937505],[100.71998818393018,5.385051438246715],[100.72527159193302,5.384913697937505],[100.73054051848173,5.384500854359533],[100.73578052181495,5.383814038529494],[100.74097723944772,5.382855132037433],[100.74611642753824,5.381626761899712],[100.75118399992921,5.380132293372935],[100.75616606675689,5.378375820748136],[100.76104897252245,5.376362156150337],[100.76581933352058,5.374096816373984],[100.77046407452336,5.371586007789963],[100.77497046461858,5.368836609365258],[100.77932615210419,5.365856153841456],[100.78351919834355,5.362652807123408],[100.78753811048843,5.359235345933908],[100.79137187297991,5.355613133795456],[100.79500997774156,5.351796095404339],[100.79844245298106,5.347794689466919],[100.80165989052237,5.34361988007216],[100.80465347159284,5.339283106678248],[100.80741499099486,5.334796252795467],[100.80993687959567,5.33017161345035],[100.8122122250739,5.325421861520241],[100.8142347908658,5.320560013029945],[100.81599903325906,5.315599391505292],[100.81750011658798,5.310553591481074],[100.81873392648743,5.305436441262976],[100.81969708117025,5.300261965045329],[100.82038694069644,5.295044344488471],[100.82080161420895,5.289797879860556],[100.82093996511654,5.284536950850574]],[[102.19779465087998,6.271026293613964],[102.19765629997241,6.265774473394152],[102.1972416264599,6.260536995410158],[102.19655176693371,6.255328215916857],[102.19558861225089,6.250162412931577],[102.19435480235143,6.2450537470862],[102.19285371902252,6.240016222796704],[102.19108947662926,6.235063649856519],[102.18906691083737,6.230209605559399],[102.18679156535912,6.225467397455824],[102.18426967675832,6.220850026845303],[102.1815081573563,6.21637015310519],[102.17851457628582,6.212040058953917],[102.17529713874451,6.207871616744475],[102.17186466350502,6.203876255880933],[102.16822655874337,6.200064931447697],[102.16439279625187,6.196448094137991],[102.160373884107,6.193035661564546],[102.15618083786765,6.189836991031448],[102.15182515038204,6.186860853842446],[102.14731876028682,6.184115411216456],[102.14267401928404,6.181608191876828],[102.13790365828591,6.179346071376107],[102.13302075252035,6.177335253213609],[102.12803868569266,6.175581251797725],[102.1229711133017,6.174088877300138],[102.11783192521118,6.172862222443762],[102.1126352075784,6.171904651260931],[102.1073952042452,6.171218789852835],[102.10212627769647,6.170806519175812],[102.09684286969365,6.170668969874508],[102.09155946169082,6.170806519175812],[102.0862905351421,6.171218789852835],[102.0810505318089,6.171904651260931],[102.07585381417613,6.172862222443762],[102.0707146260856,6.174088877300138],[102.06564705369463,6.175581251797725],[102.06066498686695,6.177335253213609],[102.0557820811014,6.179346071376107],[102.05101172010326,6.181608191876828],[102.04636697910047,6.184115411216456],[102.04186058900525,6.186860853842446],[102.03750490151965,6.189836991031448],[102.03331185528029,6.193035661564546],[102.02929294313543,6.196448094137991],[102.02545918064392,6.200064931447697],[102.02182107588229,6.203876255880933],[102.0183886006428,6.207871616744475],[102.01517116310148,6.212040058953917],[102.012177582031,6.21637015310519],[102.00941606262899,6.220850026845303],[102.00689417402819,6.225467397455824],[102.00461882854994,6.230209605559399],[102.00259626275805,6.235063649856519],[102.00083202036477,6.240016222796704],[101.99933093703588,6.2450537470862],[101.99809712713642,6.250162412931577],[101.9971339724536,6.255328215916857],[101.9964441129274,6.260536995410158],[101.99602943941488,6.265774473394152],[101.9958910885073,6.271026293613964],[101.99602943941488,6.276278060934727],[101.9964441129274,6.281515380801198],[101.9971339724536,6.286723898690862],[101.99809712713642,6.291889339452577],[101.99933093703588,6.296997546423096],[102.00083202036477,6.302034520213958],[102.00259626275805,6.306986457063142],[102.00461882854994,6.311839786646064],[102.00689417402819,6.316581209242822],[102.00941606262899,6.321197732160101],[102.012177582031,6.325676705308078],[102.01517116310148,6.330005855835429],[102.0183886006428,6.334173321727673],[102.02182107588229,6.338167684277515],[102.02545918064392,6.341977999338289],[102.02929294313543,6.345593827275673],[102.03331185528029,6.349005261535825],[102.03750490151965,6.352202955752373],[102.04186058900525,6.355178149318292],[102.04636697910047,6.35792269135319],[102.05101172010326,6.360429063000761],[102.0557820811014,6.362690397995923],[102.06066498686695,6.364700501445522],[102.06564705369463,6.366453866771663],[102.0707146260856,6.367945690771799],[102.07585381417613,6.369171886754335],[102.0810505318089,6.370129095714467],[102.0862905351421,6.370814695519574],[102.09155946169082,6.371226808079456],[102.09684286969365,6.371364304481876],[102.10212627769647,6.371226808079456],[102.1073952042452,6.370814695519574],[102.1126352075784,6.370129095714467],[102.11783192521118,6.369171886754335],[102.1229711133017,6.367945690771799],[102.12803868569266,6.366453866771663],[102.13302075252035,6.364700501445522],[102.13790365828591,6.362690397995923],[102.14267401928404,6.360429063000761],[102.14731876028682,6.35792269135319],[102.15182515038204,6.355178149318292],[102.15618083786765,6.352202955752373],[102.160373884107,6.349005261535825],[102.16439279625187,6.345593827275673],[102.16822655874337,6.341977999338289],[102.17186466350502,6.338167684277515],[102.17529713874451,6.334173321727673],[102.17851457628582,6.330005855835429],[102.1815081573563,6.325676705308078],[102.18426967675832,6.321197732160101],[102.18679156535912,6.316581209242822],[102.18906691083737,6.311839786646064],[102.19108947662926,6.306986457063142],[102.19285371902252,6.302034520213958],[102.19435480235143,6.296997546423096],[102.19558861225089,6.291889339452577],[102.19655176693371,6.286723898690862],[102.1972416264599,6.281515380801198],[102.19765629997241,6.276278060934727],[102.19779465087998,6.271026293613964]],[[102.48571534982126,6.239415993883246],[102.48557699891367,6.234163856197145],[102.48516232540116,6.228926061878337],[102.48447246587497,6.223716968045562],[102.48350931119215,6.218550853572405],[102.48227550129269,6.21344187993717],[102.4807744179638,6.208404052390092],[102.47901017557052,6.203451181544614],[102.47698760977863,6.198596845498076],[102.47471226430038,6.193854352586071],[102.47219037569957,6.189236704872738],[102.46942885629757,6.184756562477673],[102.46643527522708,6.180426208837322],[102.46321783768578,6.176257516996701],[102.45978536244628,6.172261917024199],[102.45614725768465,6.168450364639234],[102.45231349519314,6.164833311139287],[102.44829458304828,6.161420674709031],[102.44410153680892,6.158221813190989],[102.43974584932332,6.155245498392486],[102.4352394592281,6.152499892],[102.43059471822531,6.149992523167384],[102.42582435722717,6.147730267839642],[102.42094145146162,6.145719329869644],[102.41595938463392,6.143965223979587],[102.41089181224297,6.142472760614528],[102.40575262415244,6.141246032729742],[102.40055590651967,6.140288404548357],[102.39531590318646,6.139602502320399],[102.39004697663773,6.139190207108806],[102.38476356863492,6.139052649622166],[102.3794801606321,6.139190207108806],[102.37421123408338,6.139602502320399],[102.36897123075016,6.140288404548357],[102.36377451311739,6.141246032729742],[102.35863532502687,6.142472760614528],[102.3535677526359,6.143965223979587],[102.34858568580822,6.145719329869644],[102.34370278004266,6.147730267839642],[102.33893241904453,6.149992523167384],[102.33428767804175,6.152499892],[102.32978128794653,6.155245498392486],[102.32542560046092,6.158221813190989],[102.32123255422155,6.161420674709031],[102.31721364207668,6.164833311139287],[102.3133798795852,6.168450364639234],[102.30974177482355,6.172261917024199],[102.30630929958404,6.176257516996701],[102.30309186204273,6.180426208837322],[102.30009828097226,6.184756562477673],[102.29733676157025,6.189236704872738],[102.29481487296944,6.193854352586071],[102.2925395274912,6.198596845498076],[102.29051696169931,6.203451181544614],[102.28875271930605,6.208404052390092],[102.28725163597714,6.21344187993717],[102.28601782607768,6.218550853572405],[102.28505467139486,6.223716968045562],[102.28436481186867,6.228926061878337],[102.28395013835616,6.234163856197145],[102.28381178744857,6.239415993883246],[102.28395013835616,6.244668078932732],[102.28436481186867,6.249905715918367],[102.28505467139486,6.255114549445183],[102.28601782607768,6.260280303491599],[102.28725163597714,6.265388820528236],[102.28875271930605,6.270426100307453],[102.29051696169931,6.275378338217269],[102.2925395274912,6.280231963094973],[102.29481487296944,6.284973674396697],[102.29733676157025,6.2895904786218],[102.30009828097226,6.294069724892124],[102.30309186204273,6.298399139589413],[102.30630929958404,6.30256685995589],[102.30974177482355,6.306561466566868],[102.3133798795852,6.31037201458639],[102.31721364207668,6.313988063721034],[102.32123255422155,6.317399706790147],[102.32542560046092,6.320597596834681],[102.32978128794653,6.323572972690989],[102.33428767804175,6.326317682959774],[102.33893241904453,6.328824208305335],[102.34370278004266,6.331085682024041],[102.34858568580822,6.333095908826477],[102.3535677526359,6.334849381782145],[102.35863532502687,6.336341297380499],[102.36377451311739,6.337567568667717],[102.36897123075016,6.338524836423228],[102.37421123408338,6.339210478345875],[102.3794801606321,6.33962261622469],[102.38476356863492,6.339760121074842],[102.39004697663773,6.33962261622469],[102.39531590318646,6.339210478345875],[102.40055590651967,6.338524836423228],[102.40575262415244,6.337567568667717],[102.41089181224297,6.336341297380499],[102.41595938463392,6.334849381782145],[102.42094145146162,6.333095908826477],[102.42582435722717,6.331085682024041],[102.43059471822531,6.328824208305335],[102.4352394592281,6.326317682959774],[102.43974584932332,6.323572972690989],[102.44410153680892,6.320597596834681],[102.44829458304828,6.317399706790147],[102.45231349519314,6.313988063721034],[102.45614725768465,6.31037201458639],[102.45978536244628,6.306561466566868],[102.46321783768578,6.30256685995589],[102.46643527522708,6.298399139589413],[102.46942885629757,6.294069724892124],[102.47219037569957,6.2895904786218],[102.47471226430038,6.284973674396697],[102.47698760977863,6.280231963094973],[102.47901017557052,6.275378338217269],[102.4807744179638,6.270426100307453],[102.48227550129269,6.265388820528236],[102.48350931119215,6.260280303491599],[102.48447246587497,6.255114549445183],[102.48516232540116,6.249905715918367],[102.48557699891367,6.244668078932732],[102.48571534982126,6.239415993883246]],[[102.12955003446463,6.070874340923325],[102.12941168355705,6.065620537539797],[102.12899701004453,6.060381083483629],[102.12830715051834,6.055170340405674],[102.12734399583553,6.050002591671603],[102.12611018593607,6.044892003199764],[102.12460910260717,6.039852584616744],[102.1228448602139,6.034898150837078],[102.120822294422,6.030042284172886],[102.11854694894376,6.025298297077384],[102.11602506034295,6.020679195624782],[102.11326354094093,6.016197643827122],[102.11026995987046,6.011865928885998],[102.10705252232916,6.007695927475014],[102.10362004708965,6.003699073145866],[102.09998194232801,5.999886324947491],[102.09614817983652,5.996268137345178],[102.09212926769165,5.992854431522364],[102.08793622145228,5.98965456814405],[102.08358053396668,5.986677321657382],[102.07907414387147,5.983930856199891],[102.07442940286867,5.981422703182063],[102.06965904187054,5.979159740606081],[102.06477613610498,5.977148174177827],[102.0597940692773,5.97539352026432],[102.05472649688635,5.973900590743478],[102.04958730879581,5.972673479788373],[102.04439059116304,5.971715552622163],[102.03915058782984,5.971029436274963],[102.03388166128111,5.970617012368103],[102.02859825327829,5.970479411945743],[102.02331484527548,5.970617012368103],[102.01804591872676,5.971029436274963],[102.01280591539353,5.971715552622163],[102.00760919776076,5.972673479788373],[102.00247000967023,5.973900590743478],[101.99740243727928,5.97539352026432],[101.99242037045158,5.977148174177827],[101.98753746468603,5.979159740606081],[101.98276710368789,5.981422703182063],[101.97812236268511,5.983930856199891],[101.97361597258991,5.986677321657382],[101.9692602851043,5.98965456814405],[101.96506723886493,5.992854431522364],[101.96104832672006,5.996268137345178],[101.95721456422856,5.999886324947491],[101.95357645946693,6.003699073145866],[101.95014398422742,6.007695927475014],[101.94692654668611,6.011865928885998],[101.94393296561563,6.016197643827122],[101.94117144621363,6.020679195624782],[101.93864955761282,6.025298297077384],[101.93637421213457,6.030042284172886],[101.93435164634268,6.034898150837078],[101.93258740394941,6.039852584616744],[101.93108632062051,6.044892003199764],[101.92985251072105,6.050002591671603],[101.92888935603823,6.055170340405674],[101.92819949651204,6.060381083483629],[101.92778482299953,6.065620537539797],[101.92764647209195,6.070874340923325],[101.92778482299953,6.07612809307042],[101.92819949651204,6.081367393978644],[101.92888935603823,6.086577883675063],[101.92985251072105,6.091745281570149],[101.93108632062051,6.096855425589395],[101.93258740394941,6.10189431097578],[101.93435164634268,6.106848128656573],[101.93637421213457,6.111703303069781],[101.93864955761282,6.116446529346694],[101.94117144621363,6.121064809748762],[101.94393296561563,6.125545489259593],[101.94692654668611,6.129876290234577],[101.95014398422742,6.134045346013666],[101.95357645946693,6.138041233405783],[101.95721456422856,6.141853003955947],[101.96104832672006,6.145470213910165],[101.96506723886493,6.148882952796342],[101.9692602851043,6.152081870543396],[101.97361597258991,6.15505820306474],[101.97812236268511,6.157803796236408],[101.98276710368789,6.160311128204858],[101.98753746468603,6.162573329963459],[101.99242037045158,6.164584204141976],[101.99740243727928,6.166338241957844],[102.00247000967023,6.167830638283172],[102.00760919776076,6.169057304786699],[102.01280591539353,6.170014881114753],[102.01804591872676,6.17070074408104],[102.02331484527548,6.17111301484035],[102.02859825327829,6.171250564026404],[102.03388166128111,6.17111301484035],[102.03915058782984,6.17070074408104],[102.04439059116304,6.170014881114753],[102.04958730879581,6.169057304786699],[102.05472649688635,6.167830638283172],[102.0597940692773,6.166338241957844],[102.06477613610498,6.164584204141976],[102.06965904187054,6.162573329963459],[102.07442940286867,6.160311128204858],[102.07907414387147,6.157803796236408],[102.08358053396668,6.15505820306474],[102.08793622145228,6.152081870543396],[102.09212926769165,6.148882952796342],[102.09614817983652,6.145470213910165],[102.09998194232801,6.141853003955947],[102.10362004708965,6.138041233405783],[102.10705252232916,6.134045346013666],[102.11026995987046,6.129876290234577],[102.11326354094093,6.125545489259593],[102.11602506034295,6.121064809748762],[102.11854694894376,6.116446529346694],[102.120822294422,6.111703303069781],[102.1228448602139,6.106848128656573],[102.12460910260717,6.10189431097578],[102.12611018593607,6.096855425589395],[102.12734399583553,6.091745281570149],[102.12830715051834,6.086577883675063],[102.12899701004453,6.081367393978644],[102.12941168355705,6.07612809307042],[102.12955003446463,6.070874340923325]],[[102.32631264578164,6.116217021998833],[102.32617429487406,6.110963662267556],[102.32575962136156,6.105724650272307],[102.32506976183537,6.100514346456854],[102.32410660715254,6.095347032990508],[102.32287279725308,6.0902368746092],[102.32137171392418,6.085197879774051],[102.31960747153092,6.080243862254262],[102.31758490573903,6.075388403239589],[102.31530956026077,6.070644814086831],[102.31278767165998,6.06602609980245],[102.31002615225796,6.061544923362074],[102.30703257118749,6.057213570964833],[102.30381513364617,6.053043918318286],[102.30038265840668,6.049047398046689],[102.29674455364503,6.045234968312636],[102.29291079115353,6.041617082738072],[102.28889187900866,6.038203661708104],[102.28469883276931,6.035004065136421],[102.2803431452837,6.032027066767432],[102.27583675518848,6.029280830086233],[102.2711920141857,6.026772885902608],[102.26642165318756,6.024510111671186],[102.26153874742201,6.022498712604624],[102.25655668059433,6.020744204632114],[102.25148910820336,6.019251399250205],[102.24634992011283,6.018024390307842],[102.24115320248006,6.017066542762008],[102.23591319914685,6.016380483435196],[102.23064427259813,6.01596809380011],[102.2253608645953,6.015830504811603],[102.22007745659248,6.01596809380011],[102.21480853004375,6.016380483435196],[102.20956852671056,6.017066542762008],[102.20437180907778,6.018024390307842],[102.19923262098726,6.019251399250205],[102.19416504859629,6.020744204632114],[102.18918298176861,6.022498712604624],[102.18430007600305,6.024510111671186],[102.17952971500492,6.026772885902608],[102.17488497400213,6.029280830086233],[102.17037858390691,6.032027066767432],[102.16602289642131,6.035004065136421],[102.16182985018195,6.038203661708104],[102.15781093803709,6.041617082738072],[102.15397717554558,6.045234968312636],[102.15033907078394,6.049047398046689],[102.14690659554445,6.053043918318286],[102.14368915800314,6.057213570964833],[102.14069557693266,6.061544923362074],[102.13793405753066,6.06602609980245],[102.13541216892985,6.070644814086831],[102.1331368234516,6.075388403239589],[102.1311142576597,6.080243862254262],[102.12935001526643,6.085197879774051],[102.12784893193754,6.0902368746092],[102.12661512203807,6.095347032990508],[102.12565196735525,6.100514346456854],[102.12496210782906,6.105724650272307],[102.12454743431654,6.110963662267556],[102.12440908340896,6.116217021998833],[102.12454743431654,6.121470330116805],[102.12496210782906,6.126709187837633],[102.12565196735525,6.131919236407824],[102.12661512203807,6.137086196454572],[102.12784893193754,6.142195907114121],[102.12935001526643,6.147234364830706],[102.1311142576597,6.152187761719916],[102.1331368234516,6.157042523391755],[102.13541216892985,6.161785346129724],[102.13793405753066,6.166403233324358],[102.14069557693266,6.170883531061799],[102.14368915800314,6.175213962770199],[102.14690659554445,6.179382662829297],[102.15033907078394,6.183378209051544],[102.15397717554558,6.187189653946292],[102.15781093803709,6.190806554681691],[102.16182985018195,6.194219001662705],[102.16602289642131,6.197417645647561],[102.17037858390691,6.20039372332855],[102.17488497400213,6.203139081307843],[102.17952971500492,6.205646198402841],[102.18430007600305,6.207908206220709],[102.18918298176861,6.209918907945708],[102.19416504859629,6.211672795288872],[102.19923262098726,6.213165063553351],[102.20437180907778,6.214391624774973],[102.20956852671056,6.215349118902048],[102.21480853004375,6.21603492298422],[102.22007745659248,6.216447158345268],[102.2253608645953,6.216584695720611],[102.23064427259813,6.216447158345268],[102.23591319914685,6.21603492298422],[102.24115320248006,6.215349118902048],[102.24634992011283,6.214391624774973],[102.25148910820336,6.213165063553351],[102.25655668059433,6.211672795288872],[102.26153874742201,6.209918907945708],[102.26642165318756,6.207908206220709],[102.2711920141857,6.205646198402841],[102.27583675518848,6.203139081307843],[102.2803431452837,6.20039372332855],[102.28469883276931,6.197417645647561],[102.28889187900866,6.194219001662705],[102.29291079115353,6.190806554681691],[102.29674455364503,6.187189653946292],[102.30038265840668,6.183378209051544],[102.30381513364617,6.179382662829297],[102.30703257118749,6.175213962770199],[102.31002615225796,6.170883531061799],[102.31278767165998,6.166403233324358],[102.31530956026077,6.161785346129724],[102.31758490573903,6.157042523391755],[102.31960747153092,6.152187761719916],[102.32137171392418,6.147234364830706],[102.32287279725308,6.142195907114121],[102.32410660715254,6.137086196454572],[102.32506976183537,6.131919236407824],[102.32575962136156,6.126709187837633],[102.32617429487406,6.121470330116805],[102.32631264578164,6.116217021998833]],[[102.55745338740121,6.006165024044723],[102.55731503649363,6.000910593216138],[102.55690036298112,5.995670513970575],[102.55621050345493,5.990459149665891],[102.5552473487721,5.985290785359608],[102.55401353887265,5.980179588642206],[102.55251245554373,5.975139570788259],[102.55074821315048,5.970184548331901],[102.5487256473586,5.965328105172188],[102.54645030188034,5.960583555312635],[102.54392841327953,5.955963906337137],[102.54116689387752,5.95148182372303],[102.53817331280705,5.947149596089213],[102.53495587526574,5.942979101475149],[102.53152340002624,5.938981774743507],[102.5278852952646,5.935168576196362],[102.5240515327731,5.931549961491189],[102.52003262062823,5.928135852939875],[102.51583957438886,5.924935612269547],[102.51148388690325,5.92195801492069],[102.50697749680805,5.919211225953028],[102.50233275580526,5.91670277762613],[102.49756239480712,5.914439548716173],[102.49267948904156,5.912427745626192],[102.48769742221388,5.910672885341987],[102.48262984982293,5.909179780280517],[102.47749066173239,5.907952525072997],[102.47229394409962,5.906994485318776],[102.4670539407664,5.906308288341424],[102.46178501421768,5.905895815972312],[102.45650160621486,5.905758199381832],[102.45121819821205,5.905895815972312],[102.44594927166332,5.906308288341424],[102.44070926833012,5.906994485318776],[102.43551255069735,5.907952525072997],[102.43037336260682,5.909179780280517],[102.42530579021586,5.910672885341987],[102.42032372338818,5.912427745626192],[102.41544081762262,5.914439548716173],[102.41067045662449,5.91670277762613],[102.40602571562168,5.919211225953028],[102.40151932552648,5.92195801492069],[102.39716363804087,5.924935612269547],[102.3929705918015,5.928135852939875],[102.38895167965664,5.931549961491189],[102.38511791716513,5.935168576196362],[102.3814798124035,5.938981774743507],[102.378047337164,5.942979101475149],[102.3748298996227,5.947149596089213],[102.37183631855223,5.95148182372303],[102.36907479915021,5.955963906337137],[102.3665529105494,5.960583555312635],[102.36427756507115,5.965328105172188],[102.36225499927926,5.970184548331901],[102.360490756886,5.975139570788259],[102.35898967355709,5.980179588642206],[102.35775586365764,5.985290785359608],[102.35679270897481,5.990459149665891],[102.35610284944862,5.995670513970575],[102.35568817593611,6.000910593216138],[102.35554982502852,6.006165024044723],[102.35568817593611,6.011419404174948],[102.35610284944862,6.016659331880846],[102.35679270897481,6.021870445464873],[102.35775586365764,6.027038462616499],[102.35898967355709,6.032149219548733],[102.360490756886,6.037188709805387],[102.36225499927926,6.042143122632831],[102.36427756507115,6.046998880811229],[102.3665529105494,6.051742677841898],[102.36907479915021,6.056361514389129],[102.37183631855223,6.06084273387671],[102.3748298996227,6.06517405714236],[102.378047337164,6.069343616055098],[102.3814798124035,6.073339986003987],[102.38511791716513,6.077152217169675],[102.38895167965664,6.080769864493493],[102.3929705918015,6.084183016262448],[102.39716363804087,6.087382321232048],[102.40151932552648,6.090359014213591],[102.40602571562168,6.09310494005572],[102.41067045662449,6.09561257595547],[102.41544081762262,6.097875052037764],[102.42032372338818,6.099886170147663],[102.42530579021586,6.101640420804164],[102.43037336260682,6.103132998269472],[102.43551255069735,6.104359813692817],[102.44070926833012,6.105317506293196],[102.44594927166332,6.10600345255054],[102.45121819821205,6.106415773380355],[102.45650160621486,6.106553339272589],[102.46178501421768,6.106415773380355],[102.4670539407664,6.10600345255054],[102.47229394409962,6.105317506293196],[102.47749066173239,6.104359813692817],[102.48262984982293,6.103132998269472],[102.48769742221388,6.101640420804164],[102.49267948904156,6.099886170147663],[102.49756239480712,6.097875052037764],[102.50233275580526,6.09561257595547],[102.50697749680805,6.09310494005572],[102.51148388690325,6.090359014213591],[102.51583957438886,6.087382321232048],[102.52003262062823,6.084183016262448],[102.5240515327731,6.080769864493493],[102.5278852952646,6.077152217169675],[102.53152340002624,6.073339986003987],[102.53495587526574,6.069343616055098],[102.53817331280705,6.06517405714236],[102.54116689387752,6.06084273387671],[102.54392841327953,6.056361514389129],[102.54645030188034,6.051742677841898],[102.5487256473586,6.046998880811229],[102.55074821315048,6.042143122632831],[102.55251245554373,6.037188709805387],[102.55401353887265,6.032149219548733],[102.5552473487721,6.027038462616499],[102.55621050345493,6.021870445464873],[102.55690036298112,6.016659331880846],[102.55731503649363,6.011419404174948],[102.55745338740121,6.006165024044723]],[[102.35131837012047,5.916971630796187],[102.35118001921288,5.911716346102101],[102.35076534570037,5.906475416070476],[102.35007548617418,5.901263206382055],[102.34911233149136,5.896094004396432],[102.3478785215919,5.890981979979266],[102.346377438263,5.885941146647395],[102.34461319586973,5.880985323138432],[102.34259063007784,5.876128095510427],[102.34031528459958,5.871382779875886],[102.33779339599877,5.866762385872387],[102.33503187659677,5.862279580970495],[102.33203829552629,5.857946655716956],[102.32882085798498,5.853775490008972],[102.32538838274549,5.84977752049238],[102.32175027798385,5.845963709173516],[102.31791651549234,5.842344513331246],[102.31389760334748,5.838929856812126],[102.30970455710812,5.835729102787679],[102.30534886962252,5.832751028049127],[102.3008424795273,5.83000379891033],[102.29619773852451,5.827494948785385],[102.29142737752638,5.825231357502886],[102.28654447176082,5.823219232413805],[102.28156240493314,5.821464091345309],[102.27649483254217,5.819970747447286],[102.27135564445165,5.818743295973842],[102.26615892681887,5.817785103035788],[102.26091892348568,5.817098796355686],[102.25564999693695,5.81668625805052],[102.25036658893413,5.816548619462281],[102.2450831809313,5.81668625805052],[102.23981425438258,5.817098796355686],[102.23457425104937,5.817785103035788],[102.2293775334166,5.818743295973842],[102.22423834532607,5.819970747447286],[102.2191707729351,5.821464091345309],[102.21418870610742,5.823219232413805],[102.20930580034187,5.825231357502886],[102.20453543934373,5.827494948785385],[102.19989069834095,5.83000379891033],[102.19538430824574,5.832751028049127],[102.19102862076012,5.835729102787679],[102.18683557452076,5.838929856812126],[102.1828166623759,5.842344513331246],[102.1789828998844,5.845963709173516],[102.17534479512275,5.84977752049238],[102.17191231988326,5.853775490008972],[102.16869488234194,5.857946655716956],[102.16570130127147,5.862279580970495],[102.16293978186945,5.866762385872387],[102.16041789326866,5.871382779875886],[102.1581425477904,5.876128095510427],[102.15611998199851,5.880985323138432],[102.15435573960525,5.885941146647395],[102.15285465627635,5.890981979979266],[102.15162084637689,5.896094004396432],[102.15065769169406,5.901263206382055],[102.14996783216787,5.906475416070476],[102.14955315865537,5.911716346102101],[102.14941480774777,5.916971630796187],[102.14955315865537,5.922226865533974],[102.14996783216787,5.927467646244002],[102.15065769169406,5.932679608881567],[102.15162084637689,5.937848468793788],[102.15285465627635,5.942960059862886],[102.15435573960525,5.948000373319849],[102.15611998199851,5.952955596122972],[102.1581425477904,5.957812148795684],[102.16041789326866,5.962556722620437],[102.16293978186945,5.967176316087101],[102.16570130127147,5.971658270495974],[102.16869488234194,5.975990304618509],[102.17191231988326,5.980160548320929],[102.17534479512275,5.984157575059104],[102.1789828998844,5.987970433155974],[102.1828166623759,5.991588675776375],[102.18683557452076,5.99500238951746],[102.19102862076012,5.998202221536967],[102.19538430824574,6.001179405145316],[102.19989069834095,6.003925783792074],[102.20453543934373,6.006433833381291],[102.20930580034187,6.008696682855197],[102.21418870610742,6.010708132990195],[102.2191707729351,6.012462673354059],[102.22423834532607,6.013955497378281],[102.2293775334166,6.015182515504648],[102.23457425104937,6.016140366370116],[102.23981425438258,6.016826425999959],[102.2450831809313,6.017238814983909],[102.25036658893413,6.017376403615978],[102.25564999693695,6.017238814983909],[102.26091892348568,6.016826425999959],[102.26615892681887,6.016140366370116],[102.27135564445165,6.015182515504648],[102.27649483254217,6.013955497378281],[102.28156240493314,6.012462673354059],[102.28654447176082,6.010708132990195],[102.29142737752638,6.008696682855197],[102.29619773852451,6.006433833381291],[102.3008424795273,6.003925783792074],[102.30534886962252,6.001179405145316],[102.30970455710812,5.998202221536967],[102.31389760334748,5.99500238951746],[102.31791651549234,5.991588675776375],[102.32175027798385,5.987970433155974],[102.32538838274549,5.984157575059104],[102.32882085798498,5.980160548320929],[102.33203829552629,5.975990304618509],[102.33503187659677,5.971658270495974],[102.33779339599877,5.967176316087101],[102.34031528459958,5.962556722620437],[102.34259063007784,5.957812148795684],[102.34461319586973,5.952955596122972],[102.346377438263,5.948000373319849],[102.3478785215919,5.942960059862886],[102.34911233149136,5.937848468793788],[102.35007548617418,5.932679608881567],[102.35076534570037,5.927467646244002],[102.35118001921288,5.922226865533974],[102.35131837012047,5.916971630796187]],[[102.15462953098248,5.871621563209978],[102.1544911800749,5.866365849254747],[102.15407650656238,5.86112449151452],[102.15338664703619,5.855911856837736],[102.15242349235338,5.850742233741177],[102.1511896824539,5.845629793234166],[102.149688599125,5.840588549960552],[102.14792435673175,5.835632323765479],[102.14590179093985,5.83077470179205],[102.1436264454616,5.826029001212737],[102.14110455686078,5.821408232697181],[102.13834303745877,5.816925064717645],[102.1353494563883,5.812591788789607],[102.13213201884699,5.808420285743813],[102.1286995436075,5.804421993122063],[102.12506143884586,5.800607873787048],[102.12122767635435,5.796988385832294],[102.1172087642095,5.793573453875396],[102.11301571797013,5.790372441813565],[102.10866003048451,5.787394127116666],[102.10415364038931,5.784646676728562],[102.09950889938652,5.782137624643382],[102.09473853838838,5.779873851218404],[102.08985563262283,5.777861564280818],[102.08487356579514,5.776106282080399],[102.0798059934042,5.774612818135253],[102.07466680531365,5.773385268012339],[102.06947008768087,5.772426998079429],[102.06423008434767,5.771740636259476],[102.05896115779895,5.77132806481293],[102.05367774979614,5.771190415167975],[102.04839434179331,5.77132806481293],[102.04312541524459,5.771740636259476],[102.03788541191138,5.772426998079429],[102.0326886942786,5.773385268012339],[102.02754950618808,5.774612818135253],[102.02248193379712,5.776106282080399],[102.01749986696943,5.777861564280818],[102.01261696120388,5.779873851218404],[102.00784660020574,5.782137624643382],[102.00320185920296,5.784646676728562],[101.99869546910774,5.787394127116666],[101.99433978162214,5.790372441813565],[101.99014673538278,5.793573453875396],[101.9861278232379,5.796988385832294],[101.98229406074641,5.800607873787048],[101.97865595598478,5.804421993122063],[101.97522348074527,5.808420285743813],[101.97200604320395,5.812591788789607],[101.96901246213348,5.816925064717645],[101.96625094273146,5.821408232697181],[101.96372905413065,5.826029001212737],[101.96145370865241,5.83077470179205],[101.95943114286052,5.835632323765479],[101.95766690046726,5.840588549960552],[101.95616581713834,5.845629793234166],[101.9549320072389,5.850742233741177],[101.95396885255607,5.855911856837736],[101.95327899302988,5.86112449151452],[101.95286431951737,5.866365849254747],[101.9527259686098,5.871621563209978],[101.95286431951737,5.876877227586379],[101.95327899302988,5.882118437133343],[101.95396885255607,5.887330826626077],[101.9549320072389,5.892500110234058],[101.95616581713834,5.897612120667534],[101.95766690046726,5.902652847994596],[101.95943114286052,5.907608478022988],[101.96145370865241,5.912465430141322],[101.96372905413065,5.917210394516231],[101.96625094273146,5.921830368544087],[101.96901246213348,5.926312692457233],[101.97200604320395,5.930645083987959],[101.97522348074527,5.93481567199522],[101.97865595598478,5.938813028962513],[101.98229406074641,5.94262620227842],[101.9861278232379,5.946244744214193],[101.99014673538278,5.949658740517028],[101.99433978162214,5.952858837540899],[101.99869546910774,5.955836267841312],[102.00320185920296,5.958582874164006],[102.00784660020574,5.961091131762593],[102.01261696120388,5.963354168984349],[102.01749986696943,5.96536578606805],[102.02248193379712,5.967120472102959],[102.02754950618808,5.968613420102684],[102.0326886942786,5.96984054015303],[102.03788541191138,5.970798470598176],[102.04312541524459,5.971484587234666],[102.04839434179331,5.97189701048833],[102.05367774979614,5.972034610554593],[102.05896115779895,5.97189701048833],[102.06423008434767,5.971484587234666],[102.06947008768087,5.970798470598176],[102.07466680531365,5.96984054015303],[102.0798059934042,5.968613420102684],[102.08487356579514,5.967120472102959],[102.08985563262283,5.96536578606805],[102.09473853838838,5.963354168984349],[102.09950889938652,5.961091131762593],[102.10415364038931,5.958582874164006],[102.10866003048451,5.955836267841312],[102.11301571797013,5.952858837540899],[102.1172087642095,5.949658740517028],[102.12122767635435,5.946244744214193],[102.12506143884586,5.94262620227842],[102.1286995436075,5.938813028962513],[102.13213201884699,5.93481567199522],[102.1353494563883,5.930645083987959],[102.13834303745877,5.926312692457233],[102.14110455686078,5.921830368544087],[102.1436264454616,5.917210394516231],[102.14590179093985,5.912465430141322],[102.14792435673175,5.907608478022988],[102.149688599125,5.902652847994596],[102.1511896824539,5.897612120667534],[102.15242349235338,5.892500110234058],[102.15338664703619,5.887330826626077],[102.15407650656238,5.882118437133343],[102.1544911800749,5.876877227586379],[102.15462953098248,5.871621563209978]],[[102.51218685991113,5.795598684953207],[102.51204850900355,5.790342258789775],[102.51163383549104,5.785100191423971],[102.51094397596485,5.779886851641508],[102.50998082128203,5.774716529879017],[102.50874701138257,5.769603399043006],[102.50724592805366,5.76456147564697],[102.5054816856604,5.759604581373104],[102.50345911986851,5.754746305164501],[102.50118377439027,5.749999965951652],[102.49866188578945,5.7453785761161],[102.49590036638745,5.740894805791376],[102.49290678531696,5.736560948099723],[102.48968934777565,5.732388885420015],[102.48625687253616,5.728390056780007],[102.48261876777453,5.72457542646246],[102.47878500528302,5.720955453911841],[102.47476609313816,5.717540065024335],[102.47057304689879,5.71433862490049],[102.46621735941318,5.711359912135393],[102.46171096931798,5.708612094717615],[102.45706622831518,5.706102707602956],[102.45229586731703,5.703838632025297],[102.44741296155148,5.701826076601352],[102.4424308947238,5.700070560281651],[102.43736332233284,5.6985768971947],[102.43222413424232,5.697349183426217],[102.42702741660953,5.696390785769942],[102.42178741327633,5.695704332481064],[102.41651848672761,5.695291706057881],[102.41123507872479,5.695154038071482],[102.40595167072198,5.695291706057881],[102.40068274417325,5.695704332481064],[102.39544274084005,5.696390785769942],[102.39024602320727,5.697349183426217],[102.38510683511673,5.6985768971947],[102.38003926272579,5.700070560281651],[102.3750571958981,5.701826076601352],[102.37017429013254,5.703838632025297],[102.3654039291344,5.706102707602956],[102.36075918813161,5.708612094717615],[102.35625279803641,5.711359912135393],[102.3518971105508,5.71433862490049],[102.34770406431143,5.717540065024335],[102.34368515216656,5.720955453911841],[102.33985138967506,5.72457542646246],[102.33621328491343,5.728390056780007],[102.33278080967393,5.732388885420015],[102.32956337213263,5.736560948099723],[102.32656979106214,5.740894805791376],[102.32380827166014,5.7453785761161],[102.32128638305932,5.749999965951652],[102.31901103758106,5.754746305164501],[102.31698847178917,5.759604581373104],[102.31522422939592,5.76456147564697],[102.313723146067,5.769603399043006],[102.31248933616754,5.774716529879017],[102.31152618148472,5.779886851641508],[102.31083632195853,5.785100191423971],[102.31042164844602,5.790342258789775],[102.31028329753845,5.795598684953207],[102.31042164844602,5.800855062170893],[102.31083632195853,5.806096983235749],[102.31152618148472,5.811310080964947],[102.31248933616754,5.816480067573869],[102.313723146067,5.821592773828029],[102.31522422939592,5.826634187865777],[102.31698847178917,5.831590493585519],[102.31901103758106,5.836448108492556],[102.32128638305932,5.841193720901728],[102.32380827166014,5.84581432639457],[102.32656979106214,5.850297263430952],[102.32956337213263,5.854630248018362],[102.33278080967393,5.858801407343837],[102.33621328491343,5.862799312276963],[102.33985138967506,5.866613008655315],[102.34368515216656,5.870232047266877],[102.34770406431143,5.873646512447859],[102.3518971105508,5.876847049218083],[102.35625279803641,5.879824888879712],[102.36075918813161,5.882571873010129],[102.3654039291344,5.885080475783158],[102.37017429013254,5.887343824558336],[102.3750571958981,5.889355718681898],[102.38003926272579,5.891110646448644],[102.38510683511673,5.892603800178376],[102.39024602320727,5.893831089365976],[102.39544274084005,5.894789151869496],[102.40068274417325,5.895475363105708],[102.40595167072198,5.895887843228299],[102.41123507872479,5.896025462269079],[102.41651848672761,5.895887843228299],[102.42178741327633,5.895475363105708],[102.42702741660953,5.894789151869496],[102.43222413424232,5.893831089365976],[102.43736332233284,5.892603800178376],[102.4424308947238,5.891110646448644],[102.44741296155148,5.889355718681898],[102.45229586731703,5.887343824558336],[102.45706622831518,5.885080475783158],[102.46171096931798,5.882571873010129],[102.46621735941318,5.879824888879712],[102.47057304689879,5.876847049218083],[102.47476609313816,5.873646512447859],[102.47878500528302,5.870232047266877],[102.48261876777453,5.866613008655315],[102.48625687253616,5.862799312276963],[102.48968934777565,5.858801407343837],[102.49290678531696,5.854630248018362],[102.49590036638745,5.850297263430952],[102.49866188578945,5.84581432639457],[102.50118377439027,5.841193720901728],[102.50345911986851,5.836448108492556],[102.5054816856604,5.831590493585519],[102.50724592805366,5.826634187865777],[102.50874701138257,5.821592773828029],[102.50998082128203,5.816480067573869],[102.51094397596485,5.811310080964947],[102.51163383549104,5.806096983235749],[102.51204850900355,5.800855062170893],[102.51218685991113,5.795598684953207]],[[102.05267444394948,5.698238641716989],[102.05253609304191,5.692981316966467],[102.05212141952939,5.687738354284495],[102.05143156000321,5.6825241249009],[102.05046840532037,5.677352921674166],[102.04923459542093,5.672238919904081],[102.04773351209202,5.667196138462392],[102.04596926969874,5.66223840134852],[102.04394670390687,5.657379299775647],[102.04167135842862,5.652632154891542],[102.0391494698278,5.648009981236533],[102.03638795042579,5.643525451039179],[102.03339436935532,5.639190859447726],[102.03017693181401,5.635018090793171],[102.02674445657452,5.631018585976767],[102.02310635181287,5.627203311071749],[102.01927258932137,5.623582727225696],[102.01525367717652,5.620166761946734],[102.01106063093715,5.616964781852309],[102.00670494345154,5.613985566956035],[102.00219855335634,5.61123728656327],[101.99755381235353,5.608727476842026],[101.9927834513554,5.606463020131096],[101.98790054558984,5.604450126042337],[101.98291847876216,5.60269431440947],[101.97785090637119,5.601200400130338],[101.97271171828066,5.599972479944441],[101.9675150006479,5.599013921182358],[101.9622749973147,5.598327352518059],[101.95700607076597,5.597914656749534],[101.95172266276315,5.597776965627997],[101.94643925476034,5.597914656749534],[101.94117032821161,5.598327352518059],[101.9359303248784,5.599013921182358],[101.93073360724563,5.599972479944441],[101.92559441915509,5.601200400130338],[101.92052684676413,5.60269431440947],[101.91554477993644,5.604450126042337],[101.91066187417088,5.606463020131096],[101.90589151317276,5.608727476842026],[101.90124677216997,5.61123728656327],[101.89674038207477,5.613985566956035],[101.89238469458914,5.616964781852309],[101.88819164834979,5.620166761946734],[101.88417273620492,5.623582727225696],[101.88033897371342,5.627203311071749],[101.87670086895177,5.631018585976767],[101.87326839371228,5.635018090793171],[101.87005095617097,5.639190859447726],[101.8670573751005,5.643525451039179],[101.86429585569849,5.648009981236533],[101.86177396709768,5.652632154891542],[101.85949862161942,5.657379299775647],[101.85747605582753,5.66223840134852],[101.85571181343428,5.667196138462392],[101.85421073010536,5.672238919904081],[101.8529769202059,5.677352921674166],[101.85201376552308,5.6825241249009],[101.85132390599689,5.687738354284495],[101.85090923248438,5.692981316966467],[101.8507708815768,5.698238641716989],[101.85090923248438,5.703495918333059],[101.85132390599689,5.708738737138989],[101.85201376552308,5.713952728481335],[101.8529769202059,5.719123602109642],[101.85421073010536,5.724237186335288],[101.85571181343428,5.729279466861229],[101.85747605582753,5.734236625176221],[101.85949862161942,5.739095076408522],[101.86177396709768,5.743841506535657],[101.86429585569849,5.748462908848346],[101.8670573751005,5.752946619569043],[101.87005095617097,5.757280352527865],[101.87326839371228,5.761452232801197],[101.87670086895177,5.765450829221058],[101.88033897371342,5.769265185666844],[101.88417273620492,5.772884851053777],[101.88819164834979,5.776299907936565],[101.89238469458914,5.779500999650338],[101.89674038207477,5.782479355914771],[101.90124677216997,5.785226816831834],[101.90589151317276,5.787735855211826],[101.91066187417088,5.789999597166944],[101.91554477993644,5.792011840916301],[101.92052684676413,5.79376707375142],[101.92559441915509,5.795260487115886],[101.93073360724563,5.796487989758285],[101.9359303248784,5.79744621892273],[101.94117032821161,5.798132549546378],[101.94643925476034,5.79854510143923],[101.95172266276315,5.798682744426419],[101.95700607076597,5.79854510143923],[101.9622749973147,5.798132549546378],[101.9675150006479,5.79744621892273],[101.97271171828066,5.796487989758285],[101.97785090637119,5.795260487115886],[101.98291847876216,5.79376707375142],[101.98790054558984,5.792011840916301],[101.9927834513554,5.789999597166944],[101.99755381235353,5.787735855211826],[102.00219855335634,5.785226816831834],[102.00670494345154,5.782479355914771],[102.01106063093715,5.779500999650338],[102.01525367717652,5.776299907936565],[102.01927258932137,5.772884851053777],[102.02310635181287,5.769265185666844],[102.02674445657452,5.765450829221058],[102.03017693181401,5.761452232801197],[102.03339436935532,5.757280352527865],[102.03638795042579,5.752946619569043],[102.0391494698278,5.748462908848346],[102.04167135842862,5.743841506535657],[102.04394670390687,5.739095076408522],[102.04596926969874,5.734236625176221],[102.04773351209202,5.729279466861229],[102.04923459542093,5.724237186335288],[102.05046840532037,5.719123602109642],[102.05143156000321,5.713952728481335],[102.05212141952939,5.708738737138989],[102.05253609304191,5.703495918333059],[102.05267444394948,5.698238641716989]],[[102.10410599671839,5.091838038191367],[102.10396764581081,5.086575458476075],[102.1035529722983,5.081327260277354],[102.10286311277211,5.076107829113206],[102.10189995808929,5.070931471997172],[102.10066614818983,5.065812378213187],[102.09916506486091,5.060764580409586],[102.09740082246766,5.055801916118882],[102.09537825667577,5.050937989809259],[102.09310291119752,5.046186135571715],[102.0905810225967,5.04155938054572],[102.0878195031947,5.037070409183649],[102.08482592212422,5.032731528452445],[102.0816084845829,5.028554634068155],[102.07817600934341,5.024551177856298],[102.07453790458177,5.020732136327823],[102.07070414209028,5.017107980557277],[102.0666852299454,5.013688647445972],[102.06249218370604,5.010483512449528],[102.05813649622043,5.007501363844754],[102.05363010612523,5.004750378606726],[102.04898536512243,5.002238099962837],[102.0442150041243,4.999971416685379],[102.03933209835876,4.997956544179946],[102.03435003153105,4.996199007421649],[102.0292824591401,4.994703625786388],[102.02414327104958,4.993474499818918],[102.0189465534168,4.992514999974177],[102.01370655008358,4.991827757362961],[102.00843762353486,4.991414656527579],[102.00315421553205,4.991276830267225],[101.99787080752922,4.991414656527579],[101.9926018809805,4.991827757362961],[101.9873618776473,4.992514999974177],[101.98216516001452,4.993474499818918],[101.977025971924,4.994703625786388],[101.97195839953304,4.996199007421649],[101.96697633270536,4.997956544179946],[101.9620934269398,4.999971416685379],[101.95732306594165,5.002238099962837],[101.95267832493887,5.004750378606726],[101.94817193484366,5.007501363844754],[101.94381624735806,5.010483512449528],[101.93962320111869,5.013688647445972],[101.93560428897382,5.017107980557277],[101.93177052648232,5.020732136327823],[101.92813242172069,5.024551177856298],[101.92469994648118,5.028554634068155],[101.92148250893987,5.032731528452445],[101.91848892786939,5.037070409183649],[101.91572740846739,5.04155938054572],[101.91320551986657,5.046186135571715],[101.91093017438834,5.050937989809259],[101.90890760859644,5.055801916118882],[101.90714336620317,5.060764580409586],[101.90564228287427,5.065812378213187],[101.90440847297481,5.070931471997172],[101.90344531829199,5.076107829113206],[101.9027554587658,5.081327260277354],[101.90234078525329,5.086575458476075],[101.90220243434571,5.091838038191367],[101.90234078525329,5.09710057483728],[101.9027554587658,5.102348644299768],[101.90344531829199,5.107567862471265],[101.90440847297481,5.112743924671856],[101.90564228287427,5.11786264484874],[101.90714336620317,5.122909994446947],[101.90890760859644,5.127872140844599],[101.91093017438834,5.132735485247685],[101.91320551986657,5.137486699940694],[101.91572740846739,5.142112764791157],[101.91848892786939,5.146601002908445],[101.92148250893987,5.150939115359197],[101.92469994648118,5.155115214844821],[101.92813242172069,5.159117858248882],[101.93177052648232,5.162936077965729],[101.93560428897382,5.16655941192476],[101.93962320111869,5.169977932228587],[101.94381624735806,5.173182272326874],[101.94817193484366,5.176163652651922],[101.95267832493887,5.178913904646018],[101.95732306594165,5.181425493115342],[101.9620934269398,5.183691536849283],[101.96697633270536,5.185705827449222],[101.97195839953304,5.18746284631551],[101.977025971924,5.188957779746343],[101.98216516001452,5.190186532107567],[101.9873618776473,5.191145737037563],[101.9926018809805,5.191832766656651],[101.99787080752922,5.19224573875613],[102.00315421553205,5.192383521947207],[102.00843762353486,5.19224573875613],[102.01370655008358,5.191832766656651],[102.0189465534168,5.191145737037563],[102.02414327104958,5.190186532107567],[102.0292824591401,5.188957779746343],[102.03435003153105,5.18746284631551],[102.03933209835876,5.185705827449222],[102.0442150041243,5.183691536849283],[102.04898536512243,5.181425493115342],[102.05363010612523,5.178913904646018],[102.05813649622043,5.176163652651922],[102.06249218370604,5.173182272326874],[102.0666852299454,5.169977932228587],[102.07070414209028,5.16655941192476],[102.07453790458177,5.162936077965729],[102.07817600934341,5.159117858248882],[102.0816084845829,5.155115214844821],[102.08482592212422,5.150939115359197],[102.0878195031947,5.146601002908445],[102.0905810225967,5.142112764791157],[102.09310291119752,5.137486699940694],[102.09537825667577,5.132735485247685],[102.09740082246766,5.127872140844599],[102.09916506486091,5.122909994446947],[102.10066614818983,5.11786264484874],[102.10189995808929,5.112743924671856],[102.10286311277211,5.107567862471265],[102.1035529722983,5.102348644299768],[102.10396764581081,5.09710057483728],[102.10410599671839,5.091838038191367]],[[102.7061212536943,5.572887279584599],[102.7059829027867,5.567628820255302],[102.70556822927419,5.562384727145469],[102.70487836974802,5.557169374570528],[102.70391521506518,5.551997058446362],[102.70268140516573,5.54688195709378],[102.70118032183683,5.541838092361198],[102.69941607944357,5.536879291172605],[102.69739351365168,5.532019147606139],[102.69511816817342,5.527270985607593],[102.69259627957261,5.5226478224414],[102.6898347601706,5.51816233297948],[102.68684117910013,5.513826814926252],[102.68362374155882,5.509653155075478],[102.68019126631933,5.505652796691872],[102.67655316155768,5.501836708107152],[102.67271939906618,5.498215352617186],[102.66870048692132,5.494798659763148],[102.66450744068196,5.491595998075653],[102.66015175319635,5.488616149357207],[102.65564536310114,5.485867284573815],[102.65100062209834,5.48335694142209],[102.6462302611002,5.481092003634084],[102.64134735533464,5.479078682076422],[102.63636528850697,5.477322497696465],[102.63129771611601,5.475828266362022],[102.62615852802547,5.474600085636917],[102.6209618103927,5.473641323528565],[102.6157218070595,5.472954609238867],[102.61045288051078,5.472541825943729],[102.60516947250795,5.472404105621417],[102.59988606450513,5.472541825943729],[102.5946171379564,5.472954609238867],[102.5893771346232,5.473641323528565],[102.58418041699043,5.474600085636917],[102.5790412288999,5.475828266362022],[102.57397365650894,5.477322497696465],[102.56899158968125,5.479078682076422],[102.5641086839157,5.481092003634084],[102.55933832291757,5.48335694142209],[102.55469358191478,5.485867284573815],[102.55018719181956,5.488616149357207],[102.54583150433395,5.491595998075653],[102.54163845809458,5.494798659763148],[102.53761954594972,5.498215352617186],[102.53378578345823,5.501836708107152],[102.53014767869658,5.505652796691872],[102.52671520345709,5.509653155075478],[102.52349776591578,5.513826814926252],[102.52050418484531,5.51816233297948],[102.5177426654433,5.5226478224414],[102.51522077684248,5.527270985607593],[102.51294543136423,5.532019147606139],[102.51092286557234,5.536879291172605],[102.50915862317908,5.541838092361198],[102.50765753985017,5.54688195709378],[102.50642372995071,5.551997058446362],[102.50546057526789,5.557169374570528],[102.5047707157417,5.562384727145469],[102.50435604222919,5.567628820255302],[102.5042176913216,5.572887279584599],[102.50435604222919,5.578145691824741],[102.5047707157417,5.583389644183082],[102.50546057526789,5.588604763886308],[102.50642372995071,5.593776757569885],[102.50765753985017,5.598891450445802],[102.50915862317908,5.603934825140961],[102.51092286557234,5.608893060100366],[102.51294543136423,5.613752567449652],[102.51522077684248,5.61850003021353],[102.5177426654433,5.623122438788571],[102.52050418484531,5.62760712657031],[102.52349776591578,5.631941804637737],[102.52671520345709,5.636114595400151],[102.53014767869658,5.640114065114782],[102.53378578345823,5.643929255186341],[102.53761954594972,5.647549712163261],[102.54163845809458,5.650965516348667],[102.54583150433395,5.654167308948375],[102.55018719181956,5.657146317681796],[102.55469358191478,5.659894380785961],[102.55933832291757,5.662403969347563],[102.5641086839157,5.664668207902034],[102.56899158968125,5.666680893243648],[102.57397365650894,5.668436511395563],[102.5790412288999,5.669930252693638],[102.58418041699043,5.671158024942994],[102.5893771346232,5.672116464611521],[102.5946171379564,5.672802946030064],[102.59988606450513,5.673215588574067],[102.60516947250795,5.673353261807376],[102.61045288051078,5.673215588574067],[102.6157218070595,5.672802946030064],[102.6209618103927,5.672116464611521],[102.62615852802547,5.671158024942994],[102.63129771611601,5.669930252693638],[102.63636528850697,5.668436511395563],[102.64134735533464,5.666680893243648],[102.6462302611002,5.664668207902034],[102.65100062209834,5.662403969347563],[102.65564536310114,5.659894380785961],[102.66015175319635,5.657146317681796],[102.66450744068196,5.654167308948375],[102.66870048692132,5.650965516348667],[102.67271939906618,5.647549712163261],[102.67655316155768,5.643929255186341],[102.68019126631933,5.640114065114782],[102.68362374155882,5.636114595400151],[102.68684117910013,5.631941804637737],[102.6898347601706,5.62760712657031],[102.69259627957261,5.623122438788571],[102.69511816817342,5.61850003021353],[102.69739351365168,5.613752567449652],[102.69941607944357,5.608893060100366],[102.70118032183683,5.603934825140961],[102.70268140516573,5.598891450445802],[102.70391521506518,5.593776757569885],[102.70487836974802,5.588604763886308],[102.70556822927419,5.583389644183082],[102.7059829027867,5.578145691824741],[102.7061212536943,5.572887279584599]],[[103.01791951995399,5.365162649299719],[103.01778116904642,5.359902365232386],[103.0173664955339,5.354656454113171],[103.01667663600772,5.349439295219334],[103.0157134813249,5.34426518938261],[103.01447967142545,5.339148319780539],[103.01297858809653,5.334102713046478],[103.01121434570327,5.329142200805023],[103.00919177991138,5.324280381738572],[103.00691643443314,5.319530584289128],[103.00439454583231,5.314905830098024],[103.00163302643031,5.310418798283933],[102.99863944535983,5.306081790657448],[102.99542200781852,5.301906697968074],[102.99198953257903,5.297904967276303],[102.98835142781739,5.294087570540803],[102.98451766532588,5.290464974507023],[102.98049875318102,5.287047111980389],[102.97630570694166,5.283843354562989],[102.97195001945605,5.280862486929107],[102.96744362936084,5.278112682710393],[102.96279888835805,5.27560148205703],[102.9580285273599,5.273335770937178],[102.95314562159435,5.271321762231275],[102.94816355476667,5.26956497867377],[102.94309598237571,5.26807023768909],[102.93795679428518,5.266841638163748],[102.9327600766524,5.265882549191229],[102.9275200733192,5.265195600820531],[102.92225114677048,5.264782676833899],[102.91696773876765,5.264644909573916],[102.91168433076484,5.264782676833899],[102.90641540421612,5.265195600820531],[102.90117540088292,5.265882549191229],[102.89597868325014,5.266841638163748],[102.8908394951596,5.26807023768909],[102.88577192276865,5.26956497867377],[102.88078985594096,5.271321762231275],[102.8759069501754,5.273335770937178],[102.87113658917727,5.27560148205703],[102.86649184817448,5.278112682710393],[102.86198545807927,5.280862486929107],[102.85762977059366,5.283843354562989],[102.8534367243543,5.287047111980389],[102.84941781220944,5.290464974507023],[102.84558404971793,5.294087570540803],[102.8419459449563,5.297904967276303],[102.8385134697168,5.301906697968074],[102.83529603217549,5.306081790657448],[102.83230245110501,5.310418798283933],[102.82954093170301,5.314905830098024],[102.82701904310218,5.319530584289128],[102.82474369762394,5.324280381738572],[102.82272113183204,5.329142200805023],[102.82095688943879,5.334102713046478],[102.81945580610987,5.339148319780539],[102.81822199621041,5.34426518938261],[102.81725884152759,5.349439295219334],[102.8165689820014,5.354656454113171],[102.81615430848889,5.359902365232386],[102.81601595758131,5.365162649299719],[102.81615430848889,5.370422888012151],[102.8165689820014,5.375668663563568],[102.81725884152759,5.380885598162056],[102.81822199621041,5.386059393433288],[102.81945580610987,5.391175869602361],[102.82095688943879,5.396221004346484],[102.82272113183204,5.401180971212261],[102.82474369762394,5.406042177492615],[102.82701904310218,5.410791301459313],[102.82954093170301,5.415415328849909],[102.83230245110501,5.419901588508703],[102.83529603217549,5.424237787085014],[102.8385134697168,5.428412042693475],[102.8419459449563,5.432412917444815],[102.84558404971793,5.436229448758269],[102.84941781220944,5.439851179370118],[102.8534367243543,5.44326818595669],[102.85762977059366,5.446471106293712],[102.86198545807927,5.449451164878157],[102.86649184817448,5.452200196942479],[102.87113658917727,5.454710670796338],[102.8759069501754,5.456975708434551],[102.88078985594096,5.458989104355438],[102.88577192276865,5.460745342538359],[102.8908394951596,5.462239611534105],[102.89597868325014,5.463467817627353],[102.90117540088292,5.464426596035106],[102.90641540421612,5.465113320111015],[102.91168433076484,5.465526108530192],[102.91696773876765,5.465663830435401],[102.92225114677048,5.465526108530192],[102.9275200733192,5.465113320111015],[102.9327600766524,5.464426596035106],[102.93795679428518,5.463467817627353],[102.94309598237571,5.462239611534105],[102.94816355476667,5.460745342538359],[102.95314562159435,5.458989104355438],[102.9580285273599,5.456975708434551],[102.96279888835805,5.454710670796338],[102.96744362936084,5.452200196942479],[102.97195001945605,5.449451164878157],[102.97630570694166,5.446471106293712],[102.98049875318102,5.44326818595669],[102.98451766532588,5.439851179370118],[102.98835142781739,5.436229448758269],[102.99198953257903,5.432412917444815],[102.99542200781852,5.428412042693475],[102.99863944535983,5.424237787085014],[103.00163302643031,5.419901588508703],[103.00439454583231,5.415415328849909],[103.00691643443314,5.410791301459313],[103.00919177991138,5.406042177492615],[103.01121434570327,5.401180971212261],[103.01297858809653,5.396221004346484],[103.01447967142545,5.391175869602361],[103.0157134813249,5.386059393433288],[103.01667663600772,5.380885598162056],[103.0173664955339,5.375668663563568],[103.01778116904642,5.370422888012151],[103.01791951995399,5.365162649299719]],[[103.24357650779938,5.296232561780355],[103.2434381568918,5.290971687480494],[103.24302348337929,5.285725188320217],[103.2423336238531,5.280507445181486],[103.24137046917026,5.275332760485756],[103.24013665927082,5.270215318980997],[103.2386355759419,5.265169148847603],[103.23687133354865,5.260208083229797],[103.23484876775676,5.2553457222983],[103.2325734222785,5.250595395948401],[103.2300515336777,5.245970127235963],[103.22729001427568,5.241482596651995],[103.22429643320521,5.237145107333938],[103.2210789956639,5.232969551309336],[103.2176465204244,5.22896737686501],[103.21400841566276,5.225149557131221],[103.21017465317126,5.221526559967678],[103.2061557410264,5.218108319234099],[103.20196269478703,5.214904207524561],[103.19760700730141,5.211923010440746],[103.19310061720621,5.20917290247504],[103.18845587620342,5.206661424569914],[103.18368551520528,5.204395463415487],[103.17880260943973,5.20238123254237],[103.17382054261203,5.200624255261975],[103.16875297022109,5.199129349501229],[103.16361378213055,5.197900614573643],[103.15841706449778,5.196941419923315],[103.15317706116457,5.196254395872653],[103.14790813461585,5.195841426399651],[103.14262472661302,5.195703643964452],[103.13734131861021,5.195841426399651],[103.13207239206149,5.196254395872653],[103.12683238872829,5.196941419923315],[103.1216356710955,5.197900614573643],[103.11649648300498,5.199129349501229],[103.11142891061402,5.200624255261975],[103.10644684378634,5.20238123254237],[103.10156393802079,5.204395463415487],[103.09679357702265,5.206661424569914],[103.09214883601985,5.20917290247504],[103.08764244592464,5.211923010440746],[103.08328675843903,5.214904207524561],[103.07909371219966,5.218108319234099],[103.07507480005481,5.221526559967678],[103.0712410375633,5.225149557131221],[103.06760293280166,5.22896737686501],[103.06417045756217,5.232969551309336],[103.06095302002086,5.237145107333938],[103.05795943895039,5.241482596651995],[103.05519791954838,5.245970127235963],[103.05267603094755,5.250595395948401],[103.05040068546931,5.2553457222983],[103.04837811967742,5.260208083229797],[103.04661387728416,5.265169148847603],[103.04511279395525,5.270215318980997],[103.0438789840558,5.275332760485756],[103.04291582937297,5.280507445181486],[103.04222596984678,5.285725188320217],[103.04181129633426,5.290971687480494],[103.04167294542668,5.296232561780355],[103.04181129633426,5.301493391301328],[103.04222596984678,5.306739756615531],[103.04291582937297,5.311957278307457],[103.0438789840558,5.317131656381887],[103.04511279395525,5.322248709450274],[103.04661387728416,5.32729441358802],[103.04837811967742,5.332254940756441],[103.05040068546931,5.337116696684238],[103.05267603094755,5.341866358104667],[103.05519791954838,5.346490909246985],[103.05795943895039,5.350977677482058],[103.06095302002086,5.355314368024914],[103.06417045756217,5.359489097599544],[103.06760293280166,5.363490426973951],[103.0712410375633,5.367307392276584],[103.07507480005481,5.370929535009086],[103.07909371219966,5.374346930673065],[103.08328675843903,5.377550215933191],[103.08764244592464,5.380530614242529],[103.09214883601985,5.383279959860231],[103.09679357702265,5.385790720196242],[103.10156393802079,5.388056016422278],[103.10644684378634,5.390069642292765],[103.11142891061402,5.391826081124871],[103.11649648300498,5.39332052089096],[103.1216356710955,5.394548867383038],[103.12683238872829,5.395507755412807],[103.13207239206149,5.396194558017209],[103.13734131861021,5.396607393644493],[103.14262472661302,5.396745131300904],[103.14790813461585,5.396607393644493],[103.15317706116457,5.396194558017209],[103.15841706449778,5.395507755412807],[103.16361378213055,5.394548867383038],[103.16875297022109,5.39332052089096],[103.17382054261203,5.391826081124871],[103.17880260943973,5.390069642292765],[103.18368551520528,5.388056016422278],[103.18845587620342,5.385790720196242],[103.19310061720621,5.383279959860231],[103.19760700730141,5.380530614242529],[103.20196269478703,5.377550215933191],[103.2061557410264,5.374346930673065],[103.21017465317126,5.370929535009086],[103.21400841566276,5.367307392276584],[103.2176465204244,5.363490426973951],[103.2210789956639,5.359489097599544],[103.22429643320521,5.355314368024914],[103.22729001427568,5.350977677482058],[103.2300515336777,5.346490909246985],[103.2325734222785,5.341866358104667],[103.23484876775676,5.337116696684238],[103.23687133354865,5.332254940756441],[103.2386355759419,5.32729441358802],[103.24013665927082,5.322248709450274],[103.24137046917026,5.317131656381887],[103.2423336238531,5.311957278307457],[103.24302348337929,5.306739756615531],[103.2434381568918,5.301493391301328],[103.24357650779938,5.296232561780355]],[[103.33145402956809,4.909995610439998],[103.33131567866052,4.904731569773489],[103.33090100514801,4.899481916144473],[103.33021114562182,4.894261039041543],[103.329247990939,4.889083249410575],[103.32801418103953,4.883962740419155],[103.32651309771063,4.878913548540397],[103.32474885531737,4.873949515062823],[103.32272628952548,4.869084248132252],[103.32045094404722,4.864331085429805],[103.31792905544643,4.859703057588458],[103.31516753604441,4.855212852449061],[103.31217395497394,4.850872780253755],[103.30895651743262,4.846694739872726],[103.30552404219313,4.842690186157133],[103.30188593743148,4.838870098508027],[103.29805217493998,4.835244950747896],[103.29403326279511,4.831824682377642],[103.28984021655576,4.828618671298276],[103.28548452907015,4.82563570807237],[103.28097813897493,4.822883971796199],[103.27633339797215,4.820371007649167],[103.27156303697402,4.818103706182167],[103.26668013120846,4.816088284402256],[103.26169806438077,4.814330268705526],[103.25663049198981,4.812834479705344],[103.25149130389929,4.811605018997902],[103.24629458626652,4.810645257901306],[103.2410545829333,4.809957828199583],[103.23578565638458,4.809544614916875],[103.23050224838175,4.809406751141903],[103.22521884037893,4.809544614916875],[103.2199499138302,4.809957828199583],[103.214709910497,4.810645257901306],[103.20951319286424,4.811605018997902],[103.20437400477371,4.812834479705344],[103.19930643238274,4.814330268705526],[103.19432436555506,4.816088284402256],[103.1894414597895,4.818103706182167],[103.18467109879137,4.820371007649167],[103.18002635778858,4.822883971796199],[103.17551996769336,4.82563570807237],[103.17116428020776,4.828618671298276],[103.1669712339684,4.831824682377642],[103.16295232182354,4.835244950747896],[103.15911855933203,4.838870098508027],[103.1554804545704,4.842690186157133],[103.1520479793309,4.846694739872726],[103.1488305417896,4.850872780253755],[103.14583696071911,4.855212852449061],[103.1430754413171,4.859703057588458],[103.1405535527163,4.864331085429805],[103.13827820723805,4.869084248132252],[103.13625564144616,4.873949515062823],[103.13449139905288,4.878913548540397],[103.13299031572399,4.883962740419155],[103.13175650582453,4.889083249410575],[103.1307933511417,4.894261039041543],[103.13010349161551,4.899481916144473],[103.12968881810299,4.904731569773489],[103.12955046719541,4.909995610439998],[103.12968881810299,4.915259609559875],[103.13010349161551,4.920509139004198],[103.1307933511417,4.925729810644962],[103.13175650582453,4.930907315787387],[103.13299031572399,4.936027464380805],[103.13449139905288,4.941076223900735],[103.13625564144616,4.946039757795673],[103.13827820723805,4.950904463393329],[103.1405535527163,4.95565700916272],[103.1430754413171,4.960284371230106],[103.14583696071911,4.964773869049013],[103.1488305417896,4.969113200126862],[103.1520479793309,4.973290473713318],[103.1554804545704,4.977294243358419],[103.15911855933203,4.981113538251522],[103.16295232182354,4.984737893255753],[103.1669712339684,4.98815737755582],[103.17116428020776,4.991362621841122],[103.17551996769336,4.994344843950257],[103.18002635778858,4.997095872906752],[103.18467109879137,4.999608171280753],[103.1894414597895,5.001874855815689],[103.19432436555506,5.003889716263703],[103.19930643238274,5.005647232378788],[103.20437400477371,5.007142589021059],[103.20951319286424,5.008371689331339],[103.214709910497,5.009331165940079],[103.2199499138302,5.010018390180145],[103.22521884037893,5.010431479278465],[103.23050224838175,5.010569301506907],[103.23578565638458,5.010431479278465],[103.2410545829333,5.010018390180145],[103.24629458626652,5.009331165940079],[103.25149130389929,5.008371689331339],[103.25663049198981,5.007142589021059],[103.26169806438077,5.005647232378788],[103.26668013120846,5.003889716263703],[103.27156303697402,5.001874855815689],[103.27633339797215,4.999608171280753],[103.28097813897493,4.997095872906752],[103.28548452907015,4.994344843950257],[103.28984021655576,4.991362621841122],[103.29403326279511,4.98815737755582],[103.29805217493998,4.984737893255753],[103.30188593743148,4.981113538251522],[103.30552404219313,4.977294243358419],[103.30895651743262,4.973290473713318],[103.31217395497394,4.969113200126862],[103.31516753604441,4.964773869049013],[103.31792905544643,4.960284371230106],[103.32045094404722,4.95565700916272],[103.32272628952548,4.950904463393329],[103.32474885531737,4.946039757795673],[103.32651309771063,4.941076223900735],[103.32801418103953,4.936027464380805],[103.329247990939,4.930907315787387],[103.33021114562182,4.925729810644962],[103.33090100514801,4.920509139004198],[103.33131567866052,4.915259609559875],[103.33145402956809,4.909995610439998]],[[103.27489273340127,4.426802143202597],[103.2747543824937,4.421534478161044],[103.27433970898117,4.416281214128841],[103.27364984945498,4.41105675044083],[103.27268669477218,4.405875407791275],[103.2714528848727,4.400751388972409],[103.26995180154381,4.395698739933203],[103.26818755915055,4.390731311264815],[103.26616499335864,4.385862720218879],[103.2638896478804,4.381106313362716],[103.26136775927958,4.376475129974067],[103.25860623987758,4.371981866276068],[103.2556126588071,4.367638840610635],[103.25239522126579,4.363457959646095],[103.2489627460263,4.359450685712027],[103.24532464126466,4.355628005351078],[103.24149087877315,4.352000399174285],[103.23747196662829,4.348577813103047],[103.23327892038893,4.34536963107662],[103.22892323290331,4.342384649300464],[103.22441684280811,4.339631052106379],[103.21977210180532,4.337116389490732],[103.21500174080718,4.334847556392792],[103.21011883504163,4.332830773770284],[103.20513676821393,4.331071571524109],[103.20006919582299,4.329574773319524],[103.19493000773245,4.328344483345449],[103.18973329009968,4.327384075048417],[103.18449328676647,4.326696181872259],[103.17922436021775,4.326282690029052],[103.17394095221493,4.326144733321224],[103.16865754421211,4.326282690029052],[103.16338861766339,4.326696181872259],[103.15814861433017,4.327384075048417],[103.1529518966974,4.328344483345449],[103.14781270860688,4.329574773319524],[103.14274513621592,4.331071571524109],[103.13776306938823,4.332830773770284],[103.13288016362267,4.334847556392792],[103.12810980262454,4.337116389490732],[103.12346506162176,4.339631052106379],[103.11895867152654,4.342384649300464],[103.11460298404094,4.34536963107662],[103.11040993780158,4.348577813103047],[103.10639102565669,4.352000399174285],[103.10255726316521,4.355628005351078],[103.09891915840358,4.359450685712027],[103.09548668316407,4.363457959646095],[103.09226924562275,4.367638840610635],[103.08927566455228,4.371981866276068],[103.08651414515028,4.376475129974067],[103.08399225654945,4.381106313362716],[103.08171691107121,4.385862720218879],[103.07969434527932,4.390731311264815],[103.07793010288606,4.395698739933203],[103.07642901955714,4.400751388972409],[103.07519520965769,4.405875407791275],[103.07423205497487,4.41105675044083],[103.07354219544868,4.416281214128841],[103.07312752193617,4.421534478161044],[103.0729891710286,4.426802143202597],[103.07312752193617,4.432069770751746],[103.07354219544868,4.437322922717474],[103.07423205497487,4.442547200992773],[103.07519520965769,4.447728286914836],[103.07642901955714,4.452851980504162],[103.07793010288606,4.457904239375107],[103.07969434527932,4.462871217211281],[103.08171691107121,4.467739301700464],[103.08399225654945,4.472495151825312],[103.08651414515028,4.477125734407742],[103.08927566455228,4.481618359807194],[103.09226924562275,4.485960716675117],[103.09548668316407,4.490140905670675],[103.09891915840358,4.494147472045622],[103.10255726316521,4.497969437009534],[103.10639102565669,4.501596327789366],[103.11040993780158,4.505018206301763],[103.11460298404094,4.508225696359665],[103.11895867152654,4.511210009338923],[103.12346506162176,4.51396296823521],[103.12810980262454,4.516477030045492],[103.13288016362267,4.518745306413008],[103.13776306938823,4.520761582479678],[103.14274513621592,4.52252033389453],[103.14781270860688,4.524016741931681],[103.1529518966974,4.525246706676966],[103.15814861433017,4.526206858247118],[103.16338861766339,4.526894566011034],[103.16865754421211,4.527307945788046],[103.17394095221493,4.527445865003559],[103.17922436021775,4.527307945788046],[103.18449328676647,4.526894566011034],[103.18973329009968,4.526206858247118],[103.19493000773245,4.525246706676966],[103.20006919582299,4.524016741931681],[103.20513676821393,4.52252033389453],[103.21011883504163,4.520761582479678],[103.21500174080718,4.518745306413008],[103.21977210180532,4.516477030045492],[103.22441684280811,4.51396296823521],[103.22892323290331,4.511210009338923],[103.23327892038893,4.508225696359665],[103.23747196662829,4.505018206301763],[103.24149087877315,4.501596327789366],[103.24532464126466,4.497969437009534],[103.2489627460263,4.494147472045622],[103.25239522126579,4.490140905670675],[103.2556126588071,4.485960716675117],[103.25860623987758,4.481618359807194],[103.26136775927958,4.477125734407742],[103.2638896478804,4.472495151825312],[103.26616499335864,4.467739301700464],[103.26818755915055,4.462871217211281],[103.26995180154381,4.457904239375107],[103.2714528848727,4.452851980504162],[103.27268669477218,4.447728286914836],[103.27364984945498,4.442547200992773],[103.27433970898117,4.437322922717474],[103.2747543824937,4.432069770751746],[103.27489273340127,4.426802143202597]],[[102.88851926024445,5.055963521150189],[102.88838090933687,5.050700649015488],[102.88796623582436,5.045452159497906],[102.88727637629817,5.04023243891028],[102.88631322161535,5.035055795053323],[102.88507941171589,5.029936417988503],[102.88357832838697,5.024888341129866],[102.88181408599372,5.019925402762025],[102.87979152020183,5.015061208089539],[102.87751617472358,5.010309091922312],[102.87499428612277,5.005682082099435],[102.87223276672076,5.001192863751899],[102.86923918565029,4.996853744502592],[102.86602174810898,4.992676620699359],[102.86258927286947,4.988672944773741],[102.85895116810784,4.98485369381565],[102.85511740561634,4.981229339450101],[102.85109849347147,4.977809819099197],[102.8469054472321,4.974604508708495],[102.84254975974649,4.971622197012753],[102.83804336965129,4.968871061412068],[102.8333986286485,4.966358645524956],[102.82862826765037,4.964091838480105],[102.82374536188482,4.962076856004016],[102.81876329505711,4.960319223356525],[102.81369572266617,4.95882376016155],[102.80855653457563,4.95759456717455],[102.80335981694286,4.956635015023413],[102.79811981360965,4.955947734953901],[102.79285088706092,4.955534611604835],[102.78756747905811,4.955396777833487],[102.78228407105529,4.955534611604835],[102.77701514450656,4.955947734953901],[102.77177514117336,4.956635015023413],[102.7665784235406,4.95759456717455],[102.76143923545006,4.95882376016155],[102.7563716630591,4.960319223356525],[102.75138959623142,4.962076856004016],[102.74650669046586,4.964091838480105],[102.74173632946773,4.966358645524956],[102.73709158846492,4.968871061412068],[102.73258519836972,4.971622197012753],[102.7282295108841,4.974604508708495],[102.72403646464474,4.977809819099197],[102.72001755249988,4.981229339450101],[102.71618379000837,4.98485369381565],[102.71254568524674,4.988672944773741],[102.70911321000725,4.992676620699359],[102.70589577246594,4.996853744502592],[102.70290219139547,5.001192863751899],[102.70014067199345,5.005682082099435],[102.69761878339264,5.010309091922312],[102.6953434379144,5.015061208089539],[102.6933208721225,5.019925402762025],[102.69155662972923,5.024888341129866],[102.69005554640033,5.029936417988503],[102.68882173650087,5.035055795053323],[102.68785858181806,5.04023243891028],[102.68716872229187,5.045452159497906],[102.68675404877935,5.050700649015488],[102.68661569787177,5.055963521150189],[102.68675404877935,5.061226350515793],[102.68716872229187,5.066474712194669],[102.68785858181806,5.071694221274621],[102.68882173650087,5.076870572272259],[102.69005554640033,5.081989578334753],[102.69155662972923,5.08703721011284],[102.6933208721225,5.091999634198347],[102.6953434379144,5.09686325102131],[102.69761878339264,5.101614732102859],[102.70014067199345,5.106241056562077],[102.70290219139547,5.110729546776962],[102.70589577246594,5.115067903102203],[102.70911321000725,5.119244237548746],[102.71254568524674,5.1232471063334],[102.71618379000837,5.127065541209479],[102.72001755249988,5.130689079493131],[102.72403646464474,5.134107792703388],[102.7282295108841,5.137312313737909],[102.73258519836972,5.140293862510299],[102.73709158846492,5.143044269979169],[102.74173632946773,5.145556000503579],[102.74650669046586,5.14782217246377],[102.75138959623142,5.149836577091379],[102.7563716630591,5.151593695457554],[102.76143923545006,5.153088713572946],[102.7665784235406,5.15431753555847],[102.77177514117336,5.155276794850978],[102.77701514450656,5.155963863413349],[102.78228407105529,5.156376858924026],[102.78756747905811,5.15651464992638],[102.79285088706092,5.156376858924026],[102.79811981360965,5.155963863413349],[102.80335981694286,5.155276794850978],[102.80855653457563,5.15431753555847],[102.81369572266617,5.153088713572946],[102.81876329505711,5.151593695457554],[102.82374536188482,5.149836577091379],[102.82862826765037,5.14782217246377],[102.8333986286485,5.145556000503579],[102.83804336965129,5.143044269979169],[102.84254975974649,5.140293862510299],[102.8469054472321,5.137312313737909],[102.85109849347147,5.134107792703388],[102.85511740561634,5.130689079493131],[102.85895116810784,5.127065541209479],[102.86258927286947,5.1232471063334],[102.86602174810898,5.119244237548746],[102.86923918565029,5.115067903102203],[102.87223276672076,5.110729546776962],[102.87499428612277,5.106241056562077],[102.87751617472358,5.101614732102859],[102.87979152020183,5.09686325102131],[102.88181408599372,5.091999634198347],[102.88357832838697,5.08703721011284],[102.88507941171589,5.081989578334753],[102.88631322161535,5.076870572272259],[102.88727637629817,5.071694221274621],[102.88796623582436,5.066474712194669],[102.88838090933687,5.061226350515793],[102.88851926024445,5.055963521150189]],[[100.46105257275694,5.659501527316491],[100.46091422184936,5.654243849262145],[100.46049954833686,5.649000534566366],[100.45980968881067,5.643785955419858],[100.45884653412784,5.638614405633246],[100.45761272422838,5.633500061447137],[100.45611164089946,5.628456942660335],[100.45434739850621,5.623498874183109],[100.45232483271432,5.618639448120913],[100.45004948723607,5.613891986493013],[100.44752759863525,5.609269504688246],[100.44476607923325,5.60478467575849],[100.44177249816276,5.60044979564821],[100.43855506062145,5.596276749455577],[100.43512258538196,5.59227697881807],[100.43148448062033,5.588461450512433],[100.42765071812882,5.584840626355539],[100.42363180598396,5.581424434488823],[100.4194387597446,5.578222242125769],[100.41508307225898,5.575242829837275],[100.41057668216378,5.57249436744611],[100.40593194116099,5.569984391596493],[100.40116158016285,5.56771978506131],[100.3962786743973,5.565706757843362],[100.3912966075696,5.563950830123328],[100.38622903517866,5.562456817101268],[100.38108984708813,5.561228815773517],[100.37589312945533,5.560270193681554],[100.37065312612214,5.559583579663816],[100.36538419957341,5.559170856636067],[100.3601007915706,5.559033156420268],[100.35481738356778,5.559170856636067],[100.34954845701905,5.559583579663816],[100.34430845368585,5.560270193681554],[100.33911173605307,5.561228815773517],[100.33397254796255,5.562456817101268],[100.32890497557159,5.563950830123328],[100.32392290874391,5.565706757843362],[100.31904000297835,5.56771978506131],[100.3142696419802,5.569984391596493],[100.30962490097743,5.57249436744611],[100.30511851088221,5.575242829837275],[100.30076282339661,5.578222242125769],[100.29656977715725,5.581424434488823],[100.29255086501237,5.584840626355539],[100.28871710252088,5.588461450512433],[100.28507899775924,5.59227697881807],[100.28164652251974,5.596276749455577],[100.27842908497843,5.60044979564821],[100.27543550390794,5.60478467575849],[100.27267398450594,5.609269504688246],[100.27015209590512,5.613891986493013],[100.26787675042688,5.618639448120913],[100.26585418463499,5.623498874183109],[100.26408994224172,5.628456942660335],[100.2625888589128,5.633500061447137],[100.26135504901336,5.638614405633246],[100.26039189433054,5.643785955419858],[100.25970203480435,5.649000534566366],[100.25928736129184,5.654243849262145],[100.25914901038426,5.659501527316491],[100.25928736129184,5.664759157559303],[100.25970203480435,5.670002329344324],[100.26039189433054,5.675216672046642],[100.26135504901336,5.680387894446115],[100.2625888589128,5.68550182388914],[100.26408994224172,5.690544445120882],[100.26585418463499,5.695501938682457],[100.26787675042688,5.700360718767294],[100.27015209590512,5.705107470433596],[100.27267398450594,5.709729186071085],[100.27543550390794,5.714213201022143],[100.27842908497843,5.718547228260438],[100.28164652251974,5.722719392032079],[100.28507899775924,5.726718260367598],[100.28871710252088,5.730532876376033],[100.29255086501237,5.734152788235854],[100.29656977715725,5.737568077800923],[100.30076282339661,5.740769387743583],[100.30511851088221,5.743747947160883],[100.30962490097743,5.746495595574291],[100.3142696419802,5.749004805257673],[100.31904000297835,5.751268701832417],[100.32392290874391,5.753281083074162],[100.32890497557159,5.755036435879677],[100.33397254796255,5.756529951347759],[100.33911173605307,5.757757537933355],[100.34430845368585,5.75871583263898],[100.34954845701905,5.7594022102131],[100.35481738356778,5.759814790330448],[100.3601007915706,5.759952442734852],[100.36538419957341,5.759814790330448],[100.37065312612214,5.7594022102131],[100.37589312945533,5.75871583263898],[100.38108984708813,5.757757537933355],[100.38622903517866,5.756529951347759],[100.3912966075696,5.755036435879677],[100.3962786743973,5.753281083074162],[100.40116158016285,5.751268701832417],[100.40593194116099,5.749004805257673],[100.41057668216378,5.746495595574291],[100.41508307225898,5.743747947160883],[100.4194387597446,5.740769387743583],[100.42363180598396,5.737568077800923],[100.42765071812882,5.734152788235854],[100.43148448062033,5.730532876376033],[100.43512258538196,5.726718260367598],[100.43855506062145,5.722719392032079],[100.44177249816276,5.718547228260438],[100.44476607923325,5.714213201022143],[100.44752759863525,5.709729186071085],[100.45004948723607,5.705107470433596],[100.45232483271432,5.700360718767294],[100.45434739850621,5.695501938682457],[100.45611164089946,5.690544445120882],[100.45761272422838,5.68550182388914],[100.45884653412784,5.680387894446115],[100.45980968881067,5.675216672046642],[100.46049954833686,5.670002329344324],[100.46091422184936,5.664759157559303],[100.46105257275694,5.659501527316491]],[[100.62659329766588,5.339023264153352],[100.62645494675829,5.333762755364258],[100.62604027324578,5.328516620356742],[100.62535041371959,5.323299239019057],[100.62438725903677,5.318124912788202],[100.6231534491373,5.31300782543967],[100.62165236580842,5.307962004195885],[100.61988812341514,5.303001281260074],[100.61786555762325,5.29813925588132],[100.615590212145,5.293389257055018],[100.61306832354418,5.288764306961146],[100.61030680414218,5.284277085240945],[100.6073132230717,5.279939894210255],[100.60409578553039,5.275764625105271],[100.6006633102909,5.271762725453492],[100.59702520552926,5.267945167659728],[100.59319144303775,5.264322418893765],[100.5891725308929,5.260904412362531],[100.58497948465353,5.257700520045886],[100.58062379716792,5.254719526971309],[100.57611740707272,5.251969607098226],[100.57147266606992,5.249458300878563],[100.56670230507179,5.247192494555447],[100.56181939930623,5.24517840125693],[100.55683733247854,5.243421543937185],[100.55176976008758,5.241926740212017],[100.54663057199706,5.240698089130584],[100.54143385436429,5.239738959919888],[100.53619385103107,5.239051982733045],[100.53092492448235,5.238639041426882],[100.52564151647954,5.238501268388721],[100.52035810847671,5.238639041426882],[100.51508918192799,5.239051982733045],[100.50984917859478,5.239738959919888],[100.504652460962,5.240698089130584],[100.49951327287148,5.241926740212017],[100.49444570048051,5.243421543937185],[100.48946363365283,5.24517840125693],[100.48458072788728,5.247192494555447],[100.47981036688914,5.249458300878563],[100.47516562588636,5.251969607098226],[100.47065923579115,5.254719526971309],[100.46630354830553,5.257700520045886],[100.46211050206617,5.260904412362531],[100.4580915899213,5.264322418893765],[100.45425782742981,5.267945167659728],[100.45061972266816,5.271762725453492],[100.44718724742866,5.275764625105271],[100.44396980988735,5.279939894210255],[100.44097622881688,5.284277085240945],[100.43821470941486,5.288764306961146],[100.43569282081405,5.293389257055018],[100.43341747533582,5.29813925588132],[100.43139490954393,5.303001281260074],[100.42963066715066,5.307962004195885],[100.42812958382174,5.31300782543967],[100.4268957739223,5.318124912788202],[100.42593261923948,5.323299239019057],[100.42524275971329,5.328516620356742],[100.42482808620078,5.333762755364258],[100.4246897352932,5.339023264153352],[100.42482808620078,5.344283727805946],[100.42524275971329,5.349529727898481],[100.42593261923948,5.354746886020881],[100.4268957739223,5.359920903181743],[100.42812958382174,5.365037598991793],[100.42963066715066,5.370082950518438],[100.43139490954393,5.375043130704781],[100.43341747533582,5.37990454624823],[100.43569282081405,5.38465387483487],[100.43821470941486,5.389278101628051],[100.44097622881688,5.393764554911177],[100.44396980988735,5.398100940787581],[100.44718724742866,5.402275376842495],[100.45061972266816,5.406276424675538],[100.45425782742981,5.410093121214596],[100.4580915899213,5.413715008725956],[100.46211050206617,5.417132163438796],[100.46630354830553,5.420335222705945],[100.47065923579115,5.42331541062696],[100.47516562588636,5.42606456206386],[100.47981036688914,5.428575144983837],[100.48458072788728,5.430840281068372],[100.48946363365283,5.432853764532678],[100.49444570048051,5.434610079104024],[100.49951327287148,5.436104413113069],[100.504652460962,5.437332672656924],[100.50984917859478,5.438291492798352],[100.51508918192799,5.438978246770456],[100.52035810847671,5.439391053161994],[100.52564151647954,5.439528781063758],[100.53092492448235,5.439391053161994],[100.53619385103107,5.438978246770456],[100.54143385436429,5.438291492798352],[100.54663057199706,5.437332672656924],[100.55176976008758,5.436104413113069],[100.55683733247854,5.434610079104024],[100.56181939930623,5.432853764532678],[100.56670230507179,5.430840281068372],[100.57147266606992,5.428575144983837],[100.57611740707272,5.42606456206386],[100.58062379716792,5.42331541062696],[100.58497948465353,5.420335222705945],[100.5891725308929,5.417132163438796],[100.59319144303775,5.413715008725956],[100.59702520552926,5.410093121214596],[100.6006633102909,5.406276424675538],[100.60409578553039,5.402275376842495],[100.6073132230717,5.398100940787581],[100.61030680414218,5.393764554911177],[100.61306832354418,5.389278101628051],[100.615590212145,5.38465387483487],[100.61786555762325,5.37990454624823],[100.61988812341514,5.375043130704781],[100.62165236580842,5.370082950518438],[100.6231534491373,5.365037598991793],[100.62438725903677,5.359920903181743],[100.62535041371959,5.354746886020881],[100.62604027324578,5.349529727898481],[100.62645494675829,5.344283727805946],[100.62659329766588,5.339023264153352]],[[100.56603666166629,5.147220985262215],[100.56589831075871,5.141958861033992],[100.5654836372462,5.136711116612323],[100.56479377772001,5.131492136277132],[100.56383062303719,5.126316225815654],[100.56259681313773,5.121197573300591],[100.56109572980883,5.116150210187292],[100.55933148741556,5.111187972836616],[100.55730892162366,5.106324464569393],[100.55503357614542,5.101573018356532],[100.55251168754461,5.096946660247401],[100.54975016814261,5.092458073636941],[100.54675658707212,5.088119564469928],[100.5435391495308,5.083943027477952],[100.54010667429131,5.07993991354206],[100.53646856952967,5.076121198271029],[100.53263480703816,5.072497351881447],[100.5286158948933,5.069078310462984],[100.52442284865394,5.065873448707713],[100.52006716116834,5.062891554178623],[100.51556077107313,5.060140803188397],[100.51091603007035,5.057628738354778],[100.5061456690722,5.055362247894553],[100.50126276330664,5.053347546713096],[100.49628069647896,5.051590159341648],[100.491213124088,5.050094904769598],[100.48607393599748,5.048865883213236],[100.4808772183647,5.047906464857831],[100.4756372150315,5.047219280603877],[100.47036828848277,5.046806214843156],[100.46508488047995,5.046668400284418],[100.45980147247712,5.046806214843156],[100.4545325459284,5.047219280603877],[100.4492925425952,5.047906464857831],[100.44409582496242,5.048865883213236],[100.4389566368719,5.050094904769598],[100.43388906448094,5.051590159341648],[100.42890699765326,5.053347546713096],[100.4240240918877,5.055362247894553],[100.41925373088955,5.057628738354778],[100.41460898988677,5.060140803188397],[100.41010259979156,5.062891554178623],[100.40574691230596,5.065873448707713],[100.40155386606659,5.069078310462984],[100.39753495392172,5.072497351881447],[100.39370119143022,5.076121198271029],[100.39006308666859,5.07993991354206],[100.3866306114291,5.083943027477952],[100.38341317388777,5.088119564469928],[100.38041959281729,5.092458073636941],[100.3776580734153,5.096946660247401],[100.37513618481448,5.101573018356532],[100.37286083933623,5.106324464569393],[100.37083827354434,5.111187972836616],[100.36907403115107,5.116150210187292],[100.36757294782217,5.121197573300591],[100.36633913792271,5.126316225815654],[100.36537598323989,5.131492136277132],[100.3646861237137,5.136711116612323],[100.36427145020119,5.141958861033992],[100.36413309929361,5.147220985262215],[100.36427145020119,5.152483065957637],[100.3646861237137,5.157730680257828],[100.36537598323989,5.162949445308548],[100.36633913792271,5.168125057681229],[100.36757294782217,5.173243332569136],[100.36907403115107,5.17829024265429],[100.37083827354434,5.183251956539316],[100.37286083933623,5.18811487663857],[100.37513618481448,5.192865676425295],[100.3776580734153,5.197491336932515],[100.38041959281729,5.201979182408369],[100.38341317388777,5.206316915028109],[100.3866306114291,5.210492648568183],[100.39006308666859,5.214494940950325],[100.39370119143022,5.218312825566921],[100.39753495392172,5.221935841302168],[100.40155386606659,5.225354061167212],[100.40574691230596,5.228558119471115],[100.41010259979156,5.231539237453645],[100.41460898988677,5.234289247310128],[100.41925373088955,5.236800614542804],[100.4240240918877,5.239066458577935],[100.42890699765326,5.24108057159252],[100.43388906448094,5.242837435499334],[100.4389566368719,5.244332237044206],[100.44409582496242,5.245560880974264],[100.4492925425952,5.246520001241596],[100.4545325459284,5.247206970211603],[100.45980147247712,5.247619905851188],[100.46508488047995,5.24775767687724],[100.47036828848277,5.247619905851188],[100.4756372150315,5.247206970211603],[100.4808772183647,5.246520001241596],[100.48607393599748,5.245560880974264],[100.491213124088,5.244332237044206],[100.49628069647896,5.242837435499334],[100.50126276330664,5.24108057159252],[100.5061456690722,5.239066458577935],[100.51091603007035,5.236800614542804],[100.51556077107313,5.234289247310128],[100.52006716116834,5.231539237453645],[100.52442284865394,5.228558119471115],[100.5286158948933,5.225354061167212],[100.53263480703816,5.221935841302168],[100.53646856952967,5.218312825566921],[100.54010667429131,5.214494940950325],[100.5435391495308,5.210492648568183],[100.54675658707212,5.206316915028109],[100.54975016814261,5.201979182408369],[100.55251168754461,5.197491336932515],[100.55503357614542,5.192865676425295],[100.55730892162366,5.18811487663857],[100.55933148741556,5.183251956539316],[100.56109572980883,5.17829024265429],[100.56259681313773,5.173243332569136],[100.56383062303719,5.168125057681229],[100.56479377772001,5.162949445308548],[100.5654836372462,5.157730680257828],[100.56589831075871,5.152483065957637],[100.56603666166629,5.147220985262215]],[[100.22170516475266,5.517934447230731],[100.22156681384509,5.512675498448393],[100.22115214033258,5.507430917683754],[100.22046228080639,5.502215080583265],[100.21949912612357,5.497042284381584],[100.2182653162241,5.49192670870245],[100.21676423289519,5.486882376678104],[100.21499999050194,5.481923116493755],[100.21297742471005,5.47706252346293],[100.2107020792318,5.472313922737971],[100.20818019063098,5.467690332757879],[100.20541867122897,5.463204429534229],[100.2024250901585,5.458868511873464],[100.19920765261719,5.454694467631067],[100.19577517737768,5.450693741090534],[100.19213707261605,5.446877301557139],[100.18830331012455,5.443255613252735],[100.18428439797968,5.439838606594741],[100.18009135174032,5.436635650938321],[100.1757356642547,5.433655528856976],[100.1712292741595,5.430906412032297],[100.16658453315671,5.428395838819717],[100.16181417215859,5.42613069355161],[100.15693126639303,5.424117187635336],[100.15194919956532,5.422360842498058],[100.14688162717438,5.42086647442559],[100.14174243908384,5.419638181336908],[100.13654572145107,5.418679331531058],[100.13130571811786,5.417992554437402],[100.12603679156913,5.417579733394665],[100.12075338356632,5.417442000478935],[100.1154699755635,5.417579733394665],[100.11020104901478,5.417992554437402],[100.10496104568158,5.418679331531058],[100.0997643280488,5.419638181336908],[100.09462513995827,5.42086647442559],[100.08955756756731,5.422360842498058],[100.08457550073963,5.424117187635336],[100.07969259497408,5.42613069355161],[100.07492223397594,5.428395838819717],[100.07027749297313,5.430906412032297],[100.06577110287793,5.433655528856976],[100.06141541539233,5.436635650938321],[100.05722236915295,5.439838606594741],[100.0532034570081,5.443255613252735],[100.04936969451659,5.446877301557139],[100.04573158975495,5.450693741090534],[100.04229911451546,5.454694467631067],[100.03908167697415,5.458868511873464],[100.03608809590368,5.463204429534229],[100.03332657650166,5.467690332757879],[100.03080468790084,5.472313922737971],[100.02852934242262,5.47706252346293],[100.02650677663071,5.481923116493755],[100.02474253423745,5.486882376678104],[100.02324145090854,5.49192670870245],[100.02200764100908,5.497042284381584],[100.02104448632628,5.502215080583265],[100.02035462680008,5.507430917683754],[100.01993995328756,5.512675498448393],[100.01980160237999,5.517934447230731],[100.01993995328756,5.523193349382473],[100.02035462680008,5.528437790766237],[100.02104448632628,5.53365339726267],[100.02200764100908,5.538825874163683],[100.02324145090854,5.543941045343816],[100.02474253423745,5.548984892102677],[100.02650677663071,5.553943591571738],[100.02852934242262,5.558803554580773],[100.03080468790084,5.563551462880123],[100.03332657650166,5.568174305617188],[100.03608809590368,5.572659414967328],[100.03908167697415,5.576994500821965],[100.04229911451546,5.581167684439088],[100.04573158975495,5.585167530964389],[100.04936969451659,5.58898308073424],[100.0532034570081,5.592603879275215],[100.05722236915295,5.596020005918334],[100.06141541539233,5.599222100950053],[100.06577110287793,5.602201391226059],[100.07027749297313,5.604949714178131],[100.07492223397594,5.607459540148715],[100.07969259497408,5.609723992992332],[100.08457550073963,5.611736868887961],[100.08955756756731,5.613492653311043],[100.09462513995827,5.61498653611907],[100.0997643280488,5.616214424709693],[100.10496104568158,5.617172955215613],[100.11020104901478,5.617859501705786],[100.1154699755635,5.618272183368016],[100.12075338356632,5.618409869653266],[100.12603679156913,5.618272183368016],[100.13130571811786,5.617859501705786],[100.13654572145107,5.617172955215613],[100.14174243908384,5.616214424709693],[100.14688162717438,5.61498653611907],[100.15194919956532,5.613492653311043],[100.15693126639303,5.611736868887961],[100.16181417215859,5.609723992992332],[100.16658453315671,5.607459540148715],[100.1712292741595,5.604949714178131],[100.1757356642547,5.602201391226059],[100.18009135174032,5.599222100950053],[100.18428439797968,5.596020005918334],[100.18830331012455,5.592603879275215],[100.19213707261605,5.58898308073424],[100.19577517737768,5.585167530964389],[100.19920765261719,5.581167684439088],[100.2024250901585,5.576994500821965],[100.20541867122897,5.572659414967328],[100.20818019063098,5.568174305617188],[100.2107020792318,5.563551462880123],[100.21297742471005,5.558803554580773],[100.21499999050194,5.553943591571738],[100.21676423289519,5.548984892102677],[100.2182653162241,5.543941045343816],[100.21949912612357,5.538825874163683],[100.22046228080639,5.53365339726267],[100.22115214033258,5.528437790766237],[100.22156681384509,5.523193349382473],[100.22170516475266,5.517934447230731]],[[100.36419654695578,5.142180092523486],[100.3640581960482,5.136917926633954],[100.3636435225357,5.131670140707179],[100.3629536630095,5.1264511191363],[100.36199050832668,5.121275167820762],[100.36075669842722,5.116156474944028],[100.35925561509832,5.111109072070589],[100.35749137270506,5.10614679566849],[100.35546880691315,5.101283249163506],[100.35319346143493,5.096531765629012],[100.3506715728341,5.091905371214104],[100.34791005343209,5.087416749410449],[100.34491647236162,5.083078206256348],[100.34169903482031,5.078901636573447],[100.33826655958082,5.074898491329218],[100.33462845481918,5.071079746214953],[100.33079469232767,5.067455871525737],[100.32677578018281,5.064036803425537],[100.32258273394343,5.060831916676246],[100.31822704645784,5.057849998906169],[100.31372065636263,5.05509922648861],[100.30907591535984,5.052587142097086],[100.30430555436169,5.050320633999223],[100.29942264859613,5.048305917146129],[100.29444058176846,5.046548516109721],[100.2893730093775,5.045053249914702],[100.28423382128697,5.043824218807428],[100.27903710365419,5.042864792997857],[100.27379710032099,5.042177603405724],[100.26852817377227,5.041764534436562],[100.26324476576944,5.041626718807415],[100.25796135776663,5.041764534436562],[100.25269243121791,5.042177603405724],[100.2474524278847,5.042864792997857],[100.24225571025192,5.043824218807428],[100.23711652216139,5.045053249914702],[100.23204894977044,5.046548516109721],[100.22706688294274,5.048305917146129],[100.2221839771772,5.050320633999223],[100.21741361617906,5.052587142097086],[100.21276887517627,5.05509922648861],[100.20826248508106,5.057849998906169],[100.20390679759545,5.060831916676246],[100.19971375135609,5.064036803425537],[100.19569483921121,5.067455871525737],[100.19186107671972,5.071079746214953],[100.18822297195808,5.074898491329218],[100.18479049671859,5.078901636573447],[100.18157305917727,5.083078206256348],[100.1785794781068,5.087416749410449],[100.1758179587048,5.091905371214104],[100.17329607010397,5.096531765629012],[100.17102072462572,5.101283249163506],[100.16899815883383,5.10614679566849],[100.16723391644058,5.111109072070589],[100.16573283311166,5.116156474944028],[100.1644990232122,5.121275167820762],[100.16353586852938,5.1264511191363],[100.16284600900319,5.131670140707179],[100.16243133549068,5.136917926633954],[100.1622929845831,5.142180092523486],[100.16243133549068,5.147442214922393],[100.16284600900319,5.152689870853767],[100.16353586852938,5.157908677348718],[100.1644990232122,5.163084330864278],[100.16573283311166,5.168202646479683],[100.16723391644058,5.173249596763868],[100.16899815883383,5.178211350207437],[100.17102072462572,5.183074309114281],[100.17329607010397,5.187825146848902],[100.1758179587048,5.19245084433773],[100.1785794781068,5.196938725724781],[100.18157305917727,5.201276493083926],[100.18479049671859,5.205452260093307],[100.18822297195808,5.209454584579714],[100.19186107671972,5.213272499844275],[100.19569483921121,5.216895544683875],[100.19971375135609,5.220313792026596],[100.20390679759545,5.22351787610289],[100.20826248508106,5.226499018078722],[100.21276887517627,5.229249050080544],[100.21741361617906,5.231760437546966],[100.2221839771772,5.234026299845987],[100.22706688294274,5.236040429101998],[100.23204894977044,5.237797307180932],[100.23711652216139,5.239292120787675],[100.24225571025192,5.240520774634486],[100.2474524278847,5.241479902644765],[100.25269243121791,5.242166877161506],[100.25796135776663,5.242579816135597],[100.26324476576944,5.242717588274209],[100.26852817377227,5.242579816135597],[100.27379710032099,5.242166877161506],[100.27903710365419,5.241479902644765],[100.28423382128697,5.240520774634486],[100.2893730093775,5.239292120787675],[100.29444058176846,5.237797307180932],[100.29942264859613,5.236040429101998],[100.30430555436169,5.234026299845987],[100.30907591535984,5.231760437546966],[100.31372065636263,5.229249050080544],[100.31822704645784,5.226499018078722],[100.32258273394343,5.22351787610289],[100.32677578018281,5.220313792026596],[100.33079469232767,5.216895544683875],[100.33462845481918,5.213272499844275],[100.33826655958082,5.209454584579714],[100.34169903482031,5.205452260093307],[100.34491647236162,5.201276493083926],[100.34791005343209,5.196938725724781],[100.3506715728341,5.19245084433773],[100.35319346143493,5.187825146848902],[100.35546880691315,5.183074309114281],[100.35749137270506,5.178211350207437],[100.35925561509832,5.173249596763868],[100.36075669842722,5.168202646479683],[100.36199050832668,5.163084330864278],[100.3629536630095,5.157908677348718],[100.3636435225357,5.152689870853767],[100.3640581960482,5.147442214922393],[100.36419654695578,5.142180092523486]],[[100.62336453182412,5.539991814874599],[100.62322618091653,5.534733061971314],[100.62281150740402,5.529488676365522],[100.62212164787783,5.524273033170985],[100.62115849319501,5.519100429094615],[100.61992468329557,5.513985043238745],[100.61842359996665,5.508940898221842],[100.61665935757338,5.50398182172441],[100.61463679178149,5.499121408565632],[100.61236144630325,5.494372983414988],[100.60983955770244,5.489749564241496],[100.60707803830043,5.485263826600678],[100.60408445722996,5.480928068857999],[100.60086701968865,5.476754178444097],[100.59743454444916,5.47275359923482],[100.59379643968751,5.468937300145853],[100.58996267719601,5.465315745028563],[100.58594376505116,5.461898863949732],[100.58175071881179,5.458696025934599],[100.57739503132616,5.455716013248166],[100.57288864123096,5.452966997285721],[100.56824390022817,5.450456516139079],[100.56347353923003,5.448191453900407],[100.55859063346448,5.446178021760725],[100.5536085666368,5.444421740955217],[100.54854099424583,5.442927427602424],[100.5434018061553,5.441699179479254],[100.53820508852253,5.44074036476805],[100.53296508518933,5.440053612807163],[100.52769615864061,5.439640806870191],[100.52241275063777,5.439503078994075],[100.51712934263496,5.439640806870191],[100.51186041608624,5.440053612807163],[100.50662041275304,5.44074036476805],[100.50142369512027,5.441699179479254],[100.49628450702973,5.442927427602424],[100.49121693463877,5.444421740955217],[100.48623486781108,5.446178021760725],[100.48135196204552,5.448191453900407],[100.4765816010474,5.450456516139079],[100.4719368600446,5.452966997285721],[100.46743046994939,5.455716013248166],[100.46307478246378,5.458696025934599],[100.45888173622441,5.461898863949732],[100.45486282407956,5.465315745028563],[100.45102906158806,5.468937300145853],[100.44739095682641,5.47275359923482],[100.44395848158692,5.476754178444097],[100.44074104404561,5.480928068857999],[100.43774746297514,5.485263826600678],[100.43498594357312,5.489749564241496],[100.43246405497231,5.494372983414988],[100.43018870949406,5.499121408565632],[100.42816614370217,5.50398182172441],[100.4264019013089,5.508940898221842],[100.42490081798,5.513985043238745],[100.42366700808054,5.519100429094615],[100.42270385339772,5.524273033170985],[100.42201399387153,5.529488676365522],[100.42159932035902,5.534733061971314],[100.42146096945143,5.539991814874599],[100.42159932035902,5.545250520963198],[100.42201399387153,5.550494766637915],[100.42270385339772,5.555710178318084],[100.42366700808054,5.560882461833319],[100.42490081798,5.565997441593423],[100.4264019013089,5.571041099429232],[100.42816614370217,5.575999612997912],[100.43018870949406,5.580859393647873],[100.43246405497231,5.585607123639526],[100.43498594357312,5.590229792620216],[100.43774746297514,5.594714733253686],[100.44074104404561,5.599049655906645],[100.44395848158692,5.603222682297909],[100.44739095682641,5.607222378018074],[100.45102906158806,5.61103778383111],[100.45486282407956,5.614658445672594],[100.45888173622441,5.618074443262659],[100.46307478246378,5.621276417255736],[100.46743046994939,5.624255594853213],[100.4719368600446,5.627003813809226],[100.4765816010474,5.629513544764097],[100.48135196204552,5.631777911844898],[100.48623486781108,5.633790711476907],[100.49121693463877,5.635546429354783],[100.49628450702973,5.637040255527525],[100.50142369512027,5.63826809755587],[100.50662041275304,5.639226591706702],[100.51186041608624,5.63991311215378],[100.51712934263496,5.640325778160022],[100.52241275063777,5.640463459221605],[100.52769615864061,5.640325778160022],[100.53296508518933,5.63991311215378],[100.53820508852253,5.639226591706702],[100.5434018061553,5.63826809755587],[100.54854099424583,5.637040255527525],[100.5536085666368,5.635546429354783],[100.55859063346448,5.633790711476907],[100.56347353923003,5.631777911844898],[100.56824390022817,5.629513544764097],[100.57288864123096,5.627003813809226],[100.57739503132616,5.624255594853213],[100.58175071881179,5.621276417255736],[100.58594376505116,5.618074443262659],[100.58996267719601,5.614658445672594],[100.59379643968751,5.61103778383111],[100.59743454444916,5.607222378018074],[100.60086701968865,5.603222682297909],[100.60408445722996,5.599049655906645],[100.60707803830043,5.594714733253686],[100.60983955770244,5.590229792620216],[100.61236144630325,5.585607123639526],[100.61463679178149,5.580859393647873],[100.61665935757338,5.575999612997912],[100.61842359996665,5.571041099429232],[100.61992468329557,5.565997441593423],[100.62115849319501,5.560882461833319],[100.62212164787783,5.555710178318084],[100.62281150740402,5.550494766637915],[100.62322618091653,5.545250520963198],[100.62336453182412,5.539991814874599]],[[100.28438180496427,5.326864540461878],[100.28424345405669,5.321603927516641],[100.28382878054418,5.316357688739673],[100.283138921018,5.311140204302375],[100.28217576633517,5.305965775922293],[100.28094195643571,5.300848587652064],[100.27944087310681,5.295802666987079],[100.27767663071354,5.29084184639876],[100.27565406492165,5.285979725398819],[100.2733787194434,5.281229633239127],[100.27085683084259,5.276604592349249],[100.26809531144059,5.272117282612629],[100.2651017303701,5.267780006579248],[100.26188429282878,5.263604655710842],[100.25845181758929,5.2596026777513],[100.25481371282766,5.255785045312195],[100.25097995033616,5.252162225759948],[100.24696103819129,5.248744152487546],[100.24276799195192,5.245540197649886],[100.23841230446632,5.242559146438128],[100.2339059143711,5.239809172963576],[100.22926117336833,5.237297817817988],[100.22449081237018,5.235031967371877],[100.21960790660464,5.233017834868061],[100.21462583977694,5.231260943362506],[100.20955826738599,5.22976611055969],[100.20441907929546,5.228537435584135],[100.19922236166268,5.227578287724728],[100.19398235832948,5.226891297182813],[100.18871343178076,5.22647834784977],[100.18343002377793,5.226340572133683],[100.1781466157751,5.22647834784977],[100.17287768922638,5.226891297182813],[100.16763768589318,5.227578287724728],[100.1624409682604,5.228537435584135],[100.15730178016987,5.22976611055969],[100.15223420777892,5.231260943362506],[100.14725214095124,5.233017834868061],[100.14236923518568,5.235031967371877],[100.13759887418753,5.237297817817988],[100.13295413318475,5.239809172963576],[100.12844774308954,5.242559146438128],[100.12409205560394,5.245540197649886],[100.11989900936457,5.248744152487546],[100.11588009721972,5.252162225759948],[100.1120463347282,5.255785045312195],[100.10840822996657,5.2596026777513],[100.10497575472708,5.263604655710842],[100.10175831718577,5.267780006579248],[100.09876473611527,5.272117282612629],[100.09600321671329,5.276604592349249],[100.09348132811246,5.281229633239127],[100.09120598263422,5.285979725398819],[100.08918341684232,5.29084184639876],[100.08741917444905,5.295802666987079],[100.08591809112015,5.300848587652064],[100.08468428122069,5.305965775922293],[100.08372112653787,5.311140204302375],[100.08303126701168,5.316357688739673],[100.08261659349917,5.321603927516641],[100.08247824259159,5.326864540461878],[100.08261659349917,5.332125108372202],[100.08303126701168,5.337371212537892],[100.08372112653787,5.342588474262358],[100.08468428122069,5.347762594268148],[100.08591809112015,5.352879391881252],[100.08741917444905,5.357924843886429],[100.08918341684232,5.362885122947006],[100.09120598263422,5.367746635484357],[100.09348132811246,5.372496058913115],[100.09600321671329,5.377120378130429],[100.09876473611527,5.381606921159738],[100.10175831718577,5.385943393851213],[100.10497575472708,5.390117913544755],[100.10840822996657,5.394119041603002],[100.1120463347282,5.397935814726075],[100.11588009721972,5.401557774962396],[100.11989900936457,5.404974998333845],[100.12409205560394,5.408178121997189],[100.12844774308954,5.411158369867791],[100.13295413318475,5.413907576635897],[100.13759887418753,5.416418210109952],[100.14236923518568,5.418683391826172],[100.14725214095124,5.420696915868529],[100.15223420777892,5.422453265847412],[100.15730178016987,5.423947629991424],[100.1624409682604,5.425175914310745],[100.16763768589318,5.426134753796598],[100.17287768922638,5.426821521626227],[100.1781466157751,5.427234336348337],[100.18343002377793,5.427372067029626],[100.18871343178076,5.427234336348337],[100.19398235832948,5.426821521626227],[100.19922236166268,5.426134753796598],[100.20441907929546,5.425175914310745],[100.20955826738599,5.423947629991424],[100.21462583977694,5.422453265847412],[100.21960790660464,5.420696915868529],[100.22449081237018,5.418683391826172],[100.22926117336833,5.416418210109952],[100.2339059143711,5.413907576635897],[100.23841230446632,5.411158369867791],[100.24276799195192,5.408178121997189],[100.24696103819129,5.404974998333845],[100.25097995033616,5.401557774962396],[100.25481371282766,5.397935814726075],[100.25845181758929,5.394119041603002],[100.26188429282878,5.390117913544755],[100.2651017303701,5.385943393851213],[100.26809531144059,5.381606921159738],[100.27085683084259,5.377120378130429],[100.2733787194434,5.372496058913115],[100.27565406492165,5.367746635484357],[100.27767663071354,5.362885122947006],[100.27944087310681,5.357924843886429],[100.28094195643571,5.352879391881252],[100.28217576633517,5.347762594268148],[100.283138921018,5.342588474262358],[100.28382878054418,5.337371212537892],[100.28424345405669,5.332125108372202],[100.28438180496427,5.326864540461878]],[[100.43554600598681,5.460116888740427],[100.43540765507922,5.45485743021213],[100.43499298156671,5.449612341579382],[100.43430312204052,5.444395999874758],[100.4333399673577,5.439222703706229],[100.43210615745824,5.434106634054359],[100.43060507412935,5.429061815388125],[100.42884083173607,5.424102077205973],[100.42681826594418,5.4192410161078],[100.42454292046592,5.414491958502077],[100.42202103186511,5.409867924050638],[100.41925951246311,5.405381589951584],[100.41626593139263,5.401045256158609],[100.41304849385132,5.396870811632389],[100.40961601861183,5.392869701716992],[100.40597791385018,5.38905289673107],[100.40214415135868,5.385430861860287],[100.39812523921383,5.382013528434165],[100.39393219297446,5.378810266666074],[100.38957650548885,5.375829859931917],[100.38507011539365,5.373080480658158],[100.38042537439085,5.370569667885767],[100.37565501339272,5.368304306571969],[100.37077210762716,5.366290608686816],[100.36579004079947,5.364534096156857],[100.36072246840851,5.363039585702838],[100.35558328031799,5.361811175613368],[100.35038656268522,5.360852234490968],[100.345146559352,5.360165392001687],[100.33987763280328,5.359752531653718],[100.33459422480047,5.359614785624929],[100.32931081679764,5.359752531653718],[100.32404189024892,5.360165392001687],[100.31880188691571,5.360852234490968],[100.31360516928294,5.361811175613368],[100.30846598119241,5.363039585702838],[100.30339840880144,5.364534096156857],[100.29841634197376,5.366290608686816],[100.29353343620821,5.368304306571969],[100.28876307521007,5.370569667885767],[100.28411833420729,5.373080480658158],[100.27961194411208,5.375829859931917],[100.27525625662646,5.378810266666074],[100.2710632103871,5.382013528434165],[100.26704429824223,5.385430861860287],[100.26321053575074,5.38905289673107],[100.2595724309891,5.392869701716992],[100.25613995574959,5.396870811632389],[100.25292251820828,5.401045256158609],[100.24992893713781,5.405381589951584],[100.2471674177358,5.409867924050638],[100.24464552913498,5.414491958502077],[100.24237018365675,5.4192410161078],[100.24034761786486,5.424102077205973],[100.23858337547159,5.429061815388125],[100.23708229214267,5.434106634054359],[100.23584848224323,5.439222703706229],[100.2348853275604,5.444395999874758],[100.23419546803422,5.449612341579382],[100.2337807945217,5.45485743021213],[100.23364244361412,5.460116888740427],[100.2337807945217,5.465376301120784],[100.23419546803422,5.47062125181528],[100.2348853275604,5.475837365302663],[100.23584848224323,5.481010345475349],[100.23708229214267,5.486126014814911],[100.23858337547159,5.491170353238265],[100.24034761786486,5.49612953650866],[100.24237018365675,5.500989974105932],[100.24464552913498,5.505738346452827],[100.2471674177358,5.510361641395368],[100.24992893713781,5.514847189837697],[100.25292251820828,5.519182700433962],[100.25613995574959,5.523356293242587],[100.2595724309891,5.527356532251122],[100.26321053575074,5.531172456682784],[100.26704429824223,5.534793610999409],[100.2710632103871,5.538210073519025],[100.27525625662646,5.541412483570093],[100.27961194411208,5.544392067108278],[100.28411833420729,5.547140660726228],[100.28876307521007,5.549650733990765],[100.29353343620821,5.551915410046843],[100.29841634197376,5.553928484432213],[100.30339840880144,5.555684442051509],[100.30846598119241,5.557178472263692],[100.31360516928294,5.558406482041756],[100.31880188691571,5.559365107169063],[100.32404189024892,5.560051721441652],[100.32931081679764,5.560464443851736],[100.33459422480047,5.5606021437327],[100.33987763280328,5.560464443851736],[100.345146559352,5.560051721441652],[100.35038656268522,5.559365107169063],[100.35558328031799,5.558406482041756],[100.36072246840851,5.557178472263692],[100.36579004079947,5.555684442051509],[100.37077210762716,5.553928484432213],[100.37565501339272,5.551915410046843],[100.38042537439085,5.549650733990765],[100.38507011539365,5.547140660726228],[100.38957650548885,5.544392067108278],[100.39393219297446,5.541412483570093],[100.39812523921383,5.538210073519025],[100.40214415135868,5.534793610999409],[100.40597791385018,5.531172456682784],[100.40961601861183,5.527356532251122],[100.41304849385132,5.523356293242587],[100.41626593139263,5.519182700433962],[100.41925951246311,5.514847189837697],[100.42202103186511,5.510361641395368],[100.42454292046592,5.505738346452827],[100.42681826594418,5.500989974105932],[100.42884083173607,5.49612953650866],[100.43060507412935,5.491170353238265],[100.43210615745824,5.486126014814911],[100.4333399673577,5.481010345475349],[100.43430312204052,5.475837365302663],[100.43499298156671,5.47062125181528],[100.43540765507922,5.465376301120784],[100.43554600598681,5.460116888740427]],[[101.3923517070938,5.424797972741128],[101.3922133561862,5.419538205460231],[101.3917986826737,5.414292809214883],[101.3911088231475,5.409076161877185],[101.39014566846468,5.403902562886836],[101.38891185856524,5.398786194046166],[101.38741077523633,5.393741080633681],[101.38564653284305,5.388781052943103],[101.38362396705116,5.383919708353301],[101.38134862157293,5.379170374033418],[101.37882673297212,5.374546070385759],[101.3760652135701,5.370059475326863],[101.37307163249963,5.365722889505043],[101.36985419495832,5.361548202550189],[101.36642171971882,5.357546860448474],[101.36278361495718,5.353729834132064],[101.35894985246568,5.350107589370205],[101.35493094032081,5.34669005804454],[101.35073789408145,5.343486610888022],[101.34638220659585,5.340506031762306],[101.34187581650063,5.337756493544754],[101.33723107549784,5.33524553569136],[101.3324607144997,5.332980043537559],[101.32757780873415,5.330966229394048],[101.32259574190647,5.329209615489646],[101.3175281695155,5.327715018808385],[101.31238898142497,5.32648653786257],[101.3071922637922,5.325527541438453],[101.301952260459,5.324840659345362],[101.29668333391028,5.324427775193995],[101.29139992590746,5.324290021223896],[101.28611651790463,5.324427775193995],[101.28084759135591,5.324840659345362],[101.2756075880227,5.325527541438453],[101.27041087038992,5.32648653786257],[101.2652716822994,5.327715018808385],[101.26020410990844,5.329209615489646],[101.25522204308075,5.330966229394048],[101.2503391373152,5.332980043537559],[101.24556877631706,5.33524553569136],[101.24092403531428,5.337756493544754],[101.23641764521908,5.340506031762306],[101.23206195773345,5.343486610888022],[101.22786891149408,5.34669005804454],[101.22384999934923,5.350107589370205],[101.22001623685773,5.353729834132064],[101.21637813209608,5.357546860448474],[101.21294565685659,5.361548202550189],[101.20972821931528,5.365722889505043],[101.2067346382448,5.370059475326863],[101.2039731188428,5.374546070385759],[101.20145123024199,5.379170374033418],[101.19917588476373,5.383919708353301],[101.19715331897184,5.388781052943103],[101.19538907657858,5.393741080633681],[101.19388799324967,5.398786194046166],[101.19265418335021,5.403902562886836],[101.19169102866739,5.409076161877185],[101.1910011691412,5.414292809214883],[101.1905864956287,5.419538205460231],[101.1904481447211,5.424797972741128],[101.1905864956287,5.430057694169],[101.1910011691412,5.435302953357644],[101.19169102866739,5.440519373936576],[101.19265418335021,5.445692658950531],[101.19388799324967,5.45080863003719],[101.19538907657858,5.455853266275942],[101.19715331897184,5.460812742601055],[101.19917588476373,5.465673467674605],[101.20145123024199,5.470422121114993],[101.2039731188428,5.475045689979803],[101.2067346382448,5.479531504402926],[101.20972821931528,5.48386727228889],[101.21294565685659,5.488041112969273],[101.21637813209608,5.492041589729906],[101.22001623685773,5.495857741119462],[101.22384999934923,5.499479110954582],[101.22786891149408,5.50289577693951],[101.23206195773345,5.506098377822128],[101.23641764521908,5.509078139012739],[101.24092403531428,5.51182689659542],[101.24556877631706,5.514337119666983],[101.2503391373152,5.516601930942383],[101.25522204308075,5.518615125570761],[101.26020410990844,5.520371188110807],[101.2652716822994,5.521865307619351],[101.27041087038992,5.523093390812047],[101.2756075880227,5.524052073260532],[101.28084759135591,5.52473872859543],[101.28611651790463,5.525151475690423],[101.29139992590746,5.525289183807612],[101.29668333391028,5.525151475690423],[101.301952260459,5.52473872859543],[101.3071922637922,5.524052073260532],[101.31238898142497,5.523093390812047],[101.3175281695155,5.521865307619351],[101.32259574190647,5.520371188110807],[101.32757780873415,5.518615125570761],[101.3324607144997,5.516601930942383],[101.33723107549784,5.514337119666983],[101.34187581650063,5.51182689659542],[101.34638220659585,5.509078139012739],[101.35073789408145,5.506098377822128],[101.35493094032081,5.50289577693951],[101.35894985246568,5.499479110954582],[101.36278361495718,5.495857741119462],[101.36642171971882,5.492041589729906],[101.36985419495832,5.488041112969273],[101.37307163249963,5.48386727228889],[101.3760652135701,5.479531504402926],[101.37882673297212,5.475045689979803],[101.38134862157293,5.470422121114993],[101.38362396705116,5.465673467674605],[101.38564653284305,5.460812742601055],[101.38741077523633,5.455853266275942],[101.38891185856524,5.45080863003719],[101.39014566846468,5.445692658950531],[101.3911088231475,5.440519373936576],[101.3917986826737,5.435302953357644],[101.3922133561862,5.430057694169],[101.3923517070938,5.424797972741128]],[[100.93261541093439,5.117022348495837],[100.9324770600268,5.1117599752948],[100.93206238651429,5.10651198283438],[100.9313725269881,5.101292756071251],[100.93040937230528,5.096116601462991],[100.92917556240582,5.090997707744394],[100.92767447907693,5.085950107022922],[100.92591023668365,5.080987636299924],[100.92388767089176,5.076123899523396],[100.9216123254135,5.071372230276569],[100.9190904368127,5.066745655204691],[100.9163289174107,5.062256858280803],[100.91333533634021,5.057918146008416],[100.9101178987989,5.053741413657331],[100.90668542355941,5.049738112624903],[100.90304731879776,5.045919219013096],[100.89921355630626,5.042295203507545],[100.8951946441614,5.038876002641654],[100.89100159792204,5.035670991524889],[100.88664591043643,5.032688958110493],[100.88213952034123,5.029938079073285],[100.87749477933843,5.02742589736432],[100.8727244183403,5.025159301504063],[100.86784151257474,5.023144506671363],[100.86285944574705,5.021387037640141],[100.85779187335609,5.019891713611099],[100.85265268526557,5.018662634980104],[100.8474559676328,5.017703172079847],[100.84221596429958,5.01701595592582],[100.83694703775086,5.016602870992068],[100.83166362974805,5.016465050036827],[100.82638022174523,5.016602870992068],[100.8211112951965,5.01701595592582],[100.81587129186329,5.017703172079847],[100.81067457423052,5.018662634980104],[100.80553538614,5.019891713611099],[100.80046781374902,5.021387037640141],[100.79548574692134,5.023144506671363],[100.79060284115579,5.025159301504063],[100.78583248015765,5.02742589736432],[100.78118773915487,5.029938079073285],[100.77668134905966,5.032688958110493],[100.77232566157404,5.035670991524889],[100.76813261533468,5.038876002641654],[100.7641137031898,5.042295203507545],[100.76027994069833,5.045919219013096],[100.75664183593668,5.049738112624903],[100.75320936069717,5.053741413657331],[100.74999192315586,5.057918146008416],[100.74699834208539,5.062256858280803],[100.74423682268338,5.066745655204691],[100.74171493408257,5.071372230276569],[100.73943958860433,5.076123899523396],[100.73741702281244,5.080987636299924],[100.73565278041917,5.085950107022922],[100.73415169709025,5.090997707744394],[100.73291788719081,5.096116601462991],[100.73195473250799,5.101292756071251],[100.7312648729818,5.10651198283438],[100.73085019946929,5.1117599752948],[100.7307118485617,5.117022348495837],[100.73085019946929,5.122284678416752],[100.7312648729818,5.127532541510972],[100.73195473250799,5.13275155423917],[100.73291788719081,5.137927412488842],[100.73415169709025,5.143045930772117],[100.73565278041917,5.148093081094935],[100.73741702281244,5.153055031390616],[100.73943958860433,5.157918183413081],[100.74171493408257,5.162669209985796],[100.74423682268338,5.167295091504813],[100.74699834208539,5.171783151595845],[100.74999192315586,5.176121091828239],[100.75320936069717,5.180297025390876],[100.75664183593668,5.184299509638085],[100.76027994069833,5.188117577416769],[100.7641137031898,5.191740767089313],[100.76813261533468,5.195159151170326],[100.77232566157404,5.198363363499155],[100.77668134905966,5.201344624874282],[100.78118773915487,5.204094767079473],[100.78583248015765,5.206606255236558],[100.79060284115579,5.208872208423745],[100.79548574692134,5.210886418503439],[100.80046781374902,5.212643367108374],[100.80553538614,5.214138240739715],[100.81067457423052,5.215366943936255],[100.81587129186329,5.216326110478623],[100.8211112951965,5.217013112598266],[100.82638022174523,5.217426068166137],[100.83166362974805,5.217563845841356],[100.83694703775086,5.217426068166137],[100.84221596429958,5.217013112598266],[100.8474559676328,5.216326110478623],[100.85265268526557,5.215366943936255],[100.85779187335609,5.214138240739715],[100.86285944574705,5.212643367108374],[100.86784151257474,5.210886418503439],[100.8727244183403,5.208872208423745],[100.87749477933843,5.206606255236558],[100.88213952034123,5.204094767079473],[100.88664591043643,5.201344624874282],[100.89100159792204,5.198363363499155],[100.8951946441614,5.195159151170326],[100.89921355630626,5.191740767089313],[100.90304731879776,5.188117577416769],[100.90668542355941,5.184299509638085],[100.9101178987989,5.180297025390876],[100.91333533634021,5.176121091828239],[100.9163289174107,5.171783151595845],[100.9190904368127,5.167295091504813],[100.9216123254135,5.162669209985796],[100.92388767089176,5.157918183413081],[100.92591023668365,5.153055031390616],[100.92767447907693,5.148093081094935],[100.92917556240582,5.143045930772117],[100.93040937230528,5.137927412488842],[100.9313725269881,5.13275155423917],[100.93206238651429,5.127532541510972],[100.9324770600268,5.122284678416752],[100.93261541093439,5.117022348495837]],[[100.49334858326759,4.9595879263999],[100.49321023236001,4.954324278908167],[100.49279555884749,4.949075016962462],[100.4921056993213,4.943854528982929],[100.49114254463848,4.938677124857326],[100.48990873473903,4.933556996708245],[100.48840765141013,4.928508179979691],[100.48664340901685,4.923544514949733],[100.48462084322496,4.918679608774812],[100.48234549774672,4.913926798170237],[100.47982360914591,4.909299112829288],[100.4770620897439,4.904809239681381],[100.47406850867343,4.900469488087741],[100.47085107113212,4.896291756070267],[100.46741859589261,4.892287497666402],[100.46378049113098,4.888467691499999],[100.45994672863948,4.884842810654561],[100.45592781649461,4.88142279393202],[100.45173477025524,4.878217018575826],[100.44737908276964,4.875234274533965],[100.44287269267443,4.872482740332403],[100.43822795167164,4.869969960625737],[100.4334575906735,4.867702825486696],[100.42857468490794,4.865687551491792],[100.42359261808026,4.863929664655122],[100.4185250456893,4.862433985257388],[100.41338585759877,4.861204614612148],[100.408189139966,4.860244923805454],[100.4029491366328,4.859557544440386],[100.39768021008408,4.859144361411558],[100.39239680208125,4.859006507729861],[100.38711339407844,4.859144361411558],[100.38184446752972,4.859557544440386],[100.37660446419649,4.860244923805454],[100.37140774656372,4.861204614612148],[100.3662685584732,4.862433985257388],[100.36120098608224,4.863929664655122],[100.35621891925454,4.865687551491792],[100.35133601348899,4.867702825486696],[100.34656565249087,4.869969960625737],[100.34192091148807,4.872482740332403],[100.33741452139287,4.875234274533965],[100.33305883390724,4.878217018575826],[100.3288657876679,4.88142279393202],[100.32484687552302,4.884842810654561],[100.32101311303153,4.888467691499999],[100.31737500826988,4.892287497666402],[100.31394253303039,4.896291756070267],[100.31072509548908,4.900469488087741],[100.3077315144186,4.904809239681381],[100.30496999501659,4.909299112829288],[100.30244810641578,4.913926798170237],[100.30017276093753,4.918679608774812],[100.29815019514564,4.923544514949733],[100.29638595275239,4.928508179979691],[100.29488486942347,4.933556996708245],[100.29365105952401,4.938677124857326],[100.29268790484119,4.943854528982929],[100.291998045315,4.949075016962462],[100.29158337180249,4.954324278908167],[100.29144502089491,4.9595879263999],[100.29158337180249,4.96485153192957],[100.291998045315,4.970100668448753],[100.29268790484119,4.975320948911557],[100.29365105952401,4.980498065703828],[100.29488486942347,4.985617829851059],[100.29638595275239,4.990666209897316],[100.29815019514564,4.995629370348966],[100.30017276093753,5.000493709577841],[100.30244810641578,5.005245897080215],[100.30496999501659,5.00987290998968],[100.3077315144186,5.014362068744117],[100.31072509548908,5.018701071809365],[100.31394253303039,5.022878029364559],[100.31737500826988,5.02688149585747],[100.32101311303153,5.030700501340567],[100.32484687552302,5.0343245815028],[100.3288657876679,5.037743806314693],[100.33305883390724,5.040948807209142],[100.33741452139287,5.043930802723311],[100.34192091148807,5.046681622532216],[100.34656565249087,5.049193729808328],[100.35133601348899,5.051460241846185],[100.35621891925454,5.053474948896048],[100.36120098608224,5.055232331155427],[100.3662685584732,5.056727573871807],[100.37140774656372,5.057956580516024],[100.37660446419649,5.058915983990059],[100.38184446752972,5.059603155838921],[100.38711339407844,5.060016213441557],[100.39239680208125,5.060154025161281],[100.39768021008408,5.060016213441557],[100.4029491366328,5.059603155838921],[100.408189139966,5.058915983990059],[100.41338585759877,5.057956580516024],[100.4185250456893,5.056727573871807],[100.42359261808026,5.055232331155427],[100.42857468490794,5.053474948896048],[100.4334575906735,5.051460241846185],[100.43822795167164,5.049193729808328],[100.44287269267443,5.046681622532216],[100.44737908276964,5.043930802723311],[100.45173477025524,5.040948807209142],[100.45592781649461,5.037743806314693],[100.45994672863948,5.0343245815028],[100.46378049113098,5.030700501340567],[100.46741859589261,5.02688149585747],[100.47085107113212,5.022878029364559],[100.47406850867343,5.018701071809365],[100.4770620897439,5.014362068744117],[100.47982360914591,5.00987290998968],[100.48234549774672,5.005245897080215],[100.48462084322496,5.000493709577841],[100.48664340901685,4.995629370348966],[100.48840765141013,4.990666209897316],[100.48990873473903,4.985617829851059],[100.49114254463848,4.980498065703828],[100.4921056993213,4.975320948911557],[100.49279555884749,4.970100668448753],[100.49321023236001,4.96485153192957],[100.49334858326759,4.9595879263999]],[[100.7137001106448,4.985383713679292],[100.71356175973722,4.980120272259233],[100.71314708622471,4.974871215605217],[100.71245722669852,4.969650931577315],[100.7114940720157,4.964473729508649],[100.71026026211624,4.959353800974068],[100.70875917878733,4.954305180878167],[100.70699493639407,4.949341708969238],[100.70497237060218,4.944476991885073],[100.70269702512392,4.939724365834703],[100.70017513652313,4.935096860018713],[100.69741361712111,4.930607160888684],[100.69442003605064,4.926267577344002],[100.69120259850932,4.922090006961731],[100.68777012326983,4.918085903352715],[100.68413201850818,4.914266244733248],[100.68029825601668,4.910641503799407],[100.67627934387181,4.907221618986503],[100.67208629763245,4.90401596719323],[100.66773061014685,4.901033338045268],[100.66322422005163,4.898281909769535],[100.65857947904885,4.895769226745383],[100.65380911805072,4.893502178794773],[100.64892621228516,4.891486982268436],[100.64394414545747,4.889729162980118],[100.63887657306651,4.888233541036077],[100.63373738497599,4.887004217601604],[100.62854066734322,4.886044563641089],[100.62330066401,4.885357210662666],[100.61803173746128,4.884944043493038],[100.61274832945846,4.88480619510227],[100.60746492145563,4.884944043493038],[100.60219599490691,4.885357210662666],[100.59695599157371,4.886044563641089],[100.59175927394094,4.887004217601604],[100.58662008585041,4.888233541036077],[100.58155251345944,4.889729162980118],[100.57657044663176,4.891486982268436],[100.57168754086621,4.893502178794773],[100.56691717986807,4.895769226745383],[100.56227243886528,4.898281909769535],[100.55776604877006,4.901033338045268],[100.55341036128446,4.90401596719323],[100.5492173150451,4.907221618986503],[100.54519840290024,4.910641503799407],[100.54136464040873,4.914266244733248],[100.5377265356471,4.918085903352715],[100.5342940604076,4.922090006961731],[100.5310766228663,4.926267577344002],[100.52808304179581,4.930607160888684],[100.52532152239381,4.935096860018713],[100.52279963379299,4.939724365834703],[100.52052428831475,4.944476991885073],[100.51850172252286,4.949341708969238],[100.51673748012958,4.954305180878167],[100.51523639680069,4.959353800974068],[100.51400258690123,4.964473729508649],[100.5130394322184,4.969650931577315],[100.51234957269222,4.974871215605217],[100.51193489917969,4.980120272259233],[100.51179654827212,4.985383713679292],[100.51193489917969,4.990647112921239],[100.51234957269222,4.995896043502966],[100.5130394322184,5.001116118945689],[100.51400258690123,5.006293032201619],[100.51523639680069,5.01141259486019],[100.51673748012958,5.016460776025448],[100.51850172252286,5.021423740758141],[100.52052428831475,5.026287887977197],[100.52279963379299,5.031039887717191],[100.52532152239381,5.035666717639524],[100.52808304179581,5.04015569869786],[100.5310766228663,5.044494529860195],[100.5342940604076,5.0486713217927],[100.5377265356471,5.05267462941343],[100.54136464040873,5.056493483227084],[100.54519840290024,5.060117419355252],[100.5492173150451,5.063536508180175],[100.55341036128446,5.066741381524205],[100.55776604877006,5.069723258290494],[100.56227243886528,5.072473968495373],[100.56691717986807,5.074985975626822],[100.57168754086621,5.077252397268049],[100.57657044663176,5.07926702393032],[100.58155251345944,5.081024336043406],[100.58662008585041,5.082519519057759],[100.59175927394094,5.08374847661706],[100.59695599157371,5.084707841765526],[100.60219599490691,5.085394986159294],[100.60746492145563,5.085808027256937],[100.61274832945846,5.08594583346967],[100.61803173746128,5.085808027256937],[100.62330066401,5.085394986159294],[100.62854066734322,5.084707841765526],[100.63373738497599,5.08374847661706],[100.63887657306651,5.082519519057759],[100.64394414545747,5.081024336043406],[100.64892621228516,5.07926702393032],[100.65380911805072,5.077252397268049],[100.65857947904885,5.074985975626822],[100.66322422005163,5.072473968495373],[100.66773061014685,5.069723258290494],[100.67208629763245,5.066741381524205],[100.67627934387181,5.063536508180175],[100.68029825601668,5.060117419355252],[100.68413201850818,5.056493483227084],[100.68777012326983,5.05267462941343],[100.69120259850932,5.0486713217927],[100.69442003605064,5.044494529860195],[100.69741361712111,5.04015569869786],[100.70017513652313,5.035666717639524],[100.70269702512392,5.031039887717191],[100.70497237060218,5.026287887977197],[100.70699493639407,5.021423740758141],[100.70875917878733,5.016460776025448],[100.71026026211624,5.01141259486019],[100.7114940720157,5.006293032201619],[100.71245722669852,5.001116118945689],[100.71314708622471,4.995896043502966],[100.71356175973722,4.990647112921239],[100.7137001106448,4.985383713679292]],[[100.80179939756886,4.802598242216528],[100.80166104666128,4.797333363607228],[100.80124637314876,4.792082875228621],[100.80055651362257,4.786861168846297],[100.79959335893975,4.781682557660855],[100.79835954904028,4.776561237066445],[100.7968584657114,4.771511245728654],[100.79509422331812,4.766546427088829],[100.79307165752623,4.761680391400419],[100.79079631204797,4.756926478401686],[100.78827442344718,4.752297720727261],[100.78551290404516,4.747806808159147],[100.7825193229747,4.743466052815541],[100.77930188543337,4.739287355373161],[100.77586941019388,4.73528217241584],[100.77223130543224,4.731461484999539],[100.76839754294073,4.727835768520112],[100.76437863079587,4.724414963966709],[100.76018558455651,4.721208450640138],[100.75582989707091,4.718225020411353],[100.7513235069757,4.715472853590645],[100.7466787659729,4.71295949647453],[100.74190840497477,4.710691840631744],[100.73702549920921,4.708676103985697],[100.73204343238153,4.706917813745511],[100.72697585999056,4.705421791232603],[100.72183667190004,4.704192138644665],[100.71663995426727,4.703232227793661],[100.71139995093407,4.702544690848749],[100.70613102438534,4.70213141310972],[100.70084761638252,4.701993527830892],[100.6955642083797,4.70213141310972],[100.69029528183097,4.702544690848749],[100.68505527849776,4.703232227793661],[100.67985856086499,4.704192138644665],[100.67471937277446,4.705421791232603],[100.6696518003835,4.706917813745511],[100.66466973355581,4.708676103985697],[100.65978682779026,4.710691840631744],[100.65501646679212,4.71295949647453],[100.65037172578934,4.715472853590645],[100.64586533569413,4.718225020411353],[100.64150964820851,4.721208450640138],[100.63731660196916,4.724414963966709],[100.63329768982429,4.727835768520112],[100.6294639273328,4.731461484999539],[100.62582582257114,4.73528217241584],[100.62239334733165,4.739287355373161],[100.61917590979034,4.743466052815541],[100.61618232871986,4.747806808159147],[100.61342080931786,4.752297720727261],[100.61089892071705,4.756926478401686],[100.6086235752388,4.761680391400419],[100.6066010094469,4.766546427088829],[100.60483676705364,4.771511245728654],[100.60333568372474,4.776561237066445],[100.60210187382528,4.781682557660855],[100.60113871914245,4.786861168846297],[100.60044885961626,4.792082875228621],[100.60003418610376,4.797333363607228],[100.59989583519618,4.802598242216528],[100.60003418610376,4.807863080179319],[100.60044885961626,4.813113447063766],[100.60113871914245,4.818334952435389],[100.60210187382528,4.823513285295886],[100.60333568372474,4.828634253300543],[100.60483676705364,4.833683821646813],[100.6066010094469,4.838648151527759],[100.6086235752388,4.843513638044881],[100.61089892071705,4.848266947476761],[100.61342080931786,4.852895053801615],[100.61618232871986,4.857385274373749],[100.61917590979034,4.861725304656648],[100.62239334733165,4.865903251917524],[100.62582582257114,4.869907667791694],[100.6294639273328,4.87372757962751],[100.63329768982429,4.877352520526578],[100.63731660196916,4.880772557997138],[100.64150964820851,4.883978321142699],[100.64586533569413,4.886961026311451],[100.65037172578934,4.889712501136981],[100.65501646679212,4.892225206904428],[100.65978682779026,4.894492259181343],[100.66466973355581,4.896507446657093],[100.6696518003835,4.898265248139355],[100.67471937277446,4.899760847661656],[100.67985856086499,4.900990147660645],[100.68505527849776,4.901949780187376],[100.69029528183097,4.902637116122072],[100.6955642083797,4.903050272367245],[100.70084761638252,4.903188116999679],[100.70613102438534,4.903050272367245],[100.71139995093407,4.902637116122072],[100.71663995426727,4.901949780187376],[100.72183667190004,4.900990147660645],[100.72697585999056,4.899760847661656],[100.73204343238153,4.898265248139355],[100.73702549920921,4.896507446657093],[100.74190840497477,4.894492259181343],[100.7466787659729,4.892225206904428],[100.7513235069757,4.889712501136981],[100.75582989707091,4.886961026311451],[100.76018558455651,4.883978321142699],[100.76437863079587,4.880772557997138],[100.76839754294073,4.877352520526578],[100.77223130543224,4.87372757962751],[100.77586941019388,4.869907667791694],[100.77930188543337,4.865903251917524],[100.7825193229747,4.861725304656648],[100.78551290404516,4.857385274373749],[100.78827442344718,4.852895053801615],[100.79079631204797,4.848266947476761],[100.79307165752623,4.843513638044881],[100.79509422331812,4.838648151527759],[100.7968584657114,4.833683821646813],[100.79835954904028,4.828634253300543],[100.79959335893975,4.823513285295886],[100.80055651362257,4.818334952435389],[100.80124637314876,4.813113447063766],[100.80166104666128,4.807863080179319],[100.80179939756886,4.802598242216528]],[[101.07672380077987,4.10991622780986],[101.07658544987228,4.10464638924497],[101.07617077635977,4.099390960300732],[101.07548091683358,4.094164346213251],[101.07451776215076,4.088980873516812],[101.0732839522513,4.083854750767119],[101.07178286892241,4.078800029584948],[101.07001862652913,4.073830566127238],[101.06799606073724,4.068959983091291],[101.06572071525899,4.064201632356454],[101.0631988266582,4.059568558366003],[101.06043730725618,4.055073462349688],[101.0574437261857,4.05072866748532],[101.05422628864439,4.046546085095216],[101.0507938134049,4.042537181970407],[101.04715570864326,4.038712948912408],[101.04332194615175,4.035083870579176],[101.03930303400689,4.031659896718283],[101.03510998776753,4.028450414866153],[101.03075430028193,4.025464224588909],[101.02624791018671,4.02270951333541],[101.02160316918392,4.020193833969138],[101.01683280818578,4.01792408404074],[101.01194990242023,4.01590648685828],[101.00696783559255,4.014146574407323],[101.00190026320158,4.012649172168103],[100.99676107511105,4.011418385871129],[100.99156435747828,4.010457590228336],[100.98632435414508,4.009769419670241],[100.98105542759636,4.009355761115055],[100.97577201959353,4.009217748789402],[100.97048861159071,4.009355761115055],[100.96521968504199,4.009769419670241],[100.95997968170877,4.010457590228336],[100.954782964076,4.011418385871129],[100.94964377598548,4.012649172168103],[100.94457620359451,4.014146574407323],[100.93959413676683,4.01590648685828],[100.93471123100127,4.01792408404074],[100.92994087000314,4.020193833969138],[100.92529612900036,4.02270951333541],[100.92078973890514,4.025464224588909],[100.91643405141953,4.028450414866153],[100.91224100518018,4.031659896718283],[100.9082220930353,4.035083870579176],[100.90438833054381,4.038712948912408],[100.90075022578216,4.042537181970407],[100.89731775054267,4.046546085095216],[100.89410031300136,4.05072866748532],[100.89110673193088,4.055073462349688],[100.88834521252886,4.059568558366003],[100.88582332392807,4.064201632356454],[100.88354797844981,4.068959983091291],[100.88152541265792,4.073830566127238],[100.87976117026466,4.078800029584948],[100.87826008693575,4.083854750767119],[100.8770262770363,4.088980873516812],[100.87606312235347,4.094164346213251],[100.87537326282728,4.099390960300732],[100.87495858931477,4.10464638924497],[100.8748202384072,4.10991622780986],[100.87495858931477,4.115186031547014],[100.87537326282728,4.120441356389612],[100.87606312235347,4.125667798242156],[100.8770262770363,4.130851032457374],[100.87826008693575,4.135976853092436],[100.87976117026466,4.141031211836585],[100.88152541265792,4.146000256503854],[100.88354797844981,4.150870368985335],[100.88582332392807,4.155628202557173],[100.88834521252886,4.160260718442234],[100.89110673193088,4.164755221525525],[100.89410031300136,4.169099395125519],[100.89731775054267,4.173281334726616],[100.90075022578216,4.17728958058036],[100.90438833054381,4.181113149086408],[100.9082220930353,4.18474156286775],[100.91224100518018,4.188164879457846],[100.91643405141953,4.191373718521413],[100.92078973890514,4.194359287534856],[100.92529612900036,4.197113405856019],[100.92994087000314,4.199628527117676],[100.93471123100127,4.201897759883901],[100.93959413676683,4.203914886512749],[100.94457620359451,4.205674380174105],[100.94964377598548,4.207171419976103],[100.954782964076,4.208401904159135],[100.95997968170877,4.209362461321279],[100.96521968504199,4.210050459644844],[100.97048861159071,4.210464014098669],[100.97577201959353,4.210601991596675],[100.98105542759636,4.210464014098669],[100.98632435414508,4.210050459644844],[100.99156435747828,4.209362461321279],[100.99676107511105,4.208401904159135],[101.00190026320158,4.207171419976103],[101.00696783559255,4.205674380174105],[101.01194990242023,4.203914886512749],[101.01683280818578,4.201897759883901],[101.02160316918392,4.199628527117676],[101.02624791018671,4.197113405856019],[101.03075430028193,4.194359287534856],[101.03510998776753,4.191373718521413],[101.03930303400689,4.188164879457846],[101.04332194615175,4.18474156286775],[101.04715570864326,4.181113149086408],[101.0507938134049,4.17728958058036],[101.05422628864439,4.173281334726616],[101.0574437261857,4.169099395125519],[101.06043730725618,4.164755221525525],[101.0631988266582,4.160260718442234],[101.06572071525899,4.155628202557173],[101.06799606073724,4.150870368985335],[101.07001862652913,4.146000256503854],[101.07178286892241,4.141031211836585],[101.0732839522513,4.135976853092436],[101.07451776215076,4.130851032457374],[101.07548091683358,4.125667798242156],[101.07617077635977,4.120441356389612],[101.07658544987228,4.115186031547014],[101.07672380077987,4.10991622780986]],[[100.9918528557806,4.704468629701478],[100.99171450487303,4.699203001631667],[100.99129983136052,4.693951766666371],[100.99060997183433,4.688729318607447],[100.98964681715151,4.683549972671713],[100.98841300725206,4.678427926244076],[100.98691192392315,4.673377219950276],[100.98514768152988,4.668411699156162],[100.98312511573799,4.663544975999102],[100.98084977025975,4.658790392056011],[100.97832788165894,4.654160981750327],[100.97556636225693,4.649669436598702],[100.97257278118646,4.645328070395678],[100.96935534364513,4.641148785431937],[100.96592286840563,4.637143039839302],[100.96228476364399,4.633321816152067],[100.95845100115251,4.629695591171424],[100.95443208900762,4.626274307215761],[100.95023904276826,4.623067344836115],[100.94588335528266,4.620083497071795],[100.94137696518744,4.617330945317244],[100.93673222418467,4.614817236866423],[100.93196186318653,4.61254926419688],[100.92707895742097,4.610533246050193],[100.92209689059328,4.608774710361359],[100.91702931820232,4.607278479083866],[100.9118901301118,4.60604865495243],[100.90669341247903,4.605088610219858],[100.90145340914582,4.604400977399097],[100.89618448259709,4.603987642035987],[100.89090107459427,4.60384973753269],[100.88561766659146,4.603987642035987],[100.88034874004273,4.604400977399097],[100.87510873670954,4.605088610219858],[100.86991201907675,4.60604865495243],[100.86477283098621,4.607278479083866],[100.85970525859527,4.608774710361359],[100.85472319176758,4.610533246050193],[100.84984028600202,4.61254926419688],[100.84506992500388,4.614817236866423],[100.84042518400109,4.617330945317244],[100.83591879390589,4.620083497071795],[100.83156310642028,4.623067344836115],[100.82737006018091,4.626274307215761],[100.82335114803605,4.629695591171424],[100.81951738554454,4.633321816152067],[100.81587928078291,4.637143039839302],[100.81244680554342,4.641148785431937],[100.80922936800211,4.645328070395678],[100.80623578693164,4.649669436598702],[100.80347426752962,4.654160981750327],[100.8009523789288,4.658790392056011],[100.79867703345056,4.663544975999102],[100.79665446765866,4.668411699156162],[100.7948902252654,4.673377219950276],[100.7933891419365,4.678427926244076],[100.79215533203703,4.683549972671713],[100.79119217735422,4.688729318607447],[100.79050231782803,4.693951766666371],[100.7900876443155,4.699203001631667],[100.78994929340793,4.704468629701478],[100.7900876443155,4.709734217947743],[100.79050231782803,4.714985333878719],[100.79119217735422,4.720207584996729],[100.79215533203703,4.725386658242671],[100.7933891419365,4.730508359219323],[100.7948902252654,4.735558651085768],[100.79665446765866,4.740523693016739],[100.79867703345056,4.745389878121387],[100.8009523789288,4.75014387071785],[100.80347426752962,4.754772642861611],[100.80623578693164,4.759263510027867],[100.80922936800211,4.763604165850251],[100.81244680554342,4.767782715821163],[100.81587928078291,4.771787709861525],[100.81951738554454,4.775608173671194],[100.82335114803605,4.779233638774387],[100.82737006018091,4.78265417117807],[100.83156310642028,4.785860398565369],[100.83591879390589,4.788843535949697],[100.84042518400109,4.791595409719694],[100.84506992500388,4.794108480009469],[100.84984028600202,4.79637586133334],[100.85472319176758,4.798391341428594],[100.85970525859527,4.800149398255226],[100.86477283098621,4.801645215106253],[100.86991201907675,4.802874693787493],[100.87510873670954,4.803834465830936],[100.88034874004273,4.80452190171128],[100.88561766659146,4.804935118040375],[100.89090107459427,4.805072982720227],[100.89618448259709,4.804935118040375],[100.90145340914582,4.80452190171128],[100.90669341247903,4.803834465830936],[100.9118901301118,4.802874693787493],[100.91702931820232,4.801645215106253],[100.92209689059328,4.800149398255226],[100.92707895742097,4.798391341428594],[100.93196186318653,4.79637586133334],[100.93673222418467,4.794108480009469],[100.94137696518744,4.791595409719694],[100.94588335528266,4.788843535949697],[100.95023904276826,4.785860398565369],[100.95443208900762,4.78265417117807],[100.95845100115251,4.779233638774387],[100.96228476364399,4.775608173671194],[100.96592286840563,4.771787709861525],[100.96935534364513,4.767782715821163],[100.97257278118646,4.763604165850251],[100.97556636225693,4.759263510027867],[100.97832788165894,4.754772642861611],[100.98084977025975,4.75014387071785],[100.98312511573799,4.745389878121387],[100.98514768152988,4.740523693016739],[100.98691192392315,4.735558651085768],[100.98841300725206,4.730508359219323],[100.98964681715151,4.725386658242671],[100.99060997183433,4.720207584996729],[100.99129983136052,4.714985333878719],[100.99171450487303,4.709734217947743],[100.9918528557806,4.704468629701478]],[[101.32089663572589,4.901285728038055],[101.32075828481831,4.896021618725533],[101.32034361130579,4.890771896711322],[101.3196537517796,4.885550951670585],[101.31869059709679,4.880373094733929],[101.31745678719732,4.875252519251371],[101.31595570386841,4.870203261875655],[101.31419146147516,4.865239164071719],[101.31216889568326,4.860373834158125],[101.30989355020502,4.855620609984523],[101.3073716616042,4.850992522347961],[101.30461014220218,4.846502259248362],[101.30161656113171,4.842162131081642],[101.2983991235904,4.837984036866048],[101.29496664835091,4.833979431594757],[101.29132854358927,4.830159294804479],[101.28749478109776,4.826534100446664],[101.2834758689529,4.823113788144235],[101.27928282271354,4.819907735912945],[101.27492713522793,4.816924734422599],[101.27042074513272,4.81417296286904],[101.26577600412993,4.811659966523229],[101.26100564313178,4.809392636019534],[101.25612273736624,4.807377188440146],[101.25114067053855,4.805619150247786],[101.2460730981476,4.804123342113895],[101.24093391005707,4.80289386568398],[101.23573719242428,4.80193409231665],[101.23049718909108,4.801246653827501],[101.22522826254236,4.80083343526329],[101.21994485453955,4.800695569726304],[101.21466144653672,4.80083343526329],[101.209392519988,4.801246653827501],[101.20415251665479,4.80193409231665],[101.19895579902202,4.80289386568398],[101.19381661093148,4.804123342113895],[101.18874903854054,4.805619150247786],[101.18376697171284,4.807377188440146],[101.17888406594729,4.809392636019534],[101.17411370494915,4.811659966523229],[101.16946896394636,4.81417296286904],[101.16496257385116,4.816924734422599],[101.16060688636554,4.819907735912945],[101.15641384012618,4.823113788144235],[101.1523949279813,4.826534100446664],[101.14856116548981,4.830159294804479],[101.14492306072817,4.833979431594757],[101.14149058548868,4.837984036866048],[101.13827314794736,4.842162131081642],[101.13527956687689,4.846502259248362],[101.13251804747489,4.850992522347961],[101.12999615887406,4.855620609984523],[101.12772081339581,4.860373834158125],[101.12569824760392,4.865239164071719],[101.12393400521067,4.870203261875655],[101.12243292188175,4.875252519251371],[101.1211991119823,4.880373094733929],[101.12023595729947,4.885550951670585],[101.11954609777328,4.890771896711322],[101.11913142426079,4.896021618725533],[101.1189930733532,4.901285728038055],[101.11913142426079,4.906549795876933],[101.11954609777328,4.911799393924573],[101.12023595729947,4.917020133864048],[101.1211991119823,4.922197706811878],[101.12243292188175,4.927317922529504],[101.12393400521067,4.932366748305846],[101.12569824760392,4.937330347404673],[101.12772081339581,4.942195116971387],[101.12999615887406,4.946947725295598],[101.13251804747489,4.951575148327652],[101.13527956687689,4.956064705349213],[101.13827314794736,4.96040409370029],[101.14149058548868,4.964581422468225],[101.14492306072817,4.96858524504628],[101.14856116548981,4.972404590473066],[101.1523949279813,4.976028993467503],[101.15641384012618,4.979448523077001],[101.16060688636554,4.982653809861155],[101.16496257385116,4.985636071536531],[101.16946896394636,4.988387137012867],[101.17411370494915,4.990899468755111],[101.17888406594729,4.993166183410395],[101.18376697171284,4.995181070643921],[101.18874903854054,4.996938610132177],[101.19381661093148,4.998433986667609],[101.19895579902202,4.999663103333408],[101.20415251665479,5.000622592712597],[101.209392519988,5.001309826100981],[101.21466144653672,5.001722920698951],[101.21994485453955,5.001860744762381],[101.22522826254236,5.001722920698951],[101.23049718909108,5.001309826100981],[101.23573719242428,5.000622592712597],[101.24093391005707,4.999663103333408],[101.2460730981476,4.998433986667609],[101.25114067053855,4.996938610132177],[101.25612273736624,4.995181070643921],[101.26100564313178,4.993166183410395],[101.26577600412993,4.990899468755111],[101.27042074513272,4.988387137012867],[101.27492713522793,4.985636071536531],[101.27928282271354,4.982653809861155],[101.2834758689529,4.979448523077001],[101.28749478109776,4.976028993467503],[101.29132854358927,4.972404590473066],[101.29496664835091,4.96858524504628],[101.2983991235904,4.964581422468225],[101.30161656113171,4.96040409370029],[101.30461014220218,4.956064705349213],[101.3073716616042,4.951575148327652],[101.30989355020502,4.946947725295598],[101.31216889568326,4.942195116971387],[101.31419146147516,4.937330347404673],[101.31595570386841,4.932366748305846],[101.31745678719732,4.927317922529504],[101.31869059709679,4.922197706811878],[101.3196537517796,4.917020133864048],[101.32034361130579,4.911799393924573],[101.32075828481831,4.906549795876933],[101.32089663572589,4.901285728038055]],[[100.94743316559597,4.339817672702148],[100.94729481468839,4.334549394985804],[100.94688014117588,4.329295520686135],[100.94619028164969,4.324070450801729],[100.94522712696687,4.318888507673577],[100.94399331706741,4.313763895719252],[100.9424922337385,4.308710662487417],[100.94072799134524,4.303742660139251],[100.93870542555334,4.298873507462686],[100.9364300800751,4.294116552523914],[100.93390819147429,4.289484836058309],[100.93114667207229,4.28499105570205],[100.9281530910018,4.280647531162023],[100.9249356534605,4.276466170420401],[100.92150317822099,4.272458437066342],[100.91786507345935,4.268635318845059],[100.91403131096784,4.265007297510437],[100.91001239882299,4.261584320064452],[100.90581935258362,4.258375771462419],[100.90146366509802,4.255390448859131],[100.8969572750028,4.252636537466942],[100.89231253400003,4.250121588092293],[100.88754217300188,4.247852496412293],[100.88265926723632,4.245835484048817],[100.87767720040864,4.244076081491855],[100.87260962801768,4.242579112919612],[100.86747043992716,4.24134868295668],[100.86227372229438,4.240388165407213],[100.85703371896118,4.239700193993938],[100.85176479241245,4.239286655128534],[100.84648138440963,4.239148682733306],[100.8411979764068,4.239286655128534],[100.83592904985808,4.239700193993938],[100.83068904652488,4.240388165407213],[100.8254923288921,4.24134868295668],[100.82035314080157,4.242579112919612],[100.81528556841063,4.244076081491855],[100.81030350158294,4.245835484048817],[100.80542059581738,4.247852496412293],[100.80065023481923,4.250121588092293],[100.79600549381645,4.252636537466942],[100.79149910372124,4.255390448859131],[100.78714341623564,4.258375771462419],[100.78295036999627,4.261584320064452],[100.7789314578514,4.265007297510437],[100.7750976953599,4.268635318845059],[100.77145959059827,4.272458437066342],[100.76802711535878,4.276466170420401],[100.76480967781747,4.280647531162023],[100.76181609674697,4.28499105570205],[100.75905457734498,4.289484836058309],[100.75653268874416,4.294116552523914],[100.7542573432659,4.298873507462686],[100.75223477747402,4.303742660139251],[100.75047053508075,4.308710662487417],[100.74896945175185,4.313763895719252],[100.74773564185239,4.318888507673577],[100.74677248716957,4.324070450801729],[100.74608262764337,4.329295520686135],[100.74566795413087,4.334549394985804],[100.74552960322329,4.339817672702148],[100.74566795413087,4.345085913657094],[100.74608262764337,4.35033967807529],[100.74677248716957,4.355564566162066],[100.74773564185239,4.360746257568246],[100.74896945175185,4.365870550634178],[100.75047053508075,4.37092340130503],[100.75223477747402,4.375890961611068],[100.7542573432659,4.380759617607417],[100.75653268874416,4.385516026669726],[100.75905457734498,4.390147154043286],[100.76181609674697,4.39464030854619],[100.76480967781747,4.398983177328549],[100.76802711535878,4.403163859592809],[100.77145959059827,4.40717089918334],[100.7750976953599,4.410993315955984],[100.7789314578514,4.414620635842069],[100.78295036999627,4.418042919524793],[100.78714341623564,4.42125078964991],[100.79149910372124,4.424235456496141],[100.79600549381645,4.4269887420357],[100.80065023481923,4.429503102319142],[100.80542059581738,4.431771648123532],[100.81030350158294,4.433788163807721],[100.81528556841063,4.435547124323408],[100.82035314080157,4.437043710335506],[100.8254923288921,4.438273821410784],[100.83068904652488,4.439234087238877],[100.83592904985808,4.439921876854966],[100.8411979764068,4.440335305839179],[100.84648138440963,4.440473241473097],[100.85176479241245,4.440335305839179],[100.85703371896118,4.439921876854966],[100.86227372229438,4.439234087238877],[100.86747043992716,4.438273821410784],[100.87260962801768,4.437043710335506],[100.87767720040864,4.435547124323408],[100.88265926723632,4.433788163807721],[100.88754217300188,4.431771648123532],[100.89231253400003,4.429503102319142],[100.8969572750028,4.4269887420357],[100.90146366509802,4.424235456496141],[100.90581935258362,4.42125078964991],[100.91001239882299,4.418042919524793],[100.91403131096784,4.414620635842069],[100.91786507345935,4.410993315955984],[100.92150317822099,4.40717089918334],[100.9249356534605,4.403163859592809],[100.9281530910018,4.398983177328549],[100.93114667207229,4.39464030854619],[100.93390819147429,4.390147154043286],[100.9364300800751,4.385516026669726],[100.93870542555334,4.380759617607417],[100.94072799134524,4.375890961611068],[100.9424922337385,4.37092340130503],[100.94399331706741,4.365870550634178],[100.94522712696687,4.360746257568246],[100.94619028164969,4.355564566162066],[100.94688014117588,4.350339678075303],[100.94729481468839,4.345085913657094],[100.94743316559597,4.339817672702148]],[[100.80456398477168,4.496046696124633],[100.8044256338641,4.490779527486396],[100.80401096035159,4.4855267579176],[100.8033211008254,4.480302785404926],[100.80235794614258,4.475121929308127],[100.80112413624312,4.469998391102205],[100.79962305291421,4.464946215439482],[100.79785881052095,4.459979251638485],[100.79583624472905,4.455111115705433],[100.79356089925082,4.450355152992448],[100.79103901065,4.4457244015954],[100.788277491248,4.441231556591635],[100.78528391017751,4.436888935216152],[100.7820664726362,4.432708443071762],[100.77863399739671,4.428701541466453],[100.77499589263508,4.424879215967395],[100.77116213014357,4.421251946258606],[100.76714321799871,4.417829677384863],[100.76295017175934,4.414621792461096],[100.75859448427373,4.411637086922565],[100.75408809417853,4.40888374438655],[100.74944335317574,4.406369314192111],[100.74467299217758,4.404100690679786],[100.73979008641203,4.402084094268336],[100.73480801958435,4.400325054380571],[100.7297404471934,4.398828394265492],[100.72460125910287,4.397598217758393],[100.71940454147008,4.396637898015547],[100.71416453813688,4.395950068254433],[100.70889561158816,4.395536614525136],[100.70361220358534,4.395398670532759],[100.69832879558253,4.395536614525136],[100.6930598690338,4.395950068254433],[100.6878198657006,4.396637898015547],[100.68262314806782,4.397598217758393],[100.67748395997728,4.398828394265492],[100.67241638758634,4.400325054380571],[100.66743432075864,4.402084094268336],[100.66255141499309,4.404100690679786],[100.65778105399495,4.406369314192111],[100.65313631299216,4.40888374438655],[100.64862992289696,4.411637086922565],[100.64427423541134,4.414621792461096],[100.64008118917198,4.417829677384863],[100.63606227702711,4.421251946258606],[100.63222851453561,4.424879215967395],[100.62859040977398,4.428701541466453],[100.62515793453449,4.432708443071762],[100.62194049699318,4.436888935216152],[100.61894691592269,4.441231556591635],[100.61618539652069,4.4457244015954],[100.61366350791987,4.450355152992448],[100.61138816244161,4.455111115705433],[100.60936559664972,4.459979251638485],[100.60760135425647,4.464946215439482],[100.60610027092756,4.469998391102205],[100.6048664610281,4.475121929308127],[100.60390330634527,4.480302785404926],[100.60321344681908,4.4855267579176],[100.60279877330657,4.490779527486396],[100.602660422399,4.496046696124633],[100.60279877330657,4.501313826688781],[100.60321344681908,4.506566482452445],[100.60390330634527,4.511790266675837],[100.6048664610281,4.516970862062148],[100.60610027092756,4.522094069992771],[100.60760135425647,4.527145849433964],[100.60936559664972,4.532112355408312],[100.61138816244161,4.536979976925651],[100.61366350791987,4.541735374269915],[100.61618539652069,4.546365515539543],[100.61894691592269,4.5508577123419],[100.62194049699318,4.555199654543836],[100.62515793453449,4.559379443983675],[100.62859040977398,4.563385627052484],[100.63222851453561,4.567207226055464],[100.63606227702711,4.570833769268288],[100.64008118917198,4.574255319605786],[100.64427423541134,4.577462501825498],[100.64862992289696,4.580446528191093],[100.65313631299216,4.583199222526463],[100.65778105399495,4.585713042594334],[100.66255141499309,4.587981100738854],[100.66743432075864,4.58999718273552],[100.67241638758634,4.591755764797552],[100.67748395997728,4.593252028691952],[100.68262314806782,4.594481874924504],[100.6878198657006,4.595441933957486],[100.6930598690338,4.596129575429788],[100.69832879558253,4.596542915354233],[100.70361220358534,4.59668082127261],[100.70889561158816,4.596542915354233],[100.71416453813688,4.596129575429788],[100.71940454147008,4.595441933957486],[100.72460125910287,4.594481874924504],[100.7297404471934,4.593252028691952],[100.73480801958435,4.591755764797552],[100.73979008641203,4.58999718273552],[100.74467299217758,4.587981100738854],[100.74944335317574,4.585713042594334],[100.75408809417853,4.583199222526463],[100.75859448427373,4.580446528191093],[100.76295017175934,4.577462501825498],[100.76714321799871,4.574255319605786],[100.77116213014357,4.570833769268288],[100.77499589263508,4.567207226055464],[100.77863399739671,4.563385627052484],[100.7820664726362,4.559379443983675],[100.78528391017751,4.555199654543836],[100.788277491248,4.5508577123419],[100.79103901065,4.546365515539543],[100.79356089925082,4.541735374269915],[100.79583624472905,4.536979976925651],[100.79785881052095,4.532112355408312],[100.79962305291421,4.527145849433964],[100.80112413624312,4.522094069992771],[100.80235794614258,4.516970862062148],[100.8033211008254,4.511790266675837],[100.80401096035159,4.506566482452445],[100.8044256338641,4.501313826688781],[100.80456398477168,4.496046696124633]],[[100.82335054579443,4.180982763730118],[100.82321219488685,4.175713398591618],[100.82279752137434,4.170458441180617],[100.82210766184815,4.165232295448069],[100.82114450716533,4.160049286656688],[100.81991069726588,4.154923622107422],[100.81840961393696,4.149869352186471],[100.8166453715437,4.144900331839428],[100.81462280575181,4.140030182578585],[100.81234746027357,4.135272255127536],[100.80982557167276,4.130639592805819],[100.80706405227075,4.1261448957542],[100.80407047120028,4.121800486098755],[100.80085303365897,4.117618274149826],[100.79742055841946,4.113609725728402],[100.79378245365781,4.109785830710135],[100.78994869116633,4.106157072873372],[100.78592977902144,4.102733401134067],[100.7817367327821,4.099524202246931],[100.77738104529648,4.09653827504783],[100.77287465520126,4.093783806308432],[100.76822991419849,4.091268348269301],[100.76345955320035,4.088998797913852],[100.7585766474348,4.086981378039581],[100.75359458060711,4.085221620179318],[100.74852700821614,4.083724349419076],[100.74338782012562,4.082493671154629],[100.73819110249285,4.081532959823061],[100.73295109915964,4.080844849640672],[100.72768217261091,4.080431227372332],[100.72239876460809,4.080293227152533],[100.71711535660528,4.080431227372332],[100.71184643005655,4.080844849640672],[100.70660642672334,4.081532959823061],[100.70140970909057,4.082493671154629],[100.69627052100005,4.083724349419076],[100.69120294860909,4.085221620179318],[100.6862208817814,4.086981378039581],[100.68133797601584,4.088998797913852],[100.6765676150177,4.091268348269301],[100.67192287401491,4.093783806308432],[100.66741648391971,4.09653827504783],[100.6630607964341,4.099524202246931],[100.65886775019473,4.102733401134067],[100.65484883804987,4.106157072873372],[100.65101507555836,4.109785830710135],[100.64737697079673,4.113609725728402],[100.64394449555724,4.117618274149826],[100.64072705801593,4.121800486098755],[100.63773347694546,4.1261448957542],[100.63497195754344,4.130639592805819],[100.63245006894263,4.135272255127536],[100.63017472346438,4.140030182578585],[100.62815215767249,4.144900331839428],[100.62638791527921,4.149869352186471],[100.62488683195032,4.154923622107422],[100.62365302205086,4.160049286656688],[100.62268986736804,4.165232295448069],[100.62200000784185,4.170458441180617],[100.62158533432932,4.175713398591618],[100.62144698342175,4.180982763730118],[100.62158533432932,4.186252093442898],[100.62200000784185,4.191506944964901],[100.62268986736804,4.196732915505296],[100.62365302205086,4.201915681720837],[100.62488683195032,4.20704103896828],[100.62638791527921,4.212094940228301],[100.62815215767249,4.217063534594445],[100.63017472346438,4.221933205221591],[100.63245006894263,4.226690606630166],[100.63497195754344,4.231322701264054],[100.63773347694546,4.235816795202217],[100.64072705801593,4.240160572926431],[100.64394449555724,4.244342131049943],[100.64737697079673,4.248350010915211],[100.65101507555836,4.252173229971426],[100.65484883804987,4.255801311846239],[100.65886775019473,4.259224315029666],[100.6630607964341,4.262432860091831],[100.66741648391971,4.265418155360263],[100.67192287401491,4.268172020986928],[100.6765676150177,4.270686911339006],[100.68133797601584,4.272955935652835],[100.6862208817814,4.274972876894274],[100.69120294860909,4.276732208774489],[100.69627052100005,4.27822911087459],[100.70140970909057,4.279459481837939],[100.70660642672334,4.280419950594226],[100.71184643005655,4.281107885584894],[100.71711535660528,4.281521401964516],[100.72239876460809,4.281659366758687],[100.72768217261091,4.281521401964516],[100.73295109915964,4.281107885584894],[100.73819110249285,4.280419950594226],[100.74338782012562,4.279459481837939],[100.74852700821614,4.27822911087459],[100.75359458060711,4.276732208774489],[100.7585766474348,4.274972876894274],[100.76345955320035,4.272955935652835],[100.76822991419849,4.270686911339006],[100.77287465520126,4.268172020986928],[100.77738104529648,4.265418155360263],[100.7817367327821,4.262432860091831],[100.78592977902144,4.259224315029666],[100.78994869116633,4.255801311846239],[100.79378245365781,4.252173229971426],[100.79742055841946,4.248350010915224],[100.80085303365897,4.244342131049943],[100.80407047120028,4.240160572926431],[100.80706405227075,4.235816795202217],[100.80982557167276,4.231322701264054],[100.81234746027357,4.226690606630166],[100.81462280575181,4.221933205221591],[100.8166453715437,4.217063534594445],[100.81840961393696,4.212094940228301],[100.81991069726588,4.20704103896828],[100.82114450716533,4.201915681720837],[100.82210766184815,4.196732915505296],[100.82279752137434,4.191506944964901],[100.82321219488685,4.186252093442898],[100.82335054579443,4.180982763730118]],[[101.18869988953489,4.749219067877553],[101.18856153862731,4.743953779671537],[101.18814686511479,4.73870288326467],[101.1874570055886,4.733480771535449],[101.18649385090578,4.728301758786417],[101.18526004100633,4.723180041499805],[101.18375895767743,4.718129659412551],[101.18199471528415,4.713164457017927],[101.17997214949226,4.708298045599117],[101.17769680401402,4.703543765899414],[101.17517491541321,4.698914651531226],[101.1724133960112,4.694423393224783],[101.16941981494072,4.690082304014624],[101.16620237739942,4.685903285459767],[101.16276990215992,4.681897794990249],[101.15913179739827,4.678076814470198],[101.15529803490678,4.674450820063751],[101.1512791227619,4.671029753486737],[101.14708607652254,4.667822994723454],[101.14273038903694,4.66483933628361],[101.13822399894173,4.662086959070216],[101.13357925793893,4.659573409925122],[101.1288088969408,4.657305580913932],[101.12392599117524,4.655289690407382],[101.11894392434756,4.653531266011463],[101.11387635195659,4.652035129393155],[101.10873716386607,4.650805383043786],[101.1035404462333,4.649845399016349],[101.0983004429001,4.649157809667956],[101.09303151635137,4.648744500432951],[101.08774810834855,4.648606604646472],[101.08246470034574,4.648744500432951],[101.07719577379702,4.649157809667956],[101.0719557704638,4.649845399016349],[101.06675905283102,4.650805383043786],[101.06161986474049,4.652035129393155],[101.05655229234954,4.653531266011463],[101.05157022552184,4.655289690407382],[101.04668731975629,4.657305580913932],[101.04191695875816,4.659573409925122],[101.03727221775537,4.662086959070216],[101.03276582766017,4.66483933628361],[101.02841014017454,4.667822994723454],[101.02421709393519,4.671029753486737],[101.02019818179032,4.674450820063751],[101.01636441929882,4.678076814470198],[101.01272631453718,4.681897794990237],[101.00929383929768,4.685903285459767],[101.00607640175637,4.690082304014624],[101.0030828206859,4.694423393224783],[101.00032130128389,4.698914651531226],[100.99779941268308,4.703543765899414],[100.99552406720483,4.708298045599117],[100.99350150141294,4.713164457017927],[100.99173725901969,4.718129659412551],[100.99023617569077,4.723180041499805],[100.98900236579131,4.728301758786417],[100.98803921110849,4.733480771535449],[100.9873493515823,4.73870288326467],[100.98693467806979,4.743953779671537],[100.98679632716221,4.749219067877553],[100.98693467806979,4.754484315884668],[100.9873493515823,4.759735092135254],[100.98803921110849,4.764957005067328],[100.98900236579131,4.770135742556349],[100.99023617569077,4.77525711113594],[100.99173725901969,4.780307074889684],[100.99350150141294,4.785271793907653],[100.99552406720483,4.790137662202669],[100.99779941268308,4.79489134498204],[101.00032130128389,4.799519815173354],[101.0030828206859,4.804010389104134],[101.00607640175637,4.808350761237986],[101.00929383929768,4.812529037872385],[101.01272631453718,4.81653376970591],[101.01636441929882,4.820353983186219],[101.02019818179032,4.823979210553039],[101.02421709393519,4.827399518494368],[101.02841014017454,4.830605535337687],[101.03276582766017,4.833588476701886],[101.03727221775537,4.836340169540406],[101.04191695875816,4.838853074509504],[101.04668731975629,4.841120306601329],[101.05157022552184,4.843135653985077],[101.05655229234954,4.844893595005321],[101.06161986474049,4.84638931329101],[101.06675905283102,4.847618710934159],[101.0719557704638,4.848578419702259],[101.07719577379702,4.849265810253962],[101.08246470034574,4.849678999333019],[101.08774810834855,4.849816854920696],[101.09303151635137,4.849678999333019],[101.0983004429001,4.849265810253962],[101.1035404462333,4.848578419702259],[101.10873716386607,4.847618710934159],[101.11387635195659,4.84638931329101],[101.11894392434756,4.844893595005321],[101.12392599117524,4.843135653985077],[101.1288088969408,4.841120306601329],[101.13357925793893,4.838853074509504],[101.13822399894173,4.836340169540406],[101.14273038903694,4.833588476701886],[101.14708607652254,4.830605535337687],[101.1512791227619,4.827399518494368],[101.15529803490678,4.823979210553039],[101.15913179739827,4.820353983186219],[101.16276990215992,4.81653376970591],[101.16620237739942,4.812529037872385],[101.16941981494072,4.808350761237986],[101.1724133960112,4.804010389104134],[101.17517491541321,4.799519815173354],[101.17769680401402,4.79489134498204],[101.17997214949226,4.790137662202669],[101.18199471528415,4.785271793907653],[101.18375895767743,4.780307074889684],[101.18526004100633,4.77525711113594],[101.18649385090578,4.770135742556349],[101.1874570055886,4.764957005067328],[101.18814686511479,4.759735092135254],[101.18856153862731,4.754484315884668],[101.18869988953489,4.749219067877553]],[[101.14276056810843,4.552150664471789],[101.14262221720085,4.546883903675951],[101.14220754368833,4.541631540362471],[101.14151768416214,4.536407971410279],[101.14055452947932,4.531227515082564],[101.13932071957986,4.526104371771818],[101.13781963625095,4.521052585064762],[101.1360553938577,4.516086003233956],[101.1340328280658,4.511218241261898],[101.13175748258756,4.506462643501888],[101.12923559398673,4.501832247078189],[101.12647407458473,4.497339746126208],[101.12348049351425,4.492997456970869],[101.12026305597294,4.488817284338947],[101.11683058073345,4.484810688698317],[101.11319247597181,4.480988654814114],[101.1093587134803,4.477361661608004],[101.10533980133545,4.473939653403795],[101.10114675509608,4.470732012638477],[101.09679106761047,4.467747534113842],[101.09228467751527,4.464994400859458],[101.08763993651247,4.462480161673739],[101.08286957551432,4.460211710404709],[101.07798666974877,4.458195267027758],[101.07300460292109,4.45643636057243],[101.06793703053015,4.454939813945242],[101.06279784243961,4.453709730690607],[101.05760112480682,4.45274948372599],[101.05236112147362,4.452061706082653],[101.0470921949249,4.451648283677418],[101.04180878692209,4.451510350135288],[101.03652537891926,4.451648283677418],[101.03125645237054,4.452061706082653],[101.02601644903734,4.45274948372599],[101.02081973140456,4.453709730690607],[101.01568054331402,4.454939813945242],[101.01061297092308,4.45643636057243],[101.00563090409538,4.458195267027758],[101.00074799832984,4.460211710404709],[100.99597763733169,4.462480161673739],[100.9913328963289,4.464994400859458],[100.9868265062337,4.467747534113842],[100.98247081874808,4.470732012638477],[100.97827777250872,4.473939653403795],[100.97425886036385,4.477361661608004],[100.97042509787235,4.480988654814114],[100.96678699311072,4.484810688698317],[100.96335451787122,4.488817284338947],[100.96013708032991,4.492997456970869],[100.95714349925943,4.497339746126208],[100.95438197985743,4.501832247078189],[100.9518600912566,4.506462643501888],[100.94958474577835,4.511218241261898],[100.94756217998646,4.516086003233956],[100.94579793759321,4.521052585064762],[100.9442968542643,4.526104371771818],[100.94306304436485,4.531227515082564],[100.94209988968201,4.536407971410279],[100.94141003015582,4.541631540362471],[100.94099535664331,4.546883903675951],[100.94085700573574,4.552150664471789],[100.94099535664331,4.557417386722421],[100.94141003015582,4.562669634822547],[100.94209988968201,4.567893013155573],[100.94306304436485,4.573073205546765],[100.9442968542643,4.578196014495402],[100.94579793759321,4.583247400078103],[100.94756217998646,4.588213518417133],[100.94958474577835,4.593080759608107],[100.9518600912566,4.597835785003548],[100.95438197985743,4.602465563750145],[100.95714349925943,4.606957408479881],[100.96013708032991,4.61129901005759],[100.96335451787122,4.615478471289745],[100.96678699311072,4.6194843395027],[100.97042509787235,4.623305637901189],[100.97425886036385,4.626931895621712],[100.97827777250872,4.630353176398538],[100.98247081874808,4.633560105764547],[100.9868265062337,4.636543896712202],[100.9913328963289,4.639296373745104],[100.99597763733169,4.641809995254585],[101.00074799832984,4.644077874159964],[101.00563090409538,4.646093796756771],[101.01061297092308,4.647852239721264],[101.01568054331402,4.649348385224949],[101.02081973140456,4.650578134118226],[101.02601644903734,4.651538117146957],[101.03125645237054,4.65222570417161],[101.03652537891926,4.652639011363784],[101.04180878692209,4.652776906360785],[101.0470921949249,4.652639011363784],[101.05236112147362,4.65222570417161],[101.05760112480682,4.651538117146957],[101.06279784243961,4.650578134118226],[101.06793703053015,4.649348385224949],[101.07300460292109,4.647852239721264],[101.07798666974877,4.646093796756771],[101.08286957551432,4.644077874159964],[101.08763993651247,4.641809995254585],[101.09228467751527,4.639296373745104],[101.09679106761047,4.636543896712202],[101.10114675509608,4.633560105764547],[101.10533980133545,4.630353176398538],[101.1093587134803,4.626931895621712],[101.11319247597181,4.623305637901189],[101.11683058073345,4.6194843395027],[101.12026305597294,4.615478471289745],[101.12348049351425,4.61129901005759],[101.12647407458473,4.606957408479881],[101.12923559398673,4.602465563750145],[101.13175748258756,4.597835785003548],[101.1340328280658,4.593080759608107],[101.1360553938577,4.588213518417133],[101.13781963625095,4.583247400078103],[101.13932071957986,4.578196014495402],[101.14055452947932,4.573073205546765],[101.14151768416214,4.567893013155573],[101.14220754368833,4.562669634822547],[101.14262221720085,4.557417386722421],[101.14276056810843,4.552150664471789]],[[101.34231182362323,4.61862836094147],[101.34217347271564,4.613362089935748],[101.34175879920313,4.608110214514127],[101.34106893967694,4.602887130225099],[101.34010578499411,4.59770715401472],[101.33887197509466,4.59258448497521],[101.33737089176576,4.587533165413217],[101.3356066493725,4.582567042344727],[101.3335840835806,4.577699729522332],[101.33130873810235,4.572944570099245],[101.32878684950154,4.568314600032284],[101.32602533009953,4.56382251232499],[101.32303174902906,4.559480622208631],[101.31981431148775,4.555300833357118],[101.31638183624825,4.551294605228767],[101.31274373148662,4.547472921624649],[101.30890996899511,4.543846260550048],[101.30489105685025,4.540424565462199],[101.30069801061089,4.537217217983168],[101.29634232312527,4.534233012153172],[101.29183593303007,4.531480130295249],[101.28719119202727,4.528966120557799],[101.28242083102913,4.5266978761967],[101.27753792526357,4.524681616654284],[101.2725558584359,4.522922870487195],[101.26748828604494,4.521426460190222],[101.2623490979544,4.520196488957941],[101.25715238032163,4.519236329420677],[101.25191237698843,4.518548614385771],[101.2466434504397,4.518135229609793],[101.2413600424369,4.517997308621451],[101.23607663443407,4.518135229609793],[101.23080770788535,4.518548614385771],[101.22556770455213,4.519236329420677],[101.22037098691936,4.520196488957941],[101.21523179882882,4.521426460190222],[101.21016422643787,4.522922870487195],[101.20518215961019,4.524681616654284],[101.20029925384463,4.5266978761967],[101.1955288928465,4.528966120557799],[101.1908841518437,4.531480130295249],[101.1863777617485,4.534233012153172],[101.18202207426289,4.537217217983168],[101.17782902802352,4.540424565462199],[101.17381011587865,4.543846260550048],[101.16997635338716,4.547472921624649],[101.16633824862551,4.551294605228767],[101.16290577338602,4.555300833357118],[101.1596883358447,4.559480622208631],[101.15669475477424,4.56382251232499],[101.15393323537222,4.568314600032284],[101.15141134677141,4.572944570099245],[101.14913600129316,4.577699729522332],[101.14711343550127,4.582567042344727],[101.14534919310802,4.587533165413217],[101.1438481097791,4.59258448497521],[101.14261429987965,4.59770715401472],[101.14165114519682,4.602887130225099],[101.14096128567063,4.608110214514127],[101.14054661215812,4.613362089935748],[101.14040826125054,4.61862836094147],[101.14054661215812,4.623894592843925],[101.14096128567063,4.629146351384169],[101.14165114519682,4.634369242294302],[101.14261429987965,4.63954895074695],[101.1438481097791,4.644671280583522],[101.14534919310802,4.649722193213784],[101.14711343550127,4.654687846080177],[101.14913600129316,4.659554630581741],[101.15141134677141,4.664309209353707],[101.15393323537222,4.668938552800976],[101.15669475477424,4.673429974785417],[101.1596883358447,4.677771167369571],[101.16290577338602,4.681950234521827],[101.16633824862551,4.685955724690986],[101.16997635338716,4.689776662161237],[101.17381011587865,4.693402577102034],[101.17782902802352,4.696823534230984],[101.18202207426289,4.700030160011242],[101.1863777617485,4.703013668309682],[101.1908841518437,4.705765884445526],[101.1955288928465,4.708279267564164],[101.20029925384463,4.710546931275058],[101.20518215961019,4.712562662497622],[101.21016422643787,4.714320938463543],[101.21523179882882,4.715816941829651],[101.22037098691936,4.717046573859782],[101.22556770455213,4.718006465639963],[101.23080770788535,4.718693987296432],[101.23607663443407,4.719107255191339],[101.2413600424369,4.719245137076503],[101.2466434504397,4.719107255191339],[101.25191237698843,4.718693987296432],[101.25715238032163,4.718006465639963],[101.2623490979544,4.717046573859782],[101.26748828604494,4.715816941829651],[101.2725558584359,4.714320938463543],[101.27753792526357,4.712562662497622],[101.28242083102913,4.710546931275058],[101.28719119202727,4.708279267564164],[101.29183593303007,4.705765884445526],[101.29634232312527,4.703013668309682],[101.30069801061089,4.700030160011242],[101.30489105685025,4.696823534230984],[101.30890996899511,4.693402577102034],[101.31274373148662,4.689776662161237],[101.31638183624825,4.685955724690999],[101.31981431148775,4.681950234521827],[101.32303174902906,4.677771167369571],[101.32602533009953,4.673429974785417],[101.32878684950154,4.668938552800976],[101.33130873810235,4.664309209353707],[101.3335840835806,4.659554630581741],[101.3356066493725,4.654687846080177],[101.33737089176576,4.649722193213784],[101.33887197509466,4.644671280583522],[101.34010578499411,4.63954895074695],[101.34106893967694,4.634369242294302],[101.34175879920313,4.629146351384169],[101.34217347271564,4.623894592843925],[101.34231182362323,4.61862836094147]],[[101.14908431550101,4.349881348697959],[101.14894596459342,4.344613141243949],[101.14853129108091,4.339359336929777],[101.14784143155472,4.334134336563277],[101.1468782768719,4.328952462296563],[101.14564446697244,4.323827918360869],[101.14414338364355,4.318774752121412],[101.14237914125027,4.313806815559368],[101.14035657545838,4.308937727286568],[101.13808122998013,4.304180835197313],[101.13555934137933,4.299549179859932],[101.13279782197732,4.295055458748565],[101.12980424090685,4.290711991413676],[101.12658680336553,4.28653068568681],[101.12315432812603,4.282523005012773],[101.11951622336439,4.278699936998912],[101.11568246087289,4.275071963268149],[101.11166354872803,4.27164903069862],[101.10747050248867,4.268440524129182],[101.10311481500305,4.265455240605839],[101.09860842490785,4.262701365240035],[101.09396368390506,4.260186448745376],[101.08919332290692,4.257917386714443],[101.08431041714137,4.25590040069297],[101.07932835031369,4.25414102110348],[101.07426077792272,4.252644072065377],[101.06912158983219,4.251413658153343],[101.06392487219942,4.250453153130566],[101.05868486886622,4.249765190687804],[101.0534159423175,4.249351657213859],[101.04813253431466,4.249213686617313],[101.04284912631184,4.249351657213859],[101.03758019976311,4.249765190687804],[101.03234019642991,4.250453153130566],[101.02714347879714,4.251413658153343],[101.02200429070662,4.252644072065377],[101.01693671831565,4.25414102110348],[101.01195465148797,4.25590040069297],[101.00707174572241,4.257917386714443],[101.00230138472428,4.260186448745376],[100.99765664372148,4.262701365240035],[100.99315025362627,4.265455240605839],[100.98879456614067,4.268440524129182],[100.9846015199013,4.27164903069862],[100.98058260775645,4.275071963268149],[100.97674884526495,4.278699936998912],[100.9731107405033,4.282523005012773],[100.96967826526381,4.28653068568681],[100.9664608277225,4.290711991413676],[100.96346724665202,4.295055458748565],[100.96070572725,4.299549179859932],[100.9581838386492,4.304180835197313],[100.95590849317095,4.308937727286568],[100.95388592737906,4.313806815559368],[100.95212168498578,4.318774752121412],[100.9506206016569,4.323827918360869],[100.94938679175743,4.328952462296563],[100.94842363707461,4.334134336563277],[100.94773377754842,4.339359336929777],[100.94731910403591,4.344613141243949],[100.94718075312832,4.349881348697959],[100.94731910403591,4.355149519305969],[100.94773377754842,4.360403213485826],[100.94842363707461,4.365628031636365],[100.94938679175743,4.370809653601876],[100.9506206016569,4.3759338779154],[100.95212168498578,4.380986660713558],[100.95388592737906,4.385954154216281],[100.95590849317095,4.390822744665978],[100.9581838386492,4.39557908962263],[100.96070572725,4.400210154512425],[100.96346724665202,4.404703248330295],[100.9664608277225,4.409046058398558],[100.96967826526381,4.413226684086818],[100.9731107405033,4.41723366940093],[100.97674884526495,4.421056034352059],[100.98058260775645,4.424683305020179],[100.9846015199013,4.428105542230051],[100.98879456614067,4.431313368761339],[100.99315025362627,4.434297995018655],[100.99765664372148,4.4370512430917],[101.00230138472428,4.439565569139588],[101.00707174572241,4.441834084038808],[101.01195465148797,4.443850572238081],[101.01693671831565,4.445609508769129],[101.02200429070662,4.447106074366773],[101.02714347879714,4.44833616865736],[101.03234019642991,4.449296421379533],[101.03758019976311,4.44998420160679],[101.04284912631184,4.450397624946701],[101.04813253431466,4.450535558697336],[101.0534159423175,4.450397624946701],[101.05868486886622,4.44998420160679],[101.06392487219942,4.449296421379533],[101.06912158983219,4.44833616865736],[101.07426077792272,4.447106074366773],[101.07932835031369,4.445609508769129],[101.08431041714137,4.443850572238081],[101.08919332290692,4.441834084038808],[101.09396368390506,4.439565569139588],[101.09860842490785,4.4370512430917],[101.10311481500305,4.434297995018655],[101.10747050248867,4.431313368761339],[101.11166354872803,4.428105542230051],[101.11568246087289,4.424683305020179],[101.11951622336439,4.421056034352059],[101.12315432812603,4.417233669400942],[101.12658680336553,4.413226684086818],[101.12980424090685,4.409046058398558],[101.13279782197732,4.404703248330295],[101.13555934137933,4.400210154512425],[101.13808122998013,4.39557908962263],[101.14035657545838,4.390822744665978],[101.14237914125027,4.385954154216281],[101.14414338364355,4.380986660713558],[101.14564446697244,4.3759338779154],[101.1468782768719,4.370809653601876],[101.14784143155472,4.365628031636365],[101.14853129108091,4.360403213485826],[101.14894596459342,4.355149519305969],[101.14908431550101,4.349881348697959]],[[101.33930243400815,4.4173746507778],[101.33916408310056,4.412106918747086],[101.33874940958805,4.40685358798822],[101.33805955006186,4.401629058017971],[101.33709639537904,4.396447649710661],[101.33586258547957,4.391323566036303],[101.33436150215068,4.386270853118748],[101.3325972597574,4.381303361720878],[101.33057469396552,4.376434709262387],[101.32829934848726,4.371678242474498],[101.32577745988645,4.367047000794399],[101.32301594048445,4.362553680599786],[101.32002235941397,4.358210600381875],[101.31680492187266,4.354029666952723],[101.31337244663317,4.350022342779721],[101.30973434187152,4.346199614537036],[101.30590057938002,4.342571962960763],[101.30188166723516,4.339149334090544],[101.2976886209958,4.335941111976749],[101.2933329335102,4.332956092928766],[101.28882654341498,4.330202461374705],[101.28418180241219,4.327687767399577],[101.27941144141406,4.325418906023414],[101.2745285356485,4.323402098276585],[101.26954646882082,4.321642874124466],[101.26447889642985,4.32014605728846],[101.25933970833933,4.318915752005129],[101.25414299070655,4.317955331760177],[101.24890298737336,4.317267430027933],[101.24363406082463,4.316853933042341],[101.23835065282181,4.316715974618909],[101.23306724481898,4.316853933042341],[101.22779831827026,4.317267430027933],[101.22255831493705,4.317955331760177],[101.21736159730428,4.318915752005129],[101.21222240921375,4.32014605728846],[101.20715483682278,4.321642874124466],[101.2021727699951,4.323402098276585],[101.19728986422955,4.325418906023414],[101.19251950323141,4.327687767399577],[101.18787476222863,4.330202461374705],[101.18336837213342,4.332956092928766],[101.1790126846478,4.335941111976749],[101.17481963840844,4.339149334090544],[101.17080072626358,4.342571962960763],[101.16696696377208,4.346199614537036],[101.16332885901043,4.350022342779721],[101.15989638377094,4.354029666952723],[101.15667894622962,4.358210600381875],[101.15368536515915,4.362553680599786],[101.15092384575713,4.367047000794399],[101.14840195715634,4.371678242474498],[101.14612661167808,4.376434709262387],[101.1441040458862,4.381303361720878],[101.14233980349293,4.386270853118748],[101.14083872016403,4.391323566036303],[101.13960491026457,4.396447649710661],[101.13864175558174,4.401629058017971],[101.13795189605555,4.40685358798822],[101.13753722254305,4.412106918747086],[101.13739887163545,4.4173746507778],[101.13753722254305,4.422642345395319],[101.13795189605555,4.42789556432447],[101.13864175558174,4.433119909273749],[101.13960491026457,4.438301061395943],[101.14083872016403,4.443424820527899],[101.14233980349293,4.448477144101505],[101.1441040458862,4.453444185619622],[101.14612661167808,4.458312332591577],[101.14840195715634,4.463068243824359],[101.15092384575713,4.467698885967573],[101.15368536515915,4.472191569212193],[101.15667894622962,4.476533982045576],[101.15989638377094,4.480714224967655],[101.16332885901043,4.484720843076436],[101.16696696377208,4.488542857433496],[101.17080072626358,4.492169795124233],[101.17481963840844,4.495591717930511],[101.1790126846478,4.498799249537691],[101.18336837213342,4.501783601201768],[101.18787476222863,4.504536595806576],[101.19251950323141,4.507050690245658],[101.19728986422955,4.509318996067604],[101.2021727699951,4.511335298328814],[101.20715483682278,4.513094072602083],[101.21222240921375,4.514590500094992],[101.21736159730428,4.515820480836636],[101.22255831493705,4.516780644897106],[101.22779831827026,4.517468361608826],[101.23306724481898,4.517881746764995],[101.23835065282181,4.518019667775308],[101.24363406082463,4.517881746764995],[101.24890298737336,4.517468361608826],[101.25414299070655,4.516780644897106],[101.25933970833933,4.515820480836636],[101.26447889642985,4.514590500094992],[101.26954646882082,4.513094072602083],[101.2745285356485,4.511335298328814],[101.27941144141406,4.509318996067604],[101.28418180241219,4.507050690245658],[101.28882654341498,4.504536595806576],[101.2933329335102,4.501783601201768],[101.2976886209958,4.498799249537691],[101.30188166723516,4.495591717930511],[101.30590057938002,4.492169795124233],[101.30973434187152,4.488542857433496],[101.31337244663317,4.484720843076436],[101.31680492187266,4.480714224967655],[101.32002235941397,4.476533982045576],[101.32301594048445,4.472191569212193],[101.32577745988645,4.467698885967573],[101.32829934848726,4.463068243824359],[101.33057469396552,4.458312332591577],[101.3325972597574,4.453444185619622],[101.33436150215068,4.448477144101505],[101.33586258547957,4.443424820527899],[101.33709639537904,4.438301061395943],[101.33805955006186,4.433119909273749],[101.33874940958805,4.42789556432447],[101.33916408310056,4.422642345395319],[101.33930243400815,4.4173746507778]],[[101.51482189878087,3.938797033511976],[101.51468354787328,3.933526088261749],[101.51426887436077,3.928269557100383],[101.51357901483458,3.923041848267419],[101.51261586015174,3.917857291268567],[101.5113820502523,3.912730097591025],[101.50988096692339,3.907674321739631],[101.50811672453013,3.902703822700518],[101.50609415873824,3.897832225938311],[101.50381881325998,3.893072886030969],[101.50129692465917,3.888438850045178],[101.49853540525716,3.8839428217526],[101.49554182418669,3.879597126785596],[101.49232438664538,3.87541367882803],[101.48889191140589,3.871403946934143],[101.48525380664424,3.867578924065321],[101.48142004415274,3.863949096931443],[101.47740113200788,3.860524417219476],[101.47320808576852,3.857314274288839],[101.4688523982829,3.854327469408358],[101.4643460081877,3.851572191605847],[101.4597012671849,3.849055995196876],[101.45493090618676,3.846785779054402],[101.4500480004212,3.844767767676385],[101.44506593359353,3.843007494103722],[101.43999836120257,3.841509784735206],[101.43485917311203,3.840278746081587],[101.42966245547926,3.839317753495095],[101.42442245214606,3.838629441905531],[101.41915352559734,3.838215698588372],[101.41387011759453,3.838077657984865],[101.40858670959169,3.838215698588372],[101.40331778304297,3.838629441905531],[101.39807777970977,3.839317753495095],[101.392881062077,3.840278746081587],[101.38774187398646,3.841509784735206],[101.3826743015955,3.843007494103722],[101.37769223476782,3.844767767676385],[101.37280932900227,3.846785779054402],[101.36803896800413,3.849055995196876],[101.36339422700134,3.851572191605847],[101.35888783690613,3.854327469408358],[101.3545321494205,3.857314274288839],[101.35033910318114,3.860524417219476],[101.34632019103628,3.863949096931443],[101.34248642854479,3.867578924065321],[101.33884832378314,3.871403946934143],[101.33541584854365,3.87541367882803],[101.33219841100234,3.879597126785596],[101.32920482993187,3.8839428217526],[101.32644331052985,3.888438850045178],[101.32392142192904,3.893072886030969],[101.32164607645079,3.897832225938311],[101.3196235106589,3.902703822700518],[101.31785926826565,3.907674321739631],[101.31635818493673,3.912730097591025],[101.31512437503729,3.917857291268567],[101.31416122035445,3.923041848267419],[101.31347136082826,3.928269557100383],[101.31305668731575,3.933526088261749],[101.31291833640816,3.938797033511976],[101.31305668731575,3.944067945375208],[101.31347136082826,3.949324376741341],[101.31416122035445,3.954551920464243],[101.31512437503729,3.959736248847191],[101.31635818493673,3.964863152907736],[101.31785926826565,3.969918581314192],[101.3196235106589,3.974888678887078],[101.32164607645079,3.979759824560374],[101.32392142192904,3.984518668698298],[101.32644331052985,3.989152169666002],[101.32920482993187,3.993647629553561],[101.33219841100234,3.997992728956192],[101.33541584854365,4.002175560715168],[101.33884832378314,4.00618466252747],[101.34248642854479,4.010009048335019],[101.34632019103628,4.013638238407713],[101.35033910318114,4.017062288038337],[101.3545321494205,4.020271814770804],[101.35888783690613,4.023258024087472],[101.36339422700134,4.026012733485613],[101.36803896800413,4.028528394877222],[101.37280932900227,4.030798115251118],[101.37769223476782,4.032815675541013],[101.3826743015955,4.034575547648263],[101.38774187398646,4.036072909572578],[101.392881062077,4.037303658609876],[101.39807777970977,4.038264422580998],[101.40331778304297,4.038952569060907],[101.40858670959169,4.039366212583086],[101.41387011759453,4.039504219799675],[101.41915352559734,4.039366212583086],[101.42442245214606,4.038952569060907],[101.42966245547926,4.038264422580998],[101.43485917311203,4.037303658609876],[101.43999836120257,4.036072909572578],[101.44506593359353,4.034575547648263],[101.4500480004212,4.032815675541013],[101.45493090618676,4.030798115251118],[101.4597012671849,4.028528394877222],[101.4643460081877,4.026012733485613],[101.4688523982829,4.023258024087472],[101.47320808576852,4.020271814770804],[101.47740113200788,4.017062288038337],[101.48142004415274,4.013638238407713],[101.48525380664424,4.010009048335019],[101.48889191140589,4.00618466252747],[101.49232438664538,4.002175560715168],[101.49554182418669,3.997992728956192],[101.49853540525716,3.993647629553561],[101.50129692465917,3.989152169666002],[101.50381881325998,3.984518668698298],[101.50609415873824,3.979759824560374],[101.50811672453013,3.974888678887078],[101.50988096692339,3.969918581314192],[101.5113820502523,3.964863152907736],[101.51261586015174,3.959736248847191],[101.51357901483458,3.954551920464243],[101.51426887436077,3.949324376741341],[101.51468354787328,3.944067945375208],[101.51482189878087,3.938797033511976]],[[101.22950123673948,3.973262958293307],[101.2293628858319,3.967992232164939],[101.2289482123194,3.962735919235717],[101.2282583527932,3.95750842715062],[101.22729519811038,3.952324084827123],[101.22606138821092,3.947197103172175],[101.22456030488202,3.942141536119808],[101.22279606248875,3.937171242096285],[101.22077349669686,3.932299846018593],[101.21849815121861,3.927540701930763],[101.2159762626178,3.922906856380429],[101.2132147432158,3.918411012636407],[101.21022116214532,3.914065495845527],[101.20700372460401,3.909882219224556],[101.2035712493645,3.905872651380104],[101.19993314460287,3.902047784846448],[101.19609938211137,3.89841810592769],[101.1920804699665,3.894993565927325],[101.18788742372713,3.891783553844339],[101.18353173624152,3.888796870610915],[101.17902534614632,3.886041704942752],[101.17438060514354,3.883525610868357],[101.1696102441454,3.881255486999295],[101.16472733837985,3.87923755759837],[101.15974527155215,3.87747735549786],[101.1546776991612,3.875979706915024],[101.14953851107067,3.874748718206418],[101.1443417934379,3.873787764597726],[101.13910179010468,3.873099480920074],[101.13383286355595,3.872685754378343],[101.12854945555314,3.872547719371353],[101.12326604755032,3.872685754378343],[101.1179971210016,3.873099480920074],[101.1127571176684,3.873787764597726],[101.10756040003562,3.874748718206418],[101.10242121194509,3.875979706915024],[101.09735363955413,3.87747735549786],[101.09237157272645,3.87923755759837],[101.0874886669609,3.881255486999295],[101.08271830596276,3.883525610868357],[101.07807356495996,3.886041704942752],[101.07356717486475,3.888796870610915],[101.06921148737915,3.891783553844339],[101.06501844113978,3.894993565927325],[101.06099952899491,3.89841810592769],[101.05716576650342,3.902047784846448],[101.05352766174178,3.905872651380104],[101.05009518650228,3.909882219224556],[101.04687774896097,3.914065495845527],[101.0438841678905,3.918411012636407],[101.04112264848848,3.922906856380429],[101.03860075988767,3.927540701930763],[101.03632541440943,3.932299846018593],[101.03430284861753,3.937171242096285],[101.03253860622426,3.942141536119808],[101.03103752289536,3.947197103172175],[101.02980371299591,3.952324084827123],[101.02884055831309,3.95750842715062],[101.0281506987869,3.962735919235717],[101.02773602527438,3.967992232164939],[101.0275976743668,3.973262958293307],[101.02773602527438,3.978533650744396],[101.0281506987869,3.983789863010717],[101.02884055831309,3.989017188550227],[101.02980371299591,3.994201300270126],[101.03103752289536,3.99932798979002],[101.03253860622426,4.004383206376597],[101.03430284861753,4.009353095443386],[101.03632541440943,4.014224036510187],[101.03860075988767,4.018982680518171],[101.04112264848848,4.023615986398729],[101.0438841678905,4.028111256795762],[101.04687774896097,4.032456172844186],[101.05009518650228,4.036638827909075],[101.05352766174178,4.040647760193742],[101.05716576650342,4.044471984127227],[101.06099952899491,4.048101020445916],[101.06501844113978,4.051524924886751],[101.06921148737915,4.054734315414075],[101.07356717486475,4.057720397905578],[101.07807356495996,4.060474990227425],[101.08271830596276,4.062990544632783],[101.0874886669609,4.065260168422812],[101.09237157272645,4.067277642813686],[101.09735363955413,4.069037439958264],[101.10242121194509,4.07053473807606],[101.10756040003562,4.071765434650298],[101.1127571176684,4.072726157655953],[101.1179971210016,4.073414274788401],[101.12326604755032,4.073827900667509],[101.12854945555314,4.073965901997285],[101.13383286355595,4.073827900667509],[101.13910179010468,4.073414274788401],[101.1443417934379,4.072726157655953],[101.14953851107067,4.071765434650298],[101.1546776991612,4.07053473807606],[101.15974527155215,4.069037439958264],[101.16472733837985,4.067277642813686],[101.1696102441454,4.065260168422812],[101.17438060514354,4.062990544632783],[101.17902534614632,4.060474990227425],[101.18353173624152,4.057720397905578],[101.18788742372713,4.054734315414075],[101.1920804699665,4.051524924886751],[101.19609938211137,4.048101020445916],[101.19993314460287,4.044471984127227],[101.2035712493645,4.040647760193742],[101.20700372460401,4.036638827909075],[101.21022116214532,4.032456172844186],[101.2132147432158,4.028111256795762],[101.2159762626178,4.023615986398729],[101.21849815121861,4.018982680518171],[101.22077349669686,4.014224036510187],[101.22279606248875,4.009353095443386],[101.22456030488202,4.004383206376597],[101.22606138821092,3.99932798979002],[101.22729519811038,3.994201300270126],[101.2282583527932,3.989017188550227],[101.2289482123194,3.983789863010717],[101.2293628858319,3.978533650744396],[101.22950123673948,3.973262958293307]],[[101.05385507273805,3.873435532624677],[101.05371672183045,3.868164177068075],[101.05330204831795,3.862907237273331],[101.05261218879176,3.857679122593294],[101.05164903410893,3.852494163634873],[101.05041522420947,3.847366572971564],[101.04891414088057,3.842310406176707],[101.0471498984873,3.837339523284438],[101.04512733269542,3.832467550784338],[101.04285198721716,3.827707844253669],[101.04033009861637,3.823073451730408],[101.03756857921435,3.818577077927229],[101.03457499814388,3.814231049385037],[101.03135756060256,3.81004728066161],[101.02792508536307,3.806037241648656],[101.02428698060142,3.802211926106668],[101.02045321810992,3.798581821504532],[101.01643430596506,3.795156880246585],[101.0122412597257,3.791946492366407],[101.00788557224008,3.78895945976246],[101.00337918214487,3.786203972046381],[100.99873444114209,3.783687584070579],[100.99396408014395,3.781417195196797],[100.9890811743784,3.779399030362856],[100.98409910755072,3.77763862299969],[100.97903153515975,3.776140799845571],[100.97389234706922,3.774909667699611],[100.96869562943645,3.773948602150647],[100.96345562610324,3.773260238312967],[100.95818669955453,3.772846463594064],[100.95290329155169,3.772708412514484],[100.94761988354887,3.772846463594064],[100.94235095700014,3.773260238312967],[100.93711095366695,3.773948602150647],[100.93191423603417,3.774909667699611],[100.92677504794365,3.776140799845571],[100.92170747555268,3.77763862299969],[100.916725408725,3.779399030362856],[100.91184250295944,3.781417195196797],[100.90707214196131,3.783687584070579],[100.90242740095852,3.786203972046381],[100.8979210108633,3.78895945976246],[100.8935653233777,3.791946492366407],[100.88937227713834,3.795156880246585],[100.88535336499348,3.798581821504532],[100.88151960250198,3.802211926106668],[100.87788149774033,3.806037241648656],[100.87444902250084,3.81004728066161],[100.87123158495953,3.814231049385037],[100.86823800388905,3.818577077927229],[100.86547648448703,3.823073451730408],[100.86295459588624,3.827707844253669],[100.86067925040798,3.832467550784338],[100.8586566846161,3.837339523284438],[100.85689244222282,3.842310406176707],[100.85539135889393,3.847366572971564],[100.85415754899446,3.852494163634873],[100.85319439431164,3.857679122593294],[100.85250453478545,3.862907237273331],[100.85208986127294,3.868164177068075],[100.85195151036535,3.873435532624677],[100.85208986127294,3.878706855344889],[100.85250453478545,3.883963696990248],[100.85319439431164,3.889191649283249],[100.85415754899446,3.894376383396122],[100.85539135889393,3.899503689218852],[100.85689244222282,3.904559514298896],[100.8586566846161,3.909530002345975],[100.86067925040798,3.914401531196609],[100.86295459588624,3.919160750134187],[100.86547648448703,3.923794616462958],[100.86823800388905,3.928290431235332],[100.87123158495953,3.932635874035316],[100.87444902250084,3.936819036722609],[100.87788149774033,3.940828456045399],[100.88151960250198,3.94465314503263],[100.88535336499348,3.948282623080099],[100.88937227713834,3.951706944648135],[100.8935653233777,3.954916726492588],[100.8979210108633,3.957903173354847],[100.90242740095852,3.960658102040783],[100.90707214196131,3.963173963822833],[100.91184250295944,3.965443865104325],[100.916725408725,3.967461586289576],[100.92170747555268,3.969221598808379],[100.92677504794365,3.970719080248385],[100.93191423603417,3.971949927554428],[100.93711095366695,3.972910768258403],[100.94235095700014,3.973598969709442],[100.94761988354887,3.974012646279214],[100.95290329155169,3.974150664522493],[100.95818669955453,3.974012646279214],[100.96345562610324,3.973598969709442],[100.96869562943645,3.972910768258403],[100.97389234706922,3.971949927554428],[100.97903153515975,3.970719080248385],[100.98409910755072,3.969221598808379],[100.9890811743784,3.967461586289576],[100.99396408014395,3.965443865104325],[100.99873444114209,3.963173963822833],[101.00337918214487,3.960658102040783],[101.00788557224008,3.957903173354847],[101.0122412597257,3.954916726492588],[101.01643430596506,3.951706944648135],[101.02045321810992,3.948282623080099],[101.02428698060142,3.94465314503263],[101.02792508536307,3.940828456045399],[101.03135756060256,3.936819036722609],[101.03457499814388,3.932635874035316],[101.03756857921435,3.928290431235332],[101.04033009861637,3.923794616462958],[101.04285198721716,3.919160750134187],[101.04512733269542,3.914401531196609],[101.0471498984873,3.909530002345975],[101.04891414088057,3.904559514298896],[101.05041522420947,3.899503689218852],[101.05164903410893,3.894376383396122],[101.05261218879176,3.889191649283249],[101.05330204831795,3.883963696990248],[101.05371672183045,3.878706855344889],[101.05385507273805,3.873435532624677]],[[101.38823088102713,4.22204588934385],[101.38809253011954,4.216776801452432],[101.38767785660703,4.211522120184579],[101.38698799708084,4.206296248738602],[101.38602484239802,4.201113511632389],[101.38479103249855,4.195988115431954],[101.38328994916965,4.190934109800263],[101.38152570677639,4.185965348973277],[101.3795031409845,4.181095453768984],[101.37722779550624,4.176337774233827],[101.37470590690543,4.171705353028879],[101.37194438750342,4.16721088965676],[101.36895080643295,4.162866705627206],[101.36573336889164,4.158684710657421],[101.36230089365215,4.154676369999892],[101.3586627888905,4.150852672987591],[101.354829026399,4.147224102883182],[101.35081011425414,4.143800608115169],[101.34661706801478,4.140591574979994],[101.34226138052917,4.137605801885421],[101.33775499043396,4.134851475205994],[101.33311024943116,4.132336146817112],[101.32833988843302,4.13006671336954],[101.32345698266748,4.12804939736146],[101.31847491583979,4.126289730060163],[101.31340734344883,4.124792536320539],[101.30826815535829,4.123561921341993],[101.30307143772552,4.122601259400509],[101.29783143439232,4.121913184586703],[101.2925625078436,4.121499583575511],[101.28727909984077,4.121361590447431],[101.28199569183795,4.121499583575511],[101.27672676528923,4.121913184586703],[101.27148676195603,4.122601259400509],[101.26629004432326,4.123561921341993],[101.26115085623272,4.124792536320539],[101.25608328384176,4.126289730060163],[101.25110121701408,4.12804939736146],[101.24621831124853,4.13006671336954],[101.24144795025039,4.132336146817112],[101.2368032092476,4.134851475205994],[101.23229681915238,4.137605801885421],[101.22794113166677,4.140591574979994],[101.2237480854274,4.143800608115169],[101.21972917328254,4.147224102883182],[101.21589541079105,4.150852672987591],[101.2122573060294,4.154676369999892],[101.20882483078991,4.158684710657421],[101.2056073932486,4.162866705627206],[101.20261381217813,4.16721088965676],[101.19985229277611,4.171705353028879],[101.1973304041753,4.176337774233827],[101.19505505869705,4.181095453768984],[101.19303249290516,4.185965348973277],[101.1912682505119,4.190934109800263],[101.18976716718299,4.195988115431954],[101.18853335728355,4.201113511632389],[101.18757020260071,4.206296248738602],[101.18688034307453,4.211522120184579],[101.18646566956203,4.216776801452432],[101.18632731865442,4.22204588934385],[101.18646566956203,4.227314941464141],[101.18688034307453,4.232569515810523],[101.18757020260071,4.237795210356135],[101.18853335728355,4.242977702521255],[101.18976716718299,4.248102788423506],[101.1912682505119,4.253156421799616],[101.19303249290516,4.258124752492179],[101.19505505869705,4.26299416439582],[101.1973304041753,4.267751312759299],[101.19985229277611,4.272383160741146],[101.20261381217813,4.276877015119141],[101.2056073932486,4.281220561055791],[101.20882483078991,4.285401895825002],[101.2122573060294,4.289409561407586],[101.21589541079105,4.293232575866861],[101.21972917328254,4.296860463418306],[101.2237480854274,4.300283283111642],[101.22794113166677,4.303491656046678],[101.23229681915238,4.306476791048956],[101.2368032092476,4.309230508734958],[101.24144795025039,4.311745263901541],[101.24621831124853,4.314014166178276],[101.25110121701408,4.316030998886607],[101.25608328384176,4.317790236054319],[101.26115085623272,4.319287057539176],[101.26629004432326,4.320517362220251],[101.27148676195603,4.321477779221214],[101.27672676528923,4.322165677135102],[101.28199569183795,4.322579171225078],[101.28727909984077,4.322717128582108],[101.2925625078436,4.322579171225078],[101.29783143439232,4.322165677135102],[101.30307143772552,4.321477779221214],[101.30826815535829,4.320517362220251],[101.31340734344883,4.319287057539176],[101.31847491583979,4.317790236054319],[101.32345698266748,4.316030998886607],[101.32833988843302,4.314014166178276],[101.33311024943116,4.311745263901541],[101.33775499043396,4.309230508734958],[101.34226138052917,4.306476791048956],[101.34661706801478,4.303491656046678],[101.35081011425414,4.300283283111642],[101.354829026399,4.296860463418306],[101.3586627888905,4.293232575866861],[101.36230089365215,4.289409561407586],[101.36573336889164,4.285401895825002],[101.36895080643295,4.281220561055791],[101.37194438750342,4.276877015119141],[101.37470590690543,4.272383160741146],[101.37722779550624,4.267751312759299],[101.3795031409845,4.26299416439582],[101.38152570677639,4.258124752492179],[101.38328994916965,4.253156421799616],[101.38479103249855,4.248102788423506],[101.38602484239802,4.242977702521255],[101.38698799708084,4.237795210356135],[101.38767785660703,4.232569515810523],[101.38809253011954,4.227314941464141],[101.38823088102713,4.22204588934385]],[[101.83242441382784,4.146839358994579],[101.83228606292026,4.141569765389942],[101.83187138940775,4.1363145804251],[101.83118152988156,4.131088208671217],[101.83021837519874,4.125904976004676],[101.82898456529928,4.120779090332002],[101.82748348197036,4.115724602635216],[101.82571923957711,4.11075536844457],[101.82369667378522,4.1058850098443],[101.82142132830697,4.10112687811583],[101.81889943970614,4.09649401712112],[101.81613792030414,4.091999127526532],[101.81314433923367,4.087654531965847],[101.80992690169235,4.083472141237876],[101.80649442645286,4.079463421631837],[101.80285632169122,4.075639363470363],[101.79902255919973,4.072010450956394],[101.79500364705486,4.068586633407333],[101.79081060081549,4.065377297955295],[101.78645491332988,4.062391243788667],[101.78194852323468,4.059636658006028],[101.77730378223188,4.057121093148694],[101.77253342123375,4.054851446473898],[101.7676505154682,4.052833941025671],[101.7626684486405,4.051074108555397],[101.75760087624955,4.049576774339413],[101.75246168815902,4.048346043935103],[101.74726497052625,4.047385291912281],[101.74202496719303,4.046697152590643],[101.73675604064431,4.046283512809087],[101.7314726326415,4.046145506746621],[101.72618922463867,4.046283512809087],[101.72092029808995,4.046697152590643],[101.71568029475675,4.047385291912281],[101.71048357712397,4.048346043935103],[101.70534438903343,4.049576774339413],[101.70027681664249,4.051074108555397],[101.6952947498148,4.052833941025671],[101.69041184404925,4.054851446473898],[101.6856414830511,4.057121093148694],[101.68099674204831,4.059636658006028],[101.6764903519531,4.062391243788667],[101.67213466446749,4.065377297955295],[101.66794161822813,4.068586633407333],[101.66392270608327,4.072010450956394],[101.66008894359176,4.075639363470363],[101.65645083883012,4.079463421631837],[101.65301836359063,4.083472141237876],[101.64980092604932,4.087654531965847],[101.64680734497884,4.091999127526532],[101.64404582557684,4.09649401712112],[101.64152393697601,4.10112687811583],[101.63924859149778,4.1058850098443],[101.63722602570587,4.11075536844457],[101.63546178331262,4.115724602635216],[101.63396069998372,4.120779090332002],[101.63272689008426,4.125904976004676],[101.63176373540144,4.131088208671217],[101.63107387587524,4.1363145804251],[101.63065920236274,4.141569765389942],[101.63052085145515,4.146839358994579],[101.63065920236274,4.152108917460754],[101.63107387587524,4.157363997395246],[101.63176373540144,4.162590195377602],[101.63272689008426,4.167773187435348],[101.63396069998372,4.172898768298126],[101.63546178331262,4.177952890323449],[101.63722602570587,4.18292170198748],[101.63924859149778,4.187791585835297],[101.64152393697601,4.192549195786966],[101.64404582557684,4.197181493697228],[101.64680734497884,4.20167578506901],[101.64980092604932,4.206019753822809],[101.65301836359063,4.210201496027246],[101.65645083883012,4.214209552498436],[101.66008894359176,4.21803294017925],[101.66392270608327,4.221661182212637],[101.66794161822813,4.225084336627139],[101.67213466446749,4.228293023556063],[101.6764903519531,4.231278450916379],[101.68099674204831,4.234032438476922],[101.6856414830511,4.236547440250599],[101.69041184404925,4.238816565149419],[101.6952947498148,4.240833595846057],[101.70027681664249,4.242593005790558],[101.70534438903343,4.24408997433588],[101.71048357712397,4.24532039993097],[101.71568029475675,4.24628091134558],[101.72092029808995,4.246968876896124],[101.72618922463867,4.247382411647597],[101.7314726326415,4.247520382571728],[101.73675604064431,4.247382411647597],[101.74202496719303,4.246968876896124],[101.74726497052625,4.24628091134558],[101.75246168815902,4.24532039993097],[101.75760087624955,4.24408997433588],[101.7626684486405,4.242593005790558],[101.7676505154682,4.240833595846057],[101.77253342123375,4.238816565149419],[101.77730378223188,4.236547440250599],[101.78194852323468,4.234032438476922],[101.78645491332988,4.231278450916379],[101.79081060081549,4.228293023556063],[101.79500364705486,4.225084336627139],[101.79902255919973,4.221661182212637],[101.80285632169122,4.21803294017925],[101.80649442645286,4.214209552498436],[101.80992690169235,4.210201496027246],[101.81314433923367,4.206019753822809],[101.81613792030414,4.20167578506901],[101.81889943970614,4.197181493697228],[101.82142132830697,4.192549195786966],[101.82369667378522,4.187791585835297],[101.82571923957711,4.18292170198748],[101.82748348197036,4.177952890323449],[101.82898456529928,4.172898768298126],[101.83021837519874,4.167773187435348],[101.83118152988156,4.162590195377602],[101.83187138940775,4.157363997395246],[101.83228606292026,4.152108917460754],[101.83242441382784,4.146839358994579]],[[102.16442778045054,3.428876290494065],[102.16428942954296,3.42360232625122],[102.16387475603045,3.418342788654677],[102.16318489650426,3.413112094131703],[102.16222174182144,3.407924580284353],[102.16098793192198,3.402794466583501],[102.15948684859306,3.397735815384459],[102.15772260619981,3.392762493370732],[102.15570004040792,3.387888133532192],[102.15342469492967,3.383126097781612],[102.15090280632886,3.378489440312541],[102.14814128692684,3.373990871798888],[102.14514770585637,3.369642724534876],[102.14193026831506,3.365456918610835],[102.13849779307556,3.361444929217973],[102.13485968831392,3.357617755171921],[102.13102592582243,3.353985888741646],[102.12700701367756,3.350559286866572],[102.12281396743819,3.34734734384118],[102.11845827995258,3.344358865542107],[102.11395188985738,3.341602045268689],[102.10930714885458,3.339084441263477],[102.10453678785646,3.336812955974344],[102.0996538820909,3.334793817115532],[102.09467181526321,3.33303256057948],[102.08960424287226,3.331534015246733],[102.08446505478172,3.330302289735435],[102.07926833714895,3.329340761127162],[102.07402833381573,3.328652065699888],[102.06875940726701,3.328238091693764],[102.0634759992642,3.328099974129511],[102.05819259126137,3.328238091693764],[102.05292366471265,3.328652065699888],[102.04768366137945,3.329340761127162],[102.04248694374668,3.330302289735435],[102.03734775565614,3.331534015246733],[102.03228018326519,3.33303256057948],[102.0272981164375,3.334793817115532],[102.02241521067195,3.336812955974344],[102.01764484967381,3.339084441263477],[102.01300010867101,3.341602045268689],[102.0084937185758,3.344358865542107],[102.0041380310902,3.34734734384118],[101.99994498485083,3.350559286866572],[101.99592607270597,3.353985888741646],[101.99209231021446,3.357617755171921],[101.98845420545283,3.361444929217973],[101.98502173021333,3.365456918610835],[101.98180429267202,3.369642724534876],[101.97881071160155,3.373990871798888],[101.97604919219954,3.378489440312541],[101.97352730359873,3.383126097781612],[101.97125195812049,3.387888133532192],[101.96922939232859,3.392762493370732],[101.96746514993532,3.397735815384459],[101.96596406660642,3.402794466583501],[101.96473025670697,3.407924580284353],[101.96376710202415,3.413112094131703],[101.96307724249796,3.418342788654664],[101.96266256898544,3.42360232625122],[101.96252421807786,3.428876290494065],[101.96266256898544,3.434150225649987],[101.96307724249796,3.439409676304528],[101.96376710202415,3.444640226982934],[101.96473025670697,3.449827541659154],[101.96596406660642,3.454957403044479],[101.96746514993532,3.460015751548058],[101.96922939232859,3.464988723802751],[101.97125195812049,3.469862690650759],[101.97352730359873,3.474624294484977],[101.97604919219954,3.479260485844078],[101.97881071160155,3.483758559160914],[101.98180429267202,3.488106187566779],[101.98502173021333,3.492291456656077],[101.98845420545283,3.49630289711927],[101.99209231021446,3.500129516154904],[101.99592607270597,3.503760827574838],[101.99994498485083,3.507186880520448],[102.0041380310902,3.510398286711452],[102.0084937185758,3.513386246152862],[102.01300010867101,3.516142571230048],[102.01764484967381,3.518659709125925],[102.02241521067195,3.520930762499409],[102.0272981164375,3.522949508368402],[102.03228018326519,3.524710415146119],[102.03734775565614,3.526208657784053],[102.04248694374668,3.527440130980408],[102.04768366137945,3.528401460418034],[102.05292366471265,3.529090012001084],[102.05819259126137,3.529503899065423],[102.0634759992642,3.529641987542855],[102.06875940726701,3.529503899065423],[102.07402833381573,3.529090012001084],[102.07926833714895,3.528401460418034],[102.08446505478172,3.527440130980408],[102.08960424287226,3.526208657784053],[102.09467181526321,3.524710415146119],[102.0996538820909,3.522949508368402],[102.10453678785646,3.520930762499409],[102.10930714885458,3.518659709125925],[102.11395188985738,3.516142571230048],[102.11845827995258,3.513386246152862],[102.12281396743819,3.510398286711452],[102.12700701367756,3.507186880520448],[102.13102592582243,3.503760827574838],[102.13485968831392,3.500129516154904],[102.13849779307556,3.49630289711927],[102.14193026831506,3.492291456656077],[102.14514770585637,3.488106187566779],[102.14814128692684,3.483758559160914],[102.15090280632886,3.479260485844078],[102.15342469492967,3.474624294484977],[102.15570004040792,3.469862690650759],[102.15772260619981,3.464988723802751],[102.15948684859306,3.460015751548058],[102.16098793192198,3.454957403044479],[102.16222174182144,3.449827541659154],[102.16318489650426,3.444640226982934],[102.16387475603045,3.439409676304528],[102.16428942954296,3.434150225649987],[102.16442778045054,3.428876290494065]],[[103.18121186961353,3.878850760281046],[103.18107351870596,3.873579438457877],[103.18065884519343,3.868322532258671],[103.17996898566726,3.863094450944726],[103.17900583098442,3.857909525032459],[103.17777202108498,3.852781967006055],[103.17627093775607,3.847725832351009],[103.1745066953628,3.842754981015351],[103.1724841295709,3.837883039404366],[103.17020878409267,3.833123363013231],[103.16768689549185,3.828488999800079],[103.16492537608984,3.823992654400258],[103.16193179501937,3.819646653279981],[103.15871435747806,3.815462910925249],[103.15528188223857,3.811452897158927],[103.15164377747692,3.807627605675863],[103.14781001498542,3.803997523882554],[103.14379110284057,3.800572604124431],[103.1395980566012,3.797362236379658],[103.13524236911559,3.794375222494967],[103.13073597902039,3.791619752034033],[103.12609123801758,3.78910337980517],[103.12132087701944,3.786833005129957],[103.11643797125389,3.784814852910096],[103.11145590442621,3.783054456544461],[103.10638833203524,3.78155664274345],[103.10124914394471,3.780325518282473],[103.09605242631194,3.779364458730942],[103.09081242297874,3.778676099188003],[103.08554349643002,3.778262327050272],[103.0802600884272,3.778124276831834],[103.07497668042438,3.778262327050272],[103.06970775387566,3.778676099188003],[103.06446775054245,3.779364458730942],[103.05927103290968,3.780325518282473],[103.05413184481914,3.78155664274345],[103.04906427242818,3.783054456544461],[103.04408220560049,3.784814852910096],[103.03919929983493,3.786833005129957],[103.03442893883681,3.78910337980517],[103.02978419783402,3.791619752034033],[103.02527780773882,3.794375222494967],[103.02092212025319,3.797362236379658],[103.01672907401384,3.800572604124431],[103.01271016186897,3.803997523882554],[103.00887639937747,3.807627605675863],[103.00523829461582,3.811452897158927],[103.00180581937633,3.815462910925249],[102.99858838183502,3.819646653279981],[102.99559480076455,3.823992654400258],[102.99283328136254,3.828488999800079],[102.99031139276173,3.833123363013231],[102.98803604728347,3.837883039404366],[102.98601348149158,3.842754981015351],[102.98424923909833,3.847725832351009],[102.98274815576941,3.852781967006055],[102.98151434586995,3.857909525032459],[102.98055119118713,3.863094450944726],[102.97986133166094,3.868322532258671],[102.97944665814843,3.873579438457877],[102.97930830724086,3.878850760281046],[102.97944665814843,3.884122049222215],[102.97986133166094,3.889378857135666],[102.98055119118713,3.894606775836921],[102.98151434586995,3.899791476591234],[102.98274815576941,3.904918749381282],[102.98424923909833,3.909974541846684],[102.98601348149158,3.914944997788544],[102.98803604728347,3.919816495133583],[102.99031139276173,3.924575683254132],[102.99283328136254,3.929209519541647],[102.99559480076455,3.933705305133909],[102.99858838183502,3.938050719698072],[103.00180581937633,3.942233855174601],[103.00523829461582,3.946243248389693],[103.00887639937747,3.950067912447406],[103.01271016186897,3.953697366815454],[103.01672907401384,3.957121666022614],[103.02092212025319,3.960331426889578],[103.02527780773882,3.963317854218702],[103.02978419783402,3.966072764872726],[103.03442893883681,3.96858861017669],[103.03919929983493,3.970858496582105],[103.04408220560049,3.972876204536834],[103.04906427242818,3.974636205509447],[103.05413184481914,3.976133677121552],[103.05927103290968,3.977364516346823],[103.06446775054245,3.978325350740934],[103.06970775387566,3.979013547671616],[103.07497668042438,3.97942722152382],[103.0802600884272,3.979565238860348],[103.08554349643002,3.97942722152382],[103.09081242297874,3.979013547671616],[103.09605242631194,3.978325350740934],[103.10124914394471,3.977364516346823],[103.10638833203524,3.976133677121552],[103.11145590442621,3.974636205509447],[103.11643797125389,3.972876204536834],[103.12132087701944,3.970858496582105],[103.12609123801758,3.96858861017669],[103.13073597902039,3.966072764872726],[103.13524236911559,3.963317854218702],[103.1395980566012,3.960331426889578],[103.14379110284057,3.957121666022614],[103.14781001498542,3.953697366815454],[103.15164377747692,3.950067912447406],[103.15528188223857,3.946243248389693],[103.15871435747806,3.942233855174601],[103.16193179501937,3.938050719698072],[103.16492537608984,3.933705305133909],[103.16768689549185,3.929209519541647],[103.17020878409267,3.924575683254132],[103.1724841295709,3.919816495133583],[103.1745066953628,3.914944997788544],[103.17627093775607,3.909974541846684],[103.17777202108498,3.904918749381282],[103.17900583098442,3.899791476591234],[103.17996898566726,3.894606775836921],[103.18065884519343,3.889378857135666],[103.18107351870596,3.884122049222215],[103.18121186961353,3.878850760281046]],[[103.24320792752238,3.111152280711772],[103.2430695766148,3.105876646596399],[103.24265490310228,3.10061544637744],[103.24196504357609,3.095383101006439],[103.24100188889327,3.090193952555834],[103.23976807899382,3.085062224901413],[103.23826699566492,3.080001984726602],[103.23650275327164,3.075027102955526],[103.23448018747975,3.070151216720692],[103.23220484200151,3.065387691969712],[103.2296829534007,3.060749586813609],[103.22692143399868,3.056249615717706],[103.22392785292821,3.051900114632872],[103.2207104153869,3.047713007163465],[103.21727794014741,3.043699771864628],[103.21363983538578,3.039871410758854],[103.20980607289427,3.036238419158316],[103.2057871607494,3.032810756876032],[103.20159411451003,3.029597820904852],[103.19723842702443,3.026608419639458],[103.19273203692923,3.023850748712251],[103.18808729592642,3.021332368509577],[103.18331693492829,3.01906018343007],[103.17843402916273,3.017040422942252],[103.17345196233505,3.015278624493409],[103.16838438994408,3.01377961831676],[103.16324520185356,3.012547514178837],[103.15804848422079,3.011585690103306],[103.15280848088759,3.010896783102469],[103.14753955433886,3.010482681941814],[103.14225614633604,3.010344521957651],[103.13697273833323,3.010482681941814],[103.1317038117845,3.010896783102469],[103.12646380845129,3.011585690103306],[103.12126709081852,3.012547514178837],[103.11612790272798,3.01377961831676],[103.11106033033703,3.015278624493409],[103.10607826350933,3.017040422942252],[103.10119535774378,3.01906018343007],[103.09642499674565,3.021332368509577],[103.09178025574286,3.023850748712251],[103.08727386564766,3.026608419639458],[103.08291817816203,3.029597820904852],[103.07872513192268,3.032810756876032],[103.07470621977781,3.036238419158316],[103.07087245728631,3.039871410758854],[103.06723435252466,3.043699771864628],[103.06380187728517,3.047713007163465],[103.06058443974386,3.051900114632872],[103.0575908586734,3.056249615717706],[103.05482933927138,3.060749586813609],[103.05230745067057,3.065387691969712],[103.05003210519232,3.070151216720692],[103.04800953940043,3.075027102955526],[103.04624529700718,3.080001984726602],[103.04474421367826,3.085062224901413],[103.0435104037788,3.090193952555834],[103.04254724909597,3.095383101006439],[103.04185738956978,3.10061544637744],[103.04144271605728,3.105876646596399],[103.0413043651497,3.111152280711772],[103.04144271605728,3.11642788842433],[103.04185738956978,3.121689009724109],[103.04254724909597,3.12692122452422],[103.0435104037788,3.132110192182809],[103.04474421367826,3.137241690804876],[103.04624529700718,3.142301656216339],[103.04800953940043,3.147276220503429],[103.05003210519232,3.152151750012097],[103.05230745067057,3.1569148827031],[103.05482933927138,3.16155256476089],[103.0575908586734,3.166052086355743],[103.06058443974386,3.170401116461622],[103.06380187728517,3.174587736634302],[103.06723435252466,3.178600473657571],[103.07087245728631,3.182428330968165],[103.07470621977781,3.186060818773587],[103.07872513192268,3.189487982780506],[103.08291817816203,3.192700431455277],[103.08727386564766,3.195689361742149],[103.09178025574286,3.198446583168827],[103.09642499674565,3.200964540273788],[103.10119535774378,3.203236333293952],[103.10607826350933,3.205255737056241],[103.11106033033703,3.207017218021759],[103.11612790272798,3.208515949435632],[103.12126709081852,3.209747824541724],[103.12646380845129,3.210709467825684],[103.1317038117845,3.211398244255961],[103.13697273833323,3.211812266497627],[103.14225614633604,3.211950400079052],[103.14753955433886,3.211812266497627],[103.15280848088759,3.211398244255961],[103.15804848422079,3.210709467825684],[103.16324520185356,3.209747824541724],[103.16838438994408,3.208515949435632],[103.17345196233505,3.207017218021759],[103.17843402916273,3.205255737056241],[103.18331693492829,3.203236333293952],[103.18808729592642,3.200964540273788],[103.19273203692923,3.198446583168827],[103.19723842702443,3.195689361742149],[103.20159411451003,3.192700431455277],[103.2057871607494,3.189487982780506],[103.20980607289427,3.186060818773587],[103.21363983538578,3.182428330968165],[103.21727794014741,3.178600473657571],[103.2207104153869,3.174587736634302],[103.22392785292821,3.170401116461622],[103.22692143399868,3.166052086355743],[103.2296829534007,3.16155256476089],[103.23220484200151,3.1569148827031],[103.23448018747975,3.152151750012097],[103.23650275327164,3.147276220503429],[103.23826699566492,3.142301656216339],[103.23976807899382,3.137241690804876],[103.24100188889327,3.132110192182809],[103.24196504357609,3.12692122452422],[103.24265490310228,3.121689009724109],[103.2430695766148,3.11642788842433],[103.24320792752238,3.111152280711772]],[[102.6056121560717,3.42286909358506],[102.60547380516411,3.417595096265681],[102.6050591316516,3.41233552573373],[102.60436927212541,3.407104798506194],[102.60340611744259,3.401917252273712],[102.60217230754313,3.396787106594506],[102.60067122421424,3.391728423909703],[102.59890698182096,3.38675507098699],[102.59688441602907,3.381880680898423],[102.59460907055082,3.377118615636888],[102.59208718195,3.372481929473705],[102.589325662548,3.367983333158137],[102.58633208147752,3.363635159057025],[102.58311464393621,3.359449327330542],[102.57968216869672,3.35543731323678],[102.57604406393507,3.351610115655159],[102.57221030144358,3.347978226915162],[102.56819138929872,3.344551604013403],[102.56399834305935,3.341339641298037],[102.55964265557374,3.338351144695839],[102.55513626547854,3.335594307552594],[102.55049152447575,3.333076688153548],[102.54572116347761,3.330805188985428],[102.54083825771205,3.328786037797399],[102.53585619088436,3.327024770512905],[102.5307886184934,3.325526216039434],[102.52564943040288,3.324294483018019],[102.52045271277011,3.323332948549015],[102.5152127094369,3.322644248925037],[102.50994378288817,3.322230272396683],[102.50466037488535,3.322092153990994],[102.49937696688252,3.322230272396683],[102.4941080403338,3.322644248925037],[102.4888680370006,3.323332948549015],[102.48367131936783,3.324294483018019],[102.4785321312773,3.325526216039434],[102.47346455888633,3.327024770512905],[102.46848249205865,3.328786037797399],[102.4635995862931,3.330805188985428],[102.45882922529496,3.333076688153548],[102.45418448429217,3.335594307552594],[102.44967809419695,3.338351144695839],[102.44532240671136,3.341339641298037],[102.44112936047199,3.344551604013403],[102.43711044832712,3.347978226915162],[102.43327668583564,3.351610115655159],[102.42963858107399,3.35543731323678],[102.42620610583448,3.359449327330542],[102.42298866829317,3.363635159057025],[102.4199950872227,3.367983333158137],[102.41723356782069,3.372481929473705],[102.41471167921988,3.377118615636888],[102.41243633374164,3.381880680898423],[102.41041376794975,3.38675507098699],[102.40864952555647,3.391728423909703],[102.40714844222758,3.396787106594506],[102.40591463232812,3.401917252273712],[102.4049514776453,3.407104798506194],[102.40426161811911,3.41233552573373],[102.4038469446066,3.417595096265681],[102.40370859369901,3.42286909358506],[102.4038469446066,3.428143061868278],[102.40426161811911,3.433402545609799],[102.4049514776453,3.438633129243574],[102.40591463232812,3.443820476652204],[102.40714844222758,3.448950370455829],[102.40864952555647,3.454008750972938],[102.41041376794975,3.458981754746458],[102.41243633374164,3.463855752529698],[102.41471167921988,3.468617386627963],[102.41723356782069,3.473253607493871],[102.4199950872227,3.477751709476066],[102.42298866829317,3.482099365623708],[102.42620610583448,3.486284661451459],[102.42963858107399,3.490296127572645],[102.43327668583564,3.494122771111565],[102.43711044832712,3.497754105808923],[102.44112936047199,3.501180180738336],[102.44532240671136,3.504391607555339],[102.44967809419695,3.50737958620455],[102.45418448429217,3.51013592901497],[102.45882922529496,3.512653083117402],[102.4635995862931,3.514924151122964],[102.46848249205865,3.516942910006379],[102.47346455888633,3.518703828142379],[102.4785321312773,3.520202080448792],[102.48367131936783,3.521433561595198],[102.4888680370006,3.522394897240835],[102.4941080403338,3.523083453271407],[102.49937696688252,3.523497343009549],[102.50466037488535,3.523635432379139],[102.50994378288817,3.523497343009549],[102.5152127094369,3.523083453271407],[102.52045271277011,3.522394897240835],[102.52564943040288,3.521433561595198],[102.5307886184934,3.520202080448792],[102.53585619088436,3.518703828142379],[102.54083825771205,3.516942910006379],[102.54572116347761,3.514924151122964],[102.55049152447575,3.512653083117402],[102.55513626547854,3.51013592901497],[102.55964265557374,3.50737958620455],[102.56399834305935,3.504391607555339],[102.56819138929872,3.501180180738336],[102.57221030144358,3.497754105808923],[102.57604406393507,3.494122771111565],[102.57968216869672,3.490296127572645],[102.58311464393621,3.486284661451459],[102.58633208147752,3.482099365623708],[102.589325662548,3.477751709476066],[102.59208718195,3.473253607493871],[102.59460907055082,3.468617386627963],[102.59688441602907,3.463855752529698],[102.59890698182096,3.458981754746458],[102.60067122421424,3.454008750972938],[102.60217230754313,3.448950370455829],[102.60340611744259,3.443820476652204],[102.60436927212541,3.438633129243574],[102.6050591316516,3.433402545609799],[102.60547380516411,3.428143061868278],[102.6056121560717,3.42286909358506]],[[102.49148546516862,4.277776840375927],[102.49134711426105,4.272508133093956],[102.49093244074852,4.267253830925538],[102.49024258122233,4.262028336035645],[102.48927942653951,4.256845971919569],[102.48804561664005,4.251720944134156],[102.48654453331115,4.246667301349228],[102.48478029091788,4.241698896826258],[102.48275772512599,4.236829350429784],[102.48048237964774,4.232072011276151],[102.47796049104693,4.2274399211221],[102.47519897164491,4.222945778593675],[102.47220539057444,4.218601904354014],[102.46898795303314,4.21442020730554],[102.46555547779364,4.210412151919684],[102.46191737303201,4.206588726783855],[102.4580836105405,4.202960414452285],[102.45406469839564,4.199537162683675],[102.44987165215628,4.196328357144768],[102.44551596467066,4.193342795655029],[102.44100957457546,4.190588664043398],[102.43636483357265,4.188073513683392],[102.43159447257452,4.185804240768682],[102.42671156680896,4.183787067386012],[102.42172949998128,4.182027524437814],[102.41666192759033,4.180530436461264],[102.41152273949979,4.179299908385954],[102.40632602186702,4.17833931426635],[102.40108601853382,4.17765128802039],[102.3958170919851,4.177237716199413],[102.39053368398228,4.17709973280967],[102.38525027597946,4.177237716199413],[102.37998134943074,4.17765128802039],[102.37474134609752,4.17833931426635],[102.36954462846475,4.179299908385954],[102.36440544037421,4.180530436461264],[102.35933786798326,4.182027524437814],[102.35435580115558,4.183787067386012],[102.34947289539002,4.185804240768682],[102.34470253439189,4.188073513683392],[102.3400577933891,4.190588664043398],[102.33555140329389,4.193342795655029],[102.33119571580828,4.196328357144768],[102.32700266956891,4.199537162683675],[102.32298375742404,4.202960414452285],[102.31914999493254,4.206588726783855],[102.31551189017091,4.210412151919684],[102.3120794149314,4.21442020730554],[102.3088619773901,4.218601904354014],[102.30586839631962,4.222945778593675],[102.30310687691761,4.2274399211221],[102.3005849883168,4.232072011276151],[102.29830964283855,4.236829350429784],[102.29628707704666,4.241698896826258],[102.2945228346534,4.246667301349228],[102.29302175132449,4.251720944134156],[102.29178794142504,4.256845971919569],[102.2908247867422,4.262028336035645],[102.29013492721602,4.267253830925538],[102.2897202537035,4.272508133093956],[102.28958190279593,4.277776840375927],[102.2897202537035,4.283045511418084],[102.29013492721602,4.288299705264087],[102.2908247867422,4.293525020935792],[102.29178794142504,4.298707136901457],[102.29302175132449,4.303831850323045],[102.2945228346534,4.308885115974962],[102.29628707704666,4.313853084727717],[102.29830964283855,4.318722141491169],[102.3005849883168,4.323478942513499],[102.30310687691761,4.328110451933862],[102.30586839631962,4.332603977488888],[102.3088619773901,4.33694720527511],[102.3120794149314,4.341128233472819],[102.31551189017091,4.345135604938647],[102.31914999493254,4.348958338578365],[102.32298375742404,4.352585959413902],[102.32700266956891,4.356008527262762],[102.33119571580828,4.35921666395135],[102.33555140329389,4.362201578988235],[102.3400577933891,4.36495509362718],[102.34470253439189,4.367469663254324],[102.34947289539002,4.36973839803861],[102.35435580115558,4.371755081789135],[102.35933786798326,4.373514188967984],[102.36440544037421,4.375010899812337],[102.36954462846475,4.376241113524534],[102.37474134609752,4.377201459494324],[102.37998134943074,4.377889306522541],[102.38525027597946,4.378302770021383],[102.39053368398228,4.378440717171402],[102.3958170919851,4.378302770021383],[102.40108601853382,4.377889306522541],[102.40632602186702,4.377201459494324],[102.41152273949979,4.376241113524534],[102.41666192759033,4.375010899812337],[102.42172949998128,4.373514188967984],[102.42671156680896,4.371755081789135],[102.43159447257452,4.36973839803861],[102.43636483357265,4.367469663254324],[102.44100957457546,4.36495509362718],[102.44551596467066,4.362201578988235],[102.44987165215628,4.35921666395135],[102.45406469839564,4.356008527262762],[102.4580836105405,4.352585959413902],[102.46191737303201,4.348958338578365],[102.46555547779364,4.345135604938647],[102.46898795303314,4.341128233472819],[102.47220539057444,4.33694720527511],[102.47519897164491,4.332603977488888],[102.47796049104693,4.328110451933862],[102.48048237964774,4.323478942513499],[102.48275772512599,4.318722141491169],[102.48478029091788,4.313853084727717],[102.48654453331115,4.308885115974962],[102.48804561664005,4.303831850323045],[102.48927942653951,4.298707136901457],[102.49024258122233,4.293525020935792],[102.49093244074852,4.288299705264087],[102.49134711426105,4.283045511418084],[102.49148546516862,4.277776840375927]],[[101.3570180823375,3.456264834943388],[101.35687973142993,3.450991022240844],[101.35646505791742,3.445731635538975],[101.35577519839123,3.440501090854299],[101.3548120437084,3.43531372538284],[101.35357823380895,3.430183758195308],[101.35207715048003,3.425125251253631],[101.35031290808678,3.420152070855818],[101.34829034229489,3.415277849615012],[101.34601499681663,3.410515949076911],[101.34349310821582,3.405879423078548],[101.34073158881381,3.401380981948718],[101.33773800774334,3.397032957648653],[101.33452057020203,3.392847269948589],[101.33108809496252,3.388835393733222],[101.32744999020089,3.3850083275259],[101.3236162277094,3.381376563318156],[101.31959731556452,3.377950057787324],[101.31540426932516,3.37473820498175],[101.31104858183954,3.371749810548332],[101.30654219174434,3.368993067573486],[101.30189745074155,3.366475534104046],[101.29712708974341,3.364204112409799],[101.29224418397787,3.362185030044762],[101.28726211715016,3.360423822759397],[101.28219454475922,3.358925319310648],[101.27705535666868,3.357693628211782],[101.27185863903591,3.356732126458267],[101.2666186357027,3.356043450260984],[101.26134970915398,3.355629487812092],[101.25606630115117,3.355491374103447],[101.25078289314834,3.355629487812092],[101.24551396659962,3.356043450260984],[101.24027396326642,3.356732126458267],[101.23507724563363,3.357693628211782],[101.22993805754311,3.358925319310648],[101.22487048515215,3.360423822759397],[101.21988841832447,3.362185030044762],[101.21500551255892,3.364204112409799],[101.21023515156078,3.366475534104046],[101.20559041055797,3.368993067573486],[101.20108402046277,3.371749810548332],[101.19672833297717,3.37473820498175],[101.1925352867378,3.377950057787324],[101.18851637459294,3.381376563318156],[101.18468261210143,3.3850083275259],[101.18104450733979,3.388835393733222],[101.1776120321003,3.392847269948589],[101.17439459455899,3.397032957648653],[101.17140101348852,3.401380981948718],[101.1686394940865,3.405879423078548],[101.16611760548568,3.410515949076911],[101.16384226000746,3.415277849615012],[101.16181969421555,3.420152070855818],[101.16005545182229,3.425125251253631],[101.15855436849338,3.430183758195308],[101.15732055859392,3.43531372538284],[101.15635740391112,3.440501090854299],[101.15566754438493,3.445731635538975],[101.1552528708724,3.450991022240844],[101.15511451996483,3.456264834943388],[101.1552528708724,3.461538618327807],[101.15566754438493,3.466797917396566],[101.15635740391112,3.472028317093253],[101.15732055859392,3.477215481810377],[101.15855436849338,3.48234519467675],[101.16005545182229,3.487403396516836],[101.16181969421555,3.492376224375377],[101.16384226000746,3.497250049501774],[101.16611760548568,3.502011514690232],[101.1686394940865,3.50664757087352],[101.17140101348852,3.511145512870227],[101.17439459455899,3.515493014187755],[101.1776120321003,3.519678160785789],[101.18104450733979,3.523689483708047],[101.18468261210143,3.527515990493179],[101.18851637459294,3.531147195278834],[101.1925352867378,3.534573147516773],[101.19672833297717,3.53778445922066],[101.20108402046277,3.540772330672037],[101.20559041055797,3.543528574514345],[101.21023515156078,3.546045638169371],[101.21500551255892,3.548316624514675],[101.21988841832447,3.550335310766016],[101.22487048515215,3.552096165512835],[101.22993805754311,3.553594363860642],[101.23507724563363,3.554825800638934],[101.24027396326642,3.555787101638597],[101.24551396659962,3.556475632848247],[101.25078289314834,3.556889507664257],[101.25606630115117,3.557027592054855],[101.26134970915398,3.556889507664257],[101.2666186357027,3.556475632848247],[101.27185863903591,3.555787101638597],[101.27705535666868,3.554825800638934],[101.28219454475922,3.553594363860642],[101.28726211715016,3.552096165512835],[101.29224418397787,3.550335310766016],[101.29712708974341,3.548316624514675],[101.30189745074155,3.546045638169371],[101.30654219174434,3.543528574514345],[101.31104858183954,3.540772330672037],[101.31540426932516,3.53778445922066],[101.31959731556452,3.534573147516773],[101.3236162277094,3.531147195278834],[101.32744999020089,3.527515990493179],[101.33108809496252,3.523689483708047],[101.33452057020203,3.519678160785789],[101.33773800774334,3.515493014187755],[101.34073158881381,3.511145512870227],[101.34349310821582,3.50664757087352],[101.34601499681663,3.502011514690232],[101.34829034229489,3.497250049501774],[101.35031290808678,3.492376224375377],[101.35207715048003,3.487403396516836],[101.35357823380895,3.48234519467675],[101.3548120437084,3.477215481810377],[101.35577519839123,3.472028317093253],[101.35646505791742,3.466797917396566],[101.35687973142993,3.461538618327807],[101.3570180823375,3.456264834943388]],[[101.68407569588554,3.255858356033794],[101.68393734497793,3.250583462340114],[101.68352267146544,3.245322999295527],[101.68283281193925,3.240091385846007],[101.68186965725641,3.234902962082661],[101.68063584735697,3.229771949929333],[101.67913476402806,3.224712414151853],[101.6773705216348,3.219738223795899],[101.67534795584291,3.214863014159253],[101.67307261036466,3.210100149402833],[101.67055072176385,3.20546268590332],[101.66778920236183,3.200963336447721],[101.66479562129136,3.196614435368561],[101.66157818375005,3.192427904715276],[101.65814570851056,3.188415221554701],[101.65450760374891,3.184587386490739],[101.65067384125742,3.180954893489626],[101.64665492911256,3.17752770109361],[101.64246188287319,3.17431520510244],[101.63810619538758,3.171326212797563],[101.63359980529238,3.168568918780106],[101.62895506428957,3.166050882488863],[101.62418470329143,3.163779007460373],[101.61930179752588,3.161759522387929],[101.6143197306982,3.159997964031819],[101.60925215830724,3.158499162027646],[101.6041129702167,3.157267225634581],[101.59891625258393,3.156305532460109],[101.59367624925073,3.155616719192165],[101.58840732270201,3.155202674364185],[101.58312391469919,3.155064533173053],[101.57784050669636,3.155202674364185],[101.57257158014764,3.155616719192165],[101.56733157681444,3.156305532460109],[101.56213485918167,3.157267225634581],[101.55699567109113,3.158499162027646],[101.55192809870017,3.159997964031819],[101.54694603187248,3.161759522387929],[101.54206312610694,3.163779007460373],[101.5372927651088,3.166050882488863],[101.53264802410601,3.168568918780106],[101.52814163401081,3.171326212797563],[101.52378594652518,3.17431520510244],[101.51959290028582,3.17752770109361],[101.51557398814096,3.180954893489626],[101.51174022564946,3.184587386490739],[101.50810212088781,3.188415221554701],[101.50466964564832,3.192427904715276],[101.50145220810701,3.196614435368561],[101.49845862703654,3.200963336447721],[101.49569710763453,3.20546268590332],[101.49317521903372,3.210100149402833],[101.49089987355546,3.214863014159253],[101.48887730776357,3.219738223795899],[101.48711306537031,3.224712414151853],[101.4856119820414,3.229771949929333],[101.48437817214194,3.234902962082661],[101.48341501745912,3.240091385846007],[101.48272515793293,3.245322999295527],[101.48231048442042,3.250583462340114],[101.48217213351283,3.255858356033794],[101.48231048442042,3.261133222101774],[101.48272515793293,3.266393602571962],[101.48341501745912,3.271625079403044],[101.48437817214194,3.276813314000801],[101.4856119820414,3.281944086513901],[101.48711306537031,3.287003334802049],[101.48887730776357,3.291977192969409],[101.49089987355546,3.296852029357722],[101.49317521903372,3.30161448389546],[101.49569710763453,3.306251504700412],[101.49845862703654,3.310750383835826],[101.50145220810701,3.315098792122095],[101.50466964564832,3.319284812908979],[101.50810212088781,3.323296974715817],[101.51174022564946,3.327124282650753],[101.51557398814096,3.330756248522928],[101.51959290028582,3.334182919565423],[101.52378594652518,3.337394905690524],[101.52814163401081,3.340383405202968],[101.53264802410601,3.343140228900787],[101.5372927651088,3.345657822498092],[101.54206312610694,3.347929287308575],[101.54694603187248,3.34994839913336],[101.55192809870017,3.351709625301526],[101.55699567109113,3.353208139817014],[101.56213485918167,3.354439836570385],[101.56733157681444,3.355401340579701],[101.57257158014764,3.356090017229578],[101.57784050669636,3.356503979483362],[101.58312391469919,3.356642093048857],[101.58840732270201,3.356503979483362],[101.59367624925073,3.356090017229578],[101.59891625258393,3.355401340579701],[101.6041129702167,3.354439836570385],[101.60925215830724,3.353208139817014],[101.6143197306982,3.351709625301526],[101.61930179752588,3.34994839913336],[101.62418470329143,3.347929287308575],[101.62895506428957,3.345657822498092],[101.63359980529238,3.343140228900787],[101.63810619538758,3.340383405202968],[101.64246188287319,3.337394905690524],[101.64665492911256,3.334182919565423],[101.65067384125742,3.330756248522928],[101.65450760374891,3.327124282650753],[101.65814570851056,3.323296974715817],[101.66157818375005,3.319284812908979],[101.66479562129136,3.315098792122095],[101.66778920236183,3.310750383835826],[101.67055072176385,3.306251504700412],[101.67307261036466,3.30161448389546],[101.67534795584291,3.296852029357722],[101.6773705216348,3.291977192969409],[101.67913476402806,3.287003334802049],[101.68063584735697,3.281944086513901],[101.68186965725641,3.276813314000801],[101.68283281193925,3.271625079403044],[101.68352267146544,3.266393602571962],[101.68393734497793,3.261133222101774],[101.68407569588554,3.255858356033794]],[[101.46445743480567,3.169825034670528],[101.46431908389809,3.164549696711894],[101.46390441038558,3.159288791344056],[101.46321455085939,3.154056738716434],[101.46225139617657,3.148867880109167],[101.46101758627711,3.14373643861752],[101.4595165029482,3.138676480158253],[101.45775226055494,3.133701874904513],[101.45572969476304,3.128826259255368],[101.4534543492848,3.12406299844427],[101.45093246068397,3.119425149889111],[101.44817094128199,3.114925427384471],[101.44517736021149,3.110576166234551],[101.44195992267018,3.106389289422391],[101.43852744743069,3.102376274908551],[101.43488934266905,3.098548124148774],[101.43105558017754,3.094915331917616],[101.42703666803268,3.091487857520467],[101.42284362179332,3.088275097473681],[101.41848793430772,3.085285859727346],[101.4139815442125,3.082528339502007],[101.40933680320973,3.08001009680564],[101.40456644221157,3.077738035692654],[101.39968353644602,3.075718385322026],[101.39470146961833,3.073956682866763],[101.38963389722738,3.072457758321493],[101.38449470913686,3.071225721250183],[101.37929799150407,3.070263949510362],[101.37405798817088,3.069575079984855],[101.36878906162215,3.069161001346497],[101.36350565361933,3.069022848875936],[101.3582222456165,3.069161001346497],[101.35295331906778,3.069575079984855],[101.34771331573458,3.070263949510362],[101.3425165981018,3.071225721250183],[101.33737741001127,3.072457758321493],[101.33230983762031,3.073956682866763],[101.32732777079264,3.075718385322026],[101.32244486502708,3.077738035692654],[101.31767450402893,3.08001009680564],[101.31302976302615,3.082528339502007],[101.30852337293094,3.085285859727346],[101.30416768544534,3.088275097473681],[101.29997463920597,3.091487857520467],[101.2959557270611,3.094915331917616],[101.2921219645696,3.098548124148774],[101.28848385980797,3.102376274908551],[101.28505138456846,3.106389289422391],[101.28183394702715,3.110576166234551],[101.27884036595667,3.114925427384471],[101.27607884655467,3.119425149889111],[101.27355695795386,3.12406299844427],[101.2712816124756,3.128826259255368],[101.26925904668371,3.133701874904513],[101.26749480429045,3.138676480158253],[101.26599372096155,3.14373643861752],[101.26475991106209,3.148867880109167],[101.26379675637926,3.154056738716434],[101.26310689685307,3.159288791344056],[101.26269222334057,3.164549696711894],[101.26255387243299,3.169825034670528],[101.26269222334057,3.175100345730436],[101.26310689685307,3.18036117069679],[101.26379675637926,3.185593090301071],[101.26475991106209,3.190781764720585],[101.26599372096155,3.195912972878063],[101.26749480429045,3.200972651413227],[101.26925904668371,3.205946933219848],[101.2712816124756,3.210822185442594],[101.27355695795386,3.215585046829814],[101.27607884655467,3.220222464339817],[101.27884036595667,3.224721728900636],[101.28183394702715,3.229070510225411],[101.28505138456846,3.233256890588162],[101.28848385980797,3.237269397467562],[101.2921219645696,3.241097034969602],[101.2959557270611,3.244729313943111],[101.29997463920597,3.248156280706011],[101.30416768544534,3.25136854430372],[101.30852337293094,3.254357302225354],[101.31302976302615,3.257114364507407],[101.31767450402893,3.259632176159216],[101.32244486502708,3.261903837848984],[101.32732777079264,3.263923124793876],[101.33230983762031,3.265684503802655],[101.33737741001127,3.26718314842442],[101.3425165981018,3.268414952162096],[101.34771331573458,3.26937653971461],[101.35295331906778,3.270065276217119],[101.3582222456165,3.270479274454197],[101.36350565361933,3.270617400026095],[101.36878906162215,3.270479274454197],[101.37405798817088,3.270065276217119],[101.37929799150407,3.26937653971461],[101.38449470913686,3.268414952162096],[101.38963389722738,3.26718314842442],[101.39470146961833,3.265684503802655],[101.39968353644602,3.263923124793876],[101.40456644221157,3.261903837848984],[101.40933680320973,3.259632176159216],[101.4139815442125,3.257114364507407],[101.41848793430772,3.254357302225354],[101.42284362179332,3.25136854430372],[101.42703666803268,3.248156280706011],[101.43105558017754,3.244729313943111],[101.43488934266905,3.241097034969602],[101.43852744743069,3.237269397467562],[101.44195992267018,3.233256890588162],[101.44517736021149,3.229070510225411],[101.44817094128199,3.224721728900636],[101.45093246068397,3.220222464339817],[101.4534543492848,3.215585046829814],[101.45572969476304,3.210822185442594],[101.45775226055494,3.205946933219848],[101.4595165029482,3.200972651413227],[101.46101758627711,3.195912972878063],[101.46225139617657,3.190781764720585],[101.46321455085939,3.185593090301071],[101.46390441038558,3.18036117069679],[101.46431908389809,3.175100345730436],[101.46445743480567,3.169825034670528]],[[101.55341696211539,3.409524414004589],[101.5532786112078,3.404250343414759],[101.55286393769529,3.398990699925413],[101.5521740781691,3.393759900252106],[101.55121092348627,3.388572282281755],[101.54997711358682,3.383442065766062],[101.54847603025792,3.378383313336275],[101.54671178786465,3.37340989194646],[101.54468922207276,3.368535434850757],[101.54241387659451,3.363773304219485],[101.5398919879937,3.359136554496237],[101.53713046859168,3.354637896597064],[101.53413688752121,3.350289663049757],[101.5309194499799,3.346103774169177],[101.52748697474041,3.342091705361504],[101.52384886997876,3.338264455647385],[101.52001510748727,3.334632517490372],[101.51599619534241,3.33120584801369],[101.51180314910305,3.327993841684446],[101.50744746161743,3.325005304540366],[101.50294107152223,3.322248430030145],[101.49829633051942,3.319730776533518],[101.49352596952129,3.317459246623289],[101.48864306375573,3.315440068126],[101.48366099692805,3.313678777033692],[101.4785934245371,3.312180202313536],[101.47345423644656,3.31094845265726],[101.46825751881379,3.309986905206771],[101.46301751548059,3.3092981962871],[101.45774858893186,3.308884214172051],[101.45246518092904,3.30874609390257],[101.44718177292623,3.308884214172051],[101.4419128463775,3.3092981962871],[101.43667284304429,3.309986905206771],[101.43147612541152,3.31094845265726],[101.42633693732098,3.312180202313536],[101.42126936493003,3.313678777033692],[101.41628729810235,3.315440068126],[101.41140439233679,3.317459246623289],[101.40663403133865,3.319730776533518],[101.40198929033586,3.322248430030145],[101.39748290024066,3.325005304540366],[101.39312721275503,3.327993841684446],[101.38893416651568,3.33120584801369],[101.38491525437081,3.334632517490372],[101.38108149187931,3.338264455647385],[101.37744338711767,3.342091705361504],[101.37401091187817,3.346103774169177],[101.37079347433686,3.350289663049757],[101.3677998932664,3.354637896597064],[101.36503837386438,3.359136554496237],[101.36251648526357,3.363773304219485],[101.36024113978532,3.368535434850757],[101.35821857399343,3.37340989194646],[101.35645433160018,3.378383313336275],[101.35495324827126,3.383442065766062],[101.35371943837181,3.388572282281755],[101.35275628368898,3.393759900252106],[101.35206642416279,3.398990699925413],[101.35165175065028,3.404250343414759],[101.3515133997427,3.409524414004589],[101.35165175065028,3.4147984556709],[101.35206642416279,3.420058012706587],[101.35275628368898,3.425288669343302],[101.35371943837181,3.43047608926129],[101.35495324827126,3.435606054878735],[101.35645433160018,3.440664506313283],[101.35821857399343,3.445637579908692],[101.36024113978532,3.450511646221296],[101.36251648526357,3.45527334736232],[101.36503837386438,3.459909633593754],[101.3677998932664,3.464407799077657],[101.37079347433686,3.468755516681262],[101.37401091187817,3.472940871742531],[101.37744338711767,3.476952394703893],[101.38108149187931,3.48077909252511],[101.38491525437081,3.484410478789298],[101.38893416651568,3.487836602419885],[101.39312721275503,3.491048074930174],[101.39748290024066,3.494036096131035],[101.40198929033586,3.496792478226559],[101.40663403133865,3.499309668232009],[101.41140439233679,3.50158076865269],[101.41628729810235,3.503599556367591],[101.42126936493003,3.50536049966618],[101.42633693732098,3.506858773391759],[101.43147612541152,3.50809027215036],[101.43667284304429,3.509051621548956],[101.4419128463775,3.50974018743239],[101.44718177292623,3.51015408309401],[101.45246518092904,3.510292174440035],[101.45774858893186,3.51015408309401],[101.46301751548059,3.50974018743239],[101.46825751881379,3.509051621548956],[101.47345423644656,3.50809027215036],[101.4785934245371,3.506858773391759],[101.48366099692805,3.50536049966618],[101.48864306375573,3.503599556367591],[101.49352596952129,3.50158076865269],[101.49829633051942,3.499309668232009],[101.50294107152223,3.496792478226559],[101.50744746161743,3.494036096131035],[101.51180314910305,3.491048074930174],[101.51599619534241,3.487836602419885],[101.52001510748727,3.484410478789298],[101.52384886997876,3.48077909252511],[101.52748697474041,3.476952394703893],[101.5309194499799,3.472940871742531],[101.53413688752121,3.468755516681262],[101.53713046859168,3.464407799077657],[101.5398919879937,3.459909633593754],[101.54241387659451,3.45527334736232],[101.54468922207276,3.450511646221296],[101.54671178786465,3.445637579908692],[101.54847603025792,3.440664506313283],[101.54997711358682,3.435606054878735],[101.55121092348627,3.43047608926129],[101.5521740781691,3.425288669343302],[101.55286393769529,3.4200580127066],[101.5532786112078,3.4147984556709],[101.55341696211539,3.409524414004589]],[[102.01664322903568,3.028455717744313],[102.0165048781281,3.023179675603518],[102.0160902046156,3.017918069173797],[102.0154003450894,3.012685320511528],[102.01443719040658,3.007495772780373],[102.01320338050712,3.002363650930842],[102.0117022971782,2.997303022701935],[102.00993805478495,2.992327760051537],[102.00791548899306,2.987451501121582],[102.00564014351481,2.982687612842425],[102.003118254914,2.978049154278874],[102.00035673551199,2.973548840818855],[101.99736315444152,2.969199009302773],[101.9941457169002,2.965011584189424],[101.9907132416607,2.960998044851593],[101.98707513689907,2.957169394090898],[101.98324137440757,2.953536127958658],[101.9792224622627,2.950108206965514],[101.97502941602333,2.946895028759244],[101.97067372853772,2.943905402345438],[101.96616733844252,2.94114752392238],[101.96152259743972,2.938628954396221],[101.9567522364416,2.936356598638495],[101.95186933067605,2.934336686542883],[101.94688726384835,2.932574755933368],[101.9418196914574,2.931075637370916],[101.93668050336687,2.92984344090018],[101.9314837857341,2.928881544772961],[101.92624378240087,2.92819258617938],[101.92097485585215,2.927778454012159],[101.91569144784934,2.927640283683967],[101.91040803984652,2.927778454012159],[101.90513911329779,2.92819258617938],[101.8998991099646,2.928881544772961],[101.89470239233182,2.92984344090018],[101.88956320424128,2.931075637370916],[101.88449563185033,2.932574755933368],[101.87951356502265,2.934336686542883],[101.8746306592571,2.936356598638495],[101.86986029825896,2.938628954396221],[101.86521555725616,2.94114752392238],[101.86070916716095,2.943905402345438],[101.85635347967535,2.946895028759244],[101.85216043343598,2.950108206965514],[101.84814152129111,2.953536127958658],[101.84430775879962,2.957169394090898],[101.84066965403798,2.960998044851593],[101.83723717879847,2.965011584189424],[101.83401974125717,2.969199009302773],[101.8310261601867,2.973548840818855],[101.82826464078468,2.978049154278874],[101.82574275218387,2.982687612842425],[101.82346740670563,2.987451501121582],[101.82144484091373,2.992327760051537],[101.81968059852046,2.997303022701935],[101.81817951519156,3.002363650930842],[101.8169457052921,3.007495772780373],[101.81598255060929,3.012685320511528],[101.8152926910831,3.017918069173797],[101.81487801757058,3.023179675603518],[101.814739666663,3.028455717744313],[101.81487801757058,3.033731734181441],[101.8152926910831,3.038993263781785],[101.81598255060929,3.044225885330693],[101.8169457052921,3.049415257057267],[101.81817951519156,3.054547155939279],[101.81968059852046,3.059607516680623],[101.82144484091373,3.064582470254094],[101.82346740670563,3.069458381904054],[101.82574275218387,3.074221888505085],[101.82826464078468,3.07885993517407],[101.8310261601867,3.083359811035934],[101.83401974125717,3.08770918404469],[101.83723717879847,3.09189613476504],[101.84066965403798,3.095909189021769],[101.84430775879962,3.099737349327892],[101.84814152129111,3.103370125005649],[101.85216043343598,3.106797560917857],[101.85635347967535,3.110010264731458],[101.86070916716095,3.112999432638358],[101.86521555725616,3.11575687346377],[101.86986029825896,3.118275031095948],[101.8746306592571,3.120547005176146],[101.87951356502265,3.122566569992424],[101.88449563185033,3.124328191525622],[101.88956320424128,3.125827042601097],[101.89470239233182,3.127059016104823],[101.8998991099646,3.128020736227868],[101.90513911329779,3.128709567708419],[101.91040803984652,3.129123623046453],[101.91569144784934,3.129261767671044],[101.92097485585215,3.129123623046453],[101.92624378240087,3.128709567708419],[101.9314837857341,3.128020736227868],[101.93668050336687,3.127059016104823],[101.9418196914574,3.125827042601097],[101.94688726384835,3.124328191525622],[101.95186933067605,3.122566569992424],[101.9567522364416,3.120547005176146],[101.96152259743972,3.118275031095948],[101.96616733844252,3.11575687346377],[101.97067372853772,3.112999432638358],[101.97502941602333,3.110010264731458],[101.9792224622627,3.106797560917857],[101.98324137440757,3.103370125005649],[101.98707513689907,3.099737349327892],[101.9907132416607,3.095909189021769],[101.9941457169002,3.09189613476504],[101.99736315444152,3.08770918404469],[102.00035673551199,3.083359811035934],[102.003118254914,3.07885993517407],[102.00564014351481,3.074221888505085],[102.00791548899306,3.069458381904054],[102.00993805478495,3.064582470254094],[102.0117022971782,3.059607516680623],[102.01320338050712,3.054547155939279],[102.01443719040658,3.049415257057267],[102.0154003450894,3.044225885330693],[102.0160902046156,3.038993263781785],[102.0165048781281,3.033731734181441],[102.01664322903568,3.028455717744313]],[[101.96546273195278,3.32234815611476],[101.96532438104519,3.317073613913528],[101.96490970753268,3.311813500838603],[101.9642198480065,3.306582234883614],[101.96325669332367,3.301394155198577],[101.96202288342421,3.296263482780065],[101.96052180009532,3.291204281482691],[101.95875755770204,3.286230419459366],[101.95673499191015,3.281355531135649],[101.9544596464319,3.276592979822944],[101.9519377578311,3.271955821073036],[101.94917623842909,3.267456766874625],[101.94618265735862,3.26310815079025],[101.9429652198173,3.258921894129309],[101.9395327445778,3.254909473250263],[101.93589463981615,3.251081888081667],[101.93206087732466,3.247449631948802],[101.9280419651798,3.24402266278877],[101.92384891894044,3.24081037583294],[101.91949323145484,3.237821577832449],[101.91498684135962,3.235064462896988],[101.91034210035683,3.232546590013802],[101.90557173935869,3.230274862308517],[101.90068883359314,3.228255508104919],[101.89570676676546,3.22649406383575],[101.89063919437449,3.224995358851676],[101.88550000628396,3.223763502169952],[101.88030328865119,3.222801871199623],[101.87506328531799,3.222113102473909],[101.86979435876927,3.221699084415589],[101.86451095076644,3.221560952155074],[101.8592275427636,3.221699084415589],[101.8539586162149,3.222113102473909],[101.84871861288168,3.222801871199623],[101.84352189524891,3.223763502169952],[101.83838270715839,3.224995358851676],[101.83331513476743,3.22649406383575],[101.82833306793974,3.228255508104919],[101.82345016217418,3.230274862308517],[101.81867980117605,3.232546590013802],[101.81403506017327,3.235064462896988],[101.80952867007805,3.237821577832449],[101.80517298259244,3.24081037583294],[101.80097993635307,3.24402266278877],[101.79696102420822,3.247449631948802],[101.79312726171672,3.251081888081667],[101.78948915695507,3.254909473250263],[101.78605668171558,3.258921894129309],[101.78283924417427,3.26310815079025],[101.77984566310379,3.267456766874625],[101.77708414370179,3.271955821073036],[101.77456225510097,3.276592979822944],[101.77228690962272,3.281355531135649],[101.77026434383083,3.286230419459366],[101.76850010143757,3.291204281482691],[101.76699901810866,3.296263482780065],[101.7657652082092,3.301394155198577],[101.76480205352638,3.306582234883614],[101.76411219400019,3.311813500838603],[101.76369752048768,3.317073613913528],[101.76355916958009,3.32234815611476],[101.76369752048768,3.327622670128644],[101.76411219400019,3.332882698950344],[101.76480205352638,3.338113825509344],[101.7657652082092,3.343301712182865],[101.76699901810866,3.348432140089049],[101.76850010143757,3.353491048052197],[101.77026434383083,3.358464571133237],[101.77228690962272,3.36333907862016],[101.77456225510097,3.368101211374083],[101.77708414370179,3.372737918429058],[101.77984566310379,3.377236492745264],[101.78283924417427,3.381584606017848],[101.78605668171558,3.385770342446337],[101.78948915695507,3.389782231372067],[101.79312726171672,3.393609278694667],[101.79696102420822,3.397240996981588],[101.80097993635307,3.40066743418852],[101.80517298259244,3.403879200912242],[101.80952867007805,3.406867496101413],[101.81403506017327,3.409624131155229],[101.81867980117605,3.412141552344117],[101.82345016217418,3.414412861491295],[101.82833306793974,3.416431834858799],[101.83331513476743,3.418192940186357],[101.83838270715839,3.41969135183683],[101.84352189524891,3.420922964006784],[101.84871861288168,3.421884401966068],[101.8539586162149,3.422573031296149],[101.8592275427636,3.422986965101461],[101.86451095076644,3.423125069174692],[101.86979435876927,3.422986965101461],[101.87506328531799,3.422573031296149],[101.88030328865119,3.421884401966068],[101.88550000628396,3.420922964006784],[101.89063919437449,3.41969135183683],[101.89570676676546,3.418192940186357],[101.90068883359314,3.416431834858799],[101.90557173935869,3.414412861491295],[101.91034210035683,3.412141552344117],[101.91498684135962,3.409624131155229],[101.91949323145484,3.406867496101413],[101.92384891894044,3.403879200912242],[101.9280419651798,3.40066743418852],[101.93206087732466,3.397240996981588],[101.93589463981615,3.393609278694667],[101.9395327445778,3.389782231372067],[101.9429652198173,3.385770342446337],[101.94618265735862,3.381584606017848],[101.94917623842909,3.377236492745264],[101.9519377578311,3.372737918429058],[101.9544596464319,3.368101211374083],[101.95673499191015,3.36333907862016],[101.95875755770204,3.358464571133237],[101.96052180009532,3.353491048052197],[101.96202288342421,3.348432140089049],[101.96325669332367,3.343301712182865],[101.9642198480065,3.338113825509344],[101.96490970753268,3.332882698950344],[101.96532438104519,3.327622670128644],[101.96546273195278,3.32234815611476]],[[101.80854010176326,2.956511804765283],[101.80840175085567,2.951235416593014],[101.80798707734316,2.945973465686194],[101.80729721781697,2.940740375037963],[101.80633406313414,2.93555048873694],[101.8051002532347,2.930418032644585],[101.8035991699058,2.925357075394357],[101.80183492751252,2.920381489819939],[101.79981236172063,2.915504914918377],[101.79753701624239,2.910740718452263],[101.79501512764158,2.906101960294074],[101.79225360823956,2.901601356612829],[101.78926002716909,2.897251245001847],[101.78604258962778,2.893063550643094],[101.78261011438829,2.88904975360119],[101.77897200962664,2.88522085733694],[101.77513824713515,2.881587358526832],[101.77111933499029,2.87815921827163],[101.76692628875092,2.874945834772871],[101.76257060126531,2.871956017552704],[101.7580642111701,2.869197963287808],[101.7534194701673,2.866679233323759],[101.74864910916916,2.864406732931771],[101.74376620340361,2.862386692364804],[101.73878413657593,2.860624649765248],[101.73371656418496,2.859125435970908],[101.72857737609444,2.85789316126144],[101.72338065846166,2.856931204081451],[101.71814065512847,2.856242201771273],[101.71287172857974,2.855828043331055],[101.70758832057692,2.855689864238017],[101.70230491257409,2.855828043331055],[101.69703598602537,2.856242201771273],[101.69179598269217,2.856931204081451],[101.6865992650594,2.85789316126144],[101.68146007696886,2.859125435970908],[101.6763925045779,2.860624649765248],[101.67141043775021,2.862386692364804],[101.66652753198466,2.864406732931771],[101.66175717098653,2.866679233323759],[101.65711242998374,2.869197963287808],[101.65260603988852,2.871956017552704],[101.64825035240291,2.874945834772871],[101.64405730616355,2.87815921827163],[101.64003839401869,2.881587358526832],[101.63620463152719,2.88522085733694],[101.63256652676554,2.88904975360119],[101.62913405152605,2.893063550643094],[101.62591661398474,2.897251245001847],[101.62292303291427,2.901601356612829],[101.62016151351226,2.906101960294074],[101.61763962491145,2.910740718452263],[101.6153642794332,2.915504914918377],[101.6133417136413,2.920381489819939],[101.61157747124804,2.925357075394357],[101.61007638791914,2.930418032644585],[101.60884257801968,2.93555048873694],[101.60787942333685,2.940740375037963],[101.60718956381066,2.945973465686194],[101.60677489029815,2.951235416593014],[101.60663653939056,2.956511804765283],[101.60677489029815,2.961788167842314],[101.60718956381066,2.967050043738347],[101.60787942333685,2.972283010282085],[101.60884257801968,2.977472724744621],[101.61007638791914,2.982604963147219],[101.61157747124804,2.987665659241478],[101.6133417136413,2.99264094305497],[101.6153642794332,2.997517178896871],[101.61763962491145,3.002281002719365],[101.62016151351226,3.006919358732774],[101.62292303291427,3.01141953517404],[101.62591661398474,3.015769199130804],[101.62913405152605,3.019956430325709],[101.63256652676554,3.023969753768633],[101.63620463152719,3.027798171187654],[101.64003839401869,3.031431191152582],[101.64405730616355,3.034858857809007],[101.64825035240291,3.038071778144224],[101.65260603988852,3.041061147710581],[101.65711242998374,3.043818774736007],[101.66175717098653,3.046337102555824],[101.66652753198466,3.048609230304814],[101.67141043775021,3.050628931812719],[101.6763925045779,3.052390672651971],[101.68146007696886,3.053889625290902],[101.6865992650594,3.05512168231111],[101.69179598269217,3.056083467653019],[101.69703598602537,3.056772345859035],[101.70230491257409,3.057186429288644],[101.70758832057692,3.057324583286495],[101.71287172857974,3.057186429288644],[101.71814065512847,3.056772345859035],[101.72338065846166,3.056083467653019],[101.72857737609444,3.05512168231111],[101.73371656418496,3.053889625290902],[101.73878413657593,3.052390672651971],[101.74376620340361,3.050628931812719],[101.74864910916916,3.048609230304814],[101.7534194701673,3.046337102555824],[101.7580642111701,3.043818774736007],[101.76257060126531,3.041061147710581],[101.76692628875092,3.038071778144224],[101.77111933499029,3.034858857809007],[101.77513824713515,3.031431191152582],[101.77897200962664,3.027798171187654],[101.78261011438829,3.023969753768633],[101.78604258962778,3.019956430325709],[101.78926002716909,3.015769199130804],[101.79225360823956,3.01141953517404],[101.79501512764158,3.006919358732774],[101.79753701624239,3.002281002719365],[101.79981236172063,2.997517178896871],[101.80183492751252,2.99264094305497],[101.8035991699058,2.987665659241478],[101.8051002532347,2.982604963147219],[101.80633406313414,2.977472724744621],[101.80729721781697,2.972283010282085],[101.80798707734316,2.967050043738347],[101.80840175085567,2.961788167842314],[101.80854010176326,2.956511804765283]],[[101.85722837125778,3.152178505923843],[101.85709002035019,3.146903078310842],[101.85667534683768,3.141642083682874],[101.85598548731149,3.136409942432251],[101.85502233262866,3.131220996078951],[101.8537885227292,3.126089467954567],[101.8522874394003,3.121029424207989],[101.85052319700704,3.116054735239772],[101.84850063121515,3.111179037671065],[101.84622528573689,3.106415696951609],[101.84370339713608,3.101777770709175],[101.84094187773407,3.097277972941493],[101.8379482966636,3.092928639148619],[101.83473085912229,3.088741692501797],[101.8312983838828,3.084728611141641],[101.82766027912115,3.080900396695594],[101.82382651662965,3.077267544101046],[101.8198076044848,3.073840012817183],[101.81561455824543,3.070627199504692],[101.81125887075981,3.067637912248355],[101.8067524806646,3.064880346393494],[101.8021077396618,3.062362062062712],[101.79733737866368,3.060089963414716],[101.79245447289813,3.058070279702269],[101.78747240607044,3.056308548181482],[101.78240483367948,3.054809598919269],[101.77726564558894,3.053577541540995],[101.77206892795617,3.052615753954505],[101.76682892462297,3.051926873081848],[101.76155999807425,3.051512787623961],[101.75627659007142,3.051374632878362],[101.7509931820686,3.051512787623961],[101.74572425551987,3.051926873081848],[101.74048425218668,3.052615753954505],[101.7352875345539,3.053577541540995],[101.73014834646338,3.054809598919269],[101.72508077407241,3.056308548181482],[101.72009870724473,3.058070279702269],[101.71521580147918,3.060089963414716],[101.71044544048104,3.062362062062712],[101.70580069947823,3.064880346393494],[101.70129430938303,3.067637912248355],[101.69693862189742,3.070627199504692],[101.69274557565805,3.073840012817183],[101.6887266635132,3.077267544101046],[101.6848929010217,3.080900396695594],[101.68125479626005,3.084728611141641],[101.67782232102056,3.088741692501797],[101.67460488347925,3.092928639148619],[101.67161130240878,3.097277972941493],[101.66884978300676,3.101777770709175],[101.66632789440595,3.106415696951609],[101.6640525489277,3.111179037671065],[101.66202998313581,3.116054735239772],[101.66026574074255,3.121029424207989],[101.65876465741364,3.126089467954567],[101.6575308475142,3.131220996078951],[101.65656769283136,3.136409942432251],[101.65587783330518,3.141642083682874],[101.65546315979267,3.146903078310842],[101.65532480888507,3.152178505923843],[101.65546315979267,3.157453906787271],[101.65587783330518,3.16271482145953],[101.65656769283136,3.167946830424369],[101.6575308475142,3.173135593611141],[101.65876465741364,3.178266889695079],[101.66026574074255,3.183326655069588],[101.66202998313581,3.188301022384023],[101.6640525489277,3.193176358541353],[101.66632789440595,3.197939302051551],[101.66884978300676,3.202576799638735],[101.67161130240878,3.207076142001659],[101.67460488347925,3.211424998629769],[101.67782232102056,3.215611451579749],[101.68125479626005,3.219624028120027],[101.6848929010217,3.223451732154093],[101.6887266635132,3.227084074336724],[101.69274557565805,3.230511100800913],[101.69693862189742,3.233723420416904],[101.70129430938303,3.236712230508923],[101.70580069947823,3.239469340959547],[101.71044544048104,3.24198719663569],[101.71521580147918,3.244258898075065],[101.72009870724473,3.246278220376783],[101.72508077407241,3.248039630244437],[101.73014834646338,3.249538301135178],[101.7352875345539,3.250770126473541],[101.74048425218668,3.251731730893948],[101.74572425551987,3.25242047948114],[101.7509931820686,3.252834484983521],[101.75627659007142,3.252972612979599],[101.76155999807425,3.252834484983521],[101.76682892462297,3.25242047948114],[101.77206892795617,3.251731730893948],[101.77726564558894,3.250770126473541],[101.78240483367948,3.249538301135178],[101.78747240607044,3.248039630244437],[101.79245447289813,3.246278220376783],[101.79733737866368,3.244258898075065],[101.8021077396618,3.24198719663569],[101.8067524806646,3.239469340959547],[101.81125887075981,3.236712230508923],[101.81561455824543,3.233723420416904],[101.8198076044848,3.230511100800913],[101.82382651662965,3.227084074336724],[101.82766027912115,3.223451732154093],[101.8312983838828,3.21962402812004],[101.83473085912229,3.215611451579749],[101.8379482966636,3.211424998629769],[101.84094187773407,3.207076142001659],[101.84370339713608,3.202576799638735],[101.84622528573689,3.197939302051551],[101.84850063121515,3.193176358541353],[101.85052319700704,3.188301022384023],[101.8522874394003,3.183326655069588],[101.8537885227292,3.178266889695079],[101.85502233262866,3.173135593611141],[101.85598548731149,3.167946830424369],[101.85667534683768,3.16271482145953],[101.85709002035019,3.157453906787271],[101.85722837125778,3.152178505923843]],[[101.63538742646936,3.060210869854064],[101.63524907556177,3.054934983093518],[101.63483440204926,3.049673531350773],[101.63414454252307,3.044440936261498],[101.63318138784025,3.039251540573846],[101.63194757794079,3.034119568829169],[101.6304464946119,3.029059088364584],[101.62868225221862,3.024083970744451],[101.62665968642673,3.019207853726444],[101.62438434094848,3.014444103866808],[101.62186245234768,3.009805779867373],[101.61910093294567,3.005305596764893],[101.61610735187519,3.00095589106125],[101.61288991433388,2.996768586890057],[101.60945743909438,2.992755163312992],[101.60581933433274,2.988926622835181],[101.60198557184124,2.985293461226693],[101.59796665969638,2.98186563873277],[101.59377361345702,2.978652552751988],[101.58941792597142,2.97566301205754],[101.5849115358762,2.972905212632438],[101.58026679487341,2.970386715185091],[101.57549643387527,2.96811442440714],[101.57061352810972,2.96609457003053],[101.56563146128204,2.96433268973599],[101.56056388889107,2.962833613959798],[101.55542470080054,2.961601452640832],[101.55022798316777,2.960639583944116],[101.54498797983457,2.959950644992164],[101.53971905328585,2.95953652462928],[101.53443564528303,2.959398358239098],[101.5291522372802,2.95953652462928],[101.52388331073148,2.959950644992164],[101.51864330739826,2.960639583944116],[101.5134465897655,2.961601452640832],[101.50830740167497,2.962833613959798],[101.503239829284,2.96433268973599],[101.49825776245632,2.96609457003053],[101.49337485669076,2.96811442440714],[101.48860449569263,2.970386715185091],[101.48395975468985,2.972905212632438],[101.47945336459463,2.97566301205754],[101.47509767710902,2.978652552751988],[101.47090463086965,2.98186563873277],[101.4668857187248,2.985293461226693],[101.4630519562333,2.988926622835181],[101.45941385147165,2.992755163312992],[101.45598137623216,2.996768586890057],[101.45276393869084,3.00095589106125],[101.44977035762037,3.005305596764893],[101.44700883821835,3.009805779867373],[101.44448694961756,3.014444103866808],[101.4422116041393,3.019207853726444],[101.44018903834741,3.024083970744451],[101.43842479595415,3.029059088364584],[101.43692371262524,3.034119568829169],[101.43568990272578,3.039251540573846],[101.43472674804296,3.044440936261498],[101.43403688851677,3.049673531350773],[101.43362221500426,3.054934983093518],[101.43348386409667,3.060210869854064],[101.43362221500426,3.065486730642442],[101.43403688851677,3.070748104753254],[101.43472674804296,3.075980571401388],[101.43568990272578,3.081169789245907],[101.43692371262524,3.086301535693958],[101.43842479595415,3.091361745876839],[101.44018903834741,3.096336551191476],[101.4422116041393,3.101212317301862],[101.44448694961756,3.105975681496381],[101.44700883821835,3.110613589298646],[101.44977035762037,3.115113330231877],[101.45276393869084,3.119462572638674],[101.45598137623216,3.12364939746141],[101.45941385147165,3.127662330890267],[101.4630519562333,3.131490375790293],[101.4668857187248,3.135123041821036],[101.47090463086965,3.138550374166954],[101.47509767710902,3.141762980799597],[101.47945336459463,3.144752058197618],[101.48395975468985,3.147509415453981],[101.48860449569263,3.150027496704769],[101.49337485669076,3.152299401818227],[101.49825776245632,3.154318905287851],[101.503239829284,3.156080473277506],[101.50830740167497,3.157579278772578],[101.5134465897655,3.158811214795453],[101.51864330739826,3.159772905649469],[101.52388331073148,3.160461716160597],[101.5291522372802,3.16087575889174],[101.53443564528303,3.161013899309818],[101.53971905328585,3.16087575889174],[101.54498797983457,3.160461716160597],[101.55022798316777,3.159772905649469],[101.55542470080054,3.158811214795453],[101.56056388889107,3.157579278772578],[101.56563146128204,3.156080473277506],[101.57061352810972,3.154318905287851],[101.57549643387527,3.152299401818227],[101.58026679487341,3.150027496704769],[101.5849115358762,3.147509415453981],[101.58941792597142,3.144752058197618],[101.59377361345702,3.141762980799597],[101.59796665969638,3.138550374166954],[101.60198557184124,3.135123041821036],[101.60581933433274,3.131490375790293],[101.60945743909438,3.127662330890267],[101.61288991433388,3.12364939746141],[101.61610735187519,3.119462572638674],[101.61910093294567,3.115113330231877],[101.62186245234768,3.110613589298646],[101.62438434094848,3.105975681496381],[101.62665968642673,3.101212317301862],[101.62868225221862,3.096336551191476],[101.6304464946119,3.091361745876839],[101.63194757794079,3.086301535693958],[101.63318138784025,3.081169789245907],[101.63414454252307,3.075980571401388],[101.63483440204926,3.070748104753254],[101.63524907556177,3.065486730642442],[101.63538742646936,3.060210869854064]],[[101.4442069831772,2.969227890584168],[101.44406863226962,2.963951562967701],[101.44365395875711,2.958689672343612],[101.44296409923092,2.953456641541093],[101.4420009445481,2.948266814486947],[101.44076713464864,2.943134416883237],[101.43926605131973,2.938073517206939],[101.43750180892647,2.933097988138548],[101.43547924313458,2.928221468525523],[101.43320389765633,2.923457325984898],[101.43068200905552,2.918818620247886],[101.42792048965352,2.914318067346919],[101.42492690858303,2.90996800474363],[101.42170947104172,2.90578035749356],[101.41827699580222,2.901766605540357],[101.41463889104058,2.897937752229574],[101.41080512854909,2.894304294128404],[101.40678621640421,2.890876192234457],[101.40259317016485,2.887662844652454],[101.39823748267925,2.884673060814283],[101.39373109258403,2.881915037312984],[101.38908635158126,2.879396335417343],[101.38431599058312,2.877123860328715],[101.37943308481756,2.87510384223729],[101.37445101798987,2.873341819229799],[101.36938344559891,2.871842622095675],[101.36424425750839,2.870610361073521],[101.35904753987562,2.869648414574242],[101.3538075365424,2.868959419911898],[101.34853860999368,2.868545266067912],[101.34325520199086,2.86840708850822],[101.33797179398803,2.868545266067912],[101.33270286743931,2.868959419911898],[101.32746286410611,2.869648414574242],[101.32226614647334,2.870610361073521],[101.3171269583828,2.871842622095675],[101.31205938599184,2.873341819229799],[101.30707731916416,2.87510384223729],[101.30219441339861,2.877123860328715],[101.29742405240047,2.879396335417343],[101.29277931139768,2.881915037312984],[101.28827292130246,2.884673060814283],[101.28391723381687,2.887662844652454],[101.2797241875775,2.890876192234457],[101.27570527543264,2.894304294128404],[101.27187151294113,2.897937752229574],[101.2682334081795,2.901766605540357],[101.26480093294,2.90578035749356],[101.26158349539868,2.90996800474363],[101.25858991432821,2.914318067346919],[101.2558283949262,2.918818620247886],[101.25330650632539,2.923457325984898],[101.25103116084715,2.928221468525523],[101.24900859505524,2.933097988138548],[101.24724435266198,2.938073517206939],[101.24574326933309,2.943134416883237],[101.24450945943362,2.948266814486947],[101.24354630475081,2.953456641541093],[101.24285644522462,2.958689672343612],[101.2424417717121,2.963951562967701],[101.24230342080452,2.969227890584168],[101.2424417717121,2.97450419299783],[101.24285644522462,2.979766008289654],[101.24354630475081,2.984998914455815],[101.24450945943362,2.990188568935049],[101.24574326933309,2.995320747916044],[101.24724435266198,3.000381385317135],[101.24900859505524,3.005356611331374],[101.25103116084715,3.010232790431632],[101.25330650632539,3.014996558731616],[101.2558283949262,3.019634860600382],[101.25858991432821,3.024134984430376],[101.26158349539868,3.028484597460951],[101.26480093294,3.032671779562188],[101.2682334081795,3.036685055886746],[101.27187151294113,3.040513428300129],[101.27570527543264,3.044146405503938],[101.2797241875775,3.04757403176943],[101.28391723381687,3.050786914202918],[101.28827292130246,3.053776248468795],[101.29277931139768,3.056533842899616],[101.29742405240047,3.059052140927571],[101.30219441339861,3.061324241776168],[101.30707731916416,3.063343919355437],[101.31205938599184,3.065105639309387],[101.3171269583828,3.066604574168877],[101.32226614647334,3.067836616568825],[101.32746286410611,3.068798390493598],[101.33270286743931,3.069487260519877],[101.33797179398803,3.069901339031802],[101.34325520199086,3.070039491388766],[101.34853860999368,3.069901339031802],[101.3538075365424,3.069487260519877],[101.35904753987562,3.068798390493598],[101.36424425750839,3.067836616568825],[101.36938344559891,3.066604574168877],[101.37445101798987,3.065105639309387],[101.37943308481756,3.063343919355437],[101.38431599058312,3.061324241776168],[101.38908635158126,3.059052140927571],[101.39373109258403,3.056533842899616],[101.39823748267925,3.053776248468795],[101.40259317016485,3.050786914202918],[101.40678621640421,3.04757403176943],[101.41080512854909,3.044146405503938],[101.41463889104058,3.040513428300129],[101.41827699580222,3.036685055886746],[101.42170947104172,3.032671779562188],[101.42492690858303,3.028484597460951],[101.42792048965352,3.024134984430376],[101.43068200905552,3.019634860600382],[101.43320389765633,3.014996558731616],[101.43547924313458,3.010232790431632],[101.43750180892647,3.005356611331374],[101.43926605131973,3.000381385317135],[101.44076713464864,2.995320747916044],[101.4420009445481,2.990188568935049],[101.44296409923092,2.984998914455815],[101.44365395875711,2.979766008289667],[101.44406863226962,2.97450419299783],[101.4442069831772,2.969227890584168]],[[101.60585202851463,2.84840474855731],[101.60571367760704,2.843127856061203],[101.60529900409453,2.837865403123698],[101.60460914456834,2.8326318141027],[101.60364598988552,2.827441434434328],[101.60241217998606,2.822308491306586],[101.60091109665716,2.817247054655295],[101.59914685426389,2.812270998589107],[101.597124288472,2.807393963349416],[101.59484894299375,2.802629317909906],[101.59232705439295,2.79799012331781],[101.58956553499094,2.793489096878229],[101.58657195392047,2.789138577279255],[101.58335451637915,2.784950490754102],[101.57992204113965,2.78093631837298],[101.576283936378,2.777107064554526],[101.57245017388651,2.773473226883594],[101.56843126174165,2.77004476731803],[101.56423821550229,2.766831084863656],[101.55988252801667,2.763840989792726],[101.55537613792146,2.761082679476423],[101.55073139691868,2.758563715898177],[101.54596103592054,2.756291004909272],[101.54107813015499,2.754270777284151],[101.5360960633273,2.752508571627099],[101.53102849093634,2.751009219177674],[101.52588930284581,2.749776830556487],[101.52069258521304,2.748814784487743],[101.51545258187983,2.748125718529665],[101.51018365533112,2.747711521838315],[101.50490024732828,2.747573329984498],[101.49961683932545,2.747711521838315],[101.49434791277673,2.748125718529665],[101.48910790944353,2.748814784487743],[101.48391119181076,2.749776830556487],[101.47877200372024,2.751009219177674],[101.47370443132927,2.752508571627099],[101.46872236450159,2.754270777284151],[101.46383945873603,2.756291004909272],[101.4590690977379,2.758563715898177],[101.4544243567351,2.761082679476423],[101.44991796663989,2.763840989792726],[101.44556227915429,2.766831084863656],[101.44136923291492,2.77004476731803],[101.43735032077007,2.773473226883594],[101.43351655827857,2.777107064554526],[101.42987845351692,2.780936318372968],[101.42644597827743,2.784950490754102],[101.42322854073612,2.789138577279255],[101.42023495966563,2.793489096878229],[101.41747344026362,2.79799012331781],[101.41495155166282,2.802629317909906],[101.41267620618457,2.807393963349416],[101.41065364039268,2.812270998589107],[101.4088893979994,2.817247054655295],[101.40738831467051,2.822308491306586],[101.40615450477105,2.827441434434328],[101.40519135008823,2.8326318141027],[101.40450149056204,2.837865403123698],[101.40408681704953,2.843127856061203],[101.40394846614194,2.84840474855731],[101.40408681704953,2.853681616872704],[101.40450149056204,2.858943997533032],[101.40519135008823,2.86417746697226],[101.40615450477105,2.869367681064441],[101.40738831467051,2.874500414435658],[101.4088893979994,2.879561599448243],[101.41065364039268,2.884537364750565],[101.41267620618457,2.889414073286885],[101.41495155166282,2.894178359662993],[101.41747344026362,2.898817166765606],[101.42023495966563,2.903317781535065],[101.42322854073612,2.907667869793638],[101.42644597827743,2.911855510033943],[101.42987845351692,2.915869226075402],[101.43351655827857,2.919698018499122],[101.43735032077007,2.92333139477537],[101.44136923291492,2.92675939800145],[101.44556227915429,2.929972634171281],[101.44991796663989,2.932962297902205],[101.4544243567351,2.93572019654887],[101.4590690977379,2.938238772638193],[101.46383945873603,2.940511124564254],[101.46872236450159,2.942531025486602],[101.47370443132927,2.944292940380361],[101.47877200372024,2.945792041191628],[101.48391119181076,2.947024220056773],[101.48910790944353,2.947986100549733],[101.49434791277673,2.948675046926334],[101.49961683932545,2.949089171340685],[101.50490024732828,2.949227339013865],[101.51018365533112,2.949089171340685],[101.51545258187983,2.948675046926334],[101.52069258521304,2.947986100549733],[101.52588930284581,2.947024220056773],[101.53102849093634,2.945792041191628],[101.5360960633273,2.944292940380361],[101.54107813015499,2.942531025486602],[101.54596103592054,2.940511124564254],[101.55073139691868,2.938238772638193],[101.55537613792146,2.93572019654887],[101.55988252801667,2.932962297902205],[101.56423821550229,2.929972634171281],[101.56843126174165,2.92675939800145],[101.57245017388651,2.92333139477537],[101.576283936378,2.919698018499122],[101.57992204113965,2.915869226075402],[101.58335451637915,2.911855510033943],[101.58657195392047,2.907667869793638],[101.58956553499094,2.903317781535065],[101.59232705439295,2.898817166765606],[101.59484894299375,2.894178359662993],[101.597124288472,2.889414073286885],[101.59914685426389,2.884537364750565],[101.60091109665716,2.879561599448243],[101.60241217998606,2.874500414435658],[101.60364598988552,2.869367681064441],[101.60460914456834,2.86417746697226],[101.60529900409453,2.858943997533032],[101.60571367760704,2.853681616872704],[101.60585202851463,2.84840474855731]],[[101.78221795143887,2.750236186373353],[101.78207960053128,2.744958852192052],[101.78166492701878,2.739695959607339],[101.78097506749259,2.734461934172014],[101.78001191280975,2.729271122501482],[101.77877810291031,2.724137752944509],[101.77727701958139,2.719075896576142],[101.77551277718814,2.714099428619916],[101.77349021139624,2.709221990405208],[101.771214865918,2.704456951964096],[101.76869297731717,2.699817375370348],[101.76593145791517,2.695315978921409],[101.76293787684469,2.690965102261458],[101.75972043930338,2.686776672541529],[101.75628796406389,2.682762171709462],[101.75264985930225,2.67893260501978],[101.74881609681074,2.67529847084978],[101.74479718466588,2.671869731904852],[101.74060413842652,2.668655787892145],[101.7362484509409,2.665665449737844],[101.7317420608457,2.66290691541851],[101.72709731984291,2.660387747473431],[101.72232695884476,2.658114852259369],[101.7174440530792,2.65609446100499],[101.71246198625153,2.654332112716967],[101.70739441386058,2.652832638984761],[101.70225522577005,2.651600150725867],[101.69705850813726,2.65063802690798],[101.69181850480406,2.649948905279064],[101.68654957825534,2.649534675130861],[101.68126617025251,2.649396472115714],[101.6759827622497,2.649534675130861],[101.67071383570098,2.649948905279064],[101.66547383236778,2.65063802690798],[101.660277114735,2.651600150725867],[101.65513792664446,2.652832638984761],[101.65007035425351,2.654332112716967],[101.64508828742582,2.65609446100499],[101.64020538166028,2.658114852259369],[101.63543502066213,2.660387747473431],[101.63079027965934,2.66290691541851],[101.62628388956414,2.665665449737844],[101.62192820207852,2.668655787892145],[101.61773515583916,2.671869731904852],[101.6137162436943,2.67529847084978],[101.60988248120279,2.67893260501978],[101.60624437644115,2.682762171709462],[101.60281190120166,2.686776672541529],[101.59959446366035,2.690965102261458],[101.59660088258987,2.695315978921409],[101.59383936318787,2.699817375370348],[101.59131747458704,2.704456951964096],[101.5890421291088,2.709221990405208],[101.5870195633169,2.714099428619916],[101.58525532092365,2.719075896576142],[101.58375423759473,2.724137752944509],[101.58252042769527,2.729271122501482],[101.58155727301245,2.734461934172014],[101.58086741348626,2.739695959607339],[101.58045273997375,2.744958852192052],[101.58031438906617,2.750236186373353],[101.58045273997375,2.755513497204714],[101.58086741348626,2.760776319995437],[101.58155727301245,2.766010229957416],[101.58252042769527,2.771200881740383],[101.58375423759473,2.776334048747344],[101.58525532092365,2.781395662122454],[101.5870195633169,2.786371849304452],[101.5890421291088,2.791248972040196],[101.59131747458704,2.79601366375408],[101.59383936318787,2.800652866171155],[101.59660088258987,2.805153865093544],[101.59959446366035,2.809504325232455],[101.60281190120166,2.813692324000367],[101.60624437644115,2.817706384171023],[101.60988248120279,2.821535505317893],[101.6137162436943,2.825169193945145],[101.61773515583916,2.828597492228853],[101.62192820207852,2.83181100528981],[101.62628388956414,2.834800926923465],[101.63079027965934,2.837559063716707],[101.63543502066213,2.840077857485634],[101.64020538166028,2.842350405973028],[101.64508828742582,2.844370481749029],[101.65007035425351,2.846132549263383],[101.65513792664446,2.847631780002853],[101.660277114735,2.848864065712206],[101.66547383236778,2.849826029642909],[101.67071383570098,2.85051503579876],[101.6759827622497,2.85092919615315],[101.68126617025251,2.851067375818434],[101.68654957825534,2.85092919615315],[101.69181850480406,2.85051503579876],[101.69705850813726,2.849826029642909],[101.70225522577005,2.848864065712206],[101.70739441386058,2.847631780002853],[101.71246198625153,2.846132549263383],[101.7174440530792,2.844370481749029],[101.72232695884476,2.842350405973028],[101.72709731984291,2.840077857485634],[101.7317420608457,2.837559063716707],[101.7362484509409,2.834800926923465],[101.74060413842652,2.83181100528981],[101.74479718466588,2.828597492228853],[101.74881609681074,2.825169193945145],[101.75264985930225,2.821535505317893],[101.75628796406389,2.817706384171023],[101.75972043930338,2.813692324000367],[101.76293787684469,2.809504325232455],[101.76593145791517,2.805153865093544],[101.76869297731717,2.800652866171155],[101.771214865918,2.79601366375408],[101.77349021139624,2.791248972040196],[101.77551277718814,2.786371849304452],[101.77727701958139,2.781395662122454],[101.77877810291031,2.776334048747344],[101.78001191280975,2.771200881740383],[101.78097506749259,2.766010229957416],[101.78166492701878,2.760776319995437],[101.78207960053128,2.755513497204714],[101.78221795143887,2.750236186373353]],[[101.16263382144363,3.703712534764604],[101.16249547053606,3.698440145808688],[101.16208079702353,3.693182176871853],[101.16139093749734,3.687953040110252],[101.16042778281454,3.682767068903205],[101.15919397291506,3.67763847855852],[101.15769288958616,3.672581327338658],[101.15592864719291,3.667609477914866],[101.153906081401,3.662736559355277],[101.15163073592277,3.65797592975086],[101.14910884732194,3.653340639582438],[101.14634732791994,3.648843395928902],[101.14335374684946,3.644496527615289],[101.14013630930815,3.640311951396318],[101.13670383406865,3.636301139268507],[101.13306572930702,3.632475087000492],[101.12923196681551,3.628844283968293],[101.12521305467065,3.625418684378451],[101.12102000843129,3.622207679958066],[101.11666432094567,3.619220074186984],[101.11215793085047,3.616464058142987],[101.10751318984768,3.613947188026506],[101.10274282884953,3.611676364426585],[101.09785992308399,3.609657813385319],[101.0928778562563,3.607897069312743],[101.08781028386535,3.606398959799381],[101.08267109577481,3.605167592367982],[101.07747437814203,3.604206343201323],[101.07223437480883,3.603517847876726],[101.0669654482601,3.603103994132959],[101.0616820402573,3.602965916689647],[101.05639863225447,3.603103994132959],[101.05112970570575,3.603517847876726],[101.04588970237255,3.604206343201323],[101.04069298473976,3.605167592367982],[101.03555379664922,3.606398959799381],[101.03048622425828,3.607897069312743],[101.02550415743059,3.609657813385319],[101.02062125166505,3.611676364426585],[101.0158508906669,3.613947188026506],[101.0112061496641,3.616464058142987],[101.0066997595689,3.619220074186984],[101.00234407208329,3.622207679958066],[100.99815102584392,3.625418684378451],[100.99413211369907,3.628844283968293],[100.99029835120756,3.632475087000492],[100.98666024644592,3.636301139268507],[100.98322777120643,3.640311951396318],[100.98001033366512,3.644496527615289],[100.97701675259464,3.648843395928902],[100.97425523319264,3.653340639582438],[100.97173334459181,3.65797592975086],[100.96945799911356,3.662736559355277],[100.96743543332167,3.667609477914866],[100.96567119092842,3.672581327338658],[100.9641701075995,3.67763847855852],[100.96293629770005,3.682767068903205],[100.96197314301722,3.687953040110252],[100.96128328349103,3.693182176871853],[100.96086860997853,3.698440145808688],[100.96073025907094,3.703712534764604],[100.96086860997853,3.708984892314731],[100.96128328349103,3.714242767378258],[100.96197314301722,3.719471748827573],[100.96293629770005,3.724657504984951],[100.9641701075995,3.729785822898742],[100.96567119092842,3.734842647291319],[100.96743543332167,3.739814119072205],[100.96945799911356,3.744686613310839],[100.97173334459181,3.749446776565204],[100.97425523319264,3.754081563463913],[100.97701675259464,3.758578272442022],[100.98001033366512,3.762924580532542],[100.98322777120643,3.767108577118628],[100.98666024644592,3.771118796554399],[100.99029835120756,3.774944249564858],[100.99413211369907,3.778574453339577],[100.99815102584392,3.781999460237608],[101.00234407208329,3.785209885025502],[101.0066997595689,3.788196930574002],[101.0112061496641,3.790952411943195],[101.0158508906669,3.793468778790674],[101.02062125166505,3.795739136041294],[101.02550415743059,3.797757262762381],[101.03048622425828,3.799517629192801],[101.03555379664922,3.80101541187959],[101.04069298473976,3.802246506880718],[101.04588970237255,3.803207540998232],[101.05112970570575,3.803895881010924],[101.05639863225447,3.804309640881611],[101.0616820402573,3.804447686919223],[101.0669654482601,3.804309640881611],[101.07223437480883,3.803895881010924],[101.07747437814203,3.803207540998232],[101.08267109577481,3.802246506880718],[101.08781028386535,3.80101541187959],[101.0928778562563,3.799517629192801],[101.09785992308399,3.797757262762381],[101.10274282884953,3.795739136041294],[101.10751318984768,3.793468778790674],[101.11215793085047,3.790952411943195],[101.11666432094567,3.788196930574002],[101.12102000843129,3.785209885025502],[101.12521305467065,3.781999460237608],[101.12923196681551,3.778574453339577],[101.13306572930702,3.774944249564858],[101.13670383406865,3.771118796554399],[101.14013630930815,3.767108577118628],[101.14335374684946,3.762924580532542],[101.14634732791994,3.758578272442022],[101.14910884732194,3.754081563463913],[101.15163073592277,3.749446776565204],[101.153906081401,3.744686613310839],[101.15592864719291,3.739814119072205],[101.15769288958616,3.734842647291319],[101.15919397291506,3.729785822898742],[101.16042778281454,3.724657504984951],[101.16139093749734,3.719471748827573],[101.16208079702353,3.714242767378258],[101.16249547053606,3.708984892314731],[101.16263382144363,3.703712534764604]],[[101.68363052062507,3.57874093237253],[101.6834921697175,3.573467812071067],[101.68307749620497,3.568209114843047],[101.68238763667878,3.562979254827892],[101.68142448199598,3.557792567365936],[101.6801906720965,3.552663269698573],[101.67868958876761,3.547605421989434],[101.67692534637435,3.542632888773777],[101.67490278058244,3.537759300941898],[101.6726274351042,3.532998018360725],[101.6701055465034,3.528362093236531],[101.66734402710138,3.52386423431922],[101.66435044603091,3.519516772046474],[101.66113300848959,3.515331624723809],[101.6577005332501,3.511320265833153],[101.65406242848846,3.507493692560053],[101.65022866599695,3.503862395625942],[101.64620975385209,3.500436330508451],[101.64201670761273,3.49722489012894],[101.63766102012713,3.494236879082229],[101.63315463003191,3.49148048947968],[101.62850988902912,3.48896327847187],[101.62373952803098,3.486692147512801],[101.61885662226543,3.484673323422684],[101.61387455543775,3.482912341301443],[101.60880698304679,3.481414029339961],[101.60366779495625,3.480182495570832],[101.59847107732348,3.479221116595164],[101.59323107399028,3.478532528316401],[101.58796214744156,3.478118618706687],[101.58267873943873,3.477980522625809],[101.57739533143591,3.478118618706687],[101.57212640488719,3.478532528316401],[101.56688640155399,3.479221116595164],[101.5616896839212,3.480182495570832],[101.55655049583068,3.481414029339961],[101.55148292343972,3.482912341301443],[101.54650085661203,3.484673323422684],[101.54161795084647,3.486692147512801],[101.53684758984834,3.48896327847187],[101.53220284884556,3.49148048947968],[101.52769645875034,3.494236879082229],[101.52334077126474,3.49722489012894],[101.51914772502538,3.500436330508451],[101.5151288128805,3.503862395625942],[101.51129505038901,3.507493692560053],[101.50765694562737,3.511320265833153],[101.50422447038787,3.515331624723809],[101.50100703284656,3.519516772046474],[101.49801345177607,3.52386423431922],[101.49525193237407,3.528362093236531],[101.49273004377326,3.532998018360725],[101.49045469829501,3.537759300941898],[101.48843213250312,3.542632888773777],[101.48666789010986,3.547605421989434],[101.48516680678095,3.552663269698573],[101.48393299688149,3.557792567365936],[101.48296984219867,3.562979254827892],[101.48227998267248,3.568209114843047],[101.48186530915997,3.573467812071067],[101.4817269582524,3.57874093237253],[101.48186530915997,3.584014022322278],[101.48227998267248,3.58927262882771],[101.48296984219867,3.594502338743394],[101.48393299688149,3.59968881837348],[101.48516680678095,3.604817852753674],[101.48666789010986,3.609875384604981],[101.48843213250312,3.614847552852739],[101.49045469829501,3.619720730605346],[101.49273004377326,3.624481562488792],[101.49525193237407,3.62911700123474],[101.49801345177607,3.633614343422192],[101.50100703284656,3.637961264274852],[101.50422447038787,3.642145851419118],[101.50765694562737,3.646156637510526],[101.51129505038901,3.649982631639236],[101.5151288128805,3.65361334942902],[101.51914772502538,3.65703884174748],[101.52334077126474,3.660249721948986],[101.52769645875034,3.663237191576107],[101.53220284884556,3.665993064449395],[101.53684758984834,3.668509789079646],[101.54161795084647,3.6707804693417],[101.54650085661203,3.672798883353297],[101.55148292343972,3.674559500507376],[101.55655049583068,3.6760574966117],[101.5616896839212,3.677288767094258],[101.56688640155399,3.678249938238566],[101.57212640488719,3.678938376418226],[101.57739533143591,3.679352195305581],[101.58267873943873,3.679490261034834],[101.58796214744156,3.679352195305581],[101.59323107399028,3.678938376418226],[101.59847107732348,3.678249938238566],[101.60366779495625,3.677288767094258],[101.60880698304679,3.6760574966117],[101.61387455543775,3.674559500507376],[101.61885662226543,3.672798883353297],[101.62373952803098,3.6707804693417],[101.62850988902912,3.668509789079646],[101.63315463003191,3.665993064449395],[101.63766102012713,3.663237191576107],[101.64201670761273,3.660249721948986],[101.64620975385209,3.65703884174748],[101.65022866599695,3.65361334942902],[101.65406242848846,3.649982631639236],[101.6577005332501,3.646156637510526],[101.66113300848959,3.642145851419118],[101.66435044603091,3.637961264274852],[101.66734402710138,3.633614343422192],[101.6701055465034,3.62911700123474],[101.6726274351042,3.624481562488792],[101.67490278058244,3.619720730605346],[101.67692534637435,3.614847552852739],[101.67868958876761,3.609875384604981],[101.6801906720965,3.604817852753674],[101.68142448199598,3.59968881837348],[101.68238763667878,3.594502338743394],[101.68307749620497,3.589272628827723],[101.6834921697175,3.584014022322278],[101.68363052062507,3.57874093237253]],[[102.31970550084085,2.712427709432124],[102.31956714993328,2.707150209273208],[102.31915247642075,2.701887151484518],[102.31846261689456,2.696652962067783],[102.31749946221174,2.691461988081345],[102.31626565231228,2.686328458309897],[102.31476456898338,2.681266444256193],[102.31300032659011,2.676289821562331],[102.31097776079822,2.67141223196598],[102.30870241531997,2.666647045896394],[102.30618052671916,2.662007325812482],[102.30341900731715,2.657505790383901],[102.30042542624668,2.653154779613395],[102.29720798870537,2.648966220996105],[102.29377551346587,2.644951596808935],[102.29013740870424,2.641121912619703],[102.28630364621273,2.637487667102656],[102.28228473406787,2.63405882324329],[102.2780916878285,2.63084478101153],[102.2737360003429,2.627854351578478],[102.26922961024769,2.625095733147429],[102.26458486924489,2.622576488465858],[102.25981450824676,2.620303524079731],[102.25493160248121,2.618283071387824],[102.24994953565351,2.616520669547429],[102.24488196326256,2.615021150278966],[102.23974277517202,2.613788624611062],[102.23454605753925,2.612826471602541],[102.22930605420605,2.612137329072381],[102.22403712765733,2.611723086363099],[102.21875371965452,2.611584879157533],[102.21347031165169,2.611723086363099],[102.20820138510297,2.612137329072381],[102.20296138176975,2.612826471602541],[102.19776466413698,2.613788624611062],[102.19262547604646,2.615021150278966],[102.18755790365549,2.616520669547429],[102.18257583682781,2.618283071387824],[102.17769293106225,2.620303524079731],[102.17292257006412,2.622576488465858],[102.16827782906132,2.625095733147429],[102.16377143896612,2.627854351578478],[102.15941575148051,2.63084478101153],[102.15522270524114,2.63405882324329],[102.15120379309627,2.637487667102656],[102.14737003060478,2.641121912619703],[102.14373192584314,2.644951596808935],[102.14029945060364,2.648966220996105],[102.13708201306233,2.653154779613395],[102.13408843199186,2.657505790383901],[102.13132691258984,2.662007325812482],[102.12880502398903,2.666647045896394],[102.12652967851079,2.67141223196598],[102.1245071127189,2.676289821562331],[102.12274287032564,2.681266444256193],[102.12124178699672,2.686328458309897],[102.12000797709727,2.691461988081345],[102.11904482241445,2.696652962067783],[102.11835496288826,2.701887151484518],[102.11794028937575,2.707150209273208],[102.11780193846818,2.712427709432124],[102.11794028937575,2.71770518656114],[102.11835496288826,2.722968175512424],[102.11904482241445,2.728202251038494],[102.12000797709727,2.73339306732877],[102.12124178699672,2.73852639732636],[102.12274287032564,2.743588171717253],[102.1245071127189,2.748564517485181],[102.12652967851079,2.753441795926494],[102.12880502398903,2.758206640021084],[102.13132691258984,2.76284599105679],[102.13408843199186,2.767347134407288],[102.13708201306233,2.771697734365584],[102.14029945060364,2.775885867937464],[102.14373192584314,2.779900057502919],[102.14737003060478,2.78372930225594],[102.15120379309627,2.787363108336827],[102.15522270524114,2.790791517574656],[102.15941575148051,2.794005134761286],[102.16377143896612,2.796995153382509],[102.16827782906132,2.799753379735934],[102.17292257006412,2.80227225536982],[102.17769293106225,2.804544877781498],[102.18257583682781,2.806565019318952],[102.18755790365549,2.80832714423396],[102.19262547604646,2.809826423840134],[102.19776466413698,2.811058749734625],[102.20296138176975,2.812020745047378],[102.20820138510297,2.812709773687142],[102.21347031165169,2.813123947559208],[102.21875371965452,2.813262131734925],[102.22403712765733,2.813123947559208],[102.22930605420605,2.812709773687142],[102.23454605753925,2.812020745047378],[102.23974277517202,2.811058749734625],[102.24488196326256,2.809826423840134],[102.24994953565351,2.80832714423396],[102.25493160248121,2.806565019318952],[102.25981450824676,2.804544877781498],[102.26458486924489,2.80227225536982],[102.26922961024769,2.799753379735934],[102.2737360003429,2.796995153382509],[102.2780916878285,2.794005134761286],[102.28228473406787,2.790791517574656],[102.28630364621273,2.787363108336827],[102.29013740870424,2.78372930225594],[102.29377551346587,2.779900057502919],[102.29720798870537,2.775885867937464],[102.30042542624668,2.771697734365584],[102.30341900731715,2.767347134407288],[102.30618052671916,2.76284599105679],[102.30870241531997,2.758206640021084],[102.31097776079822,2.753441795926494],[102.31300032659011,2.748564517485181],[102.31476456898338,2.743588171717253],[102.31626565231228,2.73852639732636],[102.31749946221174,2.73339306732877],[102.31846261689456,2.728202251038494],[102.31915247642075,2.722968175512424],[102.31956714993328,2.71770518656114],[102.31970550084085,2.712427709432124]],[[102.11938596375147,2.687214262722913],[102.11924761284389,2.681936653155269],[102.11883293933138,2.676673486470341],[102.1181430798052,2.671439188965649],[102.11717992512237,2.666248107991521],[102.11594611522291,2.661114472619844],[102.11444503189401,2.656052354635269],[102.11268078950074,2.651075629955598],[102.11065822370884,2.646197940587536],[102.10838287823061,2.641432657221908],[102.10586098962979,2.636792842571326],[102.10309947022779,2.632291215550582],[102.1001058891573,2.627940116398555],[102.096888451616,2.623751472836971],[102.09345597637649,2.619736767359402],[102.08981787161487,2.61590700573991],[102.08598410912336,2.612272686848256],[102.08196519697849,2.608843773854305],[102.07777215073912,2.605629666900929],[102.07341646325352,2.602639177320433],[102.0689100731583,2.599880503465343],[102.06426533215553,2.597361208220102],[102.05949497115738,2.595088198255241],[102.05461206539182,2.593067705081411],[102.04962999856414,2.591305267955013],[102.04456242617319,2.589805718682662],[102.03942323808266,2.588573168366069],[102.03422652044988,2.587610996124022],[102.02898651711668,2.586921839822212],[102.02371759056795,2.586507588836568],[102.01843418256513,2.586369378869974],[102.01315077456232,2.586507588836568],[102.0078818480136,2.586921839822212],[102.0026418446804,2.587610996124022],[101.9974451270476,2.588573168366069],[101.99230593895707,2.589805718682662],[101.98723836656613,2.591305267955013],[101.98225629973844,2.593067705081411],[101.97737339397288,2.595088198255241],[101.97260303297475,2.597361208220102],[101.96795829197195,2.599880503465343],[101.96345190187675,2.602639177320433],[101.95909621439114,2.605629666900929],[101.95490316815177,2.608843773854305],[101.9508842560069,2.612272686848256],[101.9470504935154,2.61590700573991],[101.94341238875377,2.619736767359402],[101.93997991351428,2.623751472836971],[101.93676247597297,2.627940116398555],[101.93376889490249,2.632291215550582],[101.93100737550049,2.636792842571326],[101.92848548689966,2.641432657221908],[101.92621014142141,2.646197940587536],[101.92418757562952,2.651075629955598],[101.92242333323627,2.656052354635269],[101.92092224990735,2.661114472619844],[101.91968844000789,2.666248107991521],[101.91872528532507,2.671439188965649],[101.91803542579888,2.676673486470341],[101.91762075228637,2.681936653155269],[101.91748240137879,2.687214262722913],[101.91762075228637,2.692491849474084],[101.91803542579888,2.697754947959625],[101.91872528532507,2.702989132629191],[101.91968844000789,2.708180057368722],[101.92092224990735,2.713313494818057],[101.92242333323627,2.718375375361044],[101.92418757562952,2.723351825681348],[101.92621014142141,2.728229206778231],[101.92848548689966,2.732994151338313],[101.93100737550049,2.737633600361056],[101.93376889490249,2.742134838937565],[101.93676247597297,2.746485531084836],[101.93997991351428,2.75067375354037],[101.94341238875377,2.754688028424357],[101.9470504935154,2.758517354680377],[101.9508842560069,2.762151238208636],[101.95490316815177,2.765579720609158],[101.95909621439114,2.768793406456789],[101.96345190187675,2.771783489032897],[101.96795829197195,2.774541774444198],[101.97260303297475,2.777060704062109],[101.97737339397288,2.779333375221996],[101.98225629973844,2.781353560125194],[101.98723836656613,2.783115722892772],[101.99230593895707,2.784615034724058],[101.9974451270476,2.785847387118765],[102.0026418446804,2.786809403126573],[102.0078818480136,2.78749844659355],[102.01315077456232,2.787912629379972],[102.01843418256513,2.788050816530157],[102.02371759056795,2.787912629379972],[102.02898651711668,2.78749844659355],[102.03422652044988,2.786809403126573],[102.03942323808266,2.785847387118765],[102.04456242617319,2.784615034724058],[102.04962999856414,2.783115722892772],[102.05461206539182,2.781353560125194],[102.05949497115738,2.779333375221996],[102.06426533215553,2.777060704062109],[102.0689100731583,2.774541774444198],[102.07341646325352,2.771783489032897],[102.07777215073912,2.768793406456789],[102.08196519697849,2.765579720609158],[102.08598410912336,2.762151238208636],[102.08981787161487,2.758517354680377],[102.09345597637649,2.754688028424357],[102.096888451616,2.75067375354037],[102.1001058891573,2.746485531084836],[102.10309947022779,2.742134838937565],[102.10586098962979,2.737633600361056],[102.10838287823061,2.732994151338313],[102.11065822370884,2.728229206778231],[102.11268078950074,2.723351825681348],[102.11444503189401,2.718375375361044],[102.11594611522291,2.713313494818057],[102.11717992512237,2.708180057368722],[102.1181430798052,2.702989132629191],[102.11883293933138,2.697754947959625],[102.11924761284389,2.692491849474084],[102.11938596375147,2.687214262722913]],[[102.46895047770359,2.560583539056153],[102.468812126796,2.555305395456382],[102.46839745328349,2.550041697270933],[102.4677075937573,2.544806872241006],[102.46674443907447,2.539615269141068],[102.46551062917501,2.534481118444],[102.46400954584611,2.529418493308697],[102.46224530345285,2.52444127099724],[102.46022273766096,2.51956309482732],[102.4579473921827,2.514797336764593],[102.45542550358189,2.510157060757354],[102.45266398417988,2.505654986914388],[102.44967040310941,2.501303456624268],[102.4464529655681,2.497114398711903],[102.4430204903286,2.493099296725243],[102.43938238556697,2.489269157442032],[102.43554862307546,2.485634480683131],[102.4315297109306,2.482205230515219],[102.42733666469124,2.47899080792221],[102.42298097720563,2.476000025020262],[102.41847458711042,2.473241080887258],[102.41382984610762,2.47072153907346],[102.4090594851095,2.468448306854605],[102.40417657934394,2.466427616285133],[102.39919451251625,2.464665007102965],[102.39412694012529,2.463165311533291],[102.38898775203477,2.461932641033003],[102.383791034402,2.460970375012071],[102.37855103106878,2.460281151563027],[102.37328210452006,2.459866860224095],[102.36799869651725,2.459728636795563],[102.36271528851442,2.459866860224095],[102.3574463619657,2.460281151563027],[102.35220635863249,2.460970375012071],[102.34700964099972,2.461932641033003],[102.34187045290919,2.463165311533291],[102.33680288051822,2.464665007102965],[102.33182081369054,2.466427616285133],[102.32693790792499,2.468448306854605],[102.32216754692685,2.47072153907346],[102.31752280592407,2.473241080887258],[102.31301641582886,2.476000025020262],[102.30866072834324,2.47899080792221],[102.30446768210389,2.482205230515219],[102.300448769959,2.485634480683131],[102.29661500746752,2.489269157442032],[102.29297690270587,2.493099296725243],[102.28954442746637,2.497114398711903],[102.28632698992506,2.501303456624268],[102.28333340885459,2.505654986914388],[102.28057188945257,2.510157060757354],[102.27805000085176,2.514797336764593],[102.27577465537352,2.51956309482732],[102.27375208958163,2.52444127099724],[102.27198784718837,2.529418493308697],[102.27048676385945,2.534481118444],[102.26925295396,2.539615269141068],[102.26828979927718,2.544806872241006],[102.267599939751,2.550041697270933],[102.26718526623849,2.555305395456382],[102.26704691533091,2.560583539056153],[102.26718526623849,2.565861660911719],[102.267599939751,2.571125294102775],[102.26828979927718,2.576360011600235],[102.26925295396,2.58155146580776],[102.27048676385945,2.586685427883813],[102.27198784718837,2.591747826736035],[102.27375208958163,2.596724787581585],[102.27577465537352,2.601602669967434],[102.27805000085176,2.606368105146713],[102.28057188945257,2.611008032708704],[102.28333340885459,2.615509736362267],[102.28632698992506,2.61986087877471],[102.28954442746637,2.624049535370806],[102.29297690270587,2.628064226999514],[102.29661500746752,2.631893951379049],[102.300448769959,2.63552821323435],[102.30446768210389,2.638957053044463],[102.30866072834324,2.642171074321457],[102.31301641582886,2.64516146934611],[102.31752280592407,2.64792004329013],[102.32216754692685,2.650439236659177],[102.32693790792499,2.652712145995092],[102.33182081369054,2.654732542781042],[102.33680288051822,2.656494890497811],[102.34187045290919,2.6579943597849],[102.34700964099972,2.659226841664593],[102.35220635863249,2.660188958793494],[102.3574463619657,2.660878074710337],[102.36271528851442,2.661292301055041],[102.36799869651725,2.661430502739419],[102.37328210452006,2.661292301055041],[102.37855103106878,2.660878074710337],[102.383791034402,2.660188958793494],[102.38898775203477,2.659226841664593],[102.39412694012529,2.6579943597849],[102.39919451251625,2.656494890497811],[102.40417657934394,2.654732542781042],[102.4090594851095,2.652712145995092],[102.41382984610762,2.650439236659177],[102.41847458711042,2.64792004329013],[102.42298097720563,2.64516146934611],[102.42733666469124,2.642171074321457],[102.4315297109306,2.638957053044463],[102.43554862307546,2.63552821323435],[102.43938238556697,2.631893951379049],[102.4430204903286,2.628064226999514],[102.4464529655681,2.624049535370806],[102.44967040310941,2.61986087877471],[102.45266398417988,2.615509736362267],[102.45542550358189,2.611008032708704],[102.4579473921827,2.606368105146713],[102.46022273766096,2.601602669967434],[102.46224530345285,2.596724787581585],[102.46400954584611,2.591747826736035],[102.46551062917501,2.586685427883813],[102.46674443907447,2.58155146580776],[102.4677075937573,2.576360011600235],[102.46839745328349,2.571125294102775],[102.468812126796,2.565861660911719],[102.46895047770359,2.560583539056153]],[[102.00658475110296,2.519932901882621],[102.00644640019537,2.514654592315922],[102.00603172668286,2.509390728961354],[102.00534186715667,2.504155740008591],[102.00437871247384,2.498963974674424],[102.00314490257439,2.493829663866732],[102.00164381924549,2.488766881170999],[101.99987957685222,2.483789504266455],[101.99785701106033,2.478911176877521],[101.99558166558208,2.47414527136522],[101.99305977698127,2.469504852061004],[101.99029825757925,2.465002639443758],[101.98730467650878,2.460650975258342],[101.98408723896748,2.456461788671446],[101.98065476372798,2.452446563557602],[101.97701665896633,2.448616307005329],[101.97318289647484,2.444981519129921],[101.96916398432998,2.441552164275655],[101.96497093809062,2.438337643686677],[101.96061525060499,2.435346769721619],[101.95610886050979,2.432587741682759],[101.951464119507,2.430068123326214],[101.94669375850886,2.427794822114882],[101.9418108527433,2.425774070271286],[101.93682878591562,2.42401140768216],[101.93176121352467,2.422511666702116],[101.92662202543413,2.421278958897739],[101.92142530780136,2.420316663769007],[101.91618530446816,2.419627419478538],[101.91091637791943,2.419213115614684],[101.9056329699166,2.419074888007844],[101.90034956191379,2.419213115614684],[101.89508063536506,2.419627419478538],[101.88984063203186,2.420316663769007],[101.88464391439909,2.421278958897739],[101.87950472630855,2.422511666702116],[101.8744371539176,2.42401140768216],[101.86945508708992,2.425774070271286],[101.86457218132436,2.427794822114882],[101.85980182032623,2.430068123326214],[101.85515707932342,2.432587741682759],[101.85065068922822,2.435346769721619],[101.8462950017426,2.438337643686677],[101.84210195550324,2.441552164275655],[101.83808304335838,2.444981519129921],[101.83424928086689,2.448616307005329],[101.83061117610524,2.452446563557602],[101.82717870086574,2.456461788671446],[101.82396126332443,2.460650975258342],[101.82096768225396,2.465002639443758],[101.81820616285195,2.469504852061004],[101.81568427425114,2.47414527136522],[101.81340892877289,2.478911176877521],[101.811386362981,2.483789504266455],[101.80962212058773,2.488766881170999],[101.80812103725883,2.493829663866732],[101.80688722735938,2.498963974674424],[101.80592407267655,2.504155740008591],[101.80523421315036,2.509390728961354],[101.80481953963785,2.514654592315922],[101.80468118873026,2.519932901882621],[101.80481953963785,2.525211190049417],[101.80523421315036,2.530474989438742],[101.80592407267655,2.535709872561729],[101.80688722735938,2.540901491361089],[101.80812103725883,2.546035616534422],[101.80962212058773,2.551098176530108],[101.811386362981,2.556075296108847],[101.81340892877289,2.560953334365565],[101.81568427425114,2.565718922107032],[101.81820616285195,2.570358998483359],[101.82096768225396,2.574860846772875],[101.82396126332443,2.579212129222355],[101.82717870086574,2.583400920847525],[101.83061117610524,2.587415742101126],[101.83424928086689,2.5912455903194],[101.83808304335838,2.594879969860873],[101.84210195550324,2.598308920855061],[101.8462950017426,2.601523046482568],[101.85065068922822,2.604513538712058],[101.85515707932342,2.607272202423609],[101.85980182032623,2.609791477852748],[101.86457218132436,2.612064461293755],[101.86945508708992,2.614084924005669],[101.8744371539176,2.615847329269499],[101.87950472630855,2.617346847549967],[101.88464391439909,2.618579369720405],[101.88984063203186,2.619541518314699],[101.89508063536506,2.620230656775657],[101.90034956191379,2.620644896674435],[101.9056329699166,2.620783102881422],[101.91091637791943,2.620644896674435],[101.91618530446816,2.620230656775657],[101.92142530780136,2.619541518314699],[101.92662202543413,2.618579369720405],[101.93176121352467,2.617346847549967],[101.93682878591562,2.615847329269499],[101.9418108527433,2.614084924005669],[101.94669375850886,2.612064461293755],[101.951464119507,2.609791477852748],[101.95610886050979,2.607272202423609],[101.96061525060499,2.604513538712058],[101.96497093809062,2.601523046482568],[101.96916398432998,2.598308920855061],[101.97318289647484,2.594879969860873],[101.97701665896633,2.5912455903194],[101.98065476372798,2.587415742101126],[101.98408723896748,2.583400920847525],[101.98730467650878,2.579212129222355],[101.99029825757925,2.574860846772875],[101.99305977698127,2.570358998483359],[101.99558166558208,2.565718922107032],[101.99785701106033,2.560953334365565],[101.99987957685222,2.556075296108847],[102.00164381924549,2.551098176530108],[102.00314490257439,2.546035616534422],[102.00437871247384,2.540901491361089],[102.00534186715667,2.535709872561729],[102.00603172668286,2.530474989438742],[102.00644640019537,2.525211190049417],[102.00658475110296,2.519932901882621]],[[102.40092088610423,2.938224720834242],[102.40078253519665,2.932948246031895],[102.40036786168413,2.92768620888651],[102.39967800215794,2.92245303262566],[102.39871484747512,2.917263061569535],[102.39748103757566,2.91213052180751],[102.39597995424677,2.907069482196883],[102.39421571185349,2.902093815790499],[102.3921931460616,2.897217161799281],[102.38991780058336,2.892452888194041],[102.38739591198254,2.887814055049237],[102.38463439258054,2.88331337872925],[102.38164081151005,2.878963197015689],[102.37842337396874,2.874775435271325],[102.37499089872925,2.870761573733739],[102.37135279396762,2.866932616028525],[102.3675190314761,2.863299058988479],[102.36350011933125,2.859870863861788],[102.35930707309188,2.856657428988432],[102.35495138560627,2.853667564019667],[102.35044499551107,2.850909465751669],[102.34580025450828,2.84839069563981],[102.34102989351014,2.846118159055158],[102.33614698774458,2.844098086340467],[102.33116492091689,2.842336015717616],[102.32609734852593,2.840836778093606],[102.32095816043541,2.839604483806794],[102.31576144280264,2.838642511349901],[102.31052143946943,2.83795349810079],[102.3052525129207,2.83753933308648],[102.29996910491789,2.837401151800284],[102.29468569691507,2.83753933308648],[102.28941677036634,2.83795349810079],[102.28417676703313,2.838642511349901],[102.27898004940036,2.839604483806794],[102.27384086130984,2.840836778093606],[102.26877328891888,2.842336015717616],[102.26379122209119,2.844098086340467],[102.25890831632563,2.846118159055158],[102.2541379553275,2.84839069563981],[102.24949321432472,2.850909465751669],[102.2449868242295,2.853667564019667],[102.2406311367439,2.856657428988432],[102.23643809050454,2.859870863861788],[102.23241917835965,2.863299058988479],[102.22858541586817,2.866932616028525],[102.22494731110652,2.870761573733739],[102.22151483586701,2.874775435271325],[102.2182973983257,2.878963197015689],[102.21530381725523,2.88331337872925],[102.21254229785322,2.887814055049237],[102.21002040925241,2.892452888194041],[102.20774506377417,2.897217161799281],[102.20572249798228,2.902093815790499],[102.20395825558901,2.907069482196883],[102.2024571722601,2.91213052180751],[102.20122336236065,2.917263061569535],[102.20026020767783,2.92245303262566],[102.19957034815164,2.92768620888651],[102.19915567463913,2.932948246031895],[102.19901732373155,2.938224720834242],[102.19915567463913,2.943501170696003],[102.19957034815164,2.948763133292939],[102.20026020767783,2.953996186214219],[102.20122336236065,2.959185986491008],[102.2024571722601,2.964318309905024],[102.20395825558901,2.969379089969323],[102.20572249798228,2.97435445647473],[102.20774506377417,2.979230773496104],[102.21002040925241,2.983994676754554],[102.21254229785322,2.988633110233223],[102.21530381725523,2.993133361946564],[102.2182973983257,2.997483098765065],[102.22151483586701,3.001670400200333],[102.22494731110652,3.005683791058013],[102.22858541586817,3.009512272869387],[102.23241917835965,3.013145354015669],[102.23643809050454,3.016573078462632],[102.2406311367439,3.019786053027184],[102.2449868242295,3.022775473101322],[102.24949321432472,3.02553314676317],[102.2541379553275,3.028051517209455],[102.25890831632563,3.030323683447902],[102.26379122209119,3.032343419193359],[102.26877328891888,3.034105189915843],[102.27384086130984,3.035604167994098],[102.27898004940036,3.036836245933398],[102.28417676703313,3.037798047611361],[102.28941677036634,3.038486937521208],[102.29468569691507,3.03890102798726],[102.29996910491789,3.039039184332933],[102.3052525129207,3.03890102798726],[102.31052143946943,3.038486937521208],[102.31576144280264,3.037798047611361],[102.32095816043541,3.036836245933398],[102.32609734852593,3.035604167994098],[102.33116492091689,3.034105189915843],[102.33614698774458,3.032343419193359],[102.34102989351014,3.030323683447902],[102.34580025450828,3.028051517209455],[102.35044499551107,3.02553314676317],[102.35495138560627,3.022775473101322],[102.35930707309188,3.019786053027184],[102.36350011933125,3.016573078462632],[102.3675190314761,3.013145354015669],[102.37135279396762,3.009512272869387],[102.37499089872925,3.005683791058013],[102.37842337396874,3.001670400200333],[102.38164081151005,2.997483098765065],[102.38463439258054,2.993133361946564],[102.38739591198254,2.988633110233223],[102.38991780058336,2.983994676754554],[102.3921931460616,2.979230773496104],[102.39421571185349,2.97435445647473],[102.39597995424677,2.969379089969323],[102.39748103757566,2.964318309905024],[102.39871484747512,2.959185986491008],[102.39967800215794,2.953996186214219],[102.40036786168413,2.948763133292939],[102.40078253519665,2.943501170696003],[102.40092088610423,2.938224720834242]],[[101.97039696414461,2.823318685323766],[101.97025861323704,2.81804167848556],[101.96984393972451,2.812779111730748],[101.96915408019832,2.807545409726627],[101.96819092551551,2.80235491821466],[101.96695711561604,2.797221864683453],[101.96545603228715,2.792160319363894],[101.96369178989389,2.787184156653363],[101.96166922410198,2.782307017075144],[101.95939387862374,2.777542269877068],[101.95687199002292,2.772902976372368],[101.95411047062092,2.768401854123284],[101.95111688955043,2.764051242065662],[101.94789945200912,2.759863066670595],[101.94446697676963,2.755848809235755],[101.940828872008,2.752019474396474],[101.93699510951649,2.748385559943059],[101.93297619737163,2.744957028027127],[101.92878315113227,2.741743277836366],[101.92442746364667,2.73875311981259],[101.91992107355145,2.735994751483987],[101.91527633254866,2.733475734978131],[101.91050597155052,2.73120297627742],[101.90562306578497,2.729182706274092],[101.90064099895727,2.727420463676818],[101.89557342656633,2.725921079815917],[101.8904342384758,2.72468866538902],[101.88523752084302,2.723726599183484],[101.87999751750982,2.723037518806782],[101.8747285909611,2.722623313450151],[101.86944518295827,2.722485118705553],[101.86416177495545,2.722623313450151],[101.85889284840673,2.723037518806782],[101.85365284507353,2.723726599183484],[101.84845612744074,2.72468866538902],[101.84331693935022,2.725921079815917],[101.83824936695926,2.727420463676818],[101.83326730013157,2.729182706274092],[101.82838439436603,2.73120297627742],[101.82361403336787,2.733475734978131],[101.8189692923651,2.735994751483987],[101.81446290226988,2.73875311981259],[101.81010721478428,2.741743277836366],[101.80591416854492,2.744957028027127],[101.80189525640004,2.748385559943059],[101.79806149390855,2.752019474396474],[101.79442338914691,2.755848809235755],[101.79099091390741,2.759863066670595],[101.7877734763661,2.764051242065662],[101.78477989529561,2.768401854123284],[101.78201837589361,2.772902976372368],[101.7794964872928,2.777542269877068],[101.77722114181455,2.782307017075144],[101.77519857602266,2.787184156653363],[101.7734343336294,2.792160319363894],[101.77193325030049,2.797221864683453],[101.77069944040103,2.80235491821466],[101.76973628571821,2.807545409726627],[101.76904642619202,2.812779111730748],[101.76863175267951,2.81804167848556],[101.76849340177193,2.823318685323766],[101.76863175267951,2.828595668193528],[101.76904642619202,2.833858163305634],[101.76973628571821,2.839091746777733],[101.77069944040103,2.844282074166998],[101.77193325030049,2.849414919783005],[101.7734343336294,2.854476215672856],[101.77519857602266,2.859452090171953],[101.77722114181455,2.864328905914733],[101.7794964872928,2.869093297201399],[101.78201837589361,2.873732206618156],[101.78477989529561,2.878232920810941],[101.7877734763661,2.882583105314624],[101.79099091390741,2.886770838342524],[101.79442338914691,2.890784643443623],[101.79806149390855,2.894613520938466],[101.80189525640004,2.898246978047506],[101.80591416854492,2.901675057629888],[101.81010721478428,2.90488836545376],[101.81446290226988,2.907878095924006],[101.8189692923651,2.910636056196768],[101.82361403336787,2.913154688615228],[101.82838439436603,2.915427091405101],[101.83326730013157,2.917447037573588],[101.83824936695926,2.919208991960014],[101.84331693935022,2.920708126391729],[101.84845612744074,2.921940332903909],[101.85365284507353,2.922902234987136],[101.85889284840673,2.92359119683211],[101.86416177495545,2.924005330546212],[101.86944518295827,2.92414350132243],[101.8747285909611,2.924005330546212],[101.87999751750982,2.92359119683211],[101.88523752084302,2.922902234987136],[101.8904342384758,2.921940332903909],[101.89557342656633,2.920708126391729],[101.90064099895727,2.919208991960014],[101.90562306578497,2.917447037573588],[101.91050597155052,2.915427091405101],[101.91527633254866,2.913154688615228],[101.91992107355145,2.910636056196768],[101.92442746364667,2.907878095924006],[101.92878315113227,2.90488836545376],[101.93297619737163,2.901675057629888],[101.93699510951649,2.898246978047506],[101.940828872008,2.894613520938466],[101.94446697676963,2.890784643443623],[101.94789945200912,2.886770838342524],[101.95111688955043,2.882583105314624],[101.95411047062092,2.878232920810941],[101.95687199002292,2.873732206618156],[101.95939387862374,2.869093297201399],[101.96166922410198,2.864328905914733],[101.96369178989389,2.859452090171953],[101.96545603228715,2.854476215672856],[101.96695711561604,2.849414919783005],[101.96819092551551,2.844282074166998],[101.96915408019832,2.839091746777733],[101.96984393972451,2.833858163305647],[101.97025861323704,2.828595668193528],[101.97039696414461,2.823318685323766]],[[102.35016210927654,2.299619298380307],[102.35002375836896,2.294340135548939],[102.34960908485645,2.289075423127539],[102.34891922533026,2.283839591610155],[102.34795607064744,2.278646992485092],[102.34672226074798,2.273511858893119],[102.34522117741908,2.268448266608413],[102.34345693502581,2.263470095449469],[102.34143436923392,2.258590991225524],[102.33915902375567,2.253824328323259],[102.33663713515486,2.249183173036221],[102.33387561575286,2.244680247737699],[102.33088203468238,2.240327895995429],[102.32766459714105,2.236138048723843],[102.32423212190156,2.232122191466817],[102.32059401713992,2.228291332900834],[102.31676025464843,2.224655974644913],[102.31274134250356,2.22122608246036],[102.30854829626419,2.218011058919368],[102.30419260877859,2.215019717617575],[102.29968621868338,2.212260259001379],[102.2950414776806,2.209740247876496],[102.29027111668245,2.207466592659466],[102.2853882109169,2.205445526429222],[102.28040614408921,2.203682589830578],[102.27533857169826,2.202182615876952],[102.27019938360773,2.200949716693676],[102.26500266597495,2.199987272238715],[102.25976266264175,2.199297921031484],[102.25449373609302,2.198883552915451],[102.2492103280902,2.198745303874179],[102.24392692008738,2.198883552915451],[102.23865799353865,2.199297921031484],[102.23341799020545,2.199987272238715],[102.22822127257267,2.200949716693676],[102.22308208448214,2.202182615876952],[102.21801451209119,2.203682589830578],[102.21303244526351,2.205445526429222],[102.20814953949795,2.207466592659466],[102.2033791784998,2.209740247876496],[102.19873443749702,2.212260259001379],[102.19422804740181,2.215019717617575],[102.18987235991621,2.218011058919368],[102.18567931367684,2.22122608246036],[102.18166040153199,2.224655974644913],[102.17782663904048,2.228291332900834],[102.17418853427884,2.232122191466817],[102.17075605903935,2.236138048723843],[102.16753862149803,2.240327895995429],[102.16454504042756,2.244680247737699],[102.16178352102554,2.249183173036221],[102.15926163242473,2.253824328323259],[102.15698628694649,2.258590991225524],[102.15496372115459,2.263470095449469],[102.15319947876132,2.268448266608413],[102.15169839543243,2.273511858893119],[102.15046458553296,2.278646992485092],[102.14950143085014,2.283839591610155],[102.14881157132396,2.289075423127539],[102.14839689781144,2.294340135548939],[102.14825854690386,2.299619298380307],[102.14839689781144,2.304898441678527],[102.14881157132396,2.31016309571446],[102.14950143085014,2.315398830633754],[102.15046458553296,2.320591296006455],[102.15169839543243,2.325726260157239],[102.15319947876132,2.330789649168332],[102.15496372115459,2.335767585448389],[102.15698628694649,2.340646425761534],[102.15926163242473,2.345412798612581],[102.16178352102554,2.350053640885839],[102.16454504042756,2.354556233637459],[102.16753862149803,2.358908236943195],[102.17075605903935,2.363097723706135],[102.17418853427884,2.367113212332242],[102.17782663904048,2.370943698183805],[102.18166040153199,2.374578683725357],[102.18567931367684,2.378008207279144],[102.18987235991621,2.381222870311731],[102.19422804740181,2.384213863177309],[102.19873443749702,2.386972989247009],[102.2033791784998,2.389492687358545],[102.20814953949795,2.391766052524815],[102.21303244526351,2.393786854844755],[102.21801451209119,2.39554955656497],[102.22308208448214,2.397049327245441],[102.22822127257267,2.39828205698791],[102.23341799020545,2.399244367690839],[102.23865799353865,2.39993362230021],[102.24392692008738,2.400347932030941],[102.2492103280902,2.400486161539091],[102.25449373609302,2.400347932030941],[102.25976266264175,2.39993362230021],[102.26500266597495,2.399244367690839],[102.27019938360773,2.39828205698791],[102.27533857169826,2.397049327245441],[102.28040614408921,2.39554955656497],[102.2853882109169,2.393786854844755],[102.29027111668245,2.391766052524815],[102.2950414776806,2.389492687358545],[102.29968621868338,2.386972989247009],[102.30419260877859,2.384213863177309],[102.30854829626419,2.381222870311731],[102.31274134250356,2.378008207279144],[102.31676025464843,2.374578683725357],[102.32059401713992,2.370943698183805],[102.32423212190156,2.367113212332242],[102.32766459714105,2.363097723706135],[102.33088203468238,2.358908236943195],[102.33387561575286,2.354556233637459],[102.33663713515486,2.350053640885839],[102.33915902375567,2.345412798612581],[102.34143436923392,2.340646425761534],[102.34345693502581,2.335767585448389],[102.34522117741908,2.330789649168332],[102.34672226074798,2.325726260157239],[102.34795607064744,2.320591296006455],[102.34891922533026,2.315398830633754],[102.34960908485645,2.31016309571446],[102.35002375836896,2.304898441678527],[102.35016210927654,2.299619298380307]],[[102.3273496233136,2.099156520372719],[102.327211272406,2.093876648980687],[102.3267965988935,2.088611231633336],[102.3261067393673,2.083374700736047],[102.32514358468448,2.078181409659559],[102.32390977478502,2.073045593393457],[102.32240869145612,2.067981329522556],[102.32064444906285,2.063002499633487],[102.31862188327096,2.058122751257082],[102.31634653779271,2.053355460451289],[102.3138246491919,2.048713695127057],[102.31106312978989,2.04421017921785],[102.30806954871942,2.039857257791394],[102.3048521111781,2.03566686319903],[102.30141963593861,2.031650482355937],[102.29778153117697,2.02781912524199],[102.29394776868547,2.02418329470941],[102.28992885654061,2.020752957680788],[102.28573581030125,2.017537517815823],[102.28138012281563,2.014545789722373],[102.27687373272043,2.011785974782466],[102.27222899171763,2.009265638659588],[102.2674586307195,2.006991690549196],[102.26257572495395,2.004970364229284],[102.25759365812625,2.003207200963258],[102.2525260857353,2.001707034301796],[102.24738689764476,2.000473976825786],[102.24219018001199,1.99951140886649],[102.23695017667879,1.998821969234013],[102.23168125013007,1.998407547979625],[102.22639784212726,1.998269281211709],[102.22111443412442,1.998407547979625],[102.2158455075757,1.998821969234013],[102.2106055042425,1.99951140886649],[102.20540878660972,2.000473976825786],[102.2002695985192,2.001707034301796],[102.19520202612823,2.003207200963258],[102.19021995930055,2.004970364229284],[102.185337053535,2.006991690549196],[102.18056669253686,2.009265638659588],[102.17592195153406,2.011785974782466],[102.17141556143886,2.014545789722373],[102.16705987395324,2.017537517815823],[102.16286682771387,2.020752957680788],[102.15884791556901,2.02418329470941],[102.15501415307752,2.02781912524199],[102.15137604831587,2.031650482355937],[102.14794357307638,2.03566686319903],[102.14472613553507,2.039857257791394],[102.1417325544646,2.04421017921785],[102.13897103506258,2.048713695127057],[102.13644914646177,2.053355460451289],[102.13417380098353,2.058122751257082],[102.13215123519164,2.063002499633487],[102.13038699279836,2.067981329522556],[102.12888590946946,2.073045593393457],[102.12765209957001,2.078181409659559],[102.12668894488719,2.083374700736047],[102.125999085361,2.088611231633336],[102.1255844118485,2.093876648980687],[102.1254460609409,2.099156520372719],[102.1255844118485,2.104436373931153],[102.125999085361,2.109701737973082],[102.12668894488719,2.114938180677151],[102.12765209957001,2.12013134963889],[102.12888590946946,2.125267011206629],[102.13038699279836,2.130331089490484],[102.13215123519164,2.135309704937155],[102.13417380098353,2.140189212365283],[102.13644914646177,2.144956238356796],[102.13897103506258,2.149597717902147],[102.1417325544646,2.154100930198899],[102.14472613553507,2.158453533505805],[102.14794357307638,2.162643598956891],[102.15137604831587,2.166659643243114],[102.15501415307752,2.170490660072035],[102.15884791556901,2.174126150319588],[102.16286682771387,2.177556150791494],[102.16705987395324,2.180771261515409],[102.17141556143886,2.183762671489589],[102.17592195153406,2.18652218281741],[102.18056669253686,2.189042233161802],[102.185337053535,2.191315916458358],[102.19021995930055,2.193337001830427],[102.19520202612823,2.195099950654475],[102.2002695985192,2.196599931729286],[102.20540878660972,2.197832834507302],[102.2106055042425,2.198795280352152],[102.2158455075757,2.199484631791627],[102.22111443412442,2.199898999740719],[102.22639784212726,2.200037248675061],[102.23168125013007,2.199898999740719],[102.23695017667879,2.199484631791627],[102.24219018001199,2.198795280352152],[102.24738689764476,2.197832834507302],[102.2525260857353,2.196599931729286],[102.25759365812625,2.195099950654475],[102.26257572495395,2.193337001830427],[102.2674586307195,2.191315916458358],[102.27222899171763,2.189042233161802],[102.27687373272043,2.18652218281741],[102.28138012281563,2.183762671489589],[102.28573581030125,2.180771261515409],[102.28992885654061,2.177556150791494],[102.29394776868547,2.174126150319601],[102.29778153117697,2.170490660072035],[102.30141963593861,2.166659643243114],[102.3048521111781,2.162643598956891],[102.30806954871942,2.158453533505805],[102.31106312978989,2.154100930198899],[102.3138246491919,2.149597717902147],[102.31634653779271,2.144956238356796],[102.31862188327096,2.140189212365283],[102.32064444906285,2.135309704937155],[102.32240869145612,2.130331089490484],[102.32390977478502,2.125267011206629],[102.32514358468448,2.12013134963889],[102.3261067393673,2.114938180677151],[102.3267965988935,2.109701737973082],[102.327211272406,2.104436373931153],[102.3273496233136,2.099156520372719]],[[102.19624543173418,2.430178191938453],[102.19610708082661,2.424899525334313],[102.19569240731408,2.419635306678162],[102.1950025477879,2.414399965124222],[102.19403939310507,2.409207850840307],[102.19280558320563,2.404073195669354],[102.19130449987672,2.399010074113649],[102.18954025748344,2.394032364748714],[102.18751769169155,2.389153712172694],[102.18524234621331,2.384387489595718],[102.1827204576125,2.379746762171921],[102.17995893821049,2.375244251174665],[102.17696535714002,2.370892299113492],[102.17374791959871,2.3667028358884],[102.17031544435922,2.362687346074534],[102.16667733959758,2.358856837426981],[102.16284357710607,2.355221810692412],[102.1588246649612,2.351792230810188],[102.15463161872184,2.348577499582271],[102.15027593123624,2.345586429886998],[102.14576954114104,2.342827221507405],[102.14112480013823,2.340307438640715],[102.13635443914009,2.338033989150677],[102.13147153337454,2.33601310561984],[102.12648946654686,2.334250328253681],[102.1214218941559,2.332750489683813],[102.11628270606536,2.331517701711837],[102.11108598843259,2.330555344030321],[102.10584598509939,2.329866054951969],[102.10057705855067,2.329451724172404],[102.09529365054784,2.329313487586502],[102.09001024254503,2.329451724172404],[102.08474131599631,2.329866054951969],[102.0795013126631,2.330555344030321],[102.07430459503031,2.331517701711837],[102.06916540693979,2.332750489683813],[102.06409783454883,2.334250328253681],[102.05911576772114,2.33601310561984],[102.05423286195558,2.338033989150677],[102.04946250095746,2.340307438640715],[102.04481775995467,2.342827221507405],[102.04031136985947,2.345586429886998],[102.03595568237385,2.348577499582271],[102.03176263613449,2.351792230810188],[102.02774372398962,2.355221810692412],[102.02390996149812,2.358856837426981],[102.02027185673647,2.362687346074534],[102.01683938149698,2.3667028358884],[102.01362194395567,2.370892299113492],[102.0106283628852,2.375244251174665],[102.00786684348319,2.379746762171921],[102.00534495488237,2.384387489595718],[102.00306960940412,2.389153712172694],[102.00104704361223,2.394032364748714],[101.99928280121898,2.399010074113649],[101.99778171789006,2.404073195669354],[101.9965479079906,2.409207850840307],[101.99558475330778,2.414399965124222],[101.99489489378159,2.41963530667815],[101.99448022026908,2.424899525334313],[101.9943418693615,2.430178191938453],[101.99448022026908,2.435456837903032],[101.99489489378159,2.440720994866688],[101.99558475330778,2.44595623435107],[101.9965479079906,2.451148207306694],[101.99778171789006,2.456282683439033],[101.99928280121898,2.46134559020739],[102.00104704361223,2.466323051389521],[102.00306960940412,2.47120142510644],[102.00534495488237,2.475967341203233],[102.00786684348319,2.480607737883668],[102.0106283628852,2.485109897498051],[102.01362194395567,2.4894614813867],[102.01683938149698,2.493650563683373],[102.02027185673647,2.497665663986489],[102.02390996149812,2.501495778808499],[102.02774372398962,2.505130411717589],[102.03176263613449,2.508559602089215],[102.03595568237385,2.511773952388968],[102.04031136985947,2.51476465391206],[102.04481775995467,2.517523510909201],[102.04946250095746,2.520042963032986],[102.05423286195558,2.522316106043338],[102.05911576772114,2.52433671071557],[102.06409783454883,2.526099239899434],[102.06916540693979,2.527598863682411],[102.07430459503031,2.528831472616194],[102.0795013126631,2.529793688969761],[102.08474131599631,2.530482875978822],[102.09001024254503,2.53089714506602],[102.09529365054784,2.531035361012438],[102.10057705855067,2.53089714506602],[102.10584598509939,2.530482875978822],[102.11108598843259,2.529793688969761],[102.11628270606536,2.528831472616194],[102.1214218941559,2.527598863682411],[102.12648946654686,2.526099239899434],[102.13147153337454,2.52433671071557],[102.13635443914009,2.522316106043338],[102.14112480013823,2.520042963032986],[102.14576954114104,2.517523510909201],[102.15027593123624,2.51476465391206],[102.15463161872184,2.511773952388968],[102.1588246649612,2.508559602089215],[102.16284357710607,2.505130411717589],[102.16667733959758,2.501495778808499],[102.17031544435922,2.497665663986489],[102.17374791959871,2.493650563683373],[102.17696535714002,2.4894614813867],[102.17995893821049,2.485109897498051],[102.1827204576125,2.480607737883668],[102.18524234621331,2.475967341203233],[102.18751769169155,2.47120142510644],[102.18954025748344,2.466323051389521],[102.19130449987672,2.46134559020739],[102.19280558320563,2.456282683439033],[102.19403939310507,2.451148207306694],[102.1950025477879,2.44595623435107],[102.19569240731408,2.440720994866688],[102.19610708082661,2.435456837903032],[102.19624543173418,2.430178191938453]],[[102.54696175094715,2.344692667376003],[102.54682340003957,2.339413672761105],[102.54640872652706,2.334149127714653],[102.54571886700087,2.328913462276636],[102.54475571231805,2.323721027487882],[102.54352190241859,2.318586056049455],[102.54202081908967,2.313522623304717],[102.54025657669642,2.308544608651162],[102.53823401090453,2.303665657487951],[102.53595866542628,2.298899143803419],[102.53343677682547,2.294258133505426],[102.53067525742345,2.289755348594997],[102.52768167635298,2.285403132281789],[102.52446423881167,2.281213415137012],[102.52103176357218,2.277197682376871],[102.51739365881053,2.273366942366191],[102.51355989631904,2.269731696429015],[102.50954098417417,2.266301910048718],[102.50534793793481,2.263086985537119],[102.50099225044919,2.260095736247386],[102.49648586035399,2.257336362401713],[102.4918411193512,2.254816428600185],[102.48707075835307,2.252542843072594],[102.48218785258751,2.250521838730118],[102.47720578575982,2.248758956069178],[102.47213821336886,2.247259027974201],[102.46699902527833,2.246026166461185],[102.46180230764556,2.245063751398443],[102.45656230431234,2.244374421235594],[102.45129337776362,2.243960065766159],[102.44600996976081,2.243821820943765],[102.44072656175798,2.243960065766159],[102.43545763520926,2.244374421235594],[102.43021763187606,2.245063751398443],[102.42502091424329,2.246026166461185],[102.41988172615275,2.247259027974201],[102.4148141537618,2.248758956069178],[102.40983208693412,2.250521838730118],[102.40494918116856,2.252542843072594],[102.40017882017042,2.254816428600185],[102.39553407916762,2.257336362401713],[102.39102768907242,2.260095736247386],[102.3866720015868,2.263086985537119],[102.38247895534744,2.266301910048718],[102.37846004320258,2.269731696429015],[102.37462628071108,2.273366942366191],[102.37098817594944,2.277197682376871],[102.36755570070994,2.281213415137012],[102.36433826316863,2.285403132281789],[102.36134468209816,2.289755348594997],[102.35858316269615,2.294258133505426],[102.35606127409534,2.298899143803419],[102.35378592861709,2.303665657487951],[102.3517633628252,2.308544608651162],[102.34999912043193,2.313522623304717],[102.34849803710303,2.318586056049455],[102.34726422720358,2.323721027487882],[102.34630107252075,2.328913462276636],[102.34561121299457,2.334149127714653],[102.34519653948205,2.339413672761105],[102.34505818857446,2.344692667376003],[102.34519653948205,2.34997164207573],[102.34561121299457,2.35523612759487],[102.34630107252075,2.360471694545637],[102.34726422720358,2.365663992966239],[102.34849803710303,2.370798791649696],[102.34999912043193,2.37586201714542],[102.3517633628252,2.380839792326553],[102.35378592861709,2.385718474417675],[102.35606127409534,2.390484692378444],[102.35858316269615,2.395125383541043],[102.36134468209816,2.399627829400971],[102.36433826316863,2.403979690463269],[102.36755570070994,2.408169040048936],[102.37098817594944,2.412184396968834],[102.37462628071108,2.416014756975924],[102.37846004320258,2.419649622909561],[102.38247895534744,2.423079033449768],[102.3866720015868,2.426293590402498],[102.39102768907242,2.429284484441665],[102.39553407916762,2.432043519237219],[102.40017882017042,2.434563133903786],[102.40494918116856,2.436836423708109],[102.40983208693412,2.43885715897898],[102.4148141537618,2.440619802167982],[102.41988172615275,2.44211952301439],[102.42502091424329,2.443352211772842],[102.43021763187606,2.44431449046775],[102.43545763520926,2.445003722143591],[102.44072656175798,2.44541801808588],[102.44600996976081,2.445556242993154],[102.45129337776362,2.44541801808588],[102.45656230431234,2.445003722143591],[102.46180230764556,2.44431449046775],[102.46699902527833,2.443352211772842],[102.47213821336886,2.44211952301439],[102.47720578575982,2.440619802167982],[102.48218785258751,2.43885715897898],[102.48707075835307,2.436836423708109],[102.4918411193512,2.434563133903786],[102.49648586035399,2.432043519237219],[102.50099225044919,2.429284484441665],[102.50534793793481,2.426293590402498],[102.50954098417417,2.423079033449768],[102.51355989631904,2.419649622909561],[102.51739365881053,2.416014756975924],[102.52103176357218,2.412184396968834],[102.52446423881167,2.408169040048936],[102.52768167635298,2.403979690463269],[102.53067525742345,2.399627829400971],[102.53343677682547,2.395125383541043],[102.53595866542628,2.390484692378444],[102.53823401090453,2.385718474417675],[102.54025657669642,2.380839792326553],[102.54202081908967,2.37586201714542],[102.54352190241859,2.370798791649696],[102.54475571231805,2.365663992966239],[102.54571886700087,2.360471694545637],[102.54640872652706,2.35523612759487],[102.54682340003957,2.34997164207573],[102.54696175094715,2.344692667376003]],[[102.92801779193861,2.213213774875443],[102.92787944103104,2.207934298708257],[102.92746476751853,2.202669274539307],[102.92677490799234,2.197433133708158],[102.92581175330952,2.192240228536066],[102.92457794341006,2.187104792982028],[102.92307686008114,2.182040903621836],[102.92131261768789,2.177062441056897],[102.919290051896,2.172183051859044],[102.91701470641775,2.16741611115539],[102.91449281781692,2.162774685956228],[102.91173129841492,2.158271499326476],[102.90873771734445,2.153918895498926],[102.90552027980313,2.149728806025263],[102.90208780456364,2.14571271705773],[102.898449699802,2.141881637851096],[102.8946159373105,2.13824607057173],[102.89059702516563,2.134815981496454],[102.88640397892627,2.131600773680319],[102.88204829144065,2.128609261168516],[102.87754190134545,2.125849644823029],[102.87289716034266,2.123329489830665],[102.86812679934452,2.1210557049541],[102.86324389357898,2.119034523582904],[102.85826182675127,2.117271486636895],[102.85319425436033,2.115771427368274],[102.8480550662698,2.114538458104948],[102.84285834863702,2.113575958970858],[102.83761834530381,2.112886568614663],[102.83234941875509,2.112472176972258],[102.82706601075228,2.1123339200827],[102.82178260274945,2.112472176972258],[102.81651367620073,2.112886568614663],[102.81127367286753,2.113575958970858],[102.80607695523474,2.114538458104948],[102.80093776714422,2.115771427368274],[102.79587019475326,2.117271486636895],[102.79088812792558,2.119034523582904],[102.78600522216003,2.1210557049541],[102.78123486116188,2.123329489830665],[102.77659012015909,2.125849644823029],[102.77208373006388,2.128609261168516],[102.76772804257827,2.131600773680319],[102.7635349963389,2.134815981496454],[102.75951608419405,2.13824607057173],[102.75568232170254,2.141881637851096],[102.7520442169409,2.14571271705773],[102.74861174170141,2.149728806025263],[102.7453943041601,2.153918895498926],[102.74240072308962,2.158271499326476],[102.73963920368762,2.162774685956228],[102.73711731508679,2.16741611115539],[102.73484196960857,2.172183051859044],[102.73281940381666,2.177062441056897],[102.7310551614234,2.182040903621836],[102.7295540780945,2.187104792982028],[102.72832026819503,2.192240228536066],[102.72735711351221,2.197433133708158],[102.72666725398602,2.202669274539307],[102.72625258047351,2.207934298708257],[102.72611422956594,2.213213774875443],[102.72625258047351,2.218493232241937],[102.72666725398602,2.223758200214723],[102.72735711351221,2.228994248069976],[102.72832026819503,2.23418702450511],[102.7295540780945,2.239322296971588],[102.7310551614234,2.244385990680443],[102.73281940381666,2.249364227173883],[102.73484196960857,2.254243362356965],[102.73711731508679,2.259010023885613],[102.73963920368762,2.26365114780826],[102.74240072308962,2.26815401436083],[102.7453943041601,2.272506282817374],[102.74861174170141,2.2766960253006],[102.7520442169409,2.280711759459982],[102.75568232170254,2.284542479928087],[102.75951608419405,2.288177688468976],[102.7635349963389,2.291607422736241],[102.76772804257827,2.29482228356218],[102.77208373006388,2.297813460703283],[102.77659012015909,2.30057275697197],[102.78123486116188,2.303092610688238],[102.78600522216003,2.305366116390267],[102.79088812792558,2.307387043747138],[102.79587019475326,2.309149854622107],[102.80093776714422,2.31064971823981],[102.80607695523474,2.311882524415945],[102.81127367286753,2.312844894813382],[102.81651367620073,2.31353419219391],[102.82178260274945,2.313948527640316],[102.82706601075228,2.314086765729209],[102.83234941875509,2.313948527640316],[102.83761834530381,2.31353419219391],[102.84285834863702,2.312844894813382],[102.8480550662698,2.311882524415945],[102.85319425436033,2.31064971823981],[102.85826182675127,2.309149854622107],[102.86324389357898,2.307387043747138],[102.86812679934452,2.305366116390267],[102.87289716034266,2.303092610688238],[102.87754190134545,2.30057275697197],[102.88204829144065,2.297813460703283],[102.88640397892627,2.29482228356218],[102.89059702516563,2.291607422736241],[102.8946159373105,2.288177688468976],[102.898449699802,2.284542479928087],[102.90208780456364,2.280711759459982],[102.90552027980313,2.2766960253006],[102.90873771734445,2.272506282817374],[102.91173129841492,2.26815401436083],[102.91449281781692,2.26365114780826],[102.91701470641775,2.259010023885613],[102.919290051896,2.254243362356965],[102.92131261768789,2.249364227173883],[102.92307686008114,2.244385990680443],[102.92457794341006,2.239322296971588],[102.92581175330952,2.23418702450511],[102.92677490799234,2.228994248069976],[102.92746476751853,2.223758200214723],[102.92787944103104,2.218493232241937],[102.92801779193861,2.213213774875443]],[[103.24710363503476,2.348467271265896],[103.24696528412719,2.343188290886297],[103.24655061061466,2.337923760004267],[103.24586075108847,2.332688108621362],[103.24489759640566,2.327495687740538],[103.24366378650619,2.322360730025631],[103.2421627031773,2.317297310783544],[103.24039846078404,2.312319309376122],[103.23837589499213,2.307440371167781],[103.23610054951389,2.302673870113142],[103.23357866091308,2.298032872087396],[103.23081714151107,2.293530099060028],[103.22782356044058,2.289177894210366],[103.22460612289927,2.284988188080563],[103.22117364765978,2.280972465859011],[103.21753554289815,2.277141735884177],[103.21370178040664,2.273506499455066],[103.20968286826178,2.270076722031528],[103.20548982202241,2.2668618059033],[103.20113413453682,2.263870564402999],[103.1966277444416,2.261111197733828],[103.1919830034388,2.258591270478416],[103.18721264244067,2.256317690850729],[103.18232973667511,2.254296691747707],[103.17734766984744,2.252533813653229],[103.17228009745648,2.251033889440743],[103.16714090936594,2.249801031116997],[103.16194419173317,2.248838618542708],[103.15670418839997,2.248149290161542],[103.15143526185125,2.247734935762821],[103.14615185384842,2.247596691297604],[103.1408684458456,2.247734935762821],[103.13559951929687,2.248149290161542],[103.13035951596366,2.248838618542708],[103.12516279833089,2.249801031116997],[103.12002361024037,2.251033889440743],[103.11495603784941,2.252533813653229],[103.10997397102172,2.254296691747707],[103.10509106525616,2.256317690850729],[103.10032070425802,2.258591270478416],[103.09567596325525,2.261111197733828],[103.09116957316003,2.263870564402999],[103.08681388567443,2.2668618059033],[103.08262083943507,2.270076722031528],[103.0786019272902,2.273506499455066],[103.0747681647987,2.277141735884177],[103.07113006003706,2.280972465859011],[103.06769758479756,2.284988188080563],[103.06448014725623,2.289177894210366],[103.06148656618576,2.293530099060028],[103.05872504678376,2.298032872087396],[103.05620315818295,2.302673870113142],[103.0539278127047,2.307440371167781],[103.05190524691281,2.312319309376122],[103.05014100451955,2.317297310783544],[103.04863992119064,2.322360730025631],[103.04740611129118,2.327495687740538],[103.04644295660836,2.332688108621362],[103.04575309708217,2.337923760004267],[103.04533842356966,2.343188290886297],[103.04520007266208,2.348467271265896],[103.04533842356966,2.353746231698342],[103.04575309708217,2.35901070295744],[103.04644295660836,2.364246255694893],[103.04740611129118,2.369438539988527],[103.04863992119064,2.37457332467098],[103.05014100451955,2.37963653633115],[103.05190524691281,2.384614297881507],[103.0539278127047,2.38949296658556],[103.05620315818295,2.394259171441439],[103.05872504678376,2.398899849819187],[103.06148656618576,2.403402283251442],[103.06448014725623,2.407754132279564],[103.06769758479756,2.411943470259883],[103.07113006003706,2.415958816037497],[103.0747681647987,2.419789165398367],[103.0786019272902,2.423424021213553],[103.08262083943507,2.426853422193305],[103.08681388567443,2.430067970172278],[103.09116957316003,2.433058855851382],[103.09567596325525,2.43581788292586],[103.10032070425802,2.438337490533707],[103.10509106525616,2.440610773963118],[103.10997397102172,2.442631503562322],[103.11495603784941,2.444394141800218],[103.12002361024037,2.445893858431233],[103.12516279833089,2.447126543722932],[103.13035951596366,2.448088819710361],[103.13559951929687,2.448778049446318],[103.1408684458456,2.449192344222272],[103.14615185384842,2.449330568740373],[103.15143526185125,2.449192344222272],[103.15670418839997,2.448778049446318],[103.16194419173317,2.448088819710361],[103.16714090936594,2.447126543722932],[103.17228009745648,2.445893858431233],[103.17734766984744,2.444394141800218],[103.18232973667511,2.442631503562322],[103.18721264244067,2.440610773963118],[103.1919830034388,2.438337490533707],[103.1966277444416,2.43581788292586],[103.20113413453682,2.433058855851382],[103.20548982202241,2.430067970172278],[103.20968286826178,2.426853422193305],[103.21370178040664,2.423424021213553],[103.21753554289815,2.419789165398367],[103.22117364765978,2.415958816037497],[103.22460612289927,2.411943470259883],[103.22782356044058,2.407754132279564],[103.23081714151107,2.403402283251442],[103.23357866091308,2.398899849819187],[103.23610054951389,2.394259171441439],[103.23837589499213,2.38949296658556],[103.24039846078404,2.384614297881507],[103.2421627031773,2.37963653633115],[103.24366378650619,2.37457332467098],[103.24489759640566,2.369438539988527],[103.24586075108847,2.364246255694893],[103.24655061061466,2.35901070295744],[103.24696528412719,2.353746231698342],[103.24710363503476,2.348467271265896]],[[102.7172801155382,2.036551240960121],[102.71714176463061,2.031271161525845],[102.7167270911181,2.02600553723527],[102.71603723159193,2.020768801054461],[102.71507407690909,2.015575306906095],[102.71384026700964,2.010439290321383],[102.71233918368073,2.005374829415323],[102.71057494128746,2.000395806291896],[102.70855237549557,1.995515868985365],[102.70627703001733,1.990748394042071],[102.70375514141652,1.98610644984525],[102.70099362201451,1.981602760783721],[102.69800004094404,1.977249672362674],[102.69478260340273,1.973059117352253],[102.69135012816324,1.969042583067104],[102.68771202340159,1.965211079866463],[102.68387826091009,1.961575110961397],[102.67985934876522,1.958144643612117],[102.67566630252587,1.954929081794342],[102.67131061504024,1.951937240409954],[102.66680422494504,1.949177321112575],[102.66215948394225,1.946656889814613],[102.65738912294411,1.944382855937396],[102.65250621717855,1.942361453461646],[102.64752415035088,1.940598223829988],[102.6424565779599,1.939098000748819],[102.63731738986938,1.937864896930932],[102.63212067223661,1.936902292815689],[102.6268806689034,1.936212827297363],[102.62161174235467,1.935798390487392],[102.61632833435185,1.935660118530274],[102.61104492634904,1.935798390487392],[102.60577599980031,1.936212827297363],[102.60053599646712,1.936902292815689],[102.59533927883435,1.937864896930932],[102.5902000907438,1.939098000748819],[102.58513251835285,1.940598223829988],[102.58015045152516,1.942361453461646],[102.5752675457596,1.944382855937396],[102.57049718476148,1.946656889814613],[102.56585244375867,1.949177321112575],[102.56134605366347,1.951937240409954],[102.55699036617786,1.954929081794342],[102.55279731993849,1.958144643612117],[102.54877840779363,1.961575110961397],[102.54494464530214,1.965211079866463],[102.54130654054049,1.969042583067104],[102.537874065301,1.973059117352253],[102.53465662775969,1.977249672362674],[102.53166304668922,1.981602760783721],[102.5289015272872,1.98610644984525],[102.5263796386864,1.990748394042071],[102.52410429320814,1.995515868985365],[102.52208172741625,2.000395806291896],[102.52031748502299,2.005374829415323],[102.51881640169408,2.010439290321383],[102.51758259179462,2.015575306906095],[102.5166194371118,2.020768801054461],[102.51592957758561,2.02600553723527],[102.5155149040731,2.031271161525845],[102.51537655316551,2.036551240960121],[102.5155149040731,2.041831303091761],[102.51592957758561,2.047096875663985],[102.5166194371118,2.052333526277339],[102.51758259179462,2.057526901946684],[102.51881640169408,2.062662768438859],[102.52031748502299,2.067727049283349],[102.52208172741625,2.072705864348972],[102.52410429320814,2.077585567880968],[102.5263796386864,2.082352785894309],[102.5289015272872,2.086994452820742],[102.53166304668922,2.091497847309258],[102.53465662775969,2.095850627082117],[102.537874065301,2.100040862750777],[102.54130654054049,2.104057070499369],[102.54494464530214,2.107888243546271],[102.54877840779363,2.111523882297624],[102.55279731993849,2.1149540231105],[102.55699036617786,2.118169265586717],[102.56134605366347,2.121160798323209],[102.56585244375867,2.123920423047919],[102.57049718476148,2.126440577075887],[102.5752675457596,2.128714354023571],[102.58015045152516,2.130735522725205],[102.58513251835285,2.132498544299467],[102.5902000907438,2.133998587319461],[102.59533927883435,2.135231541045167],[102.60053599646712,2.136194026681669],[102.60577599980031,2.136883406632756],[102.61104492634904,2.137297791724491],[102.61632833435185,2.137436046379009],[102.62161174235467,2.137297791724491],[102.6268806689034,2.136883406632756],[102.63212067223661,2.136194026681669],[102.63731738986938,2.135231541045167],[102.6424565779599,2.133998587319461],[102.64752415035088,2.132498544299467],[102.65250621717855,2.130735522725205],[102.65738912294411,2.128714354023571],[102.66215948394225,2.126440577075887],[102.66680422494504,2.123920423047919],[102.67131061504024,2.121160798323209],[102.67566630252587,2.118169265586717],[102.67985934876522,2.1149540231105],[102.68387826091009,2.111523882297624],[102.68771202340159,2.107888243546271],[102.69135012816324,2.104057070499369],[102.69478260340273,2.100040862750777],[102.69800004094404,2.095850627082117],[102.70099362201451,2.091497847309271],[102.70375514141652,2.086994452820742],[102.70627703001733,2.082352785894309],[102.70855237549557,2.077585567880968],[102.71057494128746,2.072705864348972],[102.71233918368073,2.067727049283349],[102.71384026700964,2.062662768438859],[102.71507407690909,2.057526901946684],[102.71603723159193,2.052333526277339],[102.7167270911181,2.047096875663985],[102.71714176463061,2.041831303091761],[102.7172801155382,2.036551240960121]],[[102.92419286767323,1.985611727901009],[102.92405451676564,1.980331483842189],[102.92363984325311,1.975065695808606],[102.92294998372694,1.969828797209846],[102.92198682904412,1.964635142404972],[102.92075301914466,1.959498967353422],[102.91925193581575,1.95443435058914],[102.91748769342249,1.949455174624819],[102.9154651276306,1.944575087892331],[102.91318978215234,1.939807467323588],[102.91066789355153,1.935165381674638],[102.90790637414952,1.930661555693575],[102.90491279307905,1.926308335230643],[102.90169535553774,1.922117653386253],[102.89826288029825,1.918100997789927],[102.89462477553661,1.914269379099911],[102.8907910130451,1.910633300809946],[102.88677210090025,1.907202730446189],[102.88257905466088,1.903987072233219],[102.87822336717527,1.90099514130436],[102.87371697708006,1.89823513952703],[102.86907223607726,1.895714633009433],[102.86430187507912,1.893440531350677],[102.85941896931357,1.891419068690869],[102.85443690248589,1.88965578661362],[102.84936933009493,1.888155518947728],[102.84423014200439,1.886922378509723],[102.83903342437162,1.885959745823913],[102.83379342103842,1.885270259850767],[102.8285244944897,1.884855810748969],[102.82324108648687,1.884717534691429],[102.81795767848406,1.884855810748969],[102.81268875193534,1.885270259850767],[102.80744874860213,1.885959745823913],[102.80225203096936,1.886922378509723],[102.79711284287882,1.888155518947728],[102.79204527048788,1.88965578661362],[102.78706320366017,1.891419068690869],[102.78218029789461,1.893440531350677],[102.77740993689649,1.895714633009433],[102.7727651958937,1.89823513952703],[102.7682588057985,1.90099514130436],[102.76390311831288,1.903987072233219],[102.75971007207352,1.907202730446189],[102.75569115992865,1.910633300809946],[102.75185739743715,1.914269379099911],[102.74821929267551,1.918100997789927],[102.74478681743601,1.922117653386253],[102.7415693798947,1.926308335230643],[102.73857579882423,1.930661555693575],[102.73581427942221,1.935165381674638],[102.7332923908214,1.939807467323588],[102.73101704534315,1.944575087892331],[102.72899447955126,1.949455174624819],[102.72723023715801,1.95443435058914],[102.72572915382909,1.959498967353422],[102.72449534392963,1.964635142404972],[102.72353218924681,1.969828797209846],[102.72284232972062,1.975065695808606],[102.72242765620811,1.980331483842189],[102.72228930530054,1.985611727901009],[102.72242765620811,1.990891955089277],[102.72284232972062,1.996157692696005],[102.72353218924681,2.00139450786412],[102.72449534392963,2.006588047148628],[102.72572915382909,2.011724075855771],[102.72723023715801,2.016788517054999],[102.72899447955126,2.021767490157131],[102.73101704534315,2.026647348952928],[102.7332923908214,2.031414719007775],[102.73581427942221,2.036056534310341],[102.73857579882423,2.040560073074491],[102.7415693798947,2.044912992596813],[102.74478681743601,2.049103363074072],[102.74821929267551,2.053119700288122],[102.75185739743715,2.056950997069021],[102.75569115992865,2.060586753449881],[102.75971007207352,2.064017005431515],[102.76390311831288,2.067232352277544],[102.7682588057985,2.07022398226606],[102.7727651958937,2.072983696826834],[102.77740993689649,2.075503932998429],[102.78218029789461,2.077777784143708],[102.78706320366017,2.079799018867233],[102.79204527048788,2.0815620980827],[102.79711284287882,2.083062190183907],[102.80225203096936,2.084295184277849],[102.80744874860213,2.085257701443571],[102.81268875193534,2.085947103986278],[102.81795767848406,2.086361502661348],[102.82324108648687,2.086499761848373],[102.8285244944897,2.086361502661348],[102.83379342103842,2.085947103986278],[102.83903342437162,2.085257701443571],[102.84423014200439,2.084295184277849],[102.84936933009493,2.083062190183907],[102.85443690248589,2.0815620980827],[102.85941896931357,2.079799018867233],[102.86430187507912,2.077777784143708],[102.86907223607726,2.075503932998429],[102.87371697708006,2.072983696826834],[102.87822336717527,2.07022398226606],[102.88257905466088,2.067232352277544],[102.88677210090025,2.064017005431515],[102.8907910130451,2.060586753449881],[102.89462477553661,2.056950997069021],[102.89826288029825,2.053119700288122],[102.90169535553774,2.049103363074072],[102.90491279307905,2.044912992596813],[102.90790637414952,2.040560073074491],[102.91066789355153,2.036056534310341],[102.91318978215234,2.031414719007775],[102.9154651276306,2.026647348952928],[102.91748769342249,2.021767490157131],[102.91925193581575,2.016788517054999],[102.92075301914466,2.011724075855771],[102.92198682904412,2.006588047148628],[102.92294998372694,2.00139450786412],[102.92363984325311,1.996157692696005],[102.92405451676564,1.990891955089277],[102.92419286767323,1.985611727901009]],[[103.04625999808147,1.824110660582906],[103.04612164717388,1.81882992218383],[103.04570697366137,1.813563642529582],[103.04501711413518,1.808326256360428],[103.04405395945236,1.803132119344025],[103.04282014955291,1.797995468723],[103.04131906622399,1.792930384285976],[103.03955482383073,1.787950749768963],[103.03753225803884,1.783070214793003],[103.0352569125606,1.778302157442604],[103.03273502395979,1.773659647587402],[103.02997350455777,1.769155411048039],[103.0269799234873,1.764801794704213],[103.023762485946,1.760610732641038],[103.02033001070649,1.756593713426296],[103.01669190594484,1.752761748608651],[103.01285814345336,1.749125342523151],[103.00883923130849,1.745694463486995],[103.00464618506912,1.742478516464584],[103.0002904975835,1.739486317276941],[102.99578410748829,1.736726068426325],[102.99113936648551,1.734205336602357],[102.98636900548738,1.731931031931417],[102.98148609972182,1.729909389026508],[102.97650403289414,1.728145949889195],[102.97143646050317,1.72664554871106],[102.96629727241265,1.725412298615989],[102.96110055477988,1.724449580380053],[102.95586055144666,1.723760033159613],[102.95059162489794,1.723345547253416],[102.94530821689511,1.723207258918388],[102.9400248088923,1.723345547253416],[102.93475588234358,1.723760033159613],[102.92951587901038,1.724449580380053],[102.9243191613776,1.725412298615989],[102.91917997328707,1.72664554871106],[102.91411240089612,1.728145949889195],[102.90913033406842,1.729909389026508],[102.90424742830287,1.731931031931417],[102.89947706730474,1.734205336602357],[102.89483232630194,1.736726068426325],[102.89032593620674,1.739486317276941],[102.88597024872112,1.742478516464584],[102.88177720248176,1.745694463486995],[102.8777582903369,1.749125342523151],[102.8739245278454,1.752761748608651],[102.87028642308375,1.756593713426296],[102.86685394784426,1.760610732641038],[102.86363651030295,1.764801794704213],[102.86064292923248,1.769155411048039],[102.85788140983047,1.773659647587402],[102.85535952122966,1.778302157442604],[102.8530841757514,1.783070214793003],[102.85106160995952,1.787950749768963],[102.84929736756625,1.792930384285976],[102.84779628423735,1.797995468723],[102.84656247433789,1.803132119344025],[102.84559931965507,1.808326256360428],[102.84490946012887,1.813563642529582],[102.84449478661637,1.81882992218383],[102.84435643570878,1.824110660582906],[102.84449478661637,1.829391383481663],[102.84490946012887,1.834657616804784],[102.84559931965507,1.83989492631958],[102.84656247433789,1.845088957198279],[102.84779628423735,1.850225473361125],[102.84929736756625,1.855290396492629],[102.85106160995952,1.8602698446241],[102.8530841757514,1.865150170176564],[102.85535952122966,1.869917997360043],[102.85788140983047,1.874560258826607],[102.86064292923248,1.879064231477079],[102.86363651030295,1.883417571322946],[102.86685394784426,1.887608347308471],[102.87028642308375,1.89162507400022],[102.8739245278454,1.895456743054472],[102.8777582903369,1.899092853376618],[102.88177720248176,1.902523439889896],[102.88597024872112,1.905739100834873],[102.89032593620674,1.908731023524798],[102.89483232630194,1.911491008486815],[102.89947706730474,1.914011491922516],[102.90424742830287,1.916285566426892],[102.90913033406842,1.918306999908698],[102.91411240089612,1.920070252660839],[102.91917997328707,1.92157049253381],[102.9243191613776,1.922803608170994],[102.92951587901038,1.923766220269481],[102.93475588234358,1.924455690835779],[102.9400248088923,1.92487013041095],[102.94530821689511,1.925008403245685],[102.95059162489794,1.92487013041095],[102.95586055144666,1.924455690835779],[102.96110055477988,1.923766220269481],[102.96629727241265,1.922803608170994],[102.97143646050317,1.92157049253381],[102.97650403289414,1.920070252660839],[102.98148609972182,1.918306999908698],[102.98636900548738,1.916285566426892],[102.99113936648551,1.914011491922516],[102.99578410748829,1.911491008486815],[103.0002904975835,1.908731023524798],[103.00464618506912,1.905739100834873],[103.00883923130849,1.902523439889896],[103.01285814345336,1.899092853376618],[103.01669190594484,1.895456743054472],[103.02033001070649,1.89162507400022],[103.023762485946,1.887608347308471],[103.0269799234873,1.883417571322946],[103.02997350455777,1.879064231477079],[103.03273502395979,1.874560258826607],[103.0352569125606,1.869917997360043],[103.03753225803884,1.865150170176564],[103.03955482383073,1.8602698446241],[103.04131906622399,1.855290396492629],[103.04282014955291,1.850225473361125],[103.04405395945236,1.845088957198279],[103.04501711413518,1.83989492631958],[103.04570697366137,1.834657616804784],[103.04612164717388,1.829391383481676],[103.04625999808147,1.824110660582906]],[[103.18043708358863,1.974897056286039],[103.18029873268105,1.969616778131176],[103.17988405916854,1.96435095618554],[103.17919419964235,1.959114023950544],[103.17823104495953,1.953920335875592],[103.17699723506009,1.948784128008745],[103.17549615173117,1.943719478970675],[103.1737319093379,1.938740271358639],[103.17170934354601,1.933860153686784],[103.16943399806777,1.929092502966764],[103.16691210946695,1.924450388031725],[103.16415059006495,1.919946533704071],[103.16115700899446,1.915593285905352],[103.15793957145316,1.91140257780425],[103.15450709621365,1.907385897095383],[103.15086899145201,1.903554254498778],[103.14703522896052,1.899918153566572],[103.14301631681565,1.896487561879855],[103.13882327057628,1.893271883714604],[103.13446758309068,1.890279934251953],[103.12996119299547,1.887519915403428],[103.12531645199269,1.884999393317703],[103.12054609099454,1.882725277630538],[103.115663185229,1.880703802514978],[103.1106811184013,1.878940509583717],[103.10561354601035,1.877440232690795],[103.10047435791982,1.876207084674164],[103.09527764028704,1.875244446075678],[103.09003763695384,1.874554955869416],[103.08476871040511,1.874140504223862],[103.07948530240229,1.874002227317737],[103.07420189439948,1.874140504223862],[103.06893296785076,1.874554955869416],[103.06369296451754,1.875244446075678],[103.05849624688476,1.876207084674164],[103.05335705879423,1.877440232690795],[103.04828948640329,1.878940509583717],[103.0433074195756,1.880703802514978],[103.03842451381004,1.882725277630538],[103.0336541528119,1.884999393317703],[103.02900941180911,1.887519915403428],[103.02450302171391,1.890279934251953],[103.0201473342283,1.893271883714604],[103.01595428798893,1.896487561879855],[103.01193537584408,1.899918153566572],[103.00810161335257,1.903554254498778],[103.00446350859093,1.907385897095383],[103.00103103335144,1.91140257780425],[102.99781359581013,1.915593285905352],[102.99482001473964,1.919946533704071],[102.99205849533764,1.924450388031725],[102.98953660673682,1.929092502966764],[102.98726126125858,1.933860153686784],[102.98523869546668,1.938740271358639],[102.98347445307341,1.943719478970675],[102.98197336974452,1.948784128008745],[102.98073955984505,1.953920335875592],[102.97977640516224,1.959114023950544],[102.97908654563605,1.96435095618554],[102.97867187212353,1.969616778131176],[102.97853352121595,1.974897056286039],[102.97867187212353,1.980177317661211],[102.97908654563605,1.985443089451675],[102.97977640516224,1.990679938705516],[102.98073955984505,1.995873511882485],[102.98197336974452,2.001009574193358],[102.98347445307341,2.006074048612247],[102.98523869546668,2.011053054455033],[102.98726126125858,2.015932945418223],[102.98953660673682,2.020700346974009],[102.99205849533764,2.02534219301918],[102.99482001473964,2.029845761677338],[102.99781359581013,2.034198710156791],[103.00103103335144,2.038389108568264],[103.00446350859093,2.042405472610165],[103.00810161335257,2.046236795031958],[103.01193537584408,2.049872575789391],[103.01595428798893,2.053302850809283],[103.0201473342283,2.056518219285107],[103.02450302171391,2.059509869428773],[103.02900941180911,2.062269602608132],[103.0336541528119,2.064789855804371],[103.03842451381004,2.067063722327709],[103.0433074195756,2.06908497073501],[103.04828948640329,2.070848061897429],[103.05335705879423,2.072348164171538],[103.05849624688476,2.07358116663254],[103.06369296451754,2.074543690333323],[103.06893296785076,2.075233097558633],[103.07420189439948,2.075647499049142],[103.07948530240229,2.075785759175627],[103.08476871040511,2.075647499049142],[103.09003763695384,2.075233097558633],[103.09527764028704,2.074543690333323],[103.10047435791982,2.07358116663254],[103.10561354601035,2.072348164171538],[103.1106811184013,2.070848061897429],[103.115663185229,2.06908497073501],[103.12054609099454,2.067063722327709],[103.12531645199269,2.064789855804371],[103.12996119299547,2.062269602608132],[103.13446758309068,2.059509869428773],[103.13882327057628,2.056518219285107],[103.14301631681565,2.053302850809283],[103.14703522896052,2.049872575789391],[103.15086899145201,2.046236795031958],[103.15450709621365,2.042405472610165],[103.15793957145316,2.038389108568264],[103.16115700899446,2.034198710156791],[103.16415059006495,2.029845761677338],[103.16691210946695,2.02534219301918],[103.16943399806777,2.020700346974009],[103.17170934354601,2.015932945418223],[103.1737319093379,2.011053054455033],[103.17549615173117,2.006074048612247],[103.17699723506009,2.001009574193358],[103.17823104495953,1.995873511882485],[103.17919419964235,1.990679938705516],[103.17988405916854,1.985443089451675],[103.18029873268105,1.980177317661211],[103.18043708358863,1.974897056286039]],[[103.48081264275332,2.00222864103466],[103.48067429184574,1.996948450219114],[103.48025961833324,1.991682715142504],[103.47956975880705,1.986445869070987],[103.47860660412422,1.981252266222496],[103.47737279422476,1.976116142418028],[103.47587171089585,1.971051576056085],[103.4741074685026,1.966072449517253],[103.4720849027107,1.961192411104871],[103.46980955723245,1.956424837626237],[103.46728766863164,1.951782797716934],[103.46452614922963,1.947279016008963],[103.46153256815916,1.942925838241059],[103.45831513061785,1.938735197406932],[103.45488265537836,1.934718581034427],[103.4512445506167,1.930886999685166],[103.44741078812521,1.927250956761621],[103.44339187598034,1.923820419704035],[103.43919882974097,1.920604792656659],[103.43484314225536,1.917612890678048],[103.43033675216016,1.914852915566616],[103.42569201115737,1.912332433367336],[103.42092165015924,1.910058353621928],[103.41603874439369,1.908036910419061],[103.411056677566,1.906273645296828],[103.40598910517504,1.90477339204451],[103.4008499170845,1.903540263445178],[103.39565319945173,1.902577639995699],[103.39041319611852,1.90188816063518],[103.38514426956979,1.901473715507091],[103.37986086156698,1.901335440775118],[103.37457745356416,1.901473715507091],[103.36930852701543,1.90188816063518],[103.36406852368223,1.902577639995699],[103.35887180604946,1.903540263445178],[103.35373261795894,1.90477339204451],[103.34866504556797,1.906273645296828],[103.34368297874029,1.908036910419061],[103.33880007297473,1.910058353621928],[103.3340297119766,1.912332433367336],[103.32938497097379,1.914852915566616],[103.32487858087859,1.917612890678048],[103.32052289339299,1.920604792656659],[103.31632984715361,1.923820419704035],[103.31231093500875,1.927250956761621],[103.30847717251724,1.930886999685166],[103.30483906775561,1.934718581034427],[103.30140659251612,1.938735197406932],[103.2981891549748,1.942925838241059],[103.29519557390434,1.947279016008963],[103.29243405450232,1.951782797716934],[103.28991216590151,1.956424837626237],[103.28763682042327,1.961192411104871],[103.28561425463138,1.966072449517253],[103.2838500122381,1.971051576056085],[103.2823489289092,1.976116142418028],[103.28111511900975,1.981252266222496],[103.28015196432693,1.986445869070987],[103.27946210480074,1.991682715142504],[103.27904743128822,1.996948450219114],[103.27890908038064,2.00222864103466],[103.27904743128822,2.007508814838678],[103.27946210480074,2.012774499067111],[103.28015196432693,2.018011261010922],[103.28111511900975,2.023204747373875],[103.2823489289092,2.028340723611203],[103.2838500122381,2.033405112941221],[103.28561425463138,2.038384034922946],[103.28763682042327,2.043263843494197],[103.28991216590151,2.048031164365876],[103.29243405450232,2.052672931670016],[103.29519557390434,2.057176423761371],[103.2981891549748,2.061529298074284],[103.30140659251612,2.065719624939752],[103.30483906775561,2.069735920269891],[103.30847717251724,2.07356717702043],[103.31231093500875,2.077202895345318],[103.31632984715361,2.080633111360654],[103.32052289339299,2.0838484244396],[103.32487858087859,2.086840022963499],[103.32938497097379,2.089599708458647],[103.3340297119766,2.092119918053157],[103.33880007297473,2.094393745192017],[103.34368297874029,2.096414958554173],[103.34866504556797,2.098178019119694],[103.35373261795894,2.099678095340481],[103.35887180604946,2.10091107637303],[103.36406852368223,2.101873583337238],[103.36930852701543,2.102562978570241],[103.37457745356416,2.102977372850293],[103.37986086156698,2.10311563057079],[103.38514426956979,2.102977372850293],[103.39041319611852,2.102562978570241],[103.39565319945173,2.101873583337238],[103.4008499170845,2.10091107637303],[103.40598910517504,2.099678095340481],[103.411056677566,2.098178019119694],[103.41603874439369,2.096414958554173],[103.42092165015924,2.094393745192017],[103.42569201115737,2.092119918053157],[103.43033675216016,2.089599708458647],[103.43484314225536,2.086840022963499],[103.43919882974097,2.0838484244396],[103.44339187598034,2.080633111360654],[103.44741078812521,2.077202895345318],[103.4512445506167,2.07356717702043],[103.45488265537836,2.069735920269891],[103.45831513061785,2.065719624939752],[103.46153256815916,2.061529298074284],[103.46452614922963,2.057176423761371],[103.46728766863164,2.052672931670016],[103.46980955723245,2.048031164365876],[103.4720849027107,2.043263843494197],[103.4741074685026,2.038384034922946],[103.47587171089585,2.033405112941221],[103.47737279422476,2.028340723611203],[103.47860660412422,2.023204747373875],[103.47956975880705,2.018011261010922],[103.48025961833324,2.012774499067111],[103.48067429184574,2.007508814838678],[103.48081264275332,2.00222864103466]],[[104.05435427450908,1.717034174233225],[104.05421592360149,1.711753131212912],[104.05380125008898,1.706486548677393],[104.05311139056279,1.701248862186004],[104.05214823587997,1.696054428211083],[104.05091442598051,1.690917484783653],[104.0494133426516,1.685852112462538],[104.04764910025834,1.680872195733966],[104.04562653446645,1.675991384947645],[104.0433511889882,1.671223058893618],[104.04082930038739,1.666580288122593],[104.03806778098537,1.662075799110531],[104.0350741999149,1.657721939365624],[104.0318567623736,1.653530643573523],[104.0284242871341,1.649513400873735],[104.02478618237245,1.645681223357043],[104.02095241988096,1.642044615870246],[104.0169335077361,1.638613547211315],[104.01274046149673,1.635397422793976],[104.00838477401112,1.632405058856552],[104.00387838391592,1.629644658286277],[103.99923364291311,1.627123788125037],[103.99446328191499,1.624849358818591],[103.98958037614943,1.622827605266091],[103.98459830932174,1.621064069721941],[103.97953073693078,1.619563586597069],[103.97439154884026,1.618330269201144],[103.96919483120747,1.617367498462264],[103.96395482787428,1.616677913655162],[103.95868590132555,1.616263405163134],[103.95340249332273,1.616125109293868],[103.9481190853199,1.616263405163134],[103.94285015877118,1.616677913655162],[103.93761015543798,1.617367498462264],[103.93241343780521,1.618330269201144],[103.92727424971469,1.619563586597069],[103.92220667732371,1.621064069721941],[103.91722461049604,1.622827605266091],[103.91234170473048,1.624849358818591],[103.90757134373234,1.627123788125037],[103.90292660272955,1.629644658286277],[103.89842021263433,1.632405058856552],[103.89406452514874,1.635397422793976],[103.88987147890937,1.638613547211315],[103.8858525667645,1.642044615870246],[103.882018804273,1.645681223357043],[103.87838069951135,1.649513400873735],[103.87494822427186,1.653530643573523],[103.87173078673055,1.657721939365624],[103.86873720566008,1.662075799110531],[103.86597568625807,1.666580288122593],[103.86345379765726,1.671223058893618],[103.86117845217902,1.675991384947645],[103.85915588638713,1.680872195733966],[103.85739164399385,1.685852112462538],[103.85589056066495,1.690917484783653],[103.8546567507655,1.696054428211083],[103.85369359608268,1.701248862186004],[103.85300373655649,1.706486548677393],[103.85258906304398,1.711753131212912],[103.85245071213639,1.717034174233225],[103.85258906304398,1.722315202661981],[103.85300373655649,1.727581741582668],[103.85369359608268,1.732819355913823],[103.8546567507655,1.738013689973693],[103.85589056066495,1.743150506825975],[103.85739164399385,1.748215727298605],[103.85915588638713,1.753195468569066],[103.86117845217902,1.758076082210016],[103.86345379765726,1.762844191591376],[103.86597568625807,1.767486728536342],[103.86873720566008,1.77199096913081],[103.87173078673055,1.776344568588321],[103.87494822427186,1.780535595074995],[103.87838069951135,1.784552562401862],[103.882018804273,1.788384461495227],[103.8858525667645,1.792020790558736],[103.88987147890937,1.795451583844848],[103.89406452514874,1.798667438956938],[103.89842021263433,1.801659542607206],[103.90292660272955,1.804419694760181],[103.90757134373234,1.806940331095706],[103.91234170473048,1.809214543729828],[103.91722461049604,1.811236100137313],[103.92220667732371,1.812999460223695],[103.92727424971469,1.814499791500426],[103.93241343780521,1.815732982321497],[103.93761015543798,1.816695653145566],[103.94285015877118,1.817385165792613],[103.9481190853199,1.817799630669911],[103.95340249332273,1.817937911947657],[103.95868590132555,1.817799630669911],[103.96395482787428,1.817385165792613],[103.96919483120747,1.816695653145566],[103.97439154884026,1.815732982321497],[103.97953073693078,1.814499791500426],[103.98459830932174,1.812999460223695],[103.98958037614943,1.811236100137313],[103.99446328191499,1.809214543729828],[103.99923364291311,1.806940331095706],[104.00387838391592,1.804419694760181],[104.00838477401112,1.801659542607206],[104.01274046149673,1.798667438956938],[104.0169335077361,1.795451583844848],[104.02095241988096,1.792020790558736],[104.02478618237245,1.788384461495227],[104.0284242871341,1.784552562401862],[104.0318567623736,1.780535595074995],[104.0350741999149,1.776344568588321],[104.03806778098537,1.77199096913081],[104.04082930038739,1.767486728536342],[104.0433511889882,1.762844191591376],[104.04562653446645,1.758076082210016],[104.04764910025834,1.753195468569066],[104.0494133426516,1.748215727298605],[104.05091442598051,1.743150506825975],[104.05214823587997,1.738013689973693],[104.05311139056279,1.732819355913823],[104.05380125008898,1.727581741582668],[104.05421592360149,1.722315202661981],[104.05435427450908,1.717034174233225]],[[103.336810773415,1.690012212282833],[103.3366724225074,1.684731095302499],[103.3362577489949,1.679464439238128],[103.3355678894687,1.674226679847752],[103.33460473478588,1.669032173798879],[103.33337092488644,1.663895159313621],[103.33186984155752,1.658829717137398],[103.33010559916426,1.653849731938112],[103.32808303337237,1.648968854241801],[103.32580768789413,1.644200463009188],[103.32328579929332,1.639557628955634],[103.3205242798913,1.635053078715478],[103.31753069882083,1.630699159948648],[103.31431326127952,1.626507807485805],[103.31088078604003,1.622490510604378],[103.30724268127838,1.618658281525869],[103.30340891878689,1.615021625220445],[103.29939000664201,1.611590510601901],[103.29519696040265,1.608374343192127],[103.29084127291704,1.605381939329938],[103.28633488282183,1.602621501995148],[103.28169014181904,1.600100598314398],[103.2769197808209,1.597826138810201],[103.27203687505535,1.595804358450486],[103.26705480822767,1.594040799550416],[103.2619872358367,1.592540296573603],[103.25684804774617,1.591306962874307],[103.2516513301134,1.590344179417152],[103.24641132678019,1.589654585505267],[103.24114240023147,1.589240071542265],[103.23585899222864,1.589101773847971],[103.23057558422583,1.589240071542265],[103.22530665767711,1.589654585505267],[103.22006665434391,1.590344179417152],[103.21486993671114,1.591306962874307],[103.2097307486206,1.592540296573603],[103.20466317622964,1.594040799550416],[103.19968110940195,1.595804358450486],[103.1947982036364,1.597826138810201],[103.19002784263827,1.600100598314398],[103.18538310163547,1.602621501995148],[103.18087671154026,1.605381939329938],[103.17652102405465,1.608374343192127],[103.17232797781529,1.611590510601901],[103.16830906567043,1.615021625220445],[103.16447530317893,1.618658281525869],[103.16083719841728,1.622490510604378],[103.15740472317779,1.626507807485805],[103.15418728563648,1.630699159948648],[103.15119370456601,1.635053078715478],[103.148432185164,1.639557628955634],[103.14591029656319,1.644200463009188],[103.14363495108493,1.648968854241801],[103.14161238529304,1.653849731938112],[103.13984814289978,1.658829717137398],[103.13834705957088,1.663895159313621],[103.13711324967142,1.669032173798879],[103.1361500949886,1.674226679847752],[103.1354602354624,1.679464439238128],[103.1350455619499,1.684731095302499],[103.1349072110423,1.690012212282833],[103.1350455619499,1.695293314900953],[103.1354602354624,1.700559928036079],[103.1361500949886,1.705797616400509],[103.13711324967142,1.710992024104927],[103.13834705957088,1.71612891400469],[103.13984814289978,1.721194206719371],[103.14161238529304,1.726174019218609],[103.14363495108493,1.731054702868491],[103.14591029656319,1.735822880834352],[103.148432185164,1.740465484737398],[103.15119370456601,1.744969790464907],[103.15418728563648,1.74932345303583],[103.15740472317779,1.7535145404265],[103.16083719841728,1.757531566263653],[103.16447530317893,1.761363521295406],[103.16830906567043,1.764999903554111],[103.17232797781529,1.768430747128495],[103.17652102405465,1.771646649466262],[103.18087671154026,1.774638797132799],[103.18538310163547,1.777398989955209],[103.19002784263827,1.779919663485781],[103.1947982036364,1.782193909723558],[103.19968110940195,1.784215496037213],[103.20466317622964,1.785978882237578],[103.2097307486206,1.787479235753167],[103.21486993671114,1.788712444867261],[103.22006665434391,1.789675129980189],[103.22530665767711,1.790364652866307],[103.23057558422583,1.790779123900192],[103.23585899222864,1.790917407232309],[103.24114240023147,1.790779123900192],[103.24641132678019,1.790364652866307],[103.2516513301134,1.789675129980189],[103.25684804774617,1.788712444867261],[103.2619872358367,1.787479235753167],[103.26705480822767,1.785978882237578],[103.27203687505535,1.784215496037213],[103.2769197808209,1.782193909723558],[103.28169014181904,1.779919663485781],[103.28633488282183,1.777398989955209],[103.29084127291704,1.774638797132799],[103.29519696040265,1.771646649466262],[103.29939000664201,1.768430747128495],[103.30340891878689,1.764999903554111],[103.30724268127838,1.761363521295406],[103.31088078604003,1.757531566263653],[103.31431326127952,1.7535145404265],[103.31753069882083,1.74932345303583],[103.3205242798913,1.744969790464907],[103.32328579929332,1.740465484737398],[103.32580768789413,1.735822880834352],[103.32808303337237,1.731054702868491],[103.33010559916426,1.726174019218609],[103.33186984155752,1.721194206719371],[103.33337092488644,1.71612891400469],[103.33460473478588,1.710992024104927],[103.3355678894687,1.705797616400509],[103.3362577489949,1.700559928036079],[103.3366724225074,1.695293314900953],[103.336810773415,1.690012212282833]],[[103.55907324179587,1.464509638505401],[103.5589348908883,1.459227950122999],[103.55852021737579,1.453960726129484],[103.5578303578496,1.448722403816043],[103.55686720316676,1.443527341354242],[103.55563339326731,1.438389778437479],[103.5541323099384,1.433323797246179],[103.55236806754515,1.428343283843807],[103.55034550175326,1.423461890109635],[103.548070156275,1.418692996312527],[103.54554826767418,1.414049674428599],[103.54278674827218,1.40954465230326],[103.53979316720171,1.405190278755952],[103.53657572966038,1.400998489723558],[103.53314325442089,1.396980775534972],[103.52950514965926,1.393148149407073],[103.52567138716776,1.389511117248212],[103.52165247502289,1.386079648852322],[103.51745942878352,1.382863150562523],[103.51310374129791,1.379870439479362],[103.50859735120271,1.377109719284435],[103.50395261019992,1.374588557745761],[103.49918224920178,1.372313865966572],[103.49429934343623,1.370291879434663],[103.48931727660853,1.368528140924002],[103.48424970421759,1.367027485295907],[103.47911051612705,1.365794026241206],[103.47391379849428,1.36483114499987],[103.46867379516107,1.364141481089192],[103.46340486861234,1.363726925065708],[103.45812146060952,1.363588613341072],[103.45283805260671,1.363726925065708],[103.44756912605799,1.364141481089192],[103.44232912272479,1.36483114499987],[103.437132405092,1.365794026241206],[103.43199321700146,1.367027485295907],[103.42692564461052,1.368528140924002],[103.42194357778284,1.370291879434663],[103.41706067201729,1.372313865966572],[103.41229031101913,1.374588557745761],[103.40764557001634,1.377109719284435],[103.40313917992114,1.379870439479362],[103.39878349243553,1.382863150562523],[103.39459044619616,1.386079648852322],[103.3905715340513,1.389511117248212],[103.3867377715598,1.393148149407073],[103.38309966679816,1.396980775534972],[103.37966719155867,1.400998489723558],[103.37644975401736,1.405190278755952],[103.37345617294689,1.40954465230326],[103.37069465354487,1.414049674428599],[103.36817276494405,1.418692996312527],[103.36589741946581,1.423461890109635],[103.3638748536739,1.428343283843807],[103.36211061128066,1.433323797246179],[103.36060952795175,1.438389778437479],[103.35937571805228,1.443527341354242],[103.35841256336947,1.448722403816043],[103.35772270384328,1.453960726129484],[103.35730803033076,1.459227950122999],[103.35716967942318,1.464509638505401],[103.35730803033076,1.469791314440181],[103.35772270384328,1.475058501227248],[103.35841256336947,1.480296761983026],[103.35937571805228,1.485491739210389],[103.36060952795175,1.490629194149813],[103.36211061128066,1.495695045803889],[103.3638748536739,1.500675409528379],[103.36589741946581,1.505556635083941],[103.36817276494405,1.51032534404431],[103.37069465354487,1.514968466458466],[103.37345617294689,1.519473276666475],[103.37644975401736,1.523827428170647],[103.37966719155867,1.528018987466933],[103.38309966679816,1.532036466743414],[103.3867377715598,1.535868855356993],[103.3905715340513,1.539505650001559],[103.39459044619616,1.542936883485459],[103.39878349243553,1.546153152039289],[103.40313917992114,1.549145641079544],[103.40764557001634,1.55190614935737],[103.41229031101913,1.554427111426564],[103.41706067201729,1.556701618369294],[103.42194357778284,1.558723436722911],[103.42692564461052,1.560487025555995],[103.43199321700146,1.561987551647146],[103.437132405092,1.563220902724751],[103.44232912272479,1.564183698731865],[103.44756912605799,1.564873301085032],[103.45283805260671,1.565287819902145],[103.45812146060952,1.56542611917921],[103.46340486861234,1.565287819902145],[103.46867379516107,1.564873301085032],[103.47391379849428,1.564183698731865],[103.47911051612705,1.563220902724751],[103.48424970421759,1.561987551647146],[103.48931727660853,1.560487025555995],[103.49429934343623,1.558723436722911],[103.49918224920178,1.556701618369294],[103.50395261019992,1.554427111426564],[103.50859735120271,1.55190614935737],[103.51310374129791,1.549145641079544],[103.51745942878352,1.546153152039289],[103.52165247502289,1.542936883485459],[103.52567138716776,1.539505650001559],[103.52950514965926,1.535868855356993],[103.53314325442089,1.532036466743414],[103.53657572966038,1.528018987466933],[103.53979316720171,1.523827428170647],[103.54278674827218,1.519473276666475],[103.54554826767418,1.514968466458466],[103.548070156275,1.51032534404431],[103.55034550175326,1.505556635083941],[103.55236806754515,1.500675409528379],[103.5541323099384,1.495695045803889],[103.55563339326731,1.490629194149813],[103.55686720316676,1.485491739210389],[103.5578303578496,1.480296761983026],[103.55852021737579,1.475058501227248],[103.5589348908883,1.469791314440181],[103.55907324179587,1.464509638505401]],[[103.59350335266792,1.755927023037197],[103.59336500176033,1.750646088529928],[103.59295032824782,1.745379613881292],[103.59226046872163,1.74014203435893],[103.59129731403881,1.734947706148698],[103.59006350413937,1.729810867001007],[103.58856242081046,1.72474559720062],[103.58679817841718,1.719765780966876],[103.5847756126253,1.714885068390321],[103.58250026714705,1.710116838010126],[103.57997837854624,1.705474160134923],[103.57721685914423,1.700969761007767],[103.57422327807376,1.696615987913561],[103.57100584053245,1.692424775324643],[103.56757336529296,1.6884076121775],[103.56393526053131,1.684575510370451],[103.56010149803981,1.680938974568662],[103.55608258589494,1.677507973399511],[103.55188953965558,1.674291912117302],[103.54753385216998,1.671299606812361],[103.54302746207476,1.668539260235398],[103.53838272107197,1.666018439303407],[103.53361236007383,1.663744054348943],[103.52872945430828,1.661722340169713],[103.5237473874806,1.659958838930542],[103.51867981508963,1.658458384964652],[103.5135406269991,1.657225091515861],[103.50834390936633,1.656262339458453],[103.50310390603313,1.655572768025201],[103.49783497948441,1.655158267569468],[103.49255157148158,1.655019974380964],[103.48726816347876,1.655158267569468],[103.48199923693005,1.655572768025201],[103.47675923359684,1.656262339458453],[103.47156251596405,1.657225091515861],[103.46642332787353,1.658458384964652],[103.46135575548257,1.659958838930542],[103.45637368865488,1.661722340169713],[103.45149078288932,1.663744054348943],[103.4467204218912,1.666018439303407],[103.44207568088841,1.668539260235398],[103.4375692907932,1.671299606812361],[103.43321360330758,1.674291912117302],[103.42902055706823,1.677507973399511],[103.42500164492336,1.680938974568662],[103.42116788243186,1.684575510370451],[103.41752977767021,1.6884076121775],[103.41409730243072,1.692424775324643],[103.41087986488941,1.696615987913561],[103.40788628381894,1.700969761007767],[103.40512476441693,1.705474160134923],[103.40260287581611,1.710116838010126],[103.40032753033786,1.714885068390321],[103.39830496454597,1.719765780966876],[103.39654072215272,1.72474559720062],[103.3950396388238,1.729810867001007],[103.39380582892434,1.734947706148698],[103.39284267424152,1.74014203435893],[103.39215281471533,1.745379613881292],[103.39173814120282,1.750646088529928],[103.39159979029525,1.755927023037197],[103.39173814120282,1.761207942622791],[103.39215281471533,1.766474372669885],[103.39284267424152,1.771711878399512],[103.39380582892434,1.776906104434311],[103.3950396388238,1.782042814143324],[103.39654072215272,1.787107928659948],[103.39830496454597,1.792087565466184],[103.40032753033786,1.796968076437315],[103.40260287581611,1.801736085243022],[103.40512476441693,1.806378524002293],[103.40788628381894,1.81088266909188],[103.41087986488941,1.815236176010184],[103.41409730243072,1.819427113201132],[103.41752977767021,1.823443994745577],[103.42116788243186,1.82727581183049],[103.42500164492336,1.830912062910169],[103.42902055706823,1.834342782476724],[103.43321360330758,1.837558568361153],[103.4375692907932,1.840550607490434],[103.44207568088841,1.843310700030121],[103.4467204218912,1.845831281846523],[103.45149078288932,1.848105445226868],[103.45637368865488,1.850126957801042],[103.46135575548257,1.85189027961305],[103.46642332787353,1.85339057829552],[103.47156251596405,1.854623742305926],[103.47675923359684,1.855586392188143],[103.48199923693005,1.856275889828849],[103.48726816347876,1.856690345683168],[103.49255157148158,1.856828623950035],[103.49783497948441,1.856690345683168],[103.50310390603313,1.856275889828849],[103.50834390936633,1.855586392188143],[103.5135406269991,1.854623742305926],[103.51867981508963,1.85339057829552],[103.5237473874806,1.85189027961305],[103.52872945430828,1.850126957801042],[103.53361236007383,1.848105445226868],[103.53838272107197,1.845831281846523],[103.54302746207476,1.843310700030121],[103.54753385216998,1.840550607490434],[103.55188953965558,1.837558568361153],[103.55608258589494,1.834342782476724],[103.56010149803981,1.830912062910169],[103.56393526053131,1.82727581183049],[103.56757336529296,1.823443994745577],[103.57100584053245,1.819427113201132],[103.57422327807376,1.815236176010184],[103.57721685914423,1.81088266909188],[103.57997837854624,1.806378524002293],[103.58250026714705,1.801736085243022],[103.5847756126253,1.796968076437315],[103.58679817841718,1.792087565466184],[103.58856242081046,1.787107928659948],[103.59006350413937,1.782042814143324],[103.59129731403881,1.776906104434311],[103.59226046872163,1.771711878399512],[103.59295032824782,1.766474372669885],[103.59336500176033,1.761207942622791],[103.59350335266792,1.755927023037197]],[[103.99468856915627,1.524225308660067],[103.99455021824868,1.518943763627733],[103.99413554473617,1.513676682086339],[103.99344568520998,1.508438500942898],[103.99248253052716,1.503243577992299],[103.9912487206277,1.498106152559809],[103.98974763729879,1.493040306467073],[103.98798339490553,1.488059925428967],[103.98596082911364,1.483178660986951],[103.98368548363538,1.478409893083703],[103.98116359503457,1.473766693381178],[103.97840207563257,1.469261789423254],[103.97540849456209,1.464907529740986],[103.97219105702078,1.460715849996281],[103.96875858178129,1.456698240256946],[103.96512047701964,1.452865713492869],[103.96128671452814,1.44922877537983],[103.95726780238329,1.445797395493726],[103.95307475614392,1.442580979974364],[103.9487190686583,1.439588345733901],[103.94421267856309,1.436827696280464],[103.93956793756031,1.434306599223643],[103.93479757656218,1.432031965523328],[103.92991467079662,1.430010030539026],[103.92493260396893,1.428246336931588],[103.91986503157797,1.42674571946431],[103.91472584348745,1.425512291745095],[103.90952912585468,1.424549434946105],[103.90428912252146,1.423859788531875],[103.89902019597274,1.423445243021346],[103.89373678796991,1.423306934803525],[103.88845337996709,1.423445243021346],[103.88318445341837,1.423859788531875],[103.87794445008517,1.424549434946105],[103.8727477324524,1.425512291745095],[103.86760854436187,1.42674571946431],[103.8625409719709,1.428246336931588],[103.85755890514322,1.430010030539026],[103.85267599937767,1.432031965523328],[103.84790563837953,1.434306599223643],[103.84326089737674,1.436827696280464],[103.83875450728152,1.439588345733901],[103.83439881979592,1.442580979974364],[103.83020577355656,1.445797395493726],[103.8261868614117,1.44922877537983],[103.82235309892019,1.452865713492869],[103.81871499415855,1.456698240256946],[103.81528251891906,1.460715849996281],[103.81206508137774,1.464907529740986],[103.80907150030727,1.469261789423254],[103.80630998090525,1.473766693381178],[103.80378809230446,1.478409893083703],[103.8015127468262,1.483178660986951],[103.79949018103432,1.488059925428967],[103.79772593864104,1.493040306467073],[103.79622485531215,1.498106152559809],[103.79499104541269,1.503243577992299],[103.79402789072986,1.508438500942898],[103.79333803120367,1.513676682086339],[103.79292335769117,1.518943763627733],[103.79278500678357,1.524225308660067],[103.79292335769117,1.529506840737697],[103.79333803120367,1.534773883556919],[103.79402789072986,1.540012000635007],[103.79499104541269,1.545206834878931],[103.79622485531215,1.550344147935363],[103.79772593864104,1.555409859213852],[103.79949018103432,1.560390084476596],[103.8015127468262,1.565271173888807],[103.80378809230446,1.570039749425543],[103.80630998090525,1.574682741532399],[103.80907150030727,1.57918742494],[103.81206508137774,1.583541453533698],[103.81528251891906,1.587732894183399],[103.81871499415855,1.591750259440913],[103.82235309892019,1.595582539014939],[103.8261868614117,1.599219229937952],[103.83020577355656,1.602650365342349],[103.83439881979592,1.605866541766872],[103.83875450728152,1.60885894491897],[103.84326089737674,1.611619373822338],[103.84790563837953,1.614140263283795],[103.85267599937767,1.61641470461789],[103.85755890514322,1.618436464572732],[103.8625409719709,1.6202000024051],[103.86760854436187,1.621700485058423],[103.8727477324524,1.622933800401835],[103.87794445008517,1.623896568494378],[103.88318445341837,1.624586150843396],[103.88845337996709,1.625000657631868],[103.89373678796991,1.625138952895034],[103.89902019597274,1.625000657631868],[103.90428912252146,1.624586150843396],[103.90952912585468,1.623896568494378],[103.91472584348745,1.622933800401835],[103.91986503157797,1.621700485058423],[103.92493260396893,1.6202000024051],[103.92991467079662,1.618436464572732],[103.93479757656218,1.61641470461789],[103.93956793756031,1.614140263283795],[103.94421267856309,1.611619373822338],[103.9487190686583,1.60885894491897],[103.95307475614392,1.605866541766872],[103.95726780238329,1.602650365342349],[103.96128671452814,1.599219229937952],[103.96512047701964,1.595582539014939],[103.96875858178129,1.591750259440913],[103.97219105702078,1.587732894183399],[103.97540849456209,1.583541453533698],[103.97840207563257,1.579187424940013],[103.98116359503457,1.574682741532399],[103.98368548363538,1.570039749425543],[103.98596082911364,1.565271173888807],[103.98798339490553,1.560390084476596],[103.98974763729879,1.555409859213852],[103.9912487206277,1.550344147935363],[103.99248253052716,1.545206834878931],[103.99344568520998,1.540012000635007],[103.99413554473617,1.534773883556919],[103.99455021824868,1.529506840737697],[103.99468856915627,1.524225308660067]],[[103.75597988346209,1.509135653340354],[103.75584153255451,1.503854071542958],[103.75542685904199,1.498586953464878],[103.7547369995158,1.493348736111675],[103.75377384483298,1.488153777374925],[103.75254003493352,1.483016316674358],[103.75103895160461,1.477950435923741],[103.74927470921136,1.47297002092745],[103.74725214341946,1.468088723313713],[103.74497679794122,1.463319923108993],[103.7424549093404,1.458676692055982],[103.73969338993838,1.454171757776049],[103.73669980886791,1.449817468874395],[103.7334823713266,1.445625761083647],[103.73004989608711,1.44160812453875],[103.72641179132548,1.437775572273151],[103.72257802883396,1.43413861002245],[103.71855911668911,1.430707207418674],[103.71436607044974,1.427490770653983],[103.71001038296413,1.424498116689043],[103.70550399286893,1.421737449076636],[103.70085925186612,1.419216335467178],[103.696088890868,1.416941686857492],[103.69120598510244,1.414919738640123],[103.68622391827475,1.413156033505108],[103.6811563458838,1.411655406240984],[103.67601715779327,1.410421970477013],[103.67082044016048,1.409459107402878],[103.66558043682728,1.4087694564967],[103.66031151027856,1.408354908287114],[103.65502810227575,1.408216599168967],[103.64974469427293,1.408354908287114],[103.6444757677242,1.4087694564967],[103.63923576439099,1.409459107402878],[103.63403904675822,1.410421970477013],[103.6288998586677,1.411655406240984],[103.62383228627674,1.413156033505108],[103.61885021944904,1.414919738640123],[103.61396731368349,1.416941686857492],[103.60919695268535,1.419216335467178],[103.60455221168257,1.421737449076636],[103.60004582158736,1.424498116689043],[103.59569013410176,1.427490770653983],[103.5914970878624,1.430707207418674],[103.58747817571751,1.43413861002245],[103.58364441322601,1.437775572273151],[103.58000630846438,1.44160812453875],[103.57657383322488,1.445625761083647],[103.57335639568356,1.449817468874395],[103.57036281461309,1.454171757776049],[103.56760129521108,1.458676692055982],[103.56507940661027,1.463319923108993],[103.56280406113203,1.468088723313713],[103.56078149534014,1.47297002092745],[103.55901725294687,1.477950435923741],[103.55751616961795,1.483016316674358],[103.55628235971851,1.488153777374925],[103.55531920503569,1.493348736111675],[103.5546293455095,1.498586953464878],[103.55421467199699,1.503854071542958],[103.55407632108941,1.509135653340354],[103.55421467199699,1.51441722231121],[103.5546293455095,1.51968430205012],[103.55531920503569,1.524922455971587],[103.55628235971851,1.53011732687905],[103.55751616961795,1.535254676315023],[103.55901725294687,1.540320423584796],[103.56078149534014,1.545300684346449],[103.56280406113203,1.550181808661571],[103.56507940661027,1.554950418402386],[103.56760129521108,1.559593443913018],[103.57036281461309,1.564098159824005],[103.57335639568356,1.568452219922688],[103.57657383322488,1.572643690983262],[103.58000630846438,1.576661085464437],[103.58364441322601,1.580493392984865],[103.58747817571751,1.58413011049042],[103.5914970878624,1.587561271030563],[103.59569013410176,1.59077747106522],[103.60004582158736,1.593769896227418],[103.60455221168257,1.596530345471146],[103.60919695268535,1.599051253538505],[103.61396731368349,1.601325711684605],[103.61885021944904,1.603347486603663],[103.62383228627674,1.605111037504346],[103.6288998586677,1.606611531287918],[103.63403904675822,1.607844855787549],[103.63923576439099,1.6088076310326],[103.6444757677242,1.609497218507221],[103.64974469427293,1.60991172837774],[103.65502810227575,1.610050024669357],[103.66031151027856,1.60991172837774],[103.66558043682728,1.609497218507221],[103.67082044016048,1.6088076310326],[103.67601715779327,1.607844855787549],[103.6811563458838,1.606611531287918],[103.68622391827475,1.605111037504346],[103.69120598510244,1.603347486603663],[103.696088890868,1.601325711684605],[103.70085925186612,1.599051253538505],[103.70550399286893,1.596530345471146],[103.71001038296413,1.593769896227418],[103.71436607044974,1.59077747106522],[103.71855911668911,1.587561271030563],[103.72257802883396,1.58413011049042],[103.72641179132548,1.580493392984865],[103.73004989608711,1.576661085464437],[103.7334823713266,1.572643690983262],[103.73669980886791,1.568452219922688],[103.73969338993838,1.564098159824005],[103.7424549093404,1.559593443913018],[103.74497679794122,1.554950418402386],[103.74725214341946,1.550181808661571],[103.74927470921136,1.545300684346449],[103.75103895160461,1.540320423584796],[103.75254003493352,1.535254676315023],[103.75377384483298,1.53011732687905],[103.7547369995158,1.524922455971587],[103.75542685904199,1.51968430205012],[103.75584153255451,1.51441722231121],[103.75597988346209,1.509135653340354]],[[103.84322710933783,2.233986453663212],[103.84308875843024,2.228707051728545],[103.84267408491773,2.22344210141327],[103.84198422539154,2.218206033856681],[103.84102107070872,2.21301320118275],[103.83978726080926,2.207877837156754],[103.83828617748037,2.202814018164654],[103.83652193508709,2.197835624622548],[103.8344993692952,2.19295630292174],[103.83222402381695,2.188189428014157],[103.82970213521615,2.183548066740467],[103.82694061581414,2.179044942001956],[103.82394703474367,2.174692397874091],[103.82072959720236,2.170502365757852],[103.81729712196285,2.166486331661604],[103.81365901720122,2.16265530470338],[103.80982525470971,2.159019786920137],[103.80580634256485,2.15558974446683],[103.80161329632548,2.152374580284394],[103.79725760883989,2.149383108311751],[103.79275121874467,2.146623529312693],[103.78810647774188,2.144103408383994],[103.78333611674374,2.141829654206524],[103.77845321097818,2.139808500096511],[103.7734711441505,2.138045486908749],[103.76840357175953,2.136545447839105],[103.76326438366901,2.135312495167589],[103.75806766603624,2.134350008978954],[103.75282766270304,2.133660627891366],[103.74755873615432,2.133246241818837],[103.74227532815149,2.133107986787372],[103.73699192014867,2.133246241818837],[103.73172299359994,2.133660627891366],[103.72648299026673,2.134350008978954],[103.72128627263396,2.135312495167589],[103.71614708454344,2.136545447839105],[103.71107951215248,2.138045486908749],[103.70609744532479,2.139808500096511],[103.70121453955923,2.141829654206524],[103.6964441785611,2.144103408383994],[103.69179943755832,2.146623529312693],[103.6872930474631,2.149383108311751],[103.68293735997749,2.152374580284394],[103.67874431373814,2.15558974446683],[103.67472540159326,2.159019786920137],[103.67089163910177,2.16265530470338],[103.66725353434012,2.166486331661604],[103.66382105910063,2.170502365757852],[103.66060362155932,2.174692397874091],[103.65761004048883,2.179044942001956],[103.65484852108683,2.183548066740467],[103.65232663248602,2.188189428014157],[103.65005128700777,2.19295630292174],[103.64802872121588,2.197835624622548],[103.64626447882262,2.202814018164654],[103.64476339549371,2.207877837156754],[103.64352958559425,2.21301320118275],[103.64256643091143,2.218206033856681],[103.64187657138524,2.22344210141327],[103.64146189787273,2.228707051728545],[103.64132354696515,2.233986453663212],[103.64146189787273,2.239265836621075],[103.64187657138524,2.244530730213816],[103.64256643091143,2.249766703923623],[103.64352958559425,2.254959406654732],[103.64476339549371,2.260094606065561],[103.64626447882262,2.2651582275737],[103.64802872121588,2.270136392926732],[103.65005128700777,2.275015458233448],[103.65232663248602,2.279782051351062],[103.65484852108683,2.284423108526244],[103.65761004048883,2.288925910189469],[103.66060362155932,2.293278115804958],[103.66382105910063,2.297467797680564],[103.66725353434012,2.301483473645247],[103.67089163910177,2.305314138504713],[103.67472540159326,2.308949294189248],[103.67874431373814,2.312378978511131],[103.68293735997749,2.315593792453175],[103.6872930474631,2.318584925913761],[103.69179943755832,2.321344181837913],[103.6964441785611,2.323863998668513],[103.70121453955923,2.326137471056458],[103.70609744532479,2.328158368772862],[103.71107951215248,2.329921153772008],[103.71614708454344,2.331420995358136],[103.72128627263396,2.332653783414842],[103.72648299026673,2.333616139660973],[103.73172299359994,2.334305426902033],[103.73699192014867,2.334719756252169],[103.74227532815149,2.334857992306867],[103.74755873615432,2.334719756252169],[103.75282766270304,2.334305426902033],[103.75806766603624,2.333616139660973],[103.76326438366901,2.332653783414842],[103.76840357175953,2.331420995358136],[103.7734711441505,2.329921153772008],[103.77845321097818,2.328158368772862],[103.78333611674374,2.326137471056458],[103.78810647774188,2.323863998668513],[103.79275121874467,2.321344181837913],[103.79725760883989,2.318584925913761],[103.80161329632548,2.315593792453175],[103.80580634256485,2.312378978511131],[103.80982525470971,2.308949294189248],[103.81365901720122,2.305314138504713],[103.81729712196285,2.301483473645247],[103.82072959720236,2.297467797680564],[103.82394703474367,2.293278115804958],[103.82694061581414,2.288925910189469],[103.82970213521615,2.284423108526244],[103.83222402381695,2.279782051351062],[103.8344993692952,2.275015458233448],[103.83652193508709,2.270136392926732],[103.83828617748037,2.2651582275737],[103.83978726080926,2.260094606065561],[103.84102107070872,2.254959406654732],[103.84198422539154,2.249766703923623],[103.84267408491773,2.244530730213816],[103.84308875843024,2.239265836621075],[103.84322710933783,2.233986453663212]],[[102.85692028552518,2.607188489886923],[102.85678193461759,2.60191053983328],[102.85636726110508,2.59664703427039],[102.85567740157889,2.591412400416328],[102.85471424689607,2.586220986529573],[102.85348043699662,2.581087022575478],[102.85197935366772,2.576024581215156],[102.85021511127444,2.571047539223822],[102.84819254548255,2.566169539444424],[102.84591720000431,2.561403953381056],[102.8433953114035,2.556763844534624],[102.84063379200148,2.552261932581726],[102.83764021093101,2.547910558494804],[102.8344227733897,2.543721650699543],[102.8309902981502,2.539706692362369],[102.82735219338855,2.53587668989788],[102.82351843089707,2.532242142782879],[102.8194995187522,2.528813014759628],[102.81530647251283,2.525598706507877],[102.81095078502723,2.522608029860259],[102.80644439493202,2.519849183632413],[102.80179965392922,2.517329731133806],[102.79702929293109,2.515056579421418],[102.79214638716553,2.513035960353029],[102.78716432033785,2.511273413492532],[102.78209674794688,2.509773770913825],[102.77695755985636,2.508541143945382],[102.77176084222359,2.507578911891947],[102.76652083889039,2.506889712764071],[102.76125191234166,2.506475436041301],[102.75596850433884,2.50633721748875],[102.75068509633601,2.506475436041301],[102.74541616978729,2.506889712764071],[102.74017616645408,2.507578911891947],[102.7349794488213,2.508541143945382],[102.72984026073078,2.509773770913825],[102.72477268833983,2.511273413492532],[102.71979062151213,2.513035960353029],[102.71490771574658,2.515056579421418],[102.71013735474844,2.517329731133806],[102.70549261374565,2.519849183632413],[102.70098622365045,2.522608029860259],[102.69663053616483,2.525598706507877],[102.69243748992547,2.528813014759628],[102.68841857778061,2.532242142782879],[102.68458481528911,2.53587668989788],[102.68094671052746,2.539706692362369],[102.67751423528797,2.543721650699543],[102.67429679774666,2.547910558494804],[102.67130321667618,2.552261932581726],[102.66854169727418,2.556763844534624],[102.66601980867337,2.561403953381056],[102.66374446319512,2.566169539444424],[102.66172189740323,2.571047539223822],[102.65995765500995,2.576024581215156],[102.65845657168106,2.581087022575478],[102.6572227617816,2.586220986529573],[102.65625960709878,2.591412400416328],[102.65556974757259,2.59664703427039],[102.65515507406008,2.60191053983328],[102.65501672315249,2.607188489886923],[102.65515507406008,2.612466417801679],[102.65556974757259,2.61772985719047],[102.65625960709878,2.622964381560222],[102.6572227617816,2.628155643852021],[102.65845657168106,2.633289415761413],[102.65995765500995,2.638351626731374],[102.66172189740323,2.643328402510905],[102.66374446319512,2.648206103173739],[102.66601980867337,2.652971360492979],[102.66854169727418,2.657611114569489],[102.67130321667618,2.662112649613655],[102.67429679774666,2.666463628782501],[102.67751423528797,2.670652127977156],[102.68094671052746,2.67466666850794],[102.68458481528911,2.678496248537798],[102.68841857778061,2.682130373218244],[102.69243748992547,2.685559083435257],[102.69663053616483,2.688772983086694],[102.70098622365045,2.691763264816593],[102.70549261374565,2.694521734136153],[102.71013735474844,2.697040831865335],[102.71490771574658,2.69931365483414],[102.71979062151213,2.701333974786501],[102.72477268833983,2.703096255435728],[102.72984026073078,2.704595667624571],[102.7349794488213,2.705828102548756],[102.74017616645408,2.706790183007591],[102.74541616978729,2.70747927265145],[102.75068509633601,2.707893483200273],[102.75596850433884,2.708031679614001],[102.76125191234166,2.707893483200273],[102.76652083889039,2.70747927265145],[102.77176084222359,2.706790183007591],[102.77695755985636,2.705828102548756],[102.78209674794688,2.704595667624571],[102.78716432033785,2.703096255435728],[102.79214638716553,2.701333974786501],[102.79702929293109,2.69931365483414],[102.80179965392922,2.697040831865335],[102.80644439493202,2.694521734136153],[102.81095078502723,2.691763264816593],[102.81530647251283,2.688772983086694],[102.8194995187522,2.685559083435257],[102.82351843089707,2.682130373218244],[102.82735219338855,2.678496248537798],[102.8309902981502,2.67466666850794],[102.8344227733897,2.670652127977156],[102.83764021093101,2.666463628782501],[102.84063379200148,2.662112649613655],[102.8433953114035,2.657611114569489],[102.84591720000431,2.652971360492979],[102.84819254548255,2.648206103173739],[102.85021511127444,2.643328402510905],[102.85197935366772,2.638351626731374],[102.85348043699662,2.633289415761413],[102.85471424689607,2.628155643852021],[102.85567740157889,2.622964381560222],[102.85636726110508,2.61772985719047],[102.85678193461759,2.612466417801679],[102.85692028552518,2.607188489886923]],[[102.73368892421303,2.267956372250322],[102.73355057330545,2.262677093204666],[102.73313589979294,2.257412265154811],[102.73244604026675,2.25217631890842],[102.73148288558393,2.246983606262847],[102.73024907568447,2.241848360662413],[102.72874799235555,2.236784658178815],[102.7269837499623,2.231806378921061],[102.72496118417041,2.226927168981458],[102.72268583869216,2.22216040302155],[102.72016395009135,2.217519147600981],[102.71740243068933,2.213016125349853],[102.71440884961886,2.208663680082864],[102.71119141207755,2.204473742951104],[102.70775893683806,2.200457799724423],[102.70412083207641,2.19662685929413],[102.70028706958492,2.192991423482598],[102.69626815744004,2.18956145824265],[102.6920751112007,2.186346366325915],[102.68771942371507,2.183354961495086],[102.68321303361986,2.180595444351049],[102.67856829261707,2.178075379841141],[102.67379793161895,2.175801676510575],[102.6689150258534,2.173780567553765],[102.6639329590257,2.172017593717759],[102.65886538663474,2.170517588104739],[102.6537261985442,2.169284662915377],[102.64852948091144,2.168322198169356],[102.64328947757822,2.167632832434127],[102.63802055102951,2.167218455587535],[102.63273714302669,2.167080203633803],[102.62745373502386,2.167218455587535],[102.62218480847514,2.167632832434127],[102.61694480514194,2.168322198169356],[102.61174808750917,2.169284662915377],[102.60660889941865,2.170517588104739],[102.60154132702768,2.172017593717759],[102.5965592602,2.173780567553765],[102.59167635443444,2.175801676510575],[102.5869059934363,2.178075379841141],[102.5822612524335,2.180595444351049],[102.5777548623383,2.183354961495086],[102.5733991748527,2.186346366325915],[102.56920612861332,2.18956145824265],[102.56518721646846,2.192991423482598],[102.56135345397696,2.19662685929413],[102.55771534921531,2.200457799724423],[102.55428287397582,2.204473742951104],[102.55106543643451,2.208663680082864],[102.54807185536404,2.213016125349853],[102.54531033596203,2.217519147600981],[102.54278844736122,2.22216040302155],[102.54051310188298,2.226927168981458],[102.53849053609109,2.231806378921061],[102.53672629369781,2.236784658178815],[102.5352252103689,2.241848360662413],[102.53399140046946,2.246983606262847],[102.53302824578664,2.25217631890842],[102.53233838626045,2.257412265154811],[102.53192371274794,2.262677093204666],[102.53178536184035,2.267956372250322],[102.53192371274794,2.273235632031192],[102.53233838626045,2.278500402497791],[102.53302824578664,2.283736253473326],[102.53399140046946,2.288928834204286],[102.5352252103689,2.294063912691584],[102.53672629369781,2.299127414694528],[102.53849053609109,2.304105462300576],[102.54051310188298,2.308984411955467],[102.54278844736122,2.313750891849392],[102.54531033596203,2.318391838556913],[102.54807185536404,2.322894532830274],[102.55106543643451,2.327246634448176],[102.55428287397582,2.331436216024608],[102.55771534921531,2.335451795685277],[102.56135345397696,2.339282368522174],[102.56518721646846,2.342917436740362],[102.56920612861332,2.346347038414449],[102.5733991748527,2.349561774776086],[102.5777548623383,2.352552835958134],[102.5822612524335,2.355312025124797],[102.5869059934363,2.357831780922104],[102.59167635443444,2.360105198187144],[102.5965592602,2.362126046859725],[102.60154132702768,2.363888789044484],[102.60660889941865,2.365388594177257],[102.61174808750917,2.366621352253889],[102.61694480514194,2.367583685085616],[102.62218480847514,2.368272955550217],[102.62745373502386,2.368687274813707],[102.63273714302669,2.368825507502717],[102.63802055102951,2.368687274813707],[102.64328947757822,2.368272955550217],[102.64852948091144,2.367583685085616],[102.6537261985442,2.366621352253889],[102.65886538663474,2.365388594177257],[102.6639329590257,2.363888789044484],[102.6689150258534,2.362126046859725],[102.67379793161895,2.360105198187144],[102.67856829261707,2.357831780922104],[102.68321303361986,2.355312025124797],[102.68771942371507,2.352552835958134],[102.6920751112007,2.349561774776086],[102.69626815744004,2.346347038414449],[102.70028706958492,2.342917436740362],[102.70412083207641,2.339282368522174],[102.70775893683806,2.335451795685277],[102.71119141207755,2.331436216024608],[102.71440884961886,2.327246634448176],[102.71740243068933,2.322894532830274],[102.72016395009135,2.318391838556913],[102.72268583869216,2.313750891849392],[102.72496118417041,2.308984411955467],[102.7269837499623,2.304105462300576],[102.72874799235555,2.299127414694528],[102.73024907568447,2.294063912691584],[102.73148288558393,2.288928834204286],[102.73244604026675,2.283736253473326],[102.73313589979294,2.278500402497791],[102.73355057330545,2.273235632031192],[102.73368892421303,2.267956372250322]],[[117.1725086203839,6.881125752321827],[117.1723702694763,6.875880372461119],[117.1719555959638,6.870649312152513],[117.17126573643762,6.865446910122237],[117.17030258175478,6.860287427009779],[117.16906877185532,6.855185006266596],[117.16756768852642,6.850153635371026],[117.16580344613315,6.845207107466272],[117.16378088034128,6.840358983526433],[117.16150553486302,6.835622555154941],[117.15898364626221,6.831010808117541],[117.1562221268602,6.826536386710248],[117.15322854578973,6.822211559060317],[117.1500111082484,6.818048183455844],[117.14657863300893,6.81405767579676],[117.14294052824727,6.810250978256923],[117.13910676575578,6.806638529243661],[117.13508785361091,6.803230234737843],[117.13089480737156,6.800035441093224],[117.12653911988595,6.797062909370501],[117.12203272979073,6.794320791276668],[117.11738798878793,6.791816606776263],[117.1126176277898,6.789557223436373],[117.10773472202425,6.787548837562305],[117.10275265519657,6.785796957176357],[117.09768508280561,6.784306386886311],[117.09254589471507,6.783081214686047],[117.08734917708229,6.782124800724195],[117.08210917374909,6.781439768072317],[117.07684024720037,6.781027995517928],[117.07155683919756,6.7808906124024],[117.06627343119473,6.781027995517928],[117.06100450464601,6.781439768072317],[117.05576450131281,6.782124800724195],[117.05056778368002,6.783081214686047],[117.04542859558951,6.784306386886311],[117.04036102319853,6.785796957176357],[117.03537895637085,6.787548837562305],[117.0304960506053,6.789557223436373],[117.02572568960717,6.791816606776263],[117.02108094860438,6.794320791276668],[117.01657455850916,6.797062909370501],[117.01221887102356,6.800035441093224],[117.00802582478418,6.803230234737843],[117.00400691263931,6.806638529243661],[117.00017315014783,6.810250978256923],[116.9965350453862,6.81405767579676],[116.99310257014669,6.818048183455844],[116.98988513260537,6.822211559060317],[116.9868915515349,6.826536386710248],[116.98413003213288,6.831010808117541],[116.98160814353207,6.835622555154941],[116.97933279805385,6.840358983526433],[116.97731023226194,6.845207107466272],[116.97554598986868,6.850153635371026],[116.97404490653977,6.855185006266596],[116.97281109664031,6.860287427009779],[116.9718479419575,6.865446910122237],[116.9711580824313,6.870649312152513],[116.97074340891879,6.875880372461119],[116.9706050580112,6.881125752321827],[116.97074340891879,6.886371074231849],[116.9711580824313,6.891601961323402],[116.9718479419575,6.896804076768031],[116.97281109664031,6.901963163066115],[116.97404490653977,6.907065081113864],[116.97554598986868,6.912095848940544],[116.97731023226194,6.917041680010345],[116.97933279805385,6.921889020983865],[116.98160814353207,6.926624588836022],[116.98413003213288,6.931235407229124],[116.9868915515349,6.935708842041612],[116.98988513260537,6.940032635955573],[116.99310257014669,6.944194942008767],[116.9965350453862,6.94818435601948],[117.00017315014783,6.951989947796138],[117.00400691263931,6.95560129104636],[117.00802582478418,6.959008491904265],[117.01221887102356,6.962202215998292],[117.01657455850916,6.965173713985987],[117.02108094860438,6.967914845486146],[117.02572568960717,6.970418101343538],[117.0304960506053,6.97267662416548],[117.03537895637085,6.974684227074616],[117.04036102319853,6.976435410626999],[117.04542859558951,6.97792537784945],[117.05056778368002,6.979150047355402],[117.05576450131281,6.980106064503848],[117.06100450464601,6.980790810570765],[117.06627343119473,6.981202409908519],[117.07155683919756,6.981339735073539],[117.07684024720037,6.981202409908519],[117.08210917374909,6.980790810570765],[117.08734917708229,6.980106064503848],[117.09254589471507,6.979150047355402],[117.09768508280561,6.97792537784945],[117.10275265519657,6.976435410626999],[117.10773472202425,6.974684227074616],[117.1126176277898,6.97267662416548],[117.11738798878793,6.970418101343538],[117.12203272979073,6.967914845486146],[117.12653911988595,6.965173713985987],[117.13089480737156,6.962202215998292],[117.13508785361091,6.959008491904265],[117.13910676575578,6.95560129104636],[117.14294052824727,6.951989947796138],[117.14657863300893,6.94818435601948],[117.1500111082484,6.944194942008767],[117.15322854578973,6.940032635955573],[117.1562221268602,6.935708842041612],[117.15898364626221,6.931235407229124],[117.16150553486302,6.926624588836022],[117.16378088034128,6.921889020983865],[117.16580344613315,6.917041680010345],[117.16756768852642,6.912095848940544],[117.16906877185532,6.907065081113864],[117.17030258175478,6.901963163066115],[117.17126573643762,6.896804076768031],[117.1719555959638,6.891601961323402],[117.1723702694763,6.886371074231849],[117.1725086203839,6.881125752321827]],[[116.90683267706297,6.471023066844653],[116.90669432615539,6.465773292266521],[116.90627965264288,6.460537852665227],[116.90558979311669,6.4553310987289],[116.90462663843387,6.45016730295654],[116.90339282853441,6.445060620524986],[116.90189174520549,6.440025050472862],[116.90012750281224,6.435074397308028],[116.89810493702035,6.430222233144144],[116.89582959154211,6.425481860470394],[116.89330770294129,6.420866275656674],[116.89054618353929,6.416388133294745],[116.8875526024688,6.412059711473462],[116.88433516492748,6.40789287808365],[116.880902689688,6.403899058245491],[116.87726458492635,6.400089202948184],[116.87343082243486,6.3964737589882],[116.86941191028998,6.393062640289275],[116.86521886405063,6.389865200682922],[116.86086317656502,6.386890208224836],[116.8563567864698,6.384145821117925],[116.85171204546701,6.381639565308509],[116.84694168446887,6.379378313817436],[116.84205877870332,6.3773682678634],[116.83707671187564,6.37561493983033],[116.8320091394847,6.374123138126239],[116.82686995139416,6.37289695397501],[116.82167323376136,6.371939750177961],[116.81643323042816,6.37125415187601],[116.81116430387944,6.370842039338087],[116.80588089587661,6.370704542795722],[116.80059748787382,6.370842039338087],[116.79532856132509,6.37125415187601],[116.7900885579919,6.371939750177961],[116.7848918403591,6.37289695397501],[116.77975265226856,6.374123138126239],[116.77468507987761,6.37561493983033],[116.76970301304993,6.3773682678634],[116.76482010728438,6.379378313817436],[116.76004974628624,6.381639565308509],[116.75540500528345,6.384145821117925],[116.75089861518823,6.386890208224836],[116.74654292770262,6.389865200682922],[116.74234988146327,6.393062640289275],[116.7383309693184,6.3964737589882],[116.7344972068269,6.400089202948184],[116.73085910206525,6.403899058245491],[116.72742662682577,6.40789287808365],[116.72420918928445,6.412059711473462],[116.72121560821397,6.416388133294745],[116.71845408881197,6.420866275656674],[116.71593220021114,6.425481860470394],[116.7136568547329,6.430222233144144],[116.71163428894101,6.435074397308028],[116.70987004654776,6.440025050472862],[116.70836896321885,6.445060620524986],[116.70713515331938,6.45016730295654],[116.70617199863655,6.4553310987289],[116.70548213911037,6.460537852665227],[116.70506746559786,6.465773292266521],[116.70492911469029,6.471023066844653],[116.70506746559786,6.476272786865013],[116.70548213911037,6.481508063390757],[116.70617199863655,6.486714547520479],[116.70713515331938,6.491877969711208],[116.70836896321885,6.496984178879152],[116.70987004654776,6.502019181170905],[116.71163428894101,6.506969178299137],[116.7136568547329,6.511820605337859],[116.71593220021114,6.516560167874027],[116.71845408881197,6.521174878413785],[116.72121560821397,6.52565209194412],[116.72420918928445,6.529979540552679],[116.72742662682577,6.534145367011371],[116.73085910206525,6.538138157232175],[116.7344972068269,6.541946971506595],[116.7383309693184,6.545561374443832],[116.74234988146327,6.54897146352581],[116.74654292770262,6.552167896201705],[116.75089861518823,6.555141915447957],[116.75540500528345,6.557885373724343],[116.76004974628624,6.560390755261017],[116.76482010728438,6.562651196615795],[116.76970301304993,6.564660505446005],[116.77468507987761,6.566413177443757],[116.77975265226856,6.567904411388711],[116.7848918403591,6.569130122277411],[116.7900885579919,6.570086952493708],[116.79532856132509,6.570772280989702],[116.80059748787382,6.571184230452495],[116.80588089587661,6.571321672437227],[116.81116430387944,6.571184230452495],[116.81643323042816,6.570772280989702],[116.82167323376136,6.570086952493708],[116.82686995139416,6.569130122277411],[116.8320091394847,6.567904411388711],[116.83707671187564,6.566413177443757],[116.84205877870332,6.564660505446005],[116.84694168446887,6.562651196615795],[116.85171204546701,6.560390755261017],[116.8563567864698,6.557885373724343],[116.86086317656502,6.555141915447957],[116.86521886405063,6.552167896201705],[116.86941191028998,6.54897146352581],[116.87343082243486,6.545561374443832],[116.87726458492635,6.541946971506595],[116.880902689688,6.538138157232175],[116.88433516492748,6.534145367011371],[116.8875526024688,6.529979540552679],[116.89054618353929,6.52565209194412],[116.89330770294129,6.521174878413785],[116.89582959154211,6.516560167874027],[116.89810493702035,6.511820605337859],[116.90012750281224,6.506969178299137],[116.90189174520549,6.502019181170905],[116.90339282853441,6.496984178879152],[116.90462663843387,6.491877969711208],[116.90558979311669,6.486714547520479],[116.90627965264288,6.481508063390757],[116.90669432615539,6.476272786865013],[116.90683267706297,6.471023066844653]],[[116.61319789435156,6.315734358930166],[116.61305954344398,6.310482990448517],[116.61264486993147,6.30524596259498],[116.6119550104053,6.300037630395196],[116.61099185572246,6.294872270647996],[116.609758045823,6.289764042780826],[116.60825696249411,6.284726950022372],[116.60649272010083,6.279774800999149],[116.60447015430896,6.274921171861269],[116.6021948088307,6.270179369041871],[116.59967292022989,6.265562392752271],[116.59691140082788,6.261082901313419],[116.59391781975741,6.256753176421809],[116.59070038221608,6.252585089445541],[116.58726790697659,6.248590068843147],[116.58362980221494,6.244779068795153],[116.57979603972346,6.241162539134764],[116.57577712757858,6.237750396660564],[116.57158408133922,6.23455199791029],[116.56722839385361,6.231576113470873],[116.5627220037584,6.228830903895688],[116.55807726275563,6.226323897295247],[116.55330690175748,6.224061968663459],[116.54842399599193,6.222051320996375],[116.54344192916423,6.220297468255673],[116.53837435677329,6.218805220223898],[116.53323516868275,6.217578669293178],[116.52803845104998,6.216621179224223],[116.52279844771675,6.21593537590635],[116.51752952116803,6.215523140144248],[116.51224611316523,6.215385602491357],[116.50696270516241,6.215523140144248],[116.50169377861369,6.21593537590635],[116.49645377528049,6.216621179224223],[116.4912570576477,6.217578669293178],[116.48611786955718,6.218805220223898],[116.4810502971662,6.220297468255673],[116.47606823033853,6.222051320996375],[116.47118532457297,6.224061968663459],[116.46641496357485,6.226323897295247],[116.46177022257204,6.228830903895688],[116.45726383247683,6.231576113470873],[116.45290814499124,6.23455199791029],[116.44871509875186,6.237750396660564],[116.44469618660699,6.241162539134764],[116.4408624241155,6.244779068795153],[116.43722431935387,6.248590068843147],[116.43379184411437,6.252585089445541],[116.43057440657304,6.256753176421809],[116.42758082550257,6.261082901313419],[116.42481930610056,6.265562392752271],[116.42229741749975,6.270179369041871],[116.42002207202152,6.274921171861269],[116.41799950622962,6.279774800999149],[116.41623526383636,6.284726950022372],[116.41473418050745,6.289764042780826],[116.41350037060799,6.294872270647996],[116.41253721592518,6.300037630395196],[116.41184735639898,6.30524596259498],[116.41143268288646,6.310482990448517],[116.41129433197888,6.315734358930166],[116.41143268288646,6.320985674141747],[116.41184735639898,6.326222542768766],[116.41253721592518,6.331430611530064],[116.41350037060799,6.336595606513111],[116.41473418050745,6.341703372286944],[116.41623526383636,6.346739910685645],[116.41799950622962,6.351691419156441],[116.42002207202152,6.356544328567225],[116.42229741749975,6.361285340370371],[116.42481930610056,6.365901463021141],[116.42758082550257,6.370380047551251],[116.43057440657304,6.374708822200485],[116.43379184411437,6.378875926011818],[116.43722431935387,6.382869941298497],[116.4408624241155,6.386679924894445],[116.44469618660699,6.390295438102927],[116.44871509875186,6.393706575261805],[116.45290814499124,6.396903990847807],[116.45726383247683,6.399878925045714],[116.46177022257204,6.402623227713185],[116.46641496357485,6.405129380675982],[116.47118532457297,6.407390518292816],[116.47606823033853,6.409400446234101],[116.4810502971662,6.411153658423609],[116.48611786955718,6.412645352096827],[116.4912570576477,6.413871440935254],[116.49645377528049,6.414828566240933],[116.50169377861369,6.415514106120955],[116.50696270516241,6.415926182656933],[116.51224611316523,6.416063667039897],[116.51752952116803,6.415926182656933],[116.52279844771675,6.415514106120955],[116.52803845104998,6.414828566240933],[116.53323516868275,6.413871440935254],[116.53837435677329,6.412645352096827],[116.54344192916423,6.411153658423609],[116.54842399599193,6.409400446234101],[116.55330690175748,6.407390518292816],[116.55807726275563,6.405129380675982],[116.5627220037584,6.402623227713185],[116.56722839385361,6.399878925045714],[116.57158408133922,6.396903990847807],[116.57577712757858,6.393706575261805],[116.57979603972346,6.390295438102927],[116.58362980221494,6.386679924894445],[116.58726790697659,6.382869941298497],[116.59070038221608,6.378875926011818],[116.59391781975741,6.374708822200485],[116.59691140082788,6.370380047551251],[116.59967292022989,6.365901463021141],[116.6021948088307,6.361285340370371],[116.60447015430896,6.356544328567225],[116.60649272010083,6.351691419156441],[116.60825696249411,6.346739910685645],[116.609758045823,6.341703372286944],[116.61099185572246,6.336595606513111],[116.6119550104053,6.331430611530064],[116.61264486993147,6.326222542768766],[116.61305954344398,6.320985674141747],[116.61319789435156,6.315734358930166]],[[116.43057578747076,6.075057283481236],[116.43043743656317,6.069803520887635],[116.43002276305066,6.064564107474974],[116.42933290352445,6.059353404783129],[116.42836974884165,6.054185696067739],[116.42713593894219,6.049075147138489],[116.42563485561328,6.044035767514797],[116.42387061322002,6.039081372005905],[116.42184804742811,6.034225542820747],[116.41957270194986,6.029481592311737],[116.41705081334905,6.024862526454935],[116.41428929394704,6.020381009167096],[116.41129571287657,6.016049327557663],[116.40807827533527,6.011879358211441],[116.40464580009576,6.007882534594836],[116.40100769533413,6.004069815675337],[116.39717393284262,6.000451655840716],[116.39315502069778,5.997037976200992],[116.3889619744584,5.993838137352121],[116.38460628697278,5.990860913676646],[116.3800998968776,5.988114469252124],[116.37545515587479,5.985606335433804],[116.37068479487664,5.983343390173576],[116.36580188911111,5.981331839131968],[116.3608198222834,5.979577198635733],[116.35575224989245,5.978084280527764],[116.35061306180191,5.976857178951326],[116.34541634416915,5.975899259105098],[116.34017634083595,5.975213148000128],[116.33490741428723,5.97480072724409],[116.3296240062844,5.974663127872904],[116.32434059828158,5.97480072724409],[116.31907167173286,5.975213148000128],[116.31383166839964,5.975899259105098],[116.30863495076689,5.976857178951326],[116.30349576267635,5.978084280527764],[116.29842819028539,5.979577198635733],[116.29344612345771,5.981331839131968],[116.28856321769216,5.983343390173576],[116.283792856694,5.985606335433804],[116.27914811569121,5.988114469252124],[116.27464172559601,5.990860913676646],[116.2702860381104,5.993838137352121],[116.26609299187103,5.997037976200992],[116.26207407972618,6.000451655840716],[116.25824031723467,6.004069815675337],[116.25460221247303,6.007882534594836],[116.25116973723352,6.011879358211441],[116.24795229969223,6.016049327557663],[116.24495871862176,6.020381009167096],[116.24219719921975,6.024862526454935],[116.23967531061894,6.029481592311737],[116.23739996514068,6.034225542820747],[116.23537739934878,6.039081372005905],[116.23361315695553,6.044035767514797],[116.23211207362661,6.049075147138489],[116.23087826372718,6.054185696067739],[116.22991510904434,6.059353404783129],[116.22922524951817,6.064564107474974],[116.22881057600566,6.069803520887635],[116.22867222509805,6.075057283481236],[116.22881057600566,6.080310994803622],[116.22922524951817,6.085550254964398],[116.22991510904434,6.090760704102766],[116.23087826372718,6.095928061741049],[116.23211207362661,6.101038165916088],[116.23361315695553,6.106077011981276],[116.23537739934878,6.111030790973165],[116.23739996514068,6.115885927437547],[116.23967531061894,6.120629116611623],[116.24219719921975,6.125247360860668],[116.24495871862176,6.12972800526969],[116.24795229969223,6.134058772292711],[116.25116973723352,6.138227795365291],[116.25460221247303,6.142223651388627],[116.25824031723467,6.146035391996413],[116.26207407972618,6.149652573519449],[116.26609299187103,6.153065285566313],[116.2702860381104,6.156264178142165],[116.27464172559601,6.159240487232043],[116.27914811569121,6.161986058778751],[116.283792856694,6.164493370990461],[116.28856321769216,6.166755554916977],[116.29344612345771,6.168766413239054],[116.29842819028539,6.170520437219523],[116.30349576267635,6.172012821770118],[116.30863495076689,6.173239478593361],[116.31383166839964,6.174197047363309],[116.31907167173286,6.174882904915428],[116.32434059828158,6.175295172419974],[116.3296240062844,6.175432720520085],[116.33490741428723,6.175295172419974],[116.34017634083595,6.174882904915428],[116.34541634416915,6.174197047363309],[116.35061306180191,6.173239478593361],[116.35575224989245,6.172012821770118],[116.3608198222834,6.170520437219523],[116.36580188911111,6.168766413239054],[116.37068479487664,6.166755554916977],[116.37545515587479,6.164493370990461],[116.3800998968776,6.161986058778751],[116.38460628697278,6.159240487232043],[116.3889619744584,6.156264178142165],[116.39315502069778,6.153065285566313],[116.39717393284262,6.149652573519449],[116.40100769533413,6.146035391996413],[116.40464580009576,6.142223651388627],[116.40807827533527,6.138227795365291],[116.41129571287657,6.134058772292711],[116.41428929394704,6.12972800526969],[116.41705081334905,6.125247360860668],[116.41957270194986,6.120629116611623],[116.42184804742811,6.115885927437547],[116.42387061322002,6.111030790973165],[116.42563485561328,6.106077011981276],[116.42713593894219,6.101038165916088],[116.42836974884165,6.095928061741049],[116.42933290352445,6.090760704102766],[116.43002276305066,6.085550254964398],[116.43043743656317,6.080310994803622],[116.43057578747076,6.075057283481236]],[[116.1367808099339,5.98499336115049],[116.1366424590263,5.979738726488883],[116.1362277855138,5.97449844414437],[116.13553792598759,5.969286878029344],[116.13457477130478,5.964118313750889],[116.13334096140532,5.959006919442659],[116.13183987807642,5.953966706914556],[116.13007563568316,5.949011493226763],[116.12805306989125,5.944154862793813],[116.12577772441303,5.93941013012272],[116.12325583581222,5.934790303287742],[116.1204943164102,5.930308048242115],[116.11750073533973,5.925975654065054],[116.11428329779841,5.921804999239581],[116.11085082255893,5.917807519054164],[116.10721271779727,5.913994174217802],[116.10337895530579,5.910375420775167],[116.09936004316091,5.90696118140456],[116.09516699692153,5.903760818178058],[116.09081130943594,5.900783106858666],[116.08630491934073,5.898036212805618],[116.08166017833793,5.895527668554196],[116.0768898173398,5.893264353131855],[116.07200691157425,5.891252473168045],[116.06702484474657,5.889497545849477],[116.06195727235558,5.888004383768143],[116.05681808426507,5.886777081704003],[116.05162136663229,5.885819005378569],[116.04638136329909,5.885132782210673],[116.04111243675037,5.884720294099927],[116.03582902874754,5.884582672257677],[116.03054562074473,5.884720294099927],[116.02527669419601,5.885132782210673],[116.02003669086281,5.885819005378569],[116.01483997323002,5.886777081704003],[116.00970078513949,5.888004383768143],[116.00463321274853,5.889497545849477],[115.99965114592085,5.891252473168045],[115.9947682401553,5.893264353131855],[115.98999787915717,5.895527668554196],[115.98535313815437,5.898036212805618],[115.98084674805915,5.900783106858666],[115.97649106057354,5.903760818178058],[115.97229801433419,5.90696118140456],[115.96827910218931,5.910375420775167],[115.96444533969783,5.913994174217802],[115.96080723493617,5.917807519054164],[115.95737475969669,5.921804999239581],[115.95415732215537,5.925975654065054],[115.9511637410849,5.930308048242115],[115.94840222168288,5.934790303287742],[115.94588033308207,5.93941013012272],[115.94360498760382,5.944154862793813],[115.94158242181194,5.949011493226763],[115.93981817941868,5.953966706914556],[115.93831709608978,5.959006919442659],[115.93708328619032,5.964118313750889],[115.93612013150748,5.969286878029344],[115.9354302719813,5.97449844414437],[115.9350155984688,5.979738726488883],[115.9348772475612,5.98499336115049],[115.9350155984688,5.990247945289839],[115.9354302719813,5.995488076621055],[115.93612013150748,6.000699392886298],[115.93708328619032,6.005867611215909],[115.93831709608978,6.01097856726654],[115.93981817941868,6.016018254029948],[115.94158242181194,6.020972860206352],[115.94360498760382,6.025828808037256],[115.94588033308207,6.03057279049439],[115.94840222168288,6.035191807723029],[115.9511637410849,6.039673202640172],[115.95415732215537,6.044004695590374],[115.95737475969669,6.048174417964629],[115.96080723493617,6.05217094469064],[115.96444533969783,6.0559833255057],[115.96827910218931,6.059601114927172],[115.97229801433419,6.063014400838743],[115.97649106057354,6.066213831614649],[115.98084674805915,6.069190641707995],[115.98535313815437,6.071936675633553],[115.98999787915717,6.074444410279766],[115.9947682401553,6.076706975489358],[115.99965114592085,6.078718172852343],[116.00463321274853,6.080472492660732],[116.00970078513949,6.081965128978477],[116.01483997323002,6.083191992786023],[116.02003669086281,6.08414972316344],[116.02527669419601,6.084835696482177],[116.03054562074473,6.085248033580008],[116.03582902874754,6.085385604900114],[116.04111243675037,6.085248033580008],[116.04638136329909,6.084835696482177],[116.05162136663229,6.08414972316344],[116.05681808426507,6.083191992786023],[116.06195727235558,6.081965128978477],[116.06702484474657,6.080472492660732],[116.07200691157425,6.078718172852343],[116.0768898173398,6.076706975489358],[116.08166017833793,6.074444410279766],[116.08630491934073,6.071936675633553],[116.09081130943594,6.069190641707995],[116.09516699692153,6.066213831614649],[116.09936004316091,6.063014400838743],[116.10337895530579,6.059601114927172],[116.10721271779727,6.0559833255057],[116.11085082255893,6.05217094469064],[116.11428329779841,6.048174417964629],[116.11750073533973,6.044004695590374],[116.1204943164102,6.039673202640172],[116.12325583581222,6.035191807723029],[116.12577772441303,6.03057279049439],[116.12805306989125,6.025828808037256],[116.13007563568316,6.020972860206352],[116.13183987807642,6.016018254029948],[116.13334096140532,6.01097856726654],[116.13457477130478,6.005867611215909],[116.13553792598759,6.000699392886298],[116.1362277855138,5.995488076621055],[116.1366424590263,5.990247945289839],[116.1367808099339,5.98499336115049]],[[116.25991995889818,5.825836927449406],[116.2597816079906,5.820580783459798],[116.2593669344781,5.815338997243552],[116.25867707495189,5.810125936818888],[116.25771392026908,5.804955891861814],[116.25648011036962,5.799843034527222],[116.2549790270407,5.794801380587906],[116.25321478464745,5.789844750998286],[116.25119221885555,5.784986733988363],[116.24891687337733,5.780240647792215],[116.2463949847765,5.775619504113187],[116.2436334653745,5.771135972426726],[116.24063988430402,5.766802345218574],[116.23742244676271,5.762630504254328],[116.2339899715232,5.75863188797315],[116.23035186676157,5.754817460095262],[116.22651810427007,5.751197679529985],[116.2224991921252,5.747782471667056],[116.21830614588582,5.744581201130374],[116.21395045840023,5.741602646069315],[116.20944406830502,5.738854974058634],[116.20479932730223,5.736345719673229],[116.20002896630409,5.734081763799753],[116.19514606053855,5.732069314742208],[116.19016399371085,5.730313891173551],[116.18509642131988,5.728820306980525],[116.17995723322937,5.727592658043375],[116.17476051559659,5.726634310987128],[116.16952051226338,5.725947893935367],[116.16425158571465,5.725535289292202],[116.15896817771183,5.725397628572111],[116.15368476970903,5.725535289292202],[116.14841584316031,5.725947893935367],[116.14317583982708,5.726634310987128],[116.13797912219431,5.727592658043375],[116.13283993410377,5.728820306980525],[116.12777236171283,5.730313891173551],[116.12279029488515,5.732069314742208],[116.1179073891196,5.734081763799753],[116.11313702812144,5.736345719673229],[116.10849228711866,5.738854974058634],[116.10398589702345,5.741602646069315],[116.09963020953784,5.744581201130374],[116.09543716329848,5.747782471667056],[116.09141825115361,5.751197679529985],[116.08758448866212,5.754817460095262],[116.08394638390047,5.75863188797315],[116.08051390866099,5.762630504254328],[116.07729647111967,5.766802345218574],[116.0743028900492,5.771135972426726],[116.07154137064718,5.775619504113187],[116.06901948204636,5.780240647792215],[116.06674413656812,5.784986733988363],[116.06472157077623,5.789844750998286],[116.06295732838295,5.794801380587906],[116.06145624505407,5.799843034527222],[116.0602224351546,5.804955891861814],[116.05925928047178,5.810125936818888],[116.0585694209456,5.815338997243552],[116.05815474743308,5.820580783459798],[116.0580163965255,5.825836927449406],[116.05815474743308,5.83109302224143],[116.0585694209456,5.836334661403916],[116.05925928047178,5.841547478529836],[116.0602224351546,5.846717186608818],[116.06145624505407,5.851829617176863],[116.06295732838295,5.856870759136961],[116.06472157077623,5.861826797144047],[116.06674413656812,5.866684149449656],[116.06901948204636,5.871429505102368],[116.07154137064718,5.876049860402817],[116.0743028900492,5.880532554513254],[116.07729647111967,5.884865304124591],[116.08051390866099,5.889036237086365],[116.08394638390047,5.893033924907717],[116.08758448866212,5.896847414040807],[116.09141825115361,5.900466255861414],[116.09543716329848,5.903880535264886],[116.09963020953784,5.907080897799719],[116.10398589702345,5.910058575264752],[116.10849228711866,5.912805409700364],[116.11313702812144,5.915313875708308],[116.1179073891196,5.917577101039505],[116.12279029488515,5.919588885393945],[116.12777236171283,5.921343717381238],[116.13283993410377,5.92283678959614],[116.13797912219431,5.924064011767711],[116.14317583982708,5.925022021946665],[116.14841584316031,5.925708195700281],[116.15368476970903,5.926120653290067],[116.15896817771183,5.926258264812703],[116.16425158571465,5.926120653290067],[116.16952051226338,5.925708195700281],[116.17476051559659,5.925022021946665],[116.17995723322937,5.924064011767711],[116.18509642131988,5.92283678959614],[116.19016399371085,5.921343717381238],[116.19514606053855,5.919588885393945],[116.20002896630409,5.917577101039505],[116.20479932730223,5.915313875708308],[116.20944406830502,5.912805409700364],[116.21395045840023,5.910058575264752],[116.21830614588582,5.907080897799719],[116.2224991921252,5.903880535264886],[116.22651810427007,5.900466255861414],[116.23035186676157,5.896847414040807],[116.2339899715232,5.893033924907717],[116.23742244676271,5.889036237086365],[116.24063988430402,5.884865304124591],[116.2436334653745,5.880532554513254],[116.2463949847765,5.876049860402817],[116.24891687337733,5.871429505102368],[116.25119221885555,5.866684149449656],[116.25321478464745,5.861826797144047],[116.2549790270407,5.856870759136961],[116.25648011036962,5.851829617176863],[116.25771392026908,5.846717186608818],[116.25867707495189,5.841547478529836],[116.2593669344781,5.836334661403916],[116.2597816079906,5.83109302224143],[116.25991995889818,5.825836927449406]],[[115.93127233450097,5.512629830158373],[115.9311339835934,5.507370834384981],[115.93071931008089,5.502126206802183],[115.93002945055471,5.496910323184198],[115.92906629587188,5.491737480892298],[115.92783248597242,5.486621859675344],[115.9263314026435,5.481577482788753],[115.92456716025025,5.476618178538835],[115.92254459445837,5.47175754235773],[115.92026924898012,5.46700889951359],[115.9177473603793,5.462385268558131],[115.9149858409773,5.457899325612343],[115.91199225990681,5.453563369588478],[115.90877482236549,5.449389288443887],[115.90534234712601,5.445388526559859],[115.90170424236436,5.441572053335116],[115.89787047987286,5.437950333080386],[115.89385156772799,5.434533296297208],[115.88965852148864,5.431330312419854],[115.88530283400303,5.428350164095804],[115.88079644390781,5.425601023075398],[115.87615170290502,5.423090427777237],[115.87138134190688,5.420825262591326],[115.86649843614134,5.418811738976906],[115.86151636931365,5.417055378407221],[115.85644879692268,5.415560997208159],[115.85130960883217,5.414332693332804],[115.84611289119938,5.413373835108191],[115.84087288786617,5.412687051985488],[115.83560396131745,5.412274227319068],[115.83032055331462,5.412136493194409],[115.82503714531182,5.412274227319068],[115.8197682187631,5.412687051985488],[115.8145282154299,5.413373835108191],[115.8093314977971,5.414332693332804],[115.80419230970656,5.415560997208159],[115.79912473731562,5.417055378407221],[115.79414267048794,5.418811738976906],[115.78925976472239,5.420825262591326],[115.78448940372425,5.423090427777237],[115.77984466272146,5.425601023075398],[115.77533827262624,5.428350164095804],[115.77098258514063,5.431330312419854],[115.76678953890128,5.434533296297208],[115.7627706267564,5.437950333080386],[115.75893686426491,5.441572053335116],[115.75529875950326,5.445388526559859],[115.75186628426378,5.449389288443887],[115.74864884672246,5.453563369588478],[115.74565526565199,5.457899325612343],[115.74289374624998,5.462385268558131],[115.74037185764915,5.46700889951359],[115.73809651217091,5.47175754235773],[115.73607394637902,5.476618178538835],[115.73430970398577,5.481577482788753],[115.73280862065685,5.486621859675344],[115.7315748107574,5.491737480892298],[115.73061165607457,5.496910323184198],[115.7299217965484,5.502126206802183],[115.72950712303587,5.507370834384981],[115.7293687721283,5.512629830158373],[115.72950712303587,5.517888779345443],[115.7299217965484,5.523133267679715],[115.73061165607457,5.528348920912593],[115.7315748107574,5.533521444206957],[115.73280862065685,5.538636661308982],[115.73430970398577,5.543680553390811],[115.73607394637902,5.5486392974578],[115.73809651217091,5.553499304215276],[115.74037185764915,5.558247255291241],[115.74289374624998,5.562870139713127],[115.74565526565199,5.567355289539133],[115.74864884672246,5.57169041454664],[115.75186628426378,5.57586363588308],[115.75529875950326,5.579863518587394],[115.75893686426491,5.583679102893363],[115.7627706267564,5.58729993422943],[115.76678953890128,5.590716091833277],[115.77098258514063,5.593918215903028],[115.77533827262624,5.596897533211458],[115.77984466272146,5.599645881113011],[115.78448940372425,5.602155729878642],[115.78925976472239,5.604420203297485],[115.79414267048794,5.60643309748942],[115.79912473731562,5.608188897877284],[115.80419230970656,5.609682794272628],[115.8093314977971,5.610910694033969],[115.8145282154299,5.611869233261809],[115.8197682187631,5.612555785999978],[115.82503714531182,5.612968471418214],[115.83032055331462,5.613106158956679],[115.83560396131745,5.612968471418214],[115.84087288786617,5.612555785999978],[115.84611289119938,5.611869233261809],[115.85130960883217,5.610910694033969],[115.85644879692268,5.609682794272628],[115.86151636931365,5.608188897877284],[115.86649843614134,5.60643309748942],[115.87138134190688,5.604420203297485],[115.87615170290502,5.602155729878642],[115.88079644390781,5.599645881113011],[115.88530283400303,5.596897533211458],[115.88965852148864,5.593918215903028],[115.89385156772799,5.590716091833277],[115.89787047987286,5.58729993422943],[115.90170424236436,5.583679102893363],[115.90534234712601,5.579863518587394],[115.90877482236549,5.57586363588308],[115.91199225990681,5.57169041454664],[115.9149858409773,5.567355289539133],[115.9177473603793,5.562870139713127],[115.92026924898012,5.558247255291241],[115.92254459445837,5.553499304215276],[115.92456716025025,5.5486392974578],[115.9263314026435,5.543680553390811],[115.92783248597242,5.538636661308982],[115.92906629587188,5.533521444206957],[115.93002945055471,5.528348920912593],[115.93071931008089,5.523133267679715],[115.9311339835934,5.517888779345443],[115.93127233450097,5.512629830158373]],[[115.71194404703093,5.289318444471794],[115.71180569612333,5.284057511388119],[115.71139102261083,5.278810953662685],[115.71070116308462,5.273593152337309],[115.70973800840181,5.268418409991749],[115.70850419850235,5.263300911530343],[115.70700311517344,5.258254685287561],[115.70523887278019,5.253293564558949],[115.70321630698828,5.248431149663439],[115.70094096151003,5.243680770640997],[115.69841907290925,5.23905545068836],[115.69565755350723,5.234567870433173],[115.69266397243676,5.23023033314496],[115.68944653489544,5.22605473097855],[115.68601405965593,5.222052512342809],[115.6823759548943,5.218234650484672],[115.67854219240279,5.214611613374775],[115.67452328025794,5.211193334977791],[115.67033023401856,5.207989187986551],[115.66597454653296,5.205007958095048],[115.66146815643775,5.202257819881363],[115.65682341543496,5.199746314366822],[115.65205305443683,5.197480328313423],[115.64717014867128,5.195466075316494],[115.6421880818436,5.19370907874489],[115.63712050945261,5.19221415657551],[115.6319813213621,5.190985408164434],[115.62678460372932,5.190026202990604],[115.62154460039612,5.189339171403669],[115.6162756738474,5.188926197401086],[115.61099226584456,5.188788413454742],[115.60570885784173,5.188926197401086],[115.60043993129301,5.189339171403669],[115.59519992795981,5.190026202990604],[115.59000321032705,5.190985408164434],[115.58486402223652,5.19221415657551],[115.57979644984556,5.19370907874489],[115.57481438301788,5.195466075316494],[115.56993147725233,5.197480328313423],[115.56516111625417,5.199746314366822],[115.5605163752514,5.202257819881363],[115.55600998515618,5.205007958095048],[115.55165429767057,5.207989187986551],[115.54746125143122,5.211193334977791],[115.54344233928634,5.214611613374775],[115.53960857679485,5.218234650484672],[115.5359704720332,5.222052512342809],[115.53253799679372,5.22605473097855],[115.5293205592524,5.23023033314496],[115.52632697818193,5.234567870433173],[115.52356545877991,5.23905545068836],[115.5210435701791,5.243680770640997],[115.51876822470085,5.248431149663439],[115.51674565890897,5.253293564558949],[115.51498141651568,5.258254685287561],[115.5134803331868,5.263300911530343],[115.51224652328735,5.268418409991749],[115.51128336860451,5.273593152337309],[115.51059350907833,5.278810953662685],[115.51017883556582,5.284057511388119],[115.51004048465823,5.289318444471794],[115.51017883556582,5.294579332834377],[115.51059350907833,5.299825756886479],[115.51128336860451,5.305043337050853],[115.51224652328735,5.310217773170852],[115.5134803331868,5.315334883697193],[115.51498141651568,5.320380644545731],[115.51674565890897,5.325341227519885],[115.51876822470085,5.330203038192508],[115.5210435701791,5.334952753143631],[115.52356545877991,5.339577356452262],[115.52632697818193,5.344064175342452],[115.5293205592524,5.348400914886358],[115.53253799679372,5.352575691669427],[115.5359704720332,5.356577066325874],[115.53960857679485,5.360394074855579],[115.54344233928634,5.364016258637172],[115.54746125143122,5.367433693055204],[115.55165429767057,5.370637014663651],[115.55600998515618,5.373617446811584],[115.5605163752514,5.376366823661137],[115.56516111625417,5.378877612532653],[115.56993147725233,5.381142934515814],[115.57481438301788,5.38315658329095],[115.57979644984556,5.384913042109178],[115.58486402223652,5.386407498885306],[115.59000321032705,5.387635859362207],[115.59519992795981,5.388594758311189],[115.60043993129301,5.389281568737681],[115.60570885784173,5.389694409067263],[115.61099226584456,5.38983214829263],[115.6162756738474,5.389694409067263],[115.62154460039612,5.389281568737681],[115.62678460372932,5.388594758311189],[115.6319813213621,5.387635859362207],[115.63712050945261,5.386407498885306],[115.6421880818436,5.384913042109178],[115.64717014867128,5.38315658329095],[115.65205305443683,5.381142934515814],[115.65682341543496,5.378877612532653],[115.66146815643775,5.376366823661137],[115.66597454653296,5.373617446811584],[115.67033023401856,5.370637014663651],[115.67452328025794,5.367433693055204],[115.67854219240279,5.364016258637172],[115.6823759548943,5.360394074855579],[115.68601405965593,5.356577066325874],[115.68944653489544,5.352575691669427],[115.69266397243676,5.348400914886358],[115.69565755350723,5.344064175342452],[115.69841907290925,5.339577356452262],[115.70094096151003,5.334952753143644],[115.70321630698828,5.330203038192508],[115.70523887278019,5.325341227519885],[115.70700311517344,5.320380644545731],[115.70850419850235,5.315334883697193],[115.70973800840181,5.310217773170852],[115.71070116308462,5.305043337050853],[115.71139102261083,5.299825756886479],[115.71180569612333,5.294579332834377],[115.71194404703093,5.289318444471794]],[[115.920648835556,4.770171587972323],[115.92051048464842,4.764906459997333],[115.92009581113591,4.759655723207316],[115.9194059516097,4.754433770045411],[115.9184427969269,4.749254914383123],[115.91720898702744,4.744133352277032],[115.91570790369852,4.73908312304501],[115.91394366130527,4.734118070768865],[115.91192109551336,4.729251806328995],[115.90964575003511,4.724497670075578],[115.9071238614343,4.719868695238554],[115.90436234203229,4.715377572177285],[115.90136876096182,4.711036613567915],[115.8981513234205,4.706857720624332],[115.894718848181,4.702852350445619],[115.89108074341938,4.699031484579857],[115.88724698092787,4.695405598890646],[115.88322806878301,4.69198463480964],[115.87903502254363,4.688777972053818],[115.87467933505802,4.685794402883061],[115.87017294496283,4.683042107968592],[115.86552820396004,4.680528633938977],[115.8607578429619,4.678260872665484],[115.85587493719635,4.676245042343947],[115.85089287036864,4.674486670425119],[115.8458252979777,4.672990578440857],[115.84068610988716,4.671760868767636],[115.83548939225439,4.670800913364211],[115.83024938892119,4.670113344514175],[115.82498046237247,4.669700047599251],[115.81969705436964,4.669562155922992],[115.81441364636682,4.669700047599251],[115.8091447198181,4.670113344514175],[115.8039047164849,4.670800913364211],[115.79870799885212,4.671760868767636],[115.79356881076158,4.672990578440857],[115.78850123837064,4.674486670425119],[115.78351917154296,4.676245042343947],[115.77863626577741,4.678260872665484],[115.77386590477926,4.680528633938977],[115.76922116377645,4.683042107968592],[115.76471477368126,4.685794402883061],[115.76035908619565,4.688777972053818],[115.75616603995627,4.69198463480964],[115.75214712781143,4.695405598890646],[115.7483133653199,4.699031484579857],[115.74467526055828,4.702852350445619],[115.74124278531878,4.706857720624332],[115.73802534777748,4.711036613567915],[115.735031766707,4.715377572177285],[115.732270247305,4.719868695238554],[115.72974835870417,4.724497670075578],[115.72747301322593,4.729251806328995],[115.72545044743403,4.734118070768865],[115.72368620504076,4.73908312304501],[115.72218512171186,4.744133352277032],[115.72095131181241,4.749254914383123],[115.71998815712959,4.754433770045411],[115.7192982976034,4.759655723207316],[115.71888362409089,4.764906459997333],[115.71874527318329,4.770171587972323],[115.71888362409089,4.775436675572691],[115.7192982976034,4.780687291681242],[115.71998815712959,4.785909045177033],[115.72095131181241,4.791087624376158],[115.72218512171186,4.796208836251016],[115.72368620504076,4.801258645320964],[115.72545044743403,4.806223212107612],[115.72747301322593,4.811088931049696],[115.72974835870417,4.815842467773631],[115.732270247305,4.820470795618062],[115.735031766707,4.82496123131223],[115.73802534777748,4.829301469710946],[115.74124278531878,4.833479617491112],[115.74467526055828,4.837484225717813],[115.7483133653199,4.841304321191096],[115.75214712781143,4.844929436487928],[115.75616603995627,4.848349638617241],[115.76035908619565,4.851555556210131],[115.76471477368126,4.854538405170895],[115.76922116377645,4.857290012719063],[115.77386590477926,4.859802839756989],[115.77863626577741,4.862070001501954],[115.78351917154296,4.864085286326698],[115.78850123837064,4.865843172756995],[115.79356881076158,4.867338844580098],[115.79870799885212,4.86856820402289],[115.8039047164849,4.869527882963813],[115.8091447198181,4.870215252148218],[115.81441364636682,4.870628428381981],[115.81969705436964,4.870766279683733],[115.82498046237247,4.870628428381981],[115.83024938892119,4.870215252148218],[115.83548939225439,4.869527882963813],[115.84068610988716,4.86856820402289],[115.8458252979777,4.867338844580098],[115.85089287036864,4.865843172756995],[115.85587493719635,4.864085286326698],[115.8607578429619,4.862070001501954],[115.86552820396004,4.859802839756989],[115.87017294496283,4.857290012719063],[115.87467933505802,4.854538405170895],[115.87903502254363,4.851555556210131],[115.88322806878301,4.848349638617241],[115.88724698092787,4.844929436487928],[115.89108074341938,4.841304321191096],[115.894718848181,4.837484225717813],[115.8981513234205,4.833479617491112],[115.90136876096182,4.829301469710946],[115.90436234203229,4.82496123131223],[115.9071238614343,4.820470795618062],[115.90964575003511,4.815842467773631],[115.91192109551336,4.811088931049696],[115.91394366130527,4.806223212107612],[115.91570790369852,4.801258645320964],[115.91720898702744,4.796208836251016],[115.9184427969269,4.791087624376158],[115.9194059516097,4.785909045177033],[115.92009581113591,4.780687291681242],[115.92051048464842,4.775436675572691],[115.920648835556,4.770171587972323]],[[116.47291103736436,4.847348416961204],[116.47277268645678,4.842083885256719],[116.47235801294427,4.836833742458483],[116.47166815341807,4.831612379389455],[116.47070499873526,4.82643410831687],[116.4694711888358,4.821313123713138],[116.46797010550688,4.816263463336311],[116.46620586311363,4.811298969736618],[116.46418329732172,4.806433252295119],[116.46190795184347,4.801679649898595],[116.45938606324266,4.797051194353201],[116.45662454384068,4.792560574637521],[116.45363096277018,4.788220102093342],[116.45041352522887,4.78404167664967],[116.44698104998936,4.780036754173302],[116.44334294522774,4.77621631503531],[116.43950918273623,4.772590833980452],[116.43549027059137,4.769170251381993],[116.431297224352,4.765963945961502],[116.42694153686638,4.762980709048496],[116.42243514677119,4.760228720450933],[116.4177904057684,4.757715526003066],[116.41302004477026,4.755448016852461],[116.40813713900472,4.75343241054337],[116.40315507217701,4.751674233948512],[116.39808749978606,4.750178308096313],[116.39294831169555,4.748948734935615],[116.38775159406276,4.74798888607403],[116.38251159072955,4.747301393521366],[116.37724266418083,4.746888142463362],[116.371959256178,4.746750266085837],[116.36667584817518,4.746888142463362],[116.36140692162645,4.747301393521366],[116.35616691829325,4.74798888607403],[116.35097020066048,4.748948734935615],[116.34583101256995,4.750178308096313],[116.340763440179,4.751674233948512],[116.33578137335132,4.75343241054337],[116.33089846758577,4.755448016852461],[116.32612810658762,4.757715526003066],[116.32148336558484,4.760228720450933],[116.31697697548962,4.762980709048496],[116.31262128800401,4.765963945961502],[116.30842824176466,4.769170251381993],[116.30440932961979,4.772590833980452],[116.30057556712829,4.77621631503531],[116.29693746236664,4.780036754173302],[116.29350498712714,4.78404167664967],[116.29028754958584,4.788220102093342],[116.28729396851536,4.792560574637521],[116.28453244911336,4.797051194353201],[116.28201056051253,4.801679649898595],[116.2797352150343,4.806433252295119],[116.2777126492424,4.811298969736618],[116.27594840684912,4.816263463336311],[116.27444732352022,4.821313123713138],[116.27321351362077,4.82643410831687],[116.27225035893795,4.831612379389455],[116.27156049941176,4.836833742458483],[116.27114582589925,4.842083885256719],[116.27100747499168,4.847348416961204],[116.27114582589925,4.852612907644038],[116.27156049941176,4.857862927826803],[116.27225035893795,4.863084088029951],[116.27321351362077,4.868262078208886],[116.27444732352022,4.873382706968724],[116.27594840684912,4.878431940450142],[116.2777126492424,4.88339594078009],[116.2797352150343,4.888261103981869],[116.28201056051253,4.893014097241081],[116.28453244911336,4.897641895425438],[116.28729396851536,4.902131816758546],[116.29028754958584,4.906471557550284],[116.29350498712714,4.910649225888842],[116.29693746236664,4.914653374202476],[116.30057556712829,4.918473030601978],[116.30440932961979,4.922097728918462],[116.30842824176466,4.925517537354492],[116.31262128800401,4.928723085670378],[116.31697697548962,4.931705590831591],[116.32148336558484,4.934456881047396],[116.32612810658762,4.936969418135156],[116.33089846758577,4.939236318149439],[116.33578137335132,4.941251370219804],[116.340763440179,4.943009053545898],[116.34583101256995,4.94450455250359],[116.35097020066048,4.945733769821222],[116.35616691829325,4.946693337789817],[116.36140692162645,4.947380627477098],[116.36667584817518,4.947793755919936],[116.371959256178,4.947931591275939],[116.37724266418083,4.947793755919936],[116.38251159072955,4.947380627477098],[116.38775159406276,4.946693337789817],[116.39294831169555,4.945733769821222],[116.39808749978606,4.94450455250359],[116.40315507217701,4.943009053545898],[116.40813713900472,4.941251370219804],[116.41302004477026,4.939236318149439],[116.4177904057684,4.936969418135156],[116.42243514677119,4.934456881047396],[116.42694153686638,4.931705590831591],[116.431297224352,4.928723085670378],[116.43549027059137,4.925517537354492],[116.43950918273623,4.922097728918462],[116.44334294522774,4.918473030601978],[116.44698104998936,4.914653374202476],[116.45041352522887,4.910649225888842],[116.45363096277018,4.906471557550284],[116.45662454384068,4.902131816758546],[116.45938606324266,4.897641895425438],[116.46190795184347,4.893014097241081],[116.46418329732172,4.888261103981869],[116.46620586311363,4.88339594078009],[116.46797010550688,4.878431940450142],[116.4694711888358,4.873382706968724],[116.47070499873526,4.868262078208886],[116.47166815341807,4.863084088029951],[116.47235801294427,4.857862927826803],[116.47277268645678,4.852612907644038],[116.47291103736436,4.847348416961204]],[[116.7458866328011,5.811937686437764],[116.74574828189353,5.80668141256298],[116.74533360838102,5.801439496932839],[116.74464374885481,5.796226307918884],[116.743680594172,5.791056135547224],[116.74244678427254,5.78594315231872],[116.74094570094363,5.780901374347123],[116.73918145855038,5.775944622921878],[116.73715889275847,5.771086486601207],[116.73488354728022,5.766340283939773],[116.73236165867941,5.761719026953116],[116.7296001392774,5.757235385419622],[116.72660655820692,5.752901652118013],[116.72338912066562,5.748729709096192],[116.71995664542611,5.74473099506428],[116.71631854066449,5.740916474001456],[116.71248477817298,5.737296605063386],[116.70846586602812,5.733881313872939],[116.70427281978874,5.730679965273411],[116.69991713230313,5.727701337619409],[116.69541074220794,5.724953598676156],[116.69076600120515,5.7224442831939],[116.68599564020701,5.72018027221912],[116.68111273444146,5.718167774199799],[116.67613066761375,5.716412307936659],[116.6710630952228,5.714918687427743],[116.66592390713227,5.71369100864788],[116.6607271894995,5.712732638299771],[116.6554871861663,5.712046204567589],[116.65021825961757,5.711633589898782],[116.64493485161475,5.711495925833918],[116.63965144361192,5.711633589898782],[116.6343825170632,5.712046204567589],[116.62914251373,5.712732638299771],[116.62394579609723,5.71369100864788],[116.6188066080067,5.714918687427743],[116.61373903561575,5.716412307936659],[116.60875696878807,5.718167774199799],[116.60387406302252,5.72018027221912],[116.59910370202437,5.7224442831939],[116.59445896102156,5.724953598676156],[116.58995257092637,5.727701337619409],[116.58559688344076,5.730679965273411],[116.58140383720138,5.733881313872939],[116.57738492505653,5.737296605063386],[116.57355116256501,5.740916474001456],[116.56991305780339,5.74473099506428],[116.56648058256388,5.748729709096192],[116.56326314502259,5.752901652118013],[116.5602695639521,5.757235385419622],[116.5575080445501,5.761719026953116],[116.55498615594928,5.766340283939773],[116.55271081047104,5.771086486601207],[116.55068824467914,5.775944622921878],[116.54892400228587,5.780901374347123],[116.54742291895697,5.78594315231872],[116.54618910905752,5.791056135547224],[116.5452259543747,5.796226307918884],[116.54453609484851,5.801439496932839],[116.544121421336,5.80668141256298],[116.5439830704284,5.811937686437764],[116.544121421336,5.817193911230724],[116.54453609484851,5.822435680153112],[116.5452259543747,5.827648626440797],[116.54618910905752,5.832818462727009],[116.54742291895697,5.837931020193118],[116.54892400228587,5.842972287390139],[116.55068824467914,5.847928448624813],[116.55271081047104,5.852785921805164],[116.55498615594928,5.857531395642084],[116.5575080445501,5.862151866105164],[116.5602695639521,5.866634672033396],[116.56326314502259,5.870967529803121],[116.56648058256388,5.875138566958936],[116.56991305780339,5.879136354715619],[116.57355116256501,5.88294993924245],[116.57738492505653,5.886568871644668],[116.58140383720138,5.889983236560242],[116.58559688344076,5.893183679294376],[116.58995257092637,5.896161431417282],[116.59445896102156,5.898908334756227],[116.59910370202437,5.901416863716025],[116.60387406302252,5.903680145867449],[116.60875696878807,5.905691980747647],[116.61373903561575,5.907446856821386],[116.6188066080067,5.90893996655682],[116.62394579609723,5.910167219575253],[116.62914251373,5.911125253838717],[116.6343825170632,5.911811444845214],[116.63965144361192,5.91222391280665],[116.64493485161475,5.912361527789805],[116.65021825961757,5.91222391280665],[116.6554871861663,5.911811444845214],[116.6607271894995,5.911125253838717],[116.66592390713227,5.910167219575253],[116.6710630952228,5.90893996655682],[116.67613066761375,5.907446856821386],[116.68111273444146,5.905691980747647],[116.68599564020701,5.903680145867449],[116.69076600120515,5.901416863716025],[116.69541074220794,5.898908334756227],[116.69991713230313,5.896161431417282],[116.70427281978874,5.893183679294376],[116.70846586602812,5.889983236560242],[116.71248477817298,5.886568871644668],[116.71631854066449,5.88294993924245],[116.71995664542611,5.879136354715619],[116.72338912066562,5.875138566958936],[116.72660655820692,5.870967529803121],[116.7296001392774,5.866634672033396],[116.73236165867941,5.862151866105164],[116.73488354728022,5.857531395642084],[116.73715889275847,5.852785921805164],[116.73918145855038,5.847928448624813],[116.74094570094363,5.842972287390139],[116.74244678427254,5.837931020193118],[116.743680594172,5.832818462727009],[116.74464374885481,5.827648626440797],[116.74533360838102,5.822435680153112],[116.74574828189353,5.817193911230724],[116.7458866328011,5.811937686437764]],[[118.20550439937048,5.856322637588714],[118.20536604846289,5.851066779564241],[118.20495137495038,5.845825278276497],[118.20426151542421,5.840612500965817],[118.20329836074137,5.835442736537381],[118.20206455084191,5.830330156384299],[118.20056346751304,5.825288775528668],[118.19879922511974,5.820332414187233],[118.19677665932787,5.815474659867312],[118.19450131384961,5.810728830096997],[118.1919794252488,5.80610793589232],[118.18921790584679,5.801624646061624],[118.18622432477632,5.797291252445494],[118.183006887235,5.793119636187893],[118.17957441199552,5.789121235131289],[118.17593630723385,5.785307012425691],[118.17210254474237,5.781687426437971],[118.1680836325975,5.778272402044448],[118.16389058635815,5.775071303385807],[118.15953489887254,5.772092908159604],[118.15502850877732,5.769345383521108],[118.15038376777454,5.766836263659032],[118.14561340677639,5.764572429108031],[118.14073050101084,5.762560087855069],[118.13574843418316,5.760804758291725],[118.1306808617922,5.759311254059639],[118.12554167370166,5.758083670830711],[118.1203449560689,5.75712537505895],[118.1151049527357,5.756438994734516],[118.10983602618698,5.756026412166004],[118.10455261818416,5.7558887588105],[118.09926921018132,5.756026412166004],[118.0940002836326,5.756438994734516],[118.0887602802994,5.75712537505895],[118.08356356266661,5.758083670830711],[118.0784243745761,5.759311254059639],[118.07335680218512,5.760804758291725],[118.06837473535744,5.762560087855069],[118.06349182959188,5.764572429108031],[118.05872146859376,5.766836263659032],[118.05407672759097,5.769345383521108],[118.04957033749575,5.772092908159604],[118.04521465001015,5.775071303385807],[118.04102160377077,5.778272402044448],[118.03700269162593,5.781687426437971],[118.03316892913442,5.785307012425691],[118.02953082437278,5.789121235131289],[118.02609834913328,5.793119636187893],[118.02288091159198,5.797291252445494],[118.01988733052148,5.801624646061624],[118.01712581111947,5.80610793589232],[118.01460392251869,5.810728830096997],[118.01232857704044,5.815474659867312],[118.01030601124853,5.820332414187233],[118.00854176885527,5.825288775528668],[118.00704068552636,5.830330156384299],[118.0058068756269,5.835442736537381],[118.0048437209441,5.840612500965817],[118.00415386141789,5.845825278276497],[118.00373918790538,5.851066779564241],[118.00360083699779,5.856322637588714],[118.00373918790538,5.861578446161758],[118.00415386141789,5.866819799636976],[118.0048437209441,5.872032332393496],[118.0058068756269,5.877201758205552],[118.00704068552636,5.882313909389997],[118.00854176885527,5.88735477562463],[118.01030601124853,5.892310542330998],[118.01232857704044,5.897167628516772],[118.01460392251869,5.901912723974069],[118.01712581111947,5.906532825732188],[118.01988733052148,5.911015273665008],[118.02288091159198,5.915347785155977],[118.02609834913328,5.919518488725868],[118.02953082437278,5.923515956531853],[118.03316892913442,5.927329235648783],[118.03700269162593,5.930947878047962],[118.04102160377077,5.934361969191235],[118.04521465001015,5.937562155162765],[118.04957033749575,5.940539668264607],[118.05407672759097,5.943286351006195],[118.05872146859376,5.945794678422819],[118.06349182959188,5.948057778661998],[118.06837473535744,5.950069451782008],[118.07335680218512,5.951824186711457],[118.0784243745761,5.953317176323652],[118.08356356266661,5.954544330584921],[118.0887602802994,5.955502287741117],[118.0940002836326,5.956188423511989],[118.09926921018132,5.956600858268344],[118.10455261818416,5.95673846217252],[118.10983602618698,5.956600858268344],[118.1151049527357,5.956188423511989],[118.1203449560689,5.955502287741117],[118.12554167370166,5.954544330584921],[118.1306808617922,5.953317176323652],[118.13574843418316,5.951824186711457],[118.14073050101084,5.950069451782008],[118.14561340677639,5.948057778661998],[118.15038376777454,5.945794678422819],[118.15502850877732,5.943286351006195],[118.15953489887254,5.940539668264607],[118.16389058635815,5.937562155162765],[118.1680836325975,5.934361969191235],[118.17210254474237,5.930947878047962],[118.17593630723385,5.927329235648783],[118.17957441199552,5.923515956531853],[118.183006887235,5.919518488725868],[118.18622432477632,5.915347785155977],[118.18921790584679,5.911015273665008],[118.1919794252488,5.906532825732188],[118.19450131384961,5.901912723974069],[118.19677665932787,5.897167628516772],[118.19879922511974,5.892310542330998],[118.20056346751304,5.88735477562463],[118.20206455084191,5.882313909389997],[118.20329836074137,5.877201758205552],[118.20426151542421,5.872032332393496],[118.20495137495038,5.866819799636976],[118.20536604846289,5.861578446161758],[118.20550439937048,5.856322637588714]],[[117.45868963842943,6.073206393521326],[117.45855128752186,6.067952612875328],[117.45813661400935,6.062713181475078],[117.45744675448317,6.05750246090956],[117.45648359980034,6.052334734483098],[117.45524978990089,6.04722416805347],[117.45374870657199,6.042184771187545],[117.45198446417871,6.037230358741144],[117.44996189838682,6.032374512968883],[117.44768655290858,6.027630546267772],[117.44516466430775,6.023011464657327],[117.44240314490575,6.018529932096452],[117.43940956383527,6.014198235735389],[117.43619212629397,6.010028252198246],[117.43275965105447,6.00603141498917],[117.42912154629282,6.002218683111698],[117.42528778380132,5.998600510987909],[117.42126887165645,5.995186819760292],[117.4170758254171,5.991986970055399],[117.41272013793149,5.98900973628436],[117.40821374783627,5.986263282551258],[117.40356900683351,5.983755140235793],[117.39879864583534,5.981492187312107],[117.39391574006979,5.979480629460818],[117.38893367324211,5.977725983026486],[117.38386610085117,5.976233059867504],[117.37872691276063,5.975005954140341],[117.37353019512786,5.974048031054502],[117.36829019179466,5.973361917629482],[117.36302126524593,5.972949495478963],[117.35773785724311,5.972811895642563],[117.35245444924028,5.972949495478963],[117.34718552269156,5.973361917629482],[117.34194551935836,5.974048031054502],[117.33674880172556,5.975005954140341],[117.33160961363505,5.976233059867504],[117.32654204124411,5.977725983026486],[117.3215599744164,5.979480629460818],[117.31667706865085,5.981492187312107],[117.31190670765271,5.983755140235793],[117.30726196664992,5.986263282551258],[117.30275557655473,5.98900973628436],[117.29839988906912,5.991986970055399],[117.29420684282974,5.995186819760292],[117.29018793068488,5.998600510987909],[117.28635416819337,6.002218683111698],[117.28271606343175,6.00603141498917],[117.27928358819224,6.010028252198246],[117.27606615065095,6.014198235735389],[117.27307256958046,6.018529932096452],[117.27031105017846,6.023011464657327],[117.26778916157764,6.027630546267772],[117.26551381609939,6.032374512968883],[117.26349125030748,6.037230358741144],[117.26172700791423,6.042184771187545],[117.26022592458531,6.04722416805347],[117.25899211468585,6.052334734483098],[117.25802896000305,6.05750246090956],[117.25733910047684,6.062713181475078],[117.25692442696433,6.067952612875328],[117.25678607605676,6.073206393521326],[117.25692442696433,6.078460122911488],[117.25733910047684,6.083699401105844],[117.25802896000305,6.088909868193977],[117.25899211468585,6.094077243648698],[117.26022592458531,6.099187365457558],[117.26172700791423,6.104226228925112],[117.26349125030748,6.109180025039518],[117.26551381609939,6.114035178298895],[117.26778916157764,6.118778383893539],[117.27031105017846,6.123396644142798],[117.27307256958046,6.127877304086793],[117.27606615065095,6.132208086135887],[117.27928358819224,6.136377123683362],[117.28271606343175,6.14037299358954],[117.28635416819337,6.14418474744889],[117.29018793068488,6.147801941554684],[117.29420684282974,6.151214665479774],[117.29839988906912,6.154413569195621],[117.30275557655473,6.157389888655532],[117.30726196664992,6.160135469772759],[117.31190670765271,6.162642790728195],[117.31667706865085,6.164904982546622],[117.3215599744164,6.166915847886262],[117.32654204124411,6.168669877989832],[117.33160961363505,6.170162267751564],[117.33674880172556,6.171388928858988],[117.34194551935836,6.172346500973926],[117.34718552269156,6.173032360922172],[117.35245444924028,6.17344462986718],[117.35773785724311,6.173582178447885],[117.36302126524593,6.17344462986718],[117.36829019179466,6.173032360922172],[117.37353019512786,6.172346500973926],[117.37872691276063,6.171388928858988],[117.38386610085117,6.170162267751564],[117.38893367324211,6.168669877989832],[117.39391574006979,6.166915847886262],[117.39879864583534,6.164904982546622],[117.40356900683351,6.162642790728195],[117.40821374783627,6.160135469772759],[117.41272013793149,6.157389888655532],[117.4170758254171,6.154413569195621],[117.42126887165645,6.151214665479774],[117.42528778380132,6.147801941554684],[117.42912154629282,6.14418474744889],[117.43275965105447,6.14037299358954],[117.43619212629397,6.136377123683362],[117.43940956383527,6.132208086135887],[117.44240314490575,6.127877304086793],[117.44516466430775,6.123396644142798],[117.44768655290858,6.118778383893539],[117.44996189838682,6.114035178298895],[117.45198446417871,6.109180025039518],[117.45374870657199,6.104226228925112],[117.45524978990089,6.099187365457558],[117.45648359980034,6.094077243648698],[117.45744675448317,6.088909868193977],[117.45813661400935,6.083699401105844],[117.45855128752186,6.078460122911488],[117.45868963842943,6.073206393521326]],[[117.65682805874346,5.30000345225162],[117.65668970783588,5.294742610044152],[117.65627503432336,5.28949614285691],[117.65558517479717,5.284278431484617],[117.65462202011436,5.279103778262296],[117.65338821021489,5.273986367852523],[117.65188712688598,5.268940228351598],[117.65012288449273,5.263979192821127],[117.64810031870081,5.259116861350917],[117.64582497322257,5.254366563757252],[117.64330308462178,5.249741323019091],[117.64054156521976,5.245253819552875],[117.63754798414926,5.240916356423874],[117.63433054660797,5.236740825590194],[117.63089807136846,5.232738675271979],[117.62725996660684,5.228920878535827],[117.62342620411532,5.225297903180863],[117.61940729197048,5.221879683009519],[117.6152142457311,5.218675590561942],[117.61085855824551,5.21569441138942],[117.6063521681503,5.212944319937536],[117.6017074271475,5.21043285710572],[117.59693706614937,5.208166909544858],[117.59205416038381,5.206152690750215],[117.58707209355613,5.204395724001844],[117.58200452116516,5.202900827199373],[117.57686533307464,5.201672099633105],[117.57166861544185,5.200712910728079],[117.56642861210865,5.200025890791847],[117.56115968555993,5.199612923791751],[117.5558762775571,5.199475142181575],[117.55059286955428,5.199612923791751],[117.54532394300556,5.200025890791847],[117.54008393967236,5.200712910728079],[117.53488722203959,5.201672099633105],[117.52974803394905,5.202900827199373],[117.5246804615581,5.204395724001844],[117.51969839473041,5.206152690750215],[117.51481548896486,5.208166909544858],[117.5100451279667,5.21043285710572],[117.50540038696394,5.212944319937536],[117.50089399686873,5.21569441138942],[117.49653830938311,5.218675590561942],[117.49234526314376,5.221879683009519],[117.48832635099888,5.225297903180863],[117.4844925885074,5.228920878535827],[117.48085448374574,5.232738675271979],[117.47742200850625,5.236740825590194],[117.47420457096493,5.240916356423874],[117.47121098989446,5.245253819552875],[117.46844947049246,5.249741323019091],[117.46592758189163,5.254366563757252],[117.46365223641338,5.259116861350917],[117.4616296706215,5.263979192821127],[117.45986542822823,5.268940228351598],[117.45836434489934,5.273986367852523],[117.45713053499988,5.279103778262296],[117.45616738031704,5.284278431484617],[117.45547752079086,5.28949614285691],[117.45506284727836,5.294742610044152],[117.45492449637078,5.30000345225162],[117.45506284727836,5.305264249648672],[117.45547752079086,5.310510582895633],[117.45616738031704,5.315728072665245],[117.45713053499988,5.320902419050462],[117.45836434489934,5.32601944075045],[117.45986542822823,5.331065113927722],[117.4616296706215,5.336025610629827],[117.46365223641338,5.340887336670499],[117.46592758189163,5.345636968866681],[117.46844947049246,5.35026149152965],[117.47121098989446,5.354748232110398],[117.47420457096493,5.359084895901964],[117.47742200850625,5.363259599703988],[117.48085448374574,5.367260904357457],[117.4844925885074,5.371077846061062],[117.48832635099888,5.374699966383591],[117.49234526314376,5.378117340890521],[117.49653830938311,5.381320606307001],[117.50089399686873,5.384300986142825],[117.50540038696394,5.387050314710107],[117.5100451279667,5.389561059467749],[117.51481548896486,5.391826341632197],[117.51969839473041,5.393839954998397],[117.5246804615581,5.39559638291947],[117.52974803394905,5.397090813399293],[117.53488722203959,5.398319152256653],[117.54008393967236,5.3992780343253],[117.54532394300556,5.399964832659425],[117.55059286955428,5.400377665719569],[117.5558762775571,5.400515402519457],[117.56115968555993,5.400377665719569],[117.56642861210865,5.399964832659425],[117.57166861544185,5.3992780343253],[117.57686533307464,5.398319152256653],[117.58200452116516,5.397090813399293],[117.58707209355613,5.39559638291947],[117.59205416038381,5.393839954998397],[117.59693706614937,5.391826341632197],[117.6017074271475,5.389561059467749],[117.6063521681503,5.387050314710107],[117.61085855824551,5.384300986142825],[117.6152142457311,5.381320606307001],[117.61940729197048,5.378117340890521],[117.62342620411532,5.374699966383591],[117.62725996660684,5.371077846061062],[117.63089807136846,5.367260904357457],[117.63433054660797,5.363259599703988],[117.63754798414926,5.359084895901964],[117.64054156521976,5.354748232110398],[117.64330308462178,5.35026149152965],[117.64582497322257,5.345636968866681],[117.64810031870081,5.340887336670499],[117.65012288449273,5.336025610629827],[117.65188712688598,5.331065113927722],[117.65338821021489,5.32601944075045],[117.65462202011436,5.320902419050462],[117.65558517479717,5.315728072665245],[117.65627503432336,5.310510582895633],[117.65668970783588,5.305264249648672],[117.65682805874346,5.30000345225162]],[[118.38464237349966,4.949979777735798],[118.38450402259208,4.944716053761304],[118.38408934907956,4.939466715622652],[118.38339948955337,4.934246151947813],[118.38243633487056,4.92906867283038],[118.38120252497109,4.923948470596244],[118.37970144164218,4.918899580889621],[118.37793719924893,4.913935844185139],[118.37591463345701,4.909070867831735],[118.37363928797878,4.904317988732606],[118.37111739937795,4.899690236763858],[118.36835587997597,4.895200299032243],[118.36536229890547,4.890860485070369],[118.36214486136417,4.886682693065178],[118.35871238612467,4.882678377212455],[118.35507428136304,4.878858516287243],[118.35124051887152,4.875233583516859],[118.34722160672668,4.871813517839232],[118.3430285604873,4.868607696625737],[118.33867287300171,4.865624909943974],[118.3341664829065,4.86287333643087],[118.3295217419037,4.860360520843132],[118.32475138090557,4.858093353346554],[118.31986847514001,4.85607805060142],[118.3148864083123,4.854320138696139],[118.30981883592136,4.852824437976182],[118.30467964783085,4.851595049810082],[118.29948293019805,4.850635345329051],[118.29424292686485,4.849947956171386],[118.28897400031613,4.849534767256904],[118.2836905923133,4.84939691161162],[118.27840718431048,4.849534767256904],[118.27313825776176,4.849947956171386],[118.26789825442856,4.850635345329051],[118.26270153679579,4.851595049810082],[118.25756234870525,4.852824437976182],[118.25249477631431,4.854320138696139],[118.24751270948661,4.85607805060142],[118.24262980372107,4.858093353346554],[118.23785944272291,4.860360520843132],[118.23321470172014,4.86287333643087],[118.22870831162493,4.865624909943974],[118.22435262413931,4.868607696625737],[118.22015957789996,4.871813517839232],[118.21614066575508,4.875233583516859],[118.2123069032636,4.878858516287243],[118.20866879850195,4.882678377212455],[118.20523632326245,4.886682693065178],[118.20201888572115,4.890860485070369],[118.19902530465066,4.895200299032243],[118.19626378524866,4.899690236763858],[118.19374189664784,4.904317988732606],[118.19146655116958,4.909070867831735],[118.18944398537771,4.913935844185139],[118.18767974298443,4.918899580889621],[118.18617865965554,4.923948470596244],[118.18494484975608,4.92906867283038],[118.18398169507324,4.934246151947813],[118.18329183554707,4.939466715622652],[118.18287716203456,4.944716053761304],[118.18273881112698,4.949979777735798],[118.18287716203456,4.955243459828671],[118.18329183554707,4.960492672781379],[118.18398169507324,4.965713029337492],[118.18494484975608,4.970890221672681],[118.18617865965554,4.976010060603098],[118.18767974298443,4.981058514464968],[118.18944398537771,4.986021747558907],[118.19146655116958,4.990886158053645],[118.19374189664784,4.995638415245648],[118.19626378524866,5.000265496072588],[118.19902530465066,5.004754720780904],[118.20201888572115,5.009093787650024],[118.20523632326245,5.013270806678318],[118.20866879850195,5.017274332138942],[118.2123069032636,5.021093393916508],[118.21614066575508,5.024717527539362],[118.22015957789996,5.028136802825195],[118.22435262413931,5.031341851062315],[118.22870831162493,5.034323890652025],[118.23321470172014,5.037074751142655],[118.23785944272291,5.039586895589527],[118.24262980372107,5.041853441179985],[118.24751270948661,5.04386817806747],[118.25249477631431,5.045625586363188],[118.25756234870525,5.047120851239345],[118.26270153679579,5.048349876102555],[118.26789825442856,5.049309293802016],[118.27313825776176,5.049996475841477],[118.27840718431048,5.050409539570332],[118.2836905923133,5.050547353334109],[118.28897400031613,5.050409539570332],[118.29424292686485,5.049996475841477],[118.29948293019805,5.049309293802016],[118.30467964783085,5.048349876102555],[118.30981883592136,5.047120851239345],[118.3148864083123,5.045625586363188],[118.31986847514001,5.04386817806747],[118.32475138090557,5.041853441179985],[118.3295217419037,5.039586895589527],[118.3341664829065,5.037074751142655],[118.33867287300171,5.034323890652025],[118.3430285604873,5.031341851062315],[118.34722160672668,5.028136802825195],[118.35124051887152,5.024717527539362],[118.35507428136304,5.021093393916508],[118.35871238612467,5.017274332138942],[118.36214486136417,5.013270806678318],[118.36536229890547,5.009093787650024],[118.36835587997597,5.004754720780904],[118.37111739937795,5.000265496072588],[118.37363928797878,4.995638415245648],[118.37591463345701,4.990886158053645],[118.37793719924893,4.986021747558907],[118.37970144164218,4.981058514464968],[118.38120252497109,4.976010060603098],[118.38243633487056,4.970890221672681],[118.38339948955337,4.965713029337492],[118.38408934907956,4.960492672781379],[118.38450402259208,4.955243459828671],[118.38464237349966,4.949979777735798]],[[117.71959410664181,4.484664538565635],[117.7194557557342,4.479397287802117],[117.7190410822217,4.474144436428348],[117.71835122269552,4.468920382654066],[117.71738806801268,4.463739446059808],[117.71615425811325,4.458615828338544],[117.71465317478433,4.453563574357129],[117.71288893239108,4.448596533644671],[117.71086636659918,4.443728322413463],[117.70859102112092,4.438972286216726],[117.70606913252011,4.434341463345909],[117.7033076131181,4.429848549067986],[117.70031403204763,4.425505860801124],[117.69709659450633,4.421325304324482],[117.69366411926683,4.417318341115124],[117.6900260145052,4.413495956901665],[117.68619225201368,4.409868631521579],[117.68217333986883,4.406446310164701],[117.67798029362946,4.403238376082422],[117.67362460614383,4.400253624837487],[117.66911821604864,4.397500240165446],[117.66447347504585,4.394985771514157],[117.6597031140477,4.392717113323291],[117.65482020828215,4.390700486100801],[117.64983814145447,4.388941419348646],[117.64477056906351,4.387444736384756],[117.63963138097297,4.386214541102932],[117.63443466334022,4.385254206707499],[117.629194660007,4.384566366453443],[117.62392573345828,4.384152906417641],[117.61864232545545,4.384014960321301],[117.61335891745263,4.384152906417641],[117.6080899909039,4.384566366453443],[117.6028499875707,4.385254206707499],[117.59765326993795,4.386214541102932],[117.59251408184741,4.387444736384756],[117.58744650945646,4.388941419348646],[117.58246444262875,4.390700486100801],[117.57758153686319,4.392717113323291],[117.57281117586507,4.394985771514157],[117.56816643486226,4.397500240165446],[117.56366004476708,4.400253624837487],[117.55930435728146,4.403238376082422],[117.55511131104208,4.406446310164701],[117.55109239889724,4.409868631521579],[117.54725863640573,4.413495956901665],[117.5436205316441,4.417318341115124],[117.54018805640459,4.421325304324482],[117.5369706188633,4.425505860801124],[117.53397703779282,4.429848549067986],[117.53121551839081,4.434341463345909],[117.52869362979,4.438972286216726],[117.52641828431175,4.443728322413463],[117.52439571851984,4.448596533644671],[117.52263147612658,4.453563574357129],[117.52113039279767,4.458615828338544],[117.51989658289821,4.463739446059808],[117.5189334282154,4.468920382654066],[117.5182435686892,4.474144436428348],[117.51782889517669,4.479397287802117],[117.5176905442691,4.484664538565635],[117.51782889517669,4.489931751350646],[117.5182435686892,4.495184489205024],[117.5189334282154,4.500408355162794],[117.51989658289821,4.505589031701161],[117.52113039279767,4.510712319976411],[117.52263147612658,4.51576417873116],[117.52439571851984,4.520730762766498],[117.52641828431175,4.525598460873616],[117.52869362979,4.53035393312119],[117.53121551839081,4.53498414739652],[117.53397703779282,4.539476415100578],[117.5369706188633,4.54381842589919],[117.54018805640459,4.547998281435675],[117.5436205316441,4.55200452791266],[117.54725863640573,4.555826187454176],[117.55109239889724,4.559452788162421],[117.55511131104208,4.562874392787205],[117.55930435728146,4.566081625929798],[117.56366004476708,4.569065699707108],[117.56816643486226,4.571818437806032],[117.57281117586507,4.574332297862687],[117.57758153686319,4.576600392105306],[117.58246444262875,4.578616506204634],[117.58744650945646,4.580375116280572],[117.59251408184741,4.581871404018649],[117.59765326993795,4.58310126985521],[117.6028499875707,4.584061344195362],[117.6080899909039,4.584748996633378],[117.61335891745263,4.585162343150082],[117.61864232545545,4.585300251268029],[117.62392573345828,4.585162343150082],[117.629194660007,4.584748996633378],[117.63443466334022,4.584061344195362],[117.63963138097297,4.58310126985521],[117.64477056906351,4.581871404018649],[117.64983814145447,4.580375116280572],[117.65482020828215,4.578616506204634],[117.6597031140477,4.576600392105306],[117.66447347504585,4.574332297862687],[117.66911821604864,4.571818437806032],[117.67362460614383,4.569065699707108],[117.67798029362946,4.566081625929798],[117.68217333986883,4.562874392787205],[117.68619225201368,4.559452788162421],[117.6900260145052,4.555826187454176],[117.69366411926683,4.552004527912672],[117.69709659450633,4.547998281435675],[117.70031403204763,4.54381842589919],[117.7033076131181,4.539476415100578],[117.70606913252011,4.53498414739652],[117.70859102112092,4.53035393312119],[117.71086636659918,4.525598460873616],[117.71288893239108,4.520730762766498],[117.71465317478433,4.51576417873116],[117.71615425811325,4.510712319976411],[117.71738806801268,4.505589031701161],[117.71835122269552,4.500408355162794],[117.7190410822217,4.495184489205024],[117.7194557557342,4.489931751350646],[117.71959410664181,4.484664538565635]],[[110.05153888862662,1.563786929899244],[110.05140053771905,1.558505482995761],[110.05098586420652,1.553238498979728],[110.05029600468033,1.548000414494935],[110.04933284999751,1.542805587078185],[110.04809904009805,1.53766825580234],[110.04659795676916,1.532602502242919],[110.04483371437588,1.527622211875518],[110.042811148584,1.522741036009712],[110.04053580310574,1.517972354363997],[110.03801391450494,1.513329238384383],[110.03525239510293,1.508824415407414],[110.03225881403245,1.504470233765641],[110.02904137649114,1.500278628931713],[110.02560890125164,1.496261090793547],[110.02197079649001,1.492428632150857],[110.0181370339985,1.488791758518997],[110.01411812185364,1.485360439323461],[110.00992507561428,1.482144080563795],[110.00556938812868,1.479151499022018],[110.00106299803346,1.476390898086442],[109.99641825703067,1.473869845257142],[109.99164789603253,1.471595251394916],[109.98676499026698,1.469573351770583],[109.9817829234393,1.467809688966715],[109.97671535104833,1.466309097678761],[109.9715761629578,1.465075691457233],[109.96637944532503,1.464112851427349],[109.96113944199183,1.463423217017143],[109.95587051544311,1.463008678719437],[109.95058710744028,1.462870372907643],[109.94530369943746,1.463008678719437],[109.94003477288874,1.463423217017143],[109.93479476955552,1.464112851427349],[109.92959805192275,1.465075691457233],[109.92445886383223,1.466309097678761],[109.91939129144126,1.467809688966715],[109.91440922461358,1.469573351770583],[109.90952631884802,1.471595251394916],[109.90475595784989,1.473869845257142],[109.90011121684711,1.476390898086442],[109.89560482675189,1.479151499022018],[109.89124913926628,1.482144080563795],[109.88705609302693,1.485360439323461],[109.88303718088206,1.488791758518997],[109.87920341839056,1.492428632150857],[109.87556531362891,1.496261090793547],[109.87213283838942,1.500278628931713],[109.86891540084811,1.504470233765641],[109.86592181977763,1.508824415407414],[109.86316030037561,1.513329238384383],[109.86063841177481,1.517972354363997],[109.85836306629656,1.522741036009712],[109.85634050050467,1.527622211875518],[109.85457625811141,1.532602502242919],[109.8530751747825,1.53766825580234],[109.85184136488304,1.542805587078185],[109.85087821020022,1.548000414494935],[109.85018835067403,1.553238498979728],[109.84977367716152,1.558505482995761],[109.84963532625395,1.563786929899244],[109.84977367716152,1.569068363512117],[109.85018835067403,1.57433530780194],[109.85087821020022,1.579573326560164],[109.85184136488304,1.584768062970099],[109.8530751747825,1.589905278956002],[109.85457625811141,1.594970894205467],[109.85634050050467,1.599951024758277],[109.85836306629656,1.604832021055806],[109.86063841177481,1.609600505346983],[109.86316030037561,1.614243408348029],[109.86592181977763,1.61874800505586],[109.86891540084811,1.623101949616963],[109.87213283838942,1.627293309156234],[109.87556531362891,1.631310596473212],[109.87920341839056,1.635142801516269],[109.88303718088206,1.638779421548523],[109.88705609302693,1.642210489922972],[109.89124913926628,1.645426603388135],[109.89560482675189,1.648418947849483],[109.90011121684711,1.651179322516188],[109.90475595784989,1.653700162367213],[109.90952631884802,1.655974558875207],[109.91440922461358,1.657996278931606],[109.91939129144126,1.659759781921201],[109.92445886383223,1.661260234899503],[109.92959805192275,1.662493525831344],[109.93479476955552,1.663456274854643],[109.94003477288874,1.664145843538445],[109.94530369943746,1.66456034211003],[109.95058710744028,1.664698634631253],[109.95587051544311,1.66456034211003],[109.96113944199183,1.664145843538445],[109.96637944532503,1.663456274854643],[109.9715761629578,1.662493525831344],[109.97671535104833,1.661260234899503],[109.9817829234393,1.659759781921201],[109.98676499026698,1.657996278931606],[109.99164789603253,1.655974558875207],[109.99641825703067,1.653700162367213],[110.00106299803346,1.651179322516188],[110.00556938812868,1.648418947849483],[110.00992507561428,1.645426603388135],[110.01411812185364,1.642210489922972],[110.0181370339985,1.638779421548523],[110.02197079649001,1.635142801516269],[110.02560890125164,1.631310596473212],[110.02904137649114,1.627293309156234],[110.03225881403245,1.623101949616963],[110.03525239510293,1.61874800505586],[110.03801391450494,1.614243408348029],[110.04053580310574,1.609600505346983],[110.042811148584,1.604832021055806],[110.04483371437588,1.599951024758277],[110.04659795676916,1.594970894205467],[110.04809904009805,1.589905278956002],[110.04933284999751,1.584768062970099],[110.05029600468033,1.579573326560164],[110.05098586420652,1.57433530780194],[110.05140053771905,1.569068363512117],[110.05153888862662,1.563786929899244]],[[110.45058886364578,1.504045087525733],[110.4504505127382,1.498763493408102],[110.45003583922569,1.493496363086604],[110.4493459796995,1.488258133599839],[110.44838282501668,1.483063162871749],[110.44714901511722,1.47792569035373],[110.44564793178832,1.472859797990373],[110.44388368939505,1.467879371616042],[110.44186112360316,1.462998062888047],[110.43958577812491,1.458229251860905],[110.4370638895241,1.453586010304303],[110.4343023701221,1.449081065865602],[110.43130878905161,1.444726767174798],[110.4280913515103,1.44053504998817],[110.4246588762708,1.436517404463155],[110.42102077150916,1.432684843654459],[110.41718700901767,1.429047873317733],[110.4131680968728,1.425616463103729],[110.40897505063343,1.422400019222165],[110.40461936314783,1.419407358649902],[110.40011297305261,1.416646684954697],[110.39546823204984,1.414125565800566],[110.39069787105169,1.411850912196735],[110.38581496528613,1.409828959546779],[110.38083289845845,1.408065250550469],[110.3757653260675,1.406564620004814],[110.37062613797697,1.405331181546227],[110.36542942034419,1.404368316370203],[110.36018941701099,1.403678663959444],[110.35492049046226,1.403264114845791],[110.34963708245944,1.403125805426078],[110.34435367445661,1.403264114845791],[110.33908474790789,1.403678663959444],[110.33384474457469,1.404368316370203],[110.3286480269419,1.405331181546227],[110.32350883885138,1.406564620004814],[110.31844126646044,1.408065250550469],[110.31345919963275,1.409828959546779],[110.30857629386719,1.411850912196735],[110.30380593286904,1.414125565800566],[110.29916119186626,1.416646684954697],[110.29465480177105,1.419407358649902],[110.29029911428545,1.422400019222165],[110.28610606804608,1.425616463103729],[110.28208715590122,1.429047873317733],[110.27825339340971,1.432684843654459],[110.27461528864808,1.436517404463155],[110.27118281340859,1.44053504998817],[110.26796537586728,1.444726767174798],[110.26497179479678,1.449081065865602],[110.26221027539479,1.453586010304303],[110.25968838679397,1.458229251860905],[110.25741304131571,1.462998062888047],[110.25539047552382,1.467879371616042],[110.25362623313056,1.472859797990373],[110.25212514980166,1.47792569035373],[110.2508913399022,1.483063162871749],[110.24992818521937,1.488258133599839],[110.24923832569318,1.493496363086604],[110.24882365218068,1.498763493408102],[110.2486853012731,1.504045087525733],[110.24882365218068,1.509326668860041],[110.24923832569318,1.514593760971563],[110.24992818521937,1.519831927240376],[110.2508913399022,1.525026810435174],[110.25212514980166,1.530164172063574],[110.25362623313056,1.535229931395919],[110.25539047552382,1.540210204055378],[110.25741304131571,1.545091340068783],[110.25968838679397,1.549859961273921],[110.26221027539479,1.554502997980805],[110.26497179479678,1.559007724786502],[110.26796537586728,1.563361795445415],[110.27118281340859,1.567553276699655],[110.27461528864808,1.571570680976709],[110.27825339340971,1.575402997865028],[110.28208715590122,1.579039724281441],[110.28610606804608,1.58247089324756],[110.29029911428545,1.585687101196901],[110.29465480177105,1.588679533737503],[110.29916119186626,1.591439989799958],[110.30380593286904,1.593960904104652],[110.30857629386719,1.596235367886784],[110.31345919963275,1.598257147822468],[110.31844126646044,1.600020703104211],[110.32350883885138,1.601521200619159],[110.3286480269419,1.602754528188382],[110.33384474457469,1.603717305831304],[110.33908474790789,1.604406895024277],[110.34435367445661,1.604821405928056],[110.34963708245944,1.604959702564472],[110.35492049046226,1.604821405928056],[110.36018941701099,1.604406895024277],[110.36542942034419,1.603717305831304],[110.37062613797697,1.602754528188382],[110.3757653260675,1.601521200619159],[110.38083289845845,1.600020703104211],[110.38581496528613,1.598257147822468],[110.39069787105169,1.596235367886784],[110.39546823204984,1.593960904104652],[110.40011297305261,1.591439989799958],[110.40461936314783,1.588679533737503],[110.40897505063343,1.585687101196901],[110.4131680968728,1.58247089324756],[110.41718700901767,1.579039724281441],[110.42102077150916,1.575402997865028],[110.4246588762708,1.571570680976709],[110.4280913515103,1.567553276699655],[110.43130878905161,1.563361795445415],[110.4343023701221,1.559007724786502],[110.4370638895241,1.554502997980805],[110.43958577812491,1.549859961273921],[110.44186112360316,1.545091340068783],[110.44388368939505,1.540210204055378],[110.44564793178832,1.535229931395919],[110.44714901511722,1.530164172063574],[110.44838282501668,1.525026810435174],[110.4493459796995,1.519831927240376],[110.45003583922569,1.514593760971563],[110.4504505127382,1.509326668860041],[110.45058886364578,1.504045087525733]],[[110.34749399700911,1.677576779130779],[110.34735564610153,1.672295628508941],[110.34694097258902,1.667028939000402],[110.34625111306283,1.661791146453545],[110.34528795838001,1.656596607624641],[110.34405414848055,1.651459560822683],[110.34255306515165,1.64639408687791],[110.34078882275838,1.641414070540765],[110.3387662569665,1.636533162417461],[110.33649091148824,1.631764741546213],[110.33396902288744,1.627121878717213],[110.33120750348543,1.622617300636708],[110.32821392241495,1.618263355033567],[110.32499648487364,1.614071976804262],[110.32156400963414,1.61005465528884],[110.3179259048725,1.606222402768155],[110.314092142381,1.602585724268337],[110.31007323023613,1.59915458875575],[110.30588018399678,1.595938401801378],[110.30152449651116,1.59294597978957],[110.29701810641595,1.590185525742174],[110.29237336541317,1.587664606824251],[110.28760300441503,1.585390133593124],[110.28272009864948,1.583368341047927],[110.27773803182178,1.581604771531357],[110.27267045943083,1.580104259530878],[110.2675312713403,1.578870918421004],[110.26233455370753,1.577908129182886],[110.25709455037432,1.577218531132564],[110.2518256238256,1.576804014682801],[110.24654221582277,1.576665716158981],[110.24125880781995,1.576804014682801],[110.23598988127122,1.577218531132564],[110.23074987793802,1.577908129182886],[110.22555316030525,1.578870918421004],[110.22041397221473,1.580104259530878],[110.21534639982376,1.581604771531357],[110.21036433299608,1.583368341047927],[110.20548142723052,1.585390133593124],[110.20071106623239,1.587664606824251],[110.1960663252296,1.590185525742174],[110.19155993513438,1.59294597978957],[110.18720424764878,1.595938401801378],[110.18301120140941,1.59915458875575],[110.17899228926456,1.602585724268337],[110.17515852677305,1.606222402768155],[110.17152042201141,1.61005465528884],[110.16808794677192,1.614071976804262],[110.1648705092306,1.618263355033567],[110.16187692816013,1.622617300636708],[110.15911540875811,1.627121878717213],[110.1565935201573,1.631764741546213],[110.15431817467906,1.636533162417461],[110.15229560888717,1.641414070540765],[110.1505313664939,1.64639408687791],[110.149030283165,1.651459560822683],[110.14779647326554,1.656596607624641],[110.14683331858272,1.661791146453545],[110.14614345905653,1.667028939000402],[110.14572878554401,1.672295628508941],[110.14559043463643,1.677576779130779],[110.14572878554401,1.682857915495983],[110.14614345905653,1.688124562390802],[110.14683331858272,1.693362284433731],[110.14779647326554,1.698556725640979],[110.149030283165,1.703693648773112],[110.1505313664939,1.708758974354869],[110.15229560888717,1.713738819261249],[110.15431817467906,1.718619534764335],[110.1565935201573,1.723387743936285],[110.15911540875811,1.728030378306322],[110.16187692816013,1.73253471367127],[110.1648705092306,1.736888404961482],[110.16808794677192,1.741079520066845],[110.17152042201141,1.745096572530087],[110.17515852677305,1.748928553018185],[110.17899228926456,1.752564959485466],[110.18301120140941,1.755995825945989],[110.18720424764878,1.759211749776584],[110.19155993513438,1.762203917475717],[110.1960663252296,1.764964128807836],[110.20071106623239,1.767484819267114],[110.20548142723052,1.769759080799275],[110.21036433299608,1.771780680724609],[110.21534639982376,1.773544078810784],[110.22041397221473,1.775044442448539],[110.22555316030525,1.77627765988888],[110.23074987793802,1.777240351505559],[110.23598988127122,1.777929879052156],[110.24125880781995,1.7783443528883],[110.24654221582277,1.778482637155513],[110.2518256238256,1.7783443528883],[110.25709455037432,1.777929879052156],[110.26233455370753,1.777240351505559],[110.2675312713403,1.77627765988888],[110.27267045943083,1.775044442448539],[110.27773803182178,1.773544078810784],[110.28272009864948,1.771780680724609],[110.28760300441503,1.769759080799275],[110.29237336541317,1.767484819267114],[110.29701810641595,1.764964128807836],[110.30152449651116,1.762203917475717],[110.30588018399678,1.759211749776584],[110.31007323023613,1.755995825945989],[110.314092142381,1.752564959485466],[110.3179259048725,1.748928553018185],[110.32156400963414,1.745096572530087],[110.32499648487364,1.741079520066845],[110.32821392241495,1.736888404961482],[110.33120750348543,1.73253471367127],[110.33396902288744,1.728030378306322],[110.33649091148824,1.723387743936285],[110.3387662569665,1.718619534764347],[110.34078882275838,1.713738819261249],[110.34255306515165,1.708758974354869],[110.34405414848055,1.703693648773112],[110.34528795838001,1.698556725640979],[110.34625111306283,1.693362284433731],[110.34694097258902,1.688124562390802],[110.34735564610153,1.682857915495983],[110.34749399700911,1.677576779130779]],[[110.65183800882424,1.520282276337636],[110.65169965791665,1.515000721662967],[110.65128498440414,1.509733630539032],[110.65059512487795,1.504495439898659],[110.64963197019513,1.499300507562116],[110.64839816029567,1.494163072879441],[110.64689707696677,1.48909721769645],[110.6451328345735,1.484116827751467],[110.64311026878161,1.47923555460879],[110.64083492330336,1.474466778233015],[110.63831303470255,1.469823570307293],[110.63555151530053,1.46531865839587],[110.63255793423006,1.460964391049217],[110.62934049668876,1.456772703947824],[110.62590802144926,1.45275508717711],[110.62226991668761,1.448922553723653],[110.61843615419612,1.445285609278931],[110.61441724205126,1.441854223433549],[110.6102241958119,1.438637802341117],[110.60586850832627,1.435645162926464],[110.60136211823107,1.432884508709485],[110.59671737722827,1.430363407310469],[110.59194701623015,1.428088769699001],[110.5870641104646,1.426066831243263],[110.5820820436369,1.424303134611791],[110.57701447124595,1.422802514574473],[110.57187528315542,1.421569084744858],[110.56667856552264,1.420606226299677],[110.56143856218944,1.419916578707063],[110.55616963564071,1.419502032488466],[110.55088622763789,1.419363724034458],[110.54560281963506,1.419502032488466],[110.54033389308634,1.419916578707063],[110.53509388975314,1.420606226299677],[110.52989717212037,1.421569084744858],[110.52475798402985,1.422802514574473],[110.51969041163888,1.424303134611791],[110.5147083448112,1.426066831243263],[110.50982543904564,1.428088769699001],[110.5050550780475,1.430363407310469],[110.50041033704471,1.432884508709485],[110.4959039469495,1.435645162926464],[110.4915482594639,1.438637802341117],[110.48735521322453,1.441854223433549],[110.48333630107966,1.445285609278931],[110.47950253858818,1.448922553723653],[110.47586443382653,1.45275508717711],[110.47243195858702,1.456772703947824],[110.46921452104571,1.460964391049217],[110.46622093997524,1.46531865839587],[110.46345942057323,1.469823570307293],[110.46093753197242,1.474466778233015],[110.45866218649418,1.47923555460879],[110.45663962070229,1.484116827751467],[110.45487537830901,1.48909721769645],[110.45337429498011,1.494163072879441],[110.45214048508066,1.499300507562116],[110.45117733039784,1.504495439898659],[110.45048747087165,1.509733630539032],[110.45007279735914,1.515000721662967],[110.44993444645155,1.520282276337636],[110.45007279735914,1.525563818091074],[110.45048747087165,1.530830870592934],[110.45117733039784,1.536068997333509],[110.45214048508066,1.541263841192657],[110.45337429498011,1.546401163789697],[110.45487537830901,1.551466884506876],[110.45663962070229,1.556447119079065],[110.45866218649418,1.561328217644328],[110.46093753197242,1.566096802150737],[110.46345942057323,1.570739803017324],[110.46622093997524,1.575244494948443],[110.46921452104571,1.579598531803746],[110.47243195858702,1.58378998042809],[110.47586443382653,1.587807353348832],[110.47950253858818,1.591639640251098],[110.48333630107966,1.595276338144666],[110.48735521322453,1.598707480140165],[110.4915482594639,1.601923662755713],[110.4959039469495,1.604916071679233],[110.50041033704471,1.60767650591615],[110.5050550780475,1.610197400256336],[110.50982543904564,1.612471845998756],[110.5147083448112,1.614493609877372],[110.51969041163888,1.616257151136393],[110.52475798402985,1.617757636708181],[110.52989717212037,1.618990954452428],[110.53509388975314,1.619953724420417],[110.54033389308634,1.620643308113397],[110.54560281963506,1.621057815710009],[110.55088622763789,1.621196111242836],[110.55616963564071,1.621057815710009],[110.56143856218944,1.620643308113397],[110.56667856552264,1.619953724420417],[110.57187528315542,1.618990954452428],[110.57701447124595,1.617757636708181],[110.5820820436369,1.616257151136393],[110.5870641104646,1.614493609877372],[110.59194701623015,1.612471845998756],[110.59671737722827,1.610197400256336],[110.60136211823107,1.60767650591615],[110.60586850832627,1.604916071679233],[110.6102241958119,1.601923662755713],[110.61441724205126,1.598707480140165],[110.61843615419612,1.595276338144666],[110.62226991668761,1.591639640251098],[110.62590802144926,1.587807353348832],[110.62934049668876,1.58378998042809],[110.63255793423006,1.579598531803746],[110.63555151530053,1.575244494948443],[110.63831303470255,1.570739803017324],[110.64083492330336,1.566096802150737],[110.64311026878161,1.561328217644328],[110.6451328345735,1.556447119079065],[110.64689707696677,1.551466884506876],[110.64839816029567,1.546401163789697],[110.64963197019513,1.541263841192657],[110.65059512487795,1.536068997333509],[110.65128498440414,1.530830870592934],[110.65169965791665,1.525563818091074],[110.65183800882424,1.520282276337636]],[[110.41976062132031,1.285082717230999],[110.41962227041273,1.279800632644903],[110.41920759690021,1.274533015051347],[110.41851773737402,1.269294302801685],[110.41755458269121,1.264098855105325],[110.41632077279174,1.258960912668698],[110.41481968946283,1.253894558658172],[110.41305544706958,1.248913680093988],[110.41103288127768,1.244031929780999],[110.40875753579944,1.239262688880888],[110.40623564719861,1.234619030228177],[110.40347412779661,1.230113682491033],[110.40048054672613,1.22575899527484],[110.39726310918482,1.221566905264508],[110.39383063394533,1.217548903498361],[110.3901925291837,1.213716003863394],[110.38635876669218,1.210078712898131],[110.38233985454733,1.206647000986443],[110.37814680830796,1.203430275020733],[110.37379112082235,1.20043735261007],[110.36928473072714,1.197676437903601],[110.36463998972435,1.195155099095885],[110.35986962872622,1.192880247675725],[110.35498672296066,1.190858119475474],[110.35000465613297,1.189094257572865],[110.34493708374202,1.187593497092111],[110.33979789565149,1.186359951946283],[110.3346011780187,1.185397003557],[110.3293611746855,1.184707291582747],[110.32409224813678,1.184292706680831],[110.31880884013397,1.184154385323325],[110.31352543213114,1.184292706680831],[110.30825650558242,1.184707291582747],[110.30301650224922,1.185397003557],[110.29781978461644,1.186359951946283],[110.29268059652591,1.187593497092111],[110.28761302413496,1.189094257572865],[110.28263095730726,1.190858119475474],[110.27774805154172,1.192880247675725],[110.27297769054357,1.195155099095885],[110.26833294954078,1.197676437903601],[110.26382655944558,1.20043735261007],[110.25947087195996,1.203430275020733],[110.2552778257206,1.206647000986443],[110.25125891357573,1.210078712898131],[110.24742515108423,1.213716003863394],[110.2437870463226,1.217548903498361],[110.2403545710831,1.221566905264508],[110.2371371335418,1.22575899527484],[110.23414355247131,1.230113682491033],[110.23138203306931,1.234619030228177],[110.22886014446848,1.239262688880888],[110.22658479899025,1.244031929780999],[110.22456223319836,1.248913680093988],[110.22279799080509,1.253894558658172],[110.22129690747617,1.258960912668698],[110.22006309757673,1.264098855105325],[110.2190999428939,1.269294302801685],[110.21841008336771,1.274533015051347],[110.2179954098552,1.279800632644903],[110.21785705894763,1.285082717230999],[110.2179954098552,1.290364790893429],[110.21841008336771,1.295632375835652],[110.2190999428939,1.300871034064089],[110.22006309757673,1.306066406961169],[110.22129690747617,1.311204254639989],[110.22279799080509,1.316270494972363],[110.22456223319836,1.32125124218357],[110.22658479899025,1.326132844907842],[110.22886014446848,1.330901923600555],[110.23138203306931,1.335545407204328],[110.23414355247131,1.340050568968905],[110.2371371335418,1.344405061326469],[110.2403545710831,1.348596949726999],[110.2437870463226,1.352614745341042],[110.24742515108423,1.356447436540291],[110.25125891357573,1.360084519069838],[110.2552778257206,1.363516024829523],[110.25947087195996,1.366732549185558],[110.26382655944558,1.369725276737758],[110.26833294954078,1.372486005471889],[110.27297769054357,1.375007169230934],[110.27774805154172,1.37728185844395],[110.28263095730726,1.379303839055752],[110.28761302413496,1.381067569605638],[110.29268059652591,1.382568216408495],[110.29781978461644,1.383801666796745],[110.30301650224922,1.384764540386913],[110.30825650558242,1.385454198340081],[110.31352543213114,1.385868750590753],[110.31880884013397,1.386007061024618],[110.32409224813678,1.385868750590753],[110.3293611746855,1.385454198340081],[110.3346011780187,1.384764540386913],[110.33979789565149,1.383801666796745],[110.34493708374202,1.382568216408495],[110.35000465613297,1.381067569605638],[110.35498672296066,1.379303839055752],[110.35986962872622,1.37728185844395],[110.36463998972435,1.375007169230934],[110.36928473072714,1.372486005471889],[110.37379112082235,1.369725276737758],[110.37814680830796,1.366732549185558],[110.38233985454733,1.363516024829523],[110.38635876669218,1.360084519069838],[110.3901925291837,1.356447436540291],[110.39383063394533,1.352614745341042],[110.39726310918482,1.348596949726999],[110.40048054672613,1.344405061326469],[110.40347412779661,1.340050568968905],[110.40623564719861,1.335545407204328],[110.40875753579944,1.330901923600555],[110.41103288127768,1.326132844907842],[110.41305544706958,1.32125124218357],[110.41481968946283,1.316270494972363],[110.41632077279174,1.311204254639989],[110.41755458269121,1.306066406961169],[110.41851773737402,1.300871034064089],[110.41920759690021,1.295632375835652],[110.41962227041273,1.290364790893429],[110.41976062132031,1.285082717230999]],[[110.67714122295384,1.078954205389784],[110.67700287204626,1.073671729576328],[110.67658819853374,1.068403723571806],[110.67589833900755,1.063164626770705],[110.67493518432472,1.05796879940091],[110.67370137442528,1.052830483160268],[110.67220029109637,1.047763762177318],[110.6704360487031,1.042782524403311],[110.6684134829112,1.037900423541163],[110.66613813743297,1.033130841616215],[110.66361624883216,1.028486852290903],[110.66085472943014,1.023981185024459],[110.65786114835967,1.01962619017559],[110.65464371081836,1.015433805144118],[110.65121123557886,1.011415521644222],[110.64757313081722,1.007582354199299],[110.64373936832573,1.003944809944711],[110.63972045618085,1.000512859821258],[110.63552740994149,0.997295911238527],[110.63117172245589,0.99430278228296],[110.62666533236067,0.991541677541504],[110.62202059135788,0.9890201656071],[110.61725023035974,0.986745158327802],[110.61236732459419,0.98472289185632],[110.60738525776651,0.98295890955216],[110.60231768537554,0.981458046783063],[110.59717849728501,0.980224417667563],[110.59198177965224,0.979261403795049],[110.58674177631904,0.978571644954177],[110.58147284977032,0.978157031895206],[110.5761894417675,0.97801870114584],[110.57090603376469,0.978157031895206],[110.56563710721596,0.978571644954177],[110.56039710388274,0.979261403795049],[110.55520038624996,0.980224417667563],[110.55006119815944,0.981458046783063],[110.54499362576848,0.98295890955216],[110.54001155894079,0.98472289185632],[110.53512865317524,0.986745158327802],[110.5303582921771,0.9890201656071],[110.52571355117432,0.991541677541504],[110.52120716107912,0.99430278228296],[110.51685147359349,0.997295911238527],[110.51265842735414,1.000512859821258],[110.50863951520927,1.003944809944711],[110.50480575271777,1.007582354199299],[110.50116764795612,1.011415521644222],[110.49773517271663,1.015433805144118],[110.49451773517532,1.01962619017559],[110.49152415410484,1.023981185024459],[110.48876263470284,1.028486852290903],[110.48624074610203,1.033130841616215],[110.48396540062377,1.037900423541163],[110.48194283483188,1.042782524403311],[110.48017859243862,1.047763762177318],[110.47867750910972,1.052830483160268],[110.47744369921026,1.05796879940091],[110.47648054452743,1.063164626770705],[110.47579068500124,1.068403723571806],[110.47537601148873,1.073671729576328],[110.47523766058116,1.078954205389784],[110.47537601148873,1.084236672030852],[110.47579068500124,1.089504650618636],[110.47648054452743,1.09474370205906],[110.47744369921026,1.099939466621247],[110.47867750910972,1.105077703295454],[110.48017859243862,1.110144328824894],[110.48194283483188,1.115125456304147],[110.48396540062377,1.12000743323868],[110.48624074610203,1.124776878960979],[110.48876263470284,1.129420721300837],[110.49152415410484,1.133926232409449],[110.49451773517532,1.138281063638983],[110.49773517271663,1.142473279382315],[110.50116764795612,1.146491389779976],[110.50480575271777,1.150324382205145],[110.50863951520927,1.153961751439992],[110.51265842735414,1.157393528461286],[110.51685147359349,1.160610307755979],[110.52120716107912,1.163603273092375],[110.52571355117432,1.166364221676178],[110.5303582921771,1.168885586625344],[110.53512865317524,1.17116045770221],[110.54001155894079,1.173182600246305],[110.54499362576848,1.174946472255915],[110.55006119815944,1.176447239571732],[110.55520038624996,1.177680789120987],[110.56039710388274,1.17864374018602],[110.56563710721596,1.179333453666329],[110.57090603376469,1.179748039308652],[110.5761894417675,1.179886360885642],[110.58147284977032,1.179748039308652],[110.58674177631904,1.179333453666329],[110.59198177965224,1.17864374018602],[110.59717849728501,1.177680789120987],[110.60231768537554,1.176447239571732],[110.60738525776651,1.174946472255915],[110.61236732459419,1.173182600246305],[110.61725023035974,1.17116045770221],[110.62202059135788,1.168885586625344],[110.62666533236067,1.166364221676178],[110.63117172245589,1.163603273092375],[110.63552740994149,1.160610307755979],[110.63972045618085,1.157393528461286],[110.64373936832573,1.153961751439992],[110.64757313081722,1.150324382205145],[110.65121123557886,1.146491389779976],[110.65464371081836,1.142473279382315],[110.65786114835967,1.138281063638983],[110.66085472943014,1.133926232409449],[110.66361624883216,1.129420721300837],[110.66613813743297,1.124776878960979],[110.6684134829112,1.12000743323868],[110.6704360487031,1.115125456304147],[110.67220029109637,1.110144328824894],[110.67370137442528,1.105077703295454],[110.67493518432472,1.099939466621247],[110.67589833900755,1.09474370205906],[110.67658819853374,1.089504650618636],[110.67700287204626,1.084236672030852],[110.67714122295384,1.078954205389784]],[[110.89885703488966,1.305903875214392],[110.89871868398208,1.300621833948074],[110.89830401046957,1.295354259379434],[110.89761415094338,1.29011558974404],[110.89665099626056,1.284920184138097],[110.8954171863611,1.279782283157646],[110.89391610303218,1.274715969861732],[110.89215186063893,1.269735131166539],[110.89012929484704,1.264853419776415],[110.88785394936879,1.260084216756137],[110.88533206076796,1.255440594847216],[110.88257054136596,1.250935282628713],[110.87957696029548,1.246580629621052],[110.87635952275417,1.242388572428345],[110.87292704751468,1.238370602012367],[110.86928894275304,1.234537732187873],[110.86545518026155,1.230900469425581],[110.86143626811668,1.227468784045901],[110.85724322187731,1.224252082882234],[110.8528875343917,1.221259183489079],[110.8483811442965,1.218498289965435],[110.8437364032937,1.215976970460187],[110.83896604229557,1.213702136420881],[110.83408313653001,1.211680023643025],[110.82910106970232,1.20991617517186],[110.82403349731138,1.208415426103573],[110.81889430922085,1.207181890327468],[110.81369759158805,1.206218949245828],[110.80845758825485,1.205529242502034],[110.80318866170613,1.205114660742711],[110.79790525370332,1.204976340433452],[110.7926218457005,1.205114660742711],[110.78735291915177,1.205529242502034],[110.78211291581857,1.206218949245828],[110.77691619818579,1.207181890327468],[110.77177701009526,1.208415426103573],[110.76670943770431,1.20991617517186],[110.76172737087663,1.211680023643025],[110.75684446511107,1.213702136420881],[110.75207410411292,1.215976970460187],[110.74742936311014,1.218498289965435],[110.74292297301493,1.221259183489079],[110.73856728552933,1.224252082882234],[110.73437423928996,1.227468784045901],[110.73035532714509,1.230900469425581],[110.7265215646536,1.234537732187873],[110.72288345989196,1.238370602012367],[110.71945098465245,1.242388572428345],[110.71623354711114,1.246580629621052],[110.71323996604066,1.250935282628713],[110.71047844663866,1.255440594847216],[110.70795655803784,1.260084216756137],[110.70568121255961,1.264853419776415],[110.7036586467677,1.269735131166539],[110.70189440437444,1.274715969861732],[110.70039332104554,1.279782283157646],[110.69915951114608,1.284920184138097],[110.69819635646326,1.29011558974404],[110.69750649693707,1.295354259379434],[110.69709182342456,1.300621833948074],[110.69695347251698,1.305903875214392],[110.69709182342456,1.311185905380167],[110.69750649693707,1.316453446768841],[110.69819635646326,1.321692061508332],[110.69915951114608,1.326887391103916],[110.70039332104554,1.332025195792336],[110.70189440437444,1.337091393569525],[110.7036586467677,1.34207209878498],[110.70568121255961,1.346953660196786],[110.70795655803784,1.351722698383355],[110.71047844663866,1.356366142409131],[110.71323996604066,1.360871265643973],[110.71623354711114,1.365225720638022],[110.71945098465245,1.369417572956648],[110.72288345989196,1.373435333882721],[110.7265215646536,1.377267991896687],[110.73035532714509,1.380905042848477],[110.73437423928996,1.384336518738327],[110.73856728552933,1.387553015028041],[110.74292297301493,1.390545716407787],[110.74742936311014,1.393306420947986],[110.75207410411292,1.395827562570344],[110.75684446511107,1.398102231776196],[110.76172737087663,1.400124194576001],[110.76670943770431,1.401887909567695],[110.77177701009526,1.403388543117524],[110.77691619818579,1.404621982601814],[110.78211291581857,1.405584847673274],[110.78735291915177,1.406274499521304],[110.7926218457005,1.406689048100751],[110.79790525370332,1.406827357309492],[110.80318866170613,1.406689048100751],[110.80845758825485,1.406274499521304],[110.81369759158805,1.405584847673274],[110.81889430922085,1.404621982601814],[110.82403349731138,1.403388543117524],[110.82910106970232,1.401887909567695],[110.83408313653001,1.400124194576001],[110.83896604229557,1.398102231776196],[110.8437364032937,1.395827562570344],[110.8483811442965,1.393306420947986],[110.8528875343917,1.390545716407787],[110.85724322187731,1.387553015028041],[110.86143626811668,1.384336518738327],[110.86545518026155,1.380905042848477],[110.86928894275304,1.377267991896687],[110.87292704751468,1.373435333882721],[110.87635952275417,1.369417572956648],[110.87957696029548,1.365225720638022],[110.88257054136596,1.360871265643973],[110.88533206076796,1.356366142409131],[110.88785394936879,1.351722698383355],[110.89012929484704,1.346953660196786],[110.89215186063893,1.34207209878498],[110.89391610303218,1.337091393569525],[110.8954171863611,1.332025195792336],[110.89665099626056,1.326887391103916],[110.89761415094338,1.321692061508332],[110.89830401046957,1.316453446768841],[110.89871868398208,1.311185905380167],[110.89885703488966,1.305903875214392]],[[111.33101415803164,1.266064105255973],[111.33087580712404,1.260781981709977],[111.33046113361154,1.255514325424223],[111.32977127408535,1.250275574854107],[111.32880811940252,1.2450800893108],[111.32757430950306,1.239942109599929],[111.32607322617417,1.234875718984272],[111.3243089837809,1.229894804577488],[111.322286417989,1.225013019274696],[111.32001107251075,1.220243744324533],[111.31748918390996,1.21560005264498],[111.31472766450794,1.211094672984113],[111.31173408343747,1.206739955023482],[111.30851664589615,1.202547835520452],[111.30508417065666,1.198529805581958],[111.30144606589502,1.194696879159634],[111.29761230340351,1.191059562852804],[111.29359339125865,1.187627827102134],[111.28940034501929,1.184411078852822],[111.28504465753369,1.181418135762777],[111.28053826743847,1.178657202025982],[111.27589352643568,1.176135845877856],[111.27112316543754,1.173860978844099],[111.26624025967199,1.171838836790025],[111.26125819284431,1.170074962822326],[111.25619062045334,1.168574192090352],[111.25105143236281,1.167340638528318],[111.24585471473004,1.166377683575184],[111.24061471139684,1.16568796690287],[111.23534578484812,1.165273379178276],[111.2300623768453,1.165135056879262],[111.22477896884247,1.165273379178276],[111.21951004229375,1.16568796690287],[111.21427003896054,1.166377683575184],[111.20907332132776,1.167340638528318],[111.20393413323724,1.168574192090352],[111.19886656084628,1.170074962822326],[111.19388449401859,1.171838836790025],[111.18900158825303,1.173860978844099],[111.1842312272549,1.176135845877856],[111.17958648625212,1.178657202025982],[111.1750800961569,1.181418135762777],[111.17072440867129,1.184411078852822],[111.16653136243193,1.187627827102134],[111.16251245028707,1.191059562852804],[111.15867868779557,1.194696879159634],[111.15504058303392,1.198529805581958],[111.15160810779443,1.202547835520452],[111.14839067025312,1.206739955023482],[111.14539708918264,1.211094672984113],[111.14263556978064,1.21560005264498],[111.14011368117983,1.220243744324533],[111.13783833570157,1.225013019274696],[111.13581576990968,1.229894804577488],[111.13405152751642,1.234875718984272],[111.13255044418752,1.239942109599929],[111.13131663428805,1.2450800893108],[111.13035347960523,1.250275574854107],[111.12966362007904,1.255514325424223],[111.12924894656653,1.260781981709977],[111.12911059565896,1.266064105255973],[111.12924894656653,1.271346218039862],[111.12966362007904,1.276613842157193],[111.13035347960523,1.28185253950504],[111.13131663428805,1.28704795135534],[111.13255044418752,1.29218583770987],[111.13405152751642,1.297252116328655],[111.13581576990968,1.302232901325131],[111.13783833570157,1.307114541222022],[111.14011368117983,1.311883656363803],[111.14263556978064,1.316527175583363],[111.14539708918264,1.321032372022182],[111.14839067025312,1.325386898006097],[111.15160810779443,1.329578818881083],[111.15504058303392,1.333596645716429],[111.15867868779557,1.337429366785756],[111.16251245028707,1.341066477739602],[111.16653136243193,1.344498010387226],[111.17072440867129,1.34771456000862],[111.1750800961569,1.350707311122128],[111.17958648625212,1.353468061637079],[111.1842312272549,1.355989245325467],[111.18900158825303,1.358263952551083],[111.19388449401859,1.360285949199535],[111.19886656084628,1.362049693757182],[111.20393413323724,1.363550352492551],[111.20907332132776,1.364783812698435],[111.21427003896054,1.365746693958727],[111.21951004229375,1.366436357408912],[111.22477896884247,1.366850912965159],[111.2300623768453,1.366989224502118],[111.23534578484812,1.366850912965159],[111.24061471139684,1.366436357408912],[111.24585471473004,1.365746693958727],[111.25105143236281,1.364783812698435],[111.25619062045334,1.363550352492551],[111.26125819284431,1.362049693757182],[111.26624025967199,1.360285949199535],[111.27112316543754,1.358263952551083],[111.27589352643568,1.355989245325467],[111.28053826743847,1.353468061637079],[111.28504465753369,1.350707311122128],[111.28940034501929,1.34771456000862],[111.29359339125865,1.344498010387226],[111.29761230340351,1.341066477739602],[111.30144606589502,1.337429366785756],[111.30508417065666,1.333596645716429],[111.30851664589615,1.329578818881083],[111.31173408343747,1.325386898006097],[111.31472766450794,1.321032372022182],[111.31748918390996,1.316527175583363],[111.32001107251075,1.311883656363803],[111.322286417989,1.307114541222022],[111.3243089837809,1.302232901325131],[111.32607322617417,1.297252116328655],[111.32757430950306,1.29218583770987],[111.32880811940252,1.28704795135534],[111.32977127408535,1.28185253950504],[111.33046113361154,1.276613842157193],[111.33087580712404,1.271346218039862],[111.33101415803164,1.266064105255973]],[[111.96122118297524,1.301399592646677],[111.96108283206766,1.296117541949786],[111.96066815855515,1.290849958014501],[111.95997829902896,1.285611279101633],[111.95901514434613,1.280415864332028],[111.95778133444668,1.275277954325774],[111.95628025111776,1.270211632165272],[111.95451600872451,1.265230784789378],[111.9524934429326,1.260349064924349],[111.95021809745437,1.255579853656053],[111.94769620885354,1.250936223746294],[111.94493468945154,1.246430903793547],[111.94194110838106,1.242076243336734],[111.93872367083975,1.237884178997588],[111.93529119560026,1.233866201754587],[111.93165309083862,1.230033325438226],[111.92781932834711,1.226396056534014],[111.92380041620225,1.222964365376183],[111.91960736996289,1.219747658811044],[111.91525168247728,1.21675475440494],[111.91074529238207,1.213993856267864],[111.90610055137928,1.211472532558661],[111.90133019038113,1.209197694733845],[111.89644728461558,1.207175578597005],[111.8914652177879,1.205411727200443],[111.88639764539695,1.203910975646463],[111.88125845730642,1.202677437829587],[111.87606173967363,1.201714495156282],[111.87082173634043,1.201024787273253],[111.86555280979171,1.200610204829448],[111.86026940178888,1.200471884291864],[111.85498599378607,1.200610204829448],[111.84971706723735,1.201024787273253],[111.84447706390415,1.201714495156282],[111.83928034627137,1.202677437829587],[111.83414115818083,1.203910975646463],[111.82907358578989,1.205411727200443],[111.82409151896219,1.207175578597005],[111.81920861319665,1.209197694733845],[111.8144382521985,1.211472532558661],[111.8097935111957,1.213993856267864],[111.8052871211005,1.21675475440494],[111.80093143361489,1.219747658811044],[111.79673838737553,1.222964365376183],[111.79271947523067,1.226396056534014],[111.78888571273916,1.230033325438226],[111.78524760797752,1.233866201754587],[111.78181513273803,1.237884178997588],[111.77859769519672,1.242076243336734],[111.77560411412624,1.246430903793547],[111.77284259472424,1.250936223746294],[111.77032070612341,1.255579853656053],[111.76804536064517,1.260349064924349],[111.76602279485327,1.265230784789378],[111.76425855246002,1.270211632165272],[111.7627574691311,1.275277954325774],[111.76152365923166,1.280415864332028],[111.76056050454882,1.285611279101633],[111.75987064502263,1.290849958014501],[111.75945597151012,1.296117541949786],[111.75931762060254,1.301399592646677],[111.75945597151012,1.306681632281295],[111.75987064502263,1.311949183150961],[111.76056050454882,1.317187807357156],[111.76152365923166,1.32238314637839],[111.7627574691311,1.327520960424511],[111.76425855246002,1.332587167464467],[111.76602279485327,1.337567881820697],[111.76804536064517,1.34244945222435],[111.77032070612341,1.347218499227073],[111.77284259472424,1.35186195186681],[111.77560411412624,1.356367083487299],[111.77859769519672,1.360721546613008],[111.78181513273803,1.364913406784233],[111.78524760797752,1.368931175259378],[111.78888571273916,1.372763840495289],[111.79271947523067,1.376400898319075],[111.79673838737553,1.379832380709139],[111.80093143361489,1.383048883106497],[111.8052871211005,1.386041590181675],[111.8097935111957,1.388802299986697],[111.8144382521985,1.391323446426146],[111.81920861319665,1.393598119985655],[111.82409151896219,1.395620086661386],[111.82907358578989,1.397383805038551],[111.83414115818083,1.398884441472227],[111.83928034627137,1.400117883329212],[111.84447706390415,1.401080750254311],[111.84971706723735,1.401770403430808],[111.85498599378607,1.402184952809083],[111.86026940178888,1.402323262284418],[111.86555280979171,1.402184952809083],[111.87082173634043,1.401770403430808],[111.87606173967363,1.401080750254311],[111.88125845730642,1.400117883329212],[111.88639764539695,1.398884441472227],[111.8914652177879,1.397383805038551],[111.89644728461558,1.395620086661386],[111.90133019038113,1.393598119985655],[111.90610055137928,1.391323446426146],[111.91074529238207,1.388802299986697],[111.91525168247728,1.386041590181675],[111.91960736996289,1.383048883106497],[111.92380041620225,1.379832380709139],[111.92781932834711,1.376400898319075],[111.93165309083862,1.372763840495289],[111.93529119560026,1.368931175259378],[111.93872367083975,1.364913406784233],[111.94194110838106,1.360721546613008],[111.94493468945154,1.356367083487299],[111.94769620885354,1.35186195186681],[111.95021809745437,1.347218499227073],[111.9524934429326,1.34244945222435],[111.95451600872451,1.337567881820697],[111.95628025111776,1.332587167464467],[111.95778133444668,1.327520960424511],[111.95901514434613,1.32238314637839],[111.95997829902896,1.317187807357156],[111.96066815855515,1.311949183150961],[111.96108283206766,1.306681632281295],[111.96122118297524,1.301399592646677]],[[111.54512609083716,1.548980220935392],[111.54498773992958,1.543698737010418],[111.54457306641707,1.538431716199566],[111.54388320689088,1.53319359524596],[111.54292005220806,1.527998731783781],[111.5416862423086,1.522861364981165],[111.54018515897968,1.517795576506518],[111.53842091658643,1.512815251925789],[111.53639835079454,1.507934042636093],[111.53412300531629,1.503165328440569],[111.53160111671546,1.498522180866788],[111.52883959731346,1.494017327329599],[111.52584601624298,1.489663116236551],[111.52262857870167,1.485471483131766],[111.51919610346218,1.481453917971162],[111.51555799870054,1.477621433618739],[111.51172423620905,1.473984535650483],[111.50770532406418,1.470553193548733],[111.50351227782481,1.467336813366071],[111.4991565903392,1.464344211933691],[111.494650200244,1.461583592685218],[111.4900054592412,1.459062523162141],[111.48523509824307,1.456787914262736],[111.48035219247751,1.454766001291358],[111.47537012564982,1.453002326860171],[111.47030255325888,1.45150172569031],[111.46516336516834,1.450268311353991],[111.45996664753555,1.44930546499418],[111.45472664420235,1.448615826052726],[111.44945771765363,1.448201285032339],[111.44417430965082,1.448062978312318],[111.438890901648,1.448201285032339],[111.43362197509927,1.448615826052726],[111.42838197176607,1.44930546499418],[111.42318525413329,1.450268311353991],[111.41804606604276,1.45150172569031],[111.4129784936518,1.453002326860171],[111.40799642682413,1.454766001291358],[111.40311352105857,1.456787914262736],[111.39834316006042,1.459062523162141],[111.39369841905763,1.461583592685218],[111.38919202896243,1.464344211933691],[111.38483634147681,1.467336813366071],[111.38064329523745,1.470553193548733],[111.37662438309259,1.473984535650483],[111.37279062060108,1.477621433618739],[111.36915251583945,1.481453917971162],[111.36572004059995,1.485471483131766],[111.36250260305864,1.489663116236551],[111.35950902198816,1.494017327329599],[111.35674750258616,1.498522180866788],[111.35422561398534,1.503165328440569],[111.3519502685071,1.507934042636093],[111.34992770271519,1.512815251925789],[111.34816346032194,1.517795576506518],[111.34666237699304,1.522861364981165],[111.34542856709358,1.527998731783781],[111.34446541241076,1.53319359524596],[111.34377555288457,1.538431716199566],[111.34336087937206,1.543698737010418],[111.34322252846447,1.548980220935392],[111.34336087937206,1.554261691695477],[111.34377555288457,1.559528673155883],[111.34446541241076,1.564766729004654],[111.34542856709358,1.569961502320881],[111.34666237699304,1.575098754924103],[111.34816346032194,1.580164406397095],[111.34992770271519,1.585144572674951],[111.3519502685071,1.590025604094964],[111.35422561398534,1.594794122802771],[111.35674750258616,1.599437059412586],[111.35950902198816,1.603941688820959],[111.36250260305864,1.608295665075945],[111.36572004059995,1.612487055206352],[111.36915251583945,1.616504371918359],[111.37279062060108,1.620336605070001],[111.37662438309259,1.623973251837514],[111.38064329523745,1.627404345490757],[111.38483634147681,1.630620482699206],[111.38919202896243,1.633612849293741],[111.39369841905763,1.636373244413665],[111.39834316006042,1.638894102973082],[111.40311352105857,1.641168516385075],[111.40799642682413,1.643190251487087],[111.4129784936518,1.64495376761572],[111.41804606604276,1.646454231784231],[111.42318525413329,1.647687531921423],[111.42838197176607,1.648650288135499],[111.43362197509927,1.64933986197227],[111.438890901648,1.649754363642326],[111.44417430965082,1.649892657197484],[111.44945771765363,1.649754363642326],[111.45472664420235,1.64933986197227],[111.45996664753555,1.648650288135499],[111.46516336516834,1.647687531921423],[111.47030255325888,1.646454231784231],[111.47537012564982,1.64495376761572],[111.48035219247751,1.643190251487087],[111.48523509824307,1.641168516385075],[111.4900054592412,1.638894102973082],[111.494650200244,1.636373244413665],[111.4991565903392,1.633612849293741],[111.50351227782481,1.630620482699206],[111.50770532406418,1.627404345490757],[111.51172423620905,1.623973251837514],[111.51555799870054,1.620336605070001],[111.51919610346218,1.616504371918359],[111.52262857870167,1.612487055206352],[111.52584601624298,1.608295665075945],[111.52883959731346,1.603941688820959],[111.53160111671546,1.599437059412586],[111.53412300531629,1.594794122802771],[111.53639835079454,1.590025604094964],[111.53842091658643,1.585144572674951],[111.54018515897968,1.580164406397095],[111.5416862423086,1.575098754924103],[111.54292005220806,1.569961502320881],[111.54388320689088,1.564766729004654],[111.54457306641707,1.559528673155883],[111.54498773992958,1.554261691695477],[111.54512609083716,1.548980220935392]],[[111.44620039974464,1.82144465997568],[111.44606204883706,1.816163913768228],[111.44564737532455,1.810897626349533],[111.44495751579836,1.80566023248088],[111.44399436111554,1.800466087850559],[111.4427605512161,1.795329429721416],[111.44125946788718,1.790264337901866],[111.43949522549391,1.785284696147182],[111.43747265970202,1.780404154097147],[111.43519731422379,1.775636089854359],[111.43267542562296,1.770993573306011],[111.42991390622096,1.766489330289575],[111.42692032515049,1.762135707700921],[111.42370288760917,1.757944639640645],[111.42027041236967,1.753927614691223],[111.41663230760804,1.750095644415288],[111.41279854511654,1.746459233161094],[111.40877963297166,1.743028349258205],[111.4045865867323,1.73981239768264],[111.4002308992467,1.736820194266157],[111.39572450915149,1.734059941520978],[111.3910797681487,1.73153920614578],[111.38630940715055,1.729264898275227],[111.38142650138501,1.727243252529677],[111.37644443455731,1.725479810917242],[111.37137686216636,1.723979407635158],[111.36623767407583,1.722746155812143],[111.36104095644305,1.72178343622816],[111.35580095310985,1.721093888042638],[111.35053202656113,1.720679401556525],[111.3452486185583,1.720541113028043],[111.33996521055549,1.720679401556525],[111.33469628400677,1.721093888042638],[111.32945628067357,1.72178343622816],[111.32425956304078,1.722746155812143],[111.31912037495024,1.723979407635158],[111.3140528025593,1.725479810917242],[111.30907073573161,1.727243252529677],[111.30418782996605,1.729264898275227],[111.29941746896792,1.73153920614578],[111.29477272796512,1.734059941520978],[111.29026633786992,1.736820194266157],[111.28591065038431,1.73981239768264],[111.28171760414494,1.743028349258205],[111.27769869200009,1.746459233161094],[111.27386492950858,1.750095644415288],[111.27022682474694,1.753927614691223],[111.26679434950745,1.757944639640645],[111.26357691196614,1.762135707700921],[111.26058333089566,1.766489330289575],[111.25782181149366,1.770993573306011],[111.25529992289283,1.775636089854359],[111.25302457741459,1.780404154097147],[111.25100201162269,1.785284696147182],[111.24923776922944,1.790264337901866],[111.24773668590053,1.795329429721416],[111.24650287600106,1.800466087850559],[111.24553972131825,1.80566023248088],[111.24484986179206,1.810897626349533],[111.24443518827954,1.816163913768228],[111.24429683737196,1.82144465997568],[111.24443518827954,1.826725390705446],[111.24484986179206,1.831991631860632],[111.24553972131825,1.83722894918682],[111.24650287600106,1.842422987834366],[111.24773668590053,1.847559511701559],[111.24923776922944,1.852624442451026],[111.25100201162269,1.857603898092207],[111.25302457741459,1.862484231024423],[111.25529992289283,1.867252065436208],[111.25782181149366,1.871894333958477],[111.26058333089566,1.876398313471173],[111.26357691196614,1.88075165996543],[111.26679434950745,1.884942442365626],[111.27022682474694,1.888959175219012],[111.27386492950858,1.892790850163232],[111.27769869200009,1.896426966085761],[111.28171760414494,1.899857557892716],[111.28591065038431,1.903073223808391],[111.29026633786992,1.906065151130731],[111.29477272796512,1.908825140372477],[111.29941746896792,1.911345627721939],[111.30418782996605,1.913619705761883],[111.30907073573161,1.915641142389996],[111.3140528025593,1.917404397889296],[111.31912037495024,1.918904640101642],[111.32425956304078,1.920137757663037],[111.32945628067357,1.921100371264488],[111.33469628400677,1.921789842907734],[111.33996521055549,1.922204283130454],[111.3452486185583,1.922342556181275],[111.35053202656113,1.922204283130454],[111.35580095310985,1.921789842907734],[111.36104095644305,1.921100371264488],[111.36623767407583,1.920137757663037],[111.37137686216636,1.918904640101642],[111.37644443455731,1.917404397889296],[111.38142650138501,1.915641142389996],[111.38630940715055,1.913619705761883],[111.3910797681487,1.911345627721939],[111.39572450915149,1.908825140372477],[111.4002308992467,1.906065151130731],[111.4045865867323,1.903073223808391],[111.40877963297166,1.899857557892716],[111.41279854511654,1.896426966085761],[111.41663230760804,1.892790850163232],[111.42027041236967,1.888959175219012],[111.42370288760917,1.884942442365626],[111.42692032515049,1.88075165996543],[111.42991390622096,1.876398313471173],[111.43267542562296,1.871894333958477],[111.43519731422379,1.867252065436208],[111.43747265970202,1.862484231024423],[111.43949522549391,1.857603898092207],[111.44125946788718,1.852624442451026],[111.4427605512161,1.847559511701559],[111.44399436111554,1.842422987834366],[111.44495751579836,1.83722894918682],[111.44564737532455,1.831991631860632],[111.44606204883706,1.826725390705446],[111.44620039974464,1.82144465997568]],[[111.48549141340378,2.155037516332162],[111.48535306249619,2.149757835961598],[111.48493838898368,2.144492608640226],[111.48424852945749,2.139256266258383],[111.48328537477467,2.134063161679723],[111.4820515648752,2.128927529395962],[111.4805504815463,2.123863446504525],[111.47878623915304,2.118884794116208],[111.47676367336115,2.11400521929878],[111.4744883278829,2.109238097660736],[111.47196643928208,2.104596496678258],[111.46920491988008,2.100093139865549],[111.4662113388096,2.095740371887396],[111.46299390126829,2.091550124709276],[111.4595614260288,2.087533884878263],[111.45592332126715,2.083702662024422],[111.45208955877565,2.080066958669171],[111.4480706466308,2.076636741423635],[111.44387760039143,2.073421413655921],[111.4395219129058,2.070429789702609],[111.4350155228106,2.067670070694974],[111.43037078180782,2.06514982206675],[111.42560042080969,2.062875952804726],[111.42071751504413,2.060854696499725],[111.41573544821644,2.059091594249524],[111.41066787582548,2.057591479461001],[111.40552868773496,2.0563584645931],[111.40033197010219,2.055395929877204],[111.39509196676897,2.054706514045631],[111.38982304022025,2.054292107094046],[111.38453963221743,2.054153845097446],[111.3792562242146,2.054292107094046],[111.37398729766588,2.054706514045631],[111.36874729433268,2.055395929877204],[111.36355057669991,2.0563584645931],[111.35841138860938,2.057591479461001],[111.35334381621841,2.059091594249524],[111.34836174939073,2.060854696499725],[111.34347884362518,2.062875952804726],[111.33870848262704,2.06514982206675],[111.33406374162425,2.067670070694974],[111.32955735152903,2.070429789702609],[111.32520166404343,2.073421413655921],[111.32100861780407,2.076636741423635],[111.3169897056592,2.080066958669171],[111.3131559431677,2.083702662024422],[111.30951783840607,2.087533884878263],[111.30608536316656,2.091550124709276],[111.30286792562525,2.095740371887396],[111.29987434455478,2.100093139865549],[111.29711282515277,2.104596496678258],[111.29459093655196,2.109238097660736],[111.29231559107372,2.11400521929878],[111.29029302528183,2.118884794116208],[111.28852878288855,2.123863446504525],[111.28702769955964,2.128927529395962],[111.2857938896602,2.134063161679723],[111.28483073497738,2.139256266258383],[111.28414087545119,2.144492608640226],[111.28372620193868,2.149757835961598],[111.28358785103109,2.155037516332162],[111.28372620193868,2.160317178395251],[111.28414087545119,2.165582350994797],[111.28483073497738,2.170818602840039],[111.2857938896602,2.176011582059223],[111.28702769955964,2.181147055534124],[111.28852878288855,2.186210947907256],[111.29029302528183,2.191189380155186],[111.29231559107372,2.196068707622085],[111.29459093655196,2.200835557409444],[111.29711282515277,2.205476865019581],[111.29987434455478,2.209979910152523],[111.30286792562525,2.214332351558332],[111.30608536316656,2.218522260849513],[111.30951783840607,2.22253815518098],[111.3131559431677,2.226369028708025],[111.3169897056592,2.230004382736517],[111.32100861780407,2.233434254482648],[111.32520166404343,2.236649244363652],[111.32955735152903,2.239640541744924],[111.33406374162425,2.242399949073149],[111.33870848262704,2.244919904329452],[111.34347884362518,2.247193501741236],[111.34836174939073,2.24921451069614],[111.35334381621841,2.250977392806412],[111.35841138860938,2.252477317077051],[111.36355057669991,2.253710173136434],[111.36874729433268,2.254672582493171],[111.37398729766588,2.255361907788347],[111.3792562242146,2.25577626001826],[111.38453963221743,2.255914503707448],[111.38982304022025,2.25577626001826],[111.39509196676897,2.255361907788347],[111.40033197010219,2.254672582493171],[111.40552868773496,2.253710173136434],[111.41066787582548,2.252477317077051],[111.41573544821644,2.250977392806412],[111.42071751504413,2.24921451069614],[111.42560042080969,2.247193501741236],[111.43037078180782,2.244919904329452],[111.4350155228106,2.242399949073149],[111.4395219129058,2.239640541744924],[111.44387760039143,2.236649244363652],[111.4480706466308,2.233434254482648],[111.45208955877565,2.230004382736517],[111.45592332126715,2.226369028708025],[111.4595614260288,2.22253815518098],[111.46299390126829,2.218522260849513],[111.4662113388096,2.214332351558332],[111.46920491988008,2.209979910152523],[111.47196643928208,2.205476865019581],[111.4744883278829,2.200835557409444],[111.47676367336115,2.196068707622085],[111.47878623915304,2.191189380155186],[111.4805504815463,2.186210947907256],[111.4820515648752,2.181147055534124],[111.48328537477467,2.176011582059223],[111.48424852945749,2.170818602840039],[111.48493838898368,2.165582350994797],[111.48535306249619,2.160317178395251],[111.48549141340378,2.155037516332162]],[[111.6245718136735,2.432480548098346],[111.62443346276591,2.427201890490926],[111.6240187892534,2.421937680787401],[111.62332892972721,2.416702348117717],[111.62236577504439,2.411510242625707],[111.62113196514493,2.406375596130773],[111.61963088181602,2.401312483112109],[111.61786663942276,2.396334782122682],[111.61584407363087,2.391456137738613],[111.61356872815261,2.386689923148697],[111.61104683955182,2.382049203486344],[111.6082853201498,2.377546700004943],[111.60529173907933,2.373194755194785],[111.60207430153802,2.369005298937423],[111.59864182629852,2.364989815790381],[111.59500372153687,2.361159313492017],[111.59116995904539,2.357524292773086],[111.58715104690052,2.354094718557999],[111.58295800066115,2.350879992634726],[111.57860231317554,2.347888927868511],[111.57409592308032,2.345129724030317],[111.56945118207754,2.3426099453063],[111.5646808210794,2.340336499550131],[111.55979791531385,2.338315619335303],[111.55481584848617,2.336552844859288],[111.5497482760952,2.335053008746768],[111.54460908800468,2.333820222793401],[111.5394123703719,2.332857866686947],[111.53417236703869,2.33216857873633],[111.52890344048997,2.331754248634503],[111.52362003248714,2.331616012274687],[111.51833662448433,2.331754248634503],[111.5130676979356,2.33216857873633],[111.5078276946024,2.332857866686947],[111.50263097696963,2.333820222793401],[111.4974917888791,2.335053008746768],[111.49242421648815,2.336552844859288],[111.48744214966045,2.338315619335303],[111.4825592438949,2.340336499550131],[111.47778888289676,2.3426099453063],[111.47314414189397,2.345129724030317],[111.46863775179875,2.347888927868511],[111.46428206431315,2.350879992634726],[111.46008901807379,2.354094718557999],[111.45607010592893,2.357524292773086],[111.45223634343743,2.361159313492017],[111.44859823867579,2.364989815790381],[111.4451657634363,2.369005298937423],[111.44194832589498,2.373194755194785],[111.4389547448245,2.377546700004943],[111.4361932254225,2.382049203486344],[111.43367133682169,2.386689923148697],[111.43139599134344,2.391456137738613],[111.42937342555155,2.396334782122682],[111.42760918315827,2.401312483112109],[111.42610809982938,2.406375596130773],[111.42487428992992,2.411510242625707],[111.4239111352471,2.416702348117717],[111.4232212757209,2.421937680787401],[111.4228066022084,2.427201890490926],[111.4226682513008,2.432480548098346],[111.4228066022084,2.437759185046702],[111.4232212757209,2.443023332999414],[111.4239111352471,2.448258563503079],[111.42487428992992,2.453450527533215],[111.42610809982938,2.458584994820329],[111.42760918315827,2.463647892848649],[111.42937342555155,2.468625345420714],[111.43139599134344,2.473503710682115],[111.43367133682169,2.478269618502188],[111.4361932254225,2.482910007108582],[111.4389547448245,2.487412158875023],[111.44194832589498,2.491763735164678],[111.4451657634363,2.495952810133608],[111.44859823867579,2.499967903401756],[111.45223634343743,2.503798011502377],[111.45607010592893,2.507432638023603],[111.46008901807379,2.510861822359948],[111.46428206431315,2.51407616699503],[111.46863775179875,2.517066863241086],[111.47314414189397,2.519825715364727],[111.47778888289676,2.522345163033255],[111.4825592438949,2.524618302020078],[111.48744214966045,2.526638903112748],[111.49242421648815,2.528401429171895],[111.4974917888791,2.529901050294542],[111.50263097696963,2.531133657040497],[111.5078276946024,2.53209587168542],[111.5130676979356,2.532785057470272],[111.51833662448433,2.533199325821439],[111.52362003248714,2.533337541522255],[111.52890344048997,2.533199325821439],[111.53417236703869,2.532785057470272],[111.5394123703719,2.53209587168542],[111.54460908800468,2.531133657040497],[111.5497482760952,2.529901050294542],[111.55481584848617,2.528401429171895],[111.55979791531385,2.526638903112748],[111.5646808210794,2.524618302020078],[111.56945118207754,2.522345163033255],[111.57409592308032,2.519825715364727],[111.57860231317554,2.517066863241086],[111.58295800066115,2.51407616699503],[111.58715104690052,2.510861822359948],[111.59116995904539,2.507432638023603],[111.59500372153687,2.503798011502377],[111.59864182629852,2.499967903401756],[111.60207430153802,2.495952810133608],[111.60529173907933,2.491763735164678],[111.6082853201498,2.487412158875023],[111.61104683955182,2.482910007108582],[111.61356872815261,2.478269618502188],[111.61584407363087,2.473503710682115],[111.61786663942276,2.468625345420714],[111.61963088181602,2.463647892848649],[111.62113196514493,2.458584994820329],[111.62236577504439,2.453450527533215],[111.62332892972721,2.448258563503079],[111.6240187892534,2.443023332999414],[111.62443346276591,2.437759185046702],[111.6245718136735,2.432480548098346]],[[111.92290008366535,2.26910491664874],[111.92276173275778,2.263825641790475],[111.92234705924527,2.258560817906829],[111.92165719971908,2.253324875794192],[111.92069404503626,2.248132167238749],[111.91946023513681,2.242996925673917],[111.91795915180789,2.237933227160643],[111.91619490941463,2.232954951797504],[111.91417234362274,2.228075745666603],[111.9118969981445,2.223308983419559],[111.90937510954367,2.218667731606478],[111.90661359014167,2.214164712848183],[111.90362000907119,2.209812270950471],[111.90040257152988,2.205622337055943],[111.89697009629039,2.201606396926295],[111.89333199152875,2.197775459445115],[111.88949822903724,2.194140026427419],[111.88547931689239,2.190710063819178],[111.881286270653,2.187494974365566],[111.87693058316741,2.184503571823222],[111.8724241930722,2.181744056787498],[111.86777945206941,2.17922399420063],[111.86300909107126,2.176950292603199],[111.85812618530571,2.174929185185459],[111.85314411847803,2.173166212690795],[111.84807654608707,2.171666208218182],[111.84293735799655,2.170433283965596],[111.83774064036376,2.169470819950466],[111.83250063703056,2.168781454738553],[111.82723171048184,2.168367078206441],[111.82194830247902,2.168228826357604],[111.8166648944762,2.168367078206441],[111.81139596792748,2.168781454738553],[111.80615596459428,2.169470819950466],[111.8009592469615,2.170433283965596],[111.79582005887096,2.171666208218182],[111.79075248648002,2.173166212690795],[111.78577041965232,2.174929185185459],[111.78088751388677,2.176950292603199],[111.77611715288863,2.17922399420063],[111.77147241188584,2.181744056787498],[111.76696602179064,2.184503571823222],[111.76261033430502,2.187494974365566],[111.75841728806566,2.190710063819178],[111.7543983759208,2.194140026427419],[111.75056461342929,2.197775459445115],[111.74692650866766,2.201606396926295],[111.74349403342816,2.205622337055943],[111.74027659588685,2.209812270950471],[111.73728301481637,2.214164712848183],[111.73452149541437,2.218667731606478],[111.73199960681355,2.223308983419559],[111.7297242613353,2.228075745666603],[111.7277016955434,2.232954951797504],[111.72593745315015,2.237933227160643],[111.72443636982123,2.242996925673917],[111.72320255992177,2.248132167238749],[111.72223940523895,2.253324875794192],[111.72154954571276,2.258560817906829],[111.72113487220025,2.263825641790475],[111.72099652129268,2.26910491664874],[111.72113487220025,2.274384172232486],[111.72154954571276,2.279648938503769],[111.72223940523895,2.284884785297421],[111.72320255992177,2.290077361871575],[111.72443636982123,2.295212436238833],[111.72593745315015,2.300275934170133],[111.7277016955434,2.305253977764496],[111.7297242613353,2.31013292347915],[111.73199960681355,2.314899399515635],[111.73452149541437,2.319540342459669],[111.73728301481637,2.324043033074451],[111.74027659588685,2.328395131149394],[111.74349403342816,2.332584709308918],[111.74692650866766,2.336600285688806],[111.75056461342929,2.340430855390834],[111.7543983759208,2.344065920629414],[111.75841728806566,2.347495519488049],[111.76261033430502,2.350710253206899],[111.76696602179064,2.353701311926791],[111.77147241188584,2.356460498819383],[111.77611715288863,2.358980252537638],[111.78088751388677,2.361253667924993],[111.78577041965232,2.363274514926943],[111.79075248648002,2.365037255653303],[111.79582005887096,2.366537059544362],[111.8009592469615,2.367769816599769],[111.80615596459428,2.368732148633927],[111.81139596792748,2.369421418527085],[111.8166648944762,2.369835737446985],[111.82194830247902,2.369973970021343],[111.82723171048184,2.369835737446985],[111.83250063703056,2.369421418527085],[111.83774064036376,2.368732148633927],[111.84293735799655,2.367769816599769],[111.84807654608707,2.366537059544362],[111.85314411847803,2.365037255653303],[111.85812618530571,2.363274514926943],[111.86300909107126,2.361253667924993],[111.86777945206941,2.358980252537638],[111.8724241930722,2.356460498819383],[111.87693058316741,2.353701311926791],[111.881286270653,2.350710253206899],[111.88547931689239,2.347495519488049],[111.88949822903724,2.344065920629414],[111.89333199152875,2.340430855390834],[111.89697009629039,2.336600285688806],[111.90040257152988,2.332584709308918],[111.90362000907119,2.328395131149394],[111.90661359014167,2.324043033074451],[111.90937510954367,2.319540342459669],[111.9118969981445,2.314899399515635],[111.91417234362274,2.31013292347915],[111.91619490941463,2.305253977764496],[111.91795915180789,2.300275934170133],[111.91946023513681,2.295212436238833],[111.92069404503626,2.290077361871575],[111.92165719971908,2.284884785297421],[111.92234705924527,2.279648938503769],[111.92276173275778,2.274384172232486],[111.92290008366535,2.26910491664874]],[[112.0676085649443,2.409787045738667],[112.0674702140367,2.404508299825831],[112.06705554052418,2.399244002250412],[112.066365680998,2.394008582380859],[112.06540252631517,2.388816390596113],[112.06416871641572,2.3836816589467],[112.06266763308682,2.378618462138346],[112.06090339069355,2.373640678945485],[112.05888082490166,2.36876195416006],[112.05660547942341,2.36399566118054],[112.0540835908226,2.359354865343508],[112.05132207142059,2.35485228809844],[112.04832849035012,2.350500272124402],[112.0451110528088,2.346310747483907],[112.04167857756931,2.342295198907308],[112.03804047280767,2.338464634297424],[112.03420671031617,2.334829554540706],[112.03018779817131,2.331399924708328],[112.02599475193195,2.328185146725775],[112.02163906444633,2.325194033586428],[112.01713267435113,2.322434785179719],[112.01248793334832,2.319914965800516],[112.00771757235019,2.317641483401279],[112.00283466658463,2.315620570644185],[111.99785259975695,2.313857767805256],[111.99278502736598,2.312357907577388],[111.98764583927546,2.311125101814127],[111.98244912164269,2.310162730250674],[111.97720911830949,2.30947343123291],[111.97194019176077,2.309059094480212],[111.96665678375794,2.30892085590168],[111.96137337575513,2.309059094480212],[111.9561044492064,2.30947343123291],[111.9508644458732,2.310162730250674],[111.94566772824042,2.311125101814127],[111.94052854014988,2.312357907577388],[111.93546096775893,2.313857767805256],[111.93047890093123,2.315620570644185],[111.92559599516568,2.317641483401279],[111.92082563416756,2.319914965800516],[111.91618089316476,2.322434785179719],[111.91167450306956,2.325194033586428],[111.90731881558393,2.328185146725775],[111.90312576934458,2.331399924708328],[111.89910685719971,2.334829554540706],[111.89527309470822,2.338464634297424],[111.89163498994657,2.342295198907308],[111.88820251470707,2.346310747483907],[111.88498507716577,2.350500272124402],[111.8819914960953,2.35485228809844],[111.87922997669328,2.359354865343508],[111.87670808809247,2.36399566118054],[111.87443274261422,2.36876195416006],[111.87241017682233,2.373640678945485],[111.87064593442908,2.378618462138346],[111.86914485110016,2.3836816589467],[111.8679110412007,2.388816390596113],[111.86694788651788,2.394008582380859],[111.86625802699169,2.399244002250412],[111.86584335347918,2.404508299825831],[111.8657050025716,2.409787045738667],[111.86584335347918,2.415065771184722],[111.86625802699169,2.420330007584055],[111.86694788651788,2.425565326238472],[111.8679110412007,2.430757377877967],[111.86914485110016,2.435891931987494],[111.87064593442908,2.440954915806454],[111.87241017682233,2.44593245289405],[111.87443274261422,2.450810901154671],[111.87670808809247,2.455576890219533],[111.87922997669328,2.460217358081825],[111.8819914960953,2.464719586885423],[111.88498507716577,2.469071237768881],[111.88820251470707,2.473260384669681],[111.89163498994657,2.477275546996081],[111.89527309470822,2.481105721077117],[111.89910685719971,2.484740410305027],[111.90312576934458,2.488169653887371],[111.90731881558393,2.491384054130483],[111.91167450306956,2.494374802179582],[111.91618089316476,2.497133702145228],[111.92082563416756,2.499653193550148],[111.92559599516568,2.501926372035236],[111.93047890093123,2.503947008268023],[111.93546096775893,2.505709565002157],[111.94052854014988,2.507209212241127],[111.94566772824042,2.508441840464898],[111.9508644458732,2.50940407188343],[111.9561044492064,2.510093269686313],[111.96137337575513,2.510507545263077],[111.96665678375794,2.510645763374893],[111.97194019176077,2.510507545263077],[111.97720911830949,2.510093269686313],[111.98244912164269,2.50940407188343],[111.98764583927546,2.508441840464898],[111.99278502736598,2.507209212241127],[111.99785259975695,2.505709565002157],[112.00283466658463,2.503947008268023],[112.00771757235019,2.501926372035236],[112.01248793334832,2.499653193550148],[112.01713267435113,2.497133702145228],[112.02163906444633,2.494374802179582],[112.02599475193195,2.491384054130483],[112.03018779817131,2.488169653887371],[112.03420671031617,2.484740410305027],[112.03804047280767,2.481105721077117],[112.04167857756931,2.477275546996081],[112.0451110528088,2.473260384669681],[112.04832849035012,2.469071237768881],[112.05132207142059,2.464719586885423],[112.0540835908226,2.460217358081825],[112.05660547942341,2.455576890219533],[112.05888082490166,2.450810901154671],[112.06090339069355,2.44593245289405],[112.06266763308682,2.440954915806454],[112.06416871641572,2.435891931987494],[112.06540252631517,2.430757377877967],[112.066365680998,2.425565326238472],[112.06705554052418,2.420330007584055],[112.0674702140367,2.415065771184722],[112.0676085649443,2.409787045738667]],[[112.46087725703123,2.666969013300824],[112.46073890612365,2.66169131662275],[112.46032423261114,2.656428063236842],[112.45963437308495,2.651193679676187],[112.45867121840213,2.646002513523485],[112.45743740850267,2.64086879407929],[112.45593632517377,2.635806593352572],[112.4541720827805,2.630829787480605],[112.45214951698861,2.625952018684169],[112.44987417151037,2.621186657862302],[112.44735228290955,2.616546767929441],[112.44459076350755,2.612045067995448],[112.44159718243706,2.60769389848707],[112.43837974489576,2.603505187306321],[112.43494726965625,2.599490417119095],[112.43130916489461,2.595660593863558],[112.42747540240312,2.592026216564948],[112.42345649025825,2.588597248539793],[112.41926344401888,2.58538309006853],[112.41490775653328,2.582392552611654],[112.41040136643807,2.579633834640362],[112.40575662543529,2.577114499148013],[112.40098626443714,2.57484145290418],[112.39610335867158,2.572820927508482],[112.3911212918439,2.571058462296145],[112.38605371945295,2.569558889142268],[112.38091453136242,2.568326319206729],[112.37571781372964,2.567364131655947],[112.37047781039644,2.56667496439275],[112.36520888384771,2.566260706819629],[112.35992547584489,2.566122494655451],[112.35464206784208,2.566260706819629],[112.34937314129336,2.56667496439275],[112.34413313796014,2.567364131655947],[112.33893642032736,2.568326319206729],[112.33379723223683,2.569558889142268],[112.32872965984589,2.571058462296145],[112.3237475930182,2.572820927508482],[112.31886468725264,2.57484145290418],[112.3140943262545,2.577114499148013],[112.30944958525171,2.579633834640362],[112.30494319515651,2.582392552611654],[112.3005875076709,2.58538309006853],[112.29639446143153,2.588597248539793],[112.29237554928667,2.592026216564948],[112.28854178679516,2.595660593863558],[112.28490368203353,2.599490417119095],[112.28147120679404,2.603505187306321],[112.27825376925273,2.60769389848707],[112.27526018818224,2.612045067995448],[112.27249866878024,2.616546767929441],[112.26997678017942,2.621186657862302],[112.26770143470117,2.625952018684169],[112.26567886890928,2.630829787480605],[112.26391462651603,2.635806593352572],[112.26241354318711,2.64086879407929],[112.26117973328765,2.646002513523485],[112.26021657860483,2.651193679676187],[112.25952671907864,2.656428063236842],[112.25911204556613,2.66169131662275],[112.25897369465855,2.666969013300824],[112.25911204556613,2.67224668733382],[112.25952671907864,2.677509873032652],[112.26021657860483,2.68274414460581],[112.26117973328765,2.687935155697541],[112.26241354318711,2.693068678706202],[112.26391462651603,2.698130643775025],[112.26567886890928,2.703107177348625],[112.26770143470117,2.707984640189618],[112.26997678017942,2.712749664751082],[112.27249866878024,2.717389191802717],[112.27526018818224,2.721890506210482],[112.27825376925273,2.726241271771545],[112.28147120679404,2.730429565009636],[112.28490368203353,2.734443907837905],[112.28854178679516,2.738273299000458],[112.29237554928667,2.741907244206134],[112.29639446143153,2.745335784872498],[112.3005875076709,2.748549525401382],[112.30494319515651,2.751539658911313],[112.30944958525171,2.754297991356835],[112.3140943262545,2.756816963968479],[112.31886468725264,2.759089673952456],[112.3237475930182,2.761109893393258],[112.32872965984589,2.762872086307788],[112.33379723223683,2.764371423804255],[112.33893642032736,2.765603797304728],[112.34413313796014,2.766565829794921],[112.34937314129336,2.76725488507089],[112.35464206784208,2.767669074957086],[112.35992547584489,2.767807264476275],[112.36520888384771,2.767669074957086],[112.37047781039644,2.76725488507089],[112.37571781372964,2.766565829794921],[112.38091453136242,2.765603797304728],[112.38605371945295,2.764371423804255],[112.3911212918439,2.762872086307788],[112.39610335867158,2.761109893393258],[112.40098626443714,2.759089673952456],[112.40575662543529,2.756816963968479],[112.41040136643807,2.754297991356835],[112.41490775653328,2.751539658911313],[112.41926344401888,2.748549525401382],[112.42345649025825,2.745335784872498],[112.42747540240312,2.741907244206134],[112.43130916489461,2.738273299000458],[112.43494726965625,2.734443907837905],[112.43837974489576,2.730429565009636],[112.44159718243706,2.726241271771545],[112.44459076350755,2.721890506210482],[112.44735228290955,2.717389191802717],[112.44987417151037,2.712749664751082],[112.45214951698861,2.707984640189618],[112.4541720827805,2.703107177348625],[112.45593632517377,2.698130643775025],[112.45743740850267,2.693068678706202],[112.45867121840213,2.687935155697541],[112.45963437308495,2.68274414460581],[112.46032423261114,2.677509873032652],[112.46073890612365,2.67224668733382],[112.46087725703123,2.666969013300824]],[[111.96125757778005,1.8024726174347],[111.96111922687246,1.797191815990707],[111.96070455335995,1.79192547364723],[111.96001469383377,1.786688025314097],[111.95905153915093,1.781493826825625],[111.95781772925149,1.776357115587757],[111.95631664592257,1.771291971548728],[111.95455240352932,1.766312278600078],[111.95252983773743,1.761431686513939],[111.95025449225918,1.756663573521148],[111.94773260365837,1.75202100963266],[111.94497108425635,1.747516720805118],[111.94197750318588,1.743163054048737],[111.93876006564457,1.738971943573309],[111.93532759040507,1.734954878065415],[111.93168948564343,1.731122869186363],[111.92785572315194,1.727486421377571],[111.92383681100706,1.724055503056195],[111.9196437647677,1.720839519280096],[111.91528807728209,1.717847285957125],[111.91078168718688,1.715087005669627],[111.90613694618409,1.712566245180527],[111.90136658518595,1.71029191468272],[111.8964836794204,1.708270248848773],[111.8915016125927,1.70650678973292],[111.88643404020176,1.705006371572417],[111.88129485211122,1.703773107529851],[111.87609813447845,1.702810378412982],[111.87085813114524,1.70212082340283],[111.86558920459652,1.701706332815747],[111.86030579659369,1.701568042919257],[111.85502238859088,1.701706332815747],[111.84975346204216,1.70212082340283],[111.84451345870896,1.702810378412982],[111.83931674107619,1.703773107529851],[111.83417755298565,1.705006371572417],[111.8291099805947,1.70650678973292],[111.824127913767,1.708270248848773],[111.81924500800146,1.71029191468272],[111.81447464700332,1.712566245180527],[111.80982990600052,1.715087005669627],[111.80532351590531,1.717847285957125],[111.8009678284197,1.720839519280096],[111.79677478218034,1.724055503056195],[111.79275587003548,1.727486421377571],[111.78892210754397,1.731122869186363],[111.78528400278233,1.734954878065415],[111.78185152754284,1.738971943573309],[111.77863409000153,1.743163054048737],[111.77564050893106,1.747516720805118],[111.77287898952905,1.75202100963266],[111.77035710092822,1.756663573521148],[111.76808175544998,1.761431686513939],[111.7660591896581,1.766312278600078],[111.76429494726483,1.771291971548728],[111.76279386393593,1.776357115587757],[111.76156005403647,1.781493826825625],[111.76059689935364,1.786688025314097],[111.75990703982745,1.79192547364723],[111.75949236631493,1.797191815990707],[111.75935401540735,1.8024726174347],[111.75949236631493,1.807753403561994],[111.75990703982745,1.813019700123192],[111.76059689935364,1.818257072710068],[111.76156005403647,1.82345116631821],[111.76279386393593,1.828587744690733],[111.76429494726483,1.833652729335145],[111.7660591896581,1.83863223810627],[111.76808175544998,1.843512623249848],[111.77035710092822,1.848280508802383],[111.77287898952905,1.852922827244781],[111.77564050893106,1.857426855309573],[111.77863409000153,1.861780248843534],[111.78185152754284,1.865971076630334],[111.78528400278233,1.869987853080601],[111.78892210754397,1.873819569700023],[111.79275587003548,1.877455725249223],[111.79677478218034,1.880886354513075],[111.8009678284197,1.884102055600736],[111.80532351590531,1.887094015701541],[111.80982990600052,1.889854035226607],[111.81447464700332,1.892374550269961],[111.81924500800146,1.894648653327868],[111.824127913767,1.896670112219635],[111.8291099805947,1.898433387158333],[111.83417755298565,1.899933645924575],[111.83931674107619,1.901166777102102],[111.84451345870896,1.902129401338883],[111.84975346204216,1.902818880602968],[111.85502238859088,1.903233325407887],[111.86030579659369,1.903371599987715],[111.86558920459652,1.903233325407887],[111.87085813114524,1.902818880602968],[111.87609813447845,1.902129401338883],[111.88129485211122,1.901166777102102],[111.88643404020176,1.899933645924575],[111.8915016125927,1.898433387158333],[111.8964836794204,1.896670112219635],[111.90136658518595,1.894648653327868],[111.90613694618409,1.892374550269961],[111.91078168718688,1.889854035226607],[111.91528807728209,1.887094015701541],[111.9196437647677,1.884102055600736],[111.92383681100706,1.880886354513075],[111.92785572315194,1.877455725249223],[111.93168948564343,1.873819569700023],[111.93532759040507,1.869987853080601],[111.93876006564457,1.865971076630334],[111.94197750318588,1.861780248843534],[111.94497108425635,1.857426855309573],[111.94773260365837,1.852922827244781],[111.95025449225918,1.848280508802383],[111.95252983773743,1.843512623249848],[111.95455240352932,1.83863223810627],[111.95631664592257,1.833652729335145],[111.95781772925149,1.828587744690733],[111.95905153915093,1.82345116631821],[111.96001469383377,1.818257072710068],[111.96070455335995,1.813019700123192],[111.96111922687246,1.807753403561994],[111.96125757778005,1.8024726174347]],[[112.33144007126435,1.961357746693481],[112.33130172035678,1.956077425718188],[112.33088704684425,1.950811561183868],[112.33019718731806,1.945574586707264],[112.32923403263524,1.940380856851222],[112.32800022273578,1.935244607775125],[112.32649913940689,1.930179918208468],[112.32473489701361,1.925200670854702],[112.32271233122172,1.920320514331226],[112.32043698574348,1.915552825749832],[112.31791509714267,1.910910674040406],[112.31515357774066,1.906406784118591],[112.31215999667019,1.902053501995479],[112.30894255912888,1.897862760925421],[112.30551008388937,1.893846048684688],[112.30187197912774,1.890014376070823],[112.29803821663623,1.886378246709228],[112.29401930449137,1.882947628249912],[112.289826258252,1.879731925033366],[112.2854705707664,1.876739952300631],[112.28096418067119,1.873979912018629],[112.2763194396684,1.871459370386729],[112.27154907867026,1.869185237086708],[112.2666661729047,1.867163746332882],[112.26168410607703,1.865400439774433],[112.25661653368606,1.863900151297078],[112.25147734559553,1.862666993765614],[112.24628062796276,1.861704347743866],[112.24104062462956,1.86101485222305],[112.23577169808084,1.860600397383863],[112.23048829007801,1.86046211941238],[112.22520488207519,1.860600397383863],[112.21993595552647,1.86101485222305],[112.21469595219325,1.861704347743866],[112.20949923456048,1.862666993765614],[112.20436004646996,1.863900151297078],[112.199292474079,1.865400439774433],[112.19431040725131,1.867163746332882],[112.18942750148575,1.869185237086708],[112.18465714048762,1.871459370386729],[112.18001239948484,1.873979912018629],[112.17550600938962,1.876739952300631],[112.17115032190402,1.879731925033366],[112.16695727566466,1.882947628249912],[112.16293836351979,1.886378246709228],[112.15910460102829,1.890014376070823],[112.15546649626664,1.893846048684688],[112.15203402102715,1.897862760925421],[112.14881658348584,1.902053501995479],[112.14582300241536,1.906406784118591],[112.14306148301335,1.910910674040406],[112.14053959441254,1.915552825749832],[112.13826424893429,1.920320514331226],[112.1362416831424,1.925200670854702],[112.13447744074914,1.930179918208468],[112.13297635742023,1.935244607775125],[112.13174254752077,1.940380856851222],[112.13077939283795,1.945574586707264],[112.13008953331176,1.950811561183868],[112.12967485979925,1.956077425718188],[112.12953650889168,1.961357746693481],[112.12967485979925,1.966638051003966],[112.13008953331176,1.971903865726423],[112.13077939283795,1.97714075778988],[112.13174254752077,1.982334373534401],[112.13297635742023,1.987470478050866],[112.13447744074914,1.992534994193594],[112.1362416831424,1.997514041159209],[112.13826424893429,2.002393972525825],[112.14053959441254,2.007161413648513],[112.14306148301335,2.011803298308607],[112.14582300241536,2.016306904516318],[112.14881658348584,2.020659889368988],[112.15203402102715,2.024850322869218],[112.15546649626664,2.028866720610572],[112.15910460102829,2.032698075241206],[112.16293836351979,2.036333886619608],[112.16695727566466,2.03976419057966],[112.17115032190402,2.042979586226606],[112.17550600938962,2.045971261689154],[112.18001239948484,2.048731018257396],[112.18465714048762,2.051251292840346],[112.18942750148575,2.053525178682042],[112.19431040725131,2.055546444279428],[112.199292474079,2.05730955045012],[112.20436004646996,2.058809665503928],[112.20949923456048,2.06004267847609],[112.21469595219325,2.061005210386584],[112.21993595552647,2.061694623494457],[112.22520488207519,2.062109028521909],[112.23048829007801,2.062247289828621],[112.23577169808084,2.062109028521909],[112.24104062462956,2.061694623494457],[112.24628062796276,2.061005210386584],[112.25147734559553,2.06004267847609],[112.25661653368606,2.058809665503928],[112.26168410607703,2.05730955045012],[112.2666661729047,2.055546444279428],[112.27154907867026,2.053525178682042],[112.2763194396684,2.051251292840346],[112.28096418067119,2.048731018257396],[112.2854705707664,2.045971261689154],[112.289826258252,2.042979586226606],[112.29401930449137,2.03976419057966],[112.29803821663623,2.036333886619608],[112.30187197912774,2.032698075241206],[112.30551008388937,2.028866720610572],[112.30894255912888,2.024850322869218],[112.31215999667019,2.020659889368988],[112.31515357774066,2.016306904516318],[112.31791509714267,2.011803298308607],[112.32043698574348,2.007161413648513],[112.32271233122172,2.002393972525825],[112.32473489701361,1.997514041159209],[112.32649913940689,1.992534994193594],[112.32800022273578,1.987470478050866],[112.32923403263524,1.982334373534401],[112.33019718731806,1.97714075778988],[112.33088704684425,1.971903865726423],[112.33130172035678,1.966638051003966],[112.33144007126435,1.961357746693481]],[[112.88432669547805,1.963947955757777],[112.88418834457045,1.958667642951662],[112.88377367105795,1.953401786542248],[112.88308381153176,1.948164820124266],[112.88212065684893,1.942971098238949],[112.88088684694948,1.937834857024419],[112.87938576362058,1.932770175189411],[112.87762152122731,1.927790935417145],[112.87559895543542,1.922910786305303],[112.87332360995717,1.918143104946568],[112.87080172135636,1.913500960252414],[112.86804020195434,1.908997077120664],[112.86504662088387,1.904643801545373],[112.86182918334256,1.900453066764505],[112.85839670810307,1.896436360538786],[112.85475860334142,1.892604693650975],[112.85092484084993,1.888968569712506],[112.84690592870507,1.885537956360258],[112.8427128824657,1.882322257922381],[112.83835719498008,1.87933028962853],[112.83385080488488,1.876570253435042],[112.82920606388208,1.874049715531629],[112.82443570288395,1.871775585591318],[112.81955279711839,1.869754097820509],[112.81457073029071,1.867990793861476],[112.80950315789975,1.866490507593856],[112.80436396980922,1.865257351877356],[112.79916725217645,1.864294707271591],[112.79392724884325,1.86360521276452],[112.78865832229452,1.863190758534511],[112.78337491429168,1.863052480766252],[112.77809150628887,1.863190758534511],[112.77282257974015,1.86360521276452],[112.76758257640695,1.864294707271591],[112.76238585877418,1.865257351877356],[112.75724667068364,1.866490507593856],[112.75217909829269,1.867990793861476],[112.74719703146499,1.869754097820509],[112.74231412569945,1.871775585591318],[112.73754376470131,1.874049715531629],[112.73289902369851,1.876570253435042],[112.7283926336033,1.87933028962853],[112.72403694611769,1.882322257922381],[112.71984389987833,1.885537956360258],[112.71582498773347,1.888968569712506],[112.71199122524197,1.892604693650975],[112.70835312048033,1.896436360538786],[112.70492064524083,1.900453066764505],[112.70170320769952,1.904643801545373],[112.69870962662905,1.908997077120664],[112.69594810722704,1.913500960252414],[112.69342621862623,1.918143104946568],[112.69115087314798,1.922910786305303],[112.68912830735609,1.927790935417145],[112.68736406496282,1.932770175189411],[112.68586298163392,1.937834857024419],[112.68462917173446,1.942971098238949],[112.68366601705164,1.948164820124266],[112.68297615752545,1.953401786542248],[112.68256148401294,1.958667642951662],[112.68242313310535,1.963947955757777],[112.68256148401294,1.9692282518771],[112.68297615752545,1.974494058408979],[112.68366601705164,1.979730942305129],[112.68462917173446,1.984924549928472],[112.68586298163392,1.990060646392753],[112.68736406496282,1.995125154575162],[112.68912830735609,2.000104193695049],[112.69115087314798,2.004984117353158],[112.69342621862623,2.009751550926888],[112.69594810722704,2.014393428219596],[112.69870962662905,2.018897027263146],[112.70170320769952,2.02325000517605],[112.70492064524083,2.027440431981543],[112.70835312048033,2.03145682329319],[112.71199122524197,2.035288171778483],[112.71582498773347,2.038923977314485],[112.71984389987833,2.042354275752801],[112.72403694611769,2.04556966621552],[112.7283926336033,2.048561336847238],[112.73289902369851,2.051321088952857],[112.73754376470131,2.05384135945518],[112.74231412569945,2.056115241610906],[112.74719703146499,2.058136503928389],[112.75217909829269,2.059899607235463],[112.75724667068364,2.061399719850854],[112.76238585877418,2.062632730817447],[112.76758257640695,2.063595261161506],[112.77282257974015,2.064284673146948],[112.77809150628887,2.064699077499537],[112.78337491429168,2.064837338581054],[112.78865832229452,2.064699077499537],[112.79392724884325,2.064284673146948],[112.79916725217645,2.063595261161506],[112.80436396980922,2.062632730817447],[112.80950315789975,2.061399719850854],[112.81457073029071,2.059899607235463],[112.81955279711839,2.058136503928389],[112.82443570288395,2.056115241610906],[112.82920606388208,2.05384135945518],[112.83385080488488,2.051321088952857],[112.83835719498008,2.048561336847238],[112.8427128824657,2.04556966621552],[112.84690592870507,2.042354275752801],[112.85092484084993,2.038923977314485],[112.85475860334142,2.035288171778483],[112.85839670810307,2.03145682329319],[112.86182918334256,2.027440431981543],[112.86504662088387,2.02325000517605],[112.86804020195434,2.018897027263146],[112.87080172135636,2.014393428219596],[112.87332360995717,2.009751550926888],[112.87559895543542,2.004984117353158],[112.87762152122731,2.000104193695049],[112.87938576362058,1.995125154575162],[112.88088684694948,1.990060646392753],[112.88212065684893,1.984924549928472],[112.88308381153176,1.979730942305129],[112.88377367105795,1.974494058408979],[112.88418834457045,1.9692282518771],[112.88432669547805,1.963947955757777]],[[114.11038222568536,2.17177518129116],[114.11024387477777,2.166495559113436],[114.10982920126526,2.16123038968405],[114.10913934173907,2.155994104736396],[114.10817618705624,2.150801056979617],[114.10694237715678,2.145665480753666],[114.1054412938279,2.140601453007349],[114.10367705143462,2.135622854706425],[114.10165448564273,2.130743332777372],[114.09937914016447,2.125976262691629],[114.09685725156366,2.121334711792709],[114.09409573216166,2.116831403466907],[114.09110215109118,2.112478682256024],[114.08788471354987,2.10828848000773],[114.08445223831038,2.104272283156749],[114.08081413354873,2.100441101226302],[114.07698037105723,2.09680543663681],[114.07296145891237,2.09337525590422],[114.06876841267301,2.090159962307597],[114.0644127251874,2.08716837010061],[114.0599063350922,2.084408680337921],[114.0552615940894,2.081888458383024],[114.05049123309126,2.079614613158958],[114.04560832732571,2.077593378199321],[114.04062626049802,2.075830294551243],[114.03555868810706,2.074330195577633],[114.03041950001654,2.073097193700187],[114.02522278238376,2.072134669119688],[114.01998277905055,2.071445260544703],[114.01471385250183,2.071030857953875],[114.00943044449902,2.070892597411996],[114.00414703649618,2.071030857953875],[113.99887810994746,2.071445260544703],[113.99363810661426,2.072134669119688],[113.98844138898149,2.073097193700187],[113.98330220089096,2.074330195577633],[113.97823462849999,2.075830294551243],[113.97325256167231,2.077593378199321],[113.96836965590676,2.079614613158958],[113.96359929490862,2.081888458383024],[113.95895455390583,2.084408680337921],[113.95444816381062,2.08716837010061],[113.95009247632501,2.090159962307597],[113.94589943008565,2.09337525590422],[113.94188051794077,2.09680543663681],[113.93804675544929,2.100441101226302],[113.93440865068764,2.104272283156749],[113.93097617544814,2.10828848000773],[113.92775873790683,2.112478682256024],[113.92476515683636,2.116831403466907],[113.92200363743434,2.121334711792709],[113.91948174883353,2.125976262691629],[113.9172064033553,2.130743332777372],[113.9151838375634,2.135622854706425],[113.91341959517013,2.140601453007349],[113.91191851184122,2.145665480753666],[113.91068470194178,2.150801056979617],[113.90972154725895,2.155994104736396],[113.90903168773276,2.16123038968405],[113.90861701422025,2.166495559113436],[113.90847866331266,2.17177518129116],[113.90861701422025,2.177054785019529],[113.90903168773276,2.182319899302906],[113.90972154725895,2.187556093012099],[113.91068470194178,2.192749014437628],[113.91191851184122,2.197884430623652],[113.91341959517013,2.202948266374756],[113.9151838375634,2.207926642828797],[113.9172064033553,2.212805915489867],[113.91948174883353,2.217572711617566],[113.92200363743434,2.222213966869933],[113.92476515683636,2.226716961099854],[113.92775873790683,2.231069353206823],[113.93097617544814,2.23525921494889],[113.93440865068764,2.239275063622044],[113.93804675544929,2.243105893517718],[113.94188051794077,2.246741206072516],[113.94589943008565,2.250171038627406],[113.95009247632501,2.253385991718043],[113.95444816381062,2.256377254821422],[113.95895455390583,2.259136630488586],[113.96359929490862,2.26165655679735],[113.96836965590676,2.263930128063805],[113.97325256167231,2.265951113755916],[113.97823462849999,2.267713975557545],[113.98330220089096,2.269213882536373],[113.98844138898149,2.270446724374261],[113.99363810661426,2.271409122623802],[113.99887810994746,2.272098439960581],[114.00414703649618,2.272512787405541],[114.00943044449902,2.272651029498078],[114.01471385250183,2.272512787405541],[114.01998277905055,2.272098439960581],[114.02522278238376,2.271409122623802],[114.03041950001654,2.270446724374261],[114.03555868810706,2.269213882536373],[114.04062626049802,2.267713975557545],[114.04560832732571,2.265951113755916],[114.05049123309126,2.263930128063805],[114.0552615940894,2.26165655679735],[114.0599063350922,2.259136630488586],[114.0644127251874,2.256377254821422],[114.06876841267301,2.253385991718043],[114.07296145891237,2.250171038627406],[114.07698037105723,2.246741206072516],[114.08081413354873,2.243105893517718],[114.08445223831038,2.239275063622044],[114.08788471354987,2.23525921494889],[114.09110215109118,2.231069353206823],[114.09409573216166,2.226716961099854],[114.09685725156366,2.222213966869933],[114.09937914016447,2.217572711617566],[114.10165448564273,2.212805915489867],[114.10367705143462,2.207926642828797],[114.1054412938279,2.202948266374756],[114.10694237715678,2.197884430623652],[114.10817618705624,2.192749014437628],[114.10913934173907,2.187556093012099],[114.10982920126526,2.182319899302906],[114.11024387477777,2.177054785019529],[114.11038222568536,2.17177518129116]],[[113.38403353045514,2.929262184416821],[113.38389517954755,2.923985667353184],[113.38348050603504,2.918723588137839],[113.38279064650885,2.913490370112757],[113.38182749182603,2.908300357711036],[113.38059368192657,2.903167777133285],[113.37909259859767,2.898106697345942],[113.3773283562044,2.893130991508733],[113.37530579041251,2.888254298936928],[113.37303044493426,2.883489987702889],[113.37050855633345,2.878851117979582],[113.36774703693143,2.874350406226639],[113.36475345586096,2.870000190317496],[113.36153601831965,2.865812395703105],[113.35810354308016,2.861798502705392],[113.35446543831851,2.857969515030296],[113.35063167582702,2.854335929586815],[113.34661276368216,2.85090770769507],[113.3424197174428,2.847694247762479],[113.33806402995718,2.84470435950325],[113.33355763986198,2.841946239771864],[113.32891289885917,2.839427450077189],[113.32414253786105,2.837154895839008],[113.3192596320955,2.835134807443814],[113.3142775652678,2.833372723152249],[113.30920999287684,2.831873473905043],[113.3040708047863,2.830641170069174],[113.29887408715354,2.82967919016084],[113.29363408382034,2.828990171576196],[113.28836515727161,2.828576003355302],[113.2830817492688,2.828437820999397],[113.27779834126596,2.828576003355302],[113.27252941471724,2.828990171576196],[113.26728941138404,2.82967919016084],[113.26209269375127,2.830641170069174],[113.25695350566075,2.831873473905043],[113.25188593326978,2.833372723152249],[113.2469038664421,2.835134807443814],[113.24202096067654,2.837154895839008],[113.2372505996784,2.839427450077189],[113.23260585867561,2.841946239771864],[113.22809946858041,2.84470435950325],[113.22374378109478,2.847694247762479],[113.21955073485542,2.85090770769507],[113.21553182271056,2.854335929586815],[113.21169806021906,2.857969515030296],[113.20805995545741,2.861798502705392],[113.20462748021792,2.865812395703105],[113.20141004267661,2.870000190317496],[113.19841646160614,2.874350406226639],[113.19565494220413,2.878851117979582],[113.19313305360332,2.883489987702889],[113.19085770812507,2.888254298936928],[113.18883514233319,2.893130991508733],[113.18707089993993,2.898106697345942],[113.18556981661101,2.903167777133285],[113.18433600671156,2.908300357711036],[113.18337285202873,2.913490370112757],[113.18268299250255,2.918723588137839],[113.18226831899004,2.923985667353184],[113.18212996808245,2.929262184416821],[113.18226831899004,2.934538676615695],[113.18268299250255,2.939800681509187],[113.18337285202873,2.945033776569623],[113.18433600671156,2.950223618711112],[113.18556981661101,2.955355983598493],[113.18707089993993,2.960416804628438],[113.18883514233319,2.965392211476268],[113.19085770812507,2.970268568102507],[113.19313305360332,2.975032510115482],[113.19565494220413,2.979670981387523],[113.19841646160614,2.984171269824478],[113.20141004267661,2.988521042190881],[113.20462748021792,2.992708377895366],[113.20805995545741,2.996721801643887],[113.21169806021906,3.000550314871711],[113.21553182271056,3.004183425867982],[113.21955073485542,3.007611178510715],[113.22374378109478,3.010824179533691],[113.22809946858041,3.013813624250614],[113.23260585867561,3.016571320666519],[113.2372505996784,3.019089711910464],[113.24202096067654,3.021361896928179],[113.2469038664421,3.023381649378417],[113.25188593326978,3.025143434681201],[113.25695350566075,3.026642425171582],[113.26209269375127,3.027874513317562],[113.26728941138404,3.028836322966072],[113.27252941471724,3.029525218586388],[113.27779834126596,3.029939312485607],[113.2830817492688,3.030077469976827],[113.28836515727161,3.029939312485607],[113.29363408382034,3.029525218586388],[113.29887408715354,3.028836322966072],[113.3040708047863,3.027874513317562],[113.30920999287684,3.026642425171582],[113.3142775652678,3.025143434681201],[113.3192596320955,3.023381649378417],[113.32414253786105,3.021361896928179],[113.32891289885917,3.019089711910464],[113.33355763986198,3.016571320666519],[113.33806402995718,3.013813624250614],[113.3424197174428,3.010824179533691],[113.34661276368216,3.007611178510715],[113.35063167582702,3.004183425867982],[113.35446543831851,3.000550314871711],[113.35810354308016,2.996721801643887],[113.36153601831965,2.992708377895366],[113.36475345586096,2.988521042190881],[113.36774703693143,2.984171269824478],[113.37050855633345,2.979670981387523],[113.37303044493426,2.975032510115482],[113.37530579041251,2.970268568102507],[113.3773283562044,2.965392211476268],[113.37909259859767,2.960416804628438],[113.38059368192657,2.955355983598493],[113.38182749182603,2.950223618711112],[113.38279064650885,2.945033776569623],[113.38348050603504,2.939800681509187],[113.38389517954755,2.934538676615695],[113.38403353045514,2.929262184416821]],[[113.91573778440916,3.866940011359784],[113.91559943350158,3.861668615402326],[113.91518475998906,3.856411635371975],[113.91449490046287,3.851183480731182],[113.91353174578006,3.845998482195274],[113.91229793588059,3.840870852444704],[113.9107968525517,3.835814647157973],[113.90903261015843,3.830843726472419],[113.90701004436653,3.825971716978461],[113.90473469888829,3.821211974351765],[113.90221281028748,3.816577546725893],[113.89945129088547,3.812081138906135],[113.89645770981498,3.807735077522769],[113.89324027227367,3.80355127721964],[113.88980779703418,3.799541207970819],[113.88616969227255,3.795715863615436],[113.88233592978104,3.792085731697068],[113.87831701763618,3.788660764690635],[113.87412397139681,3.785450352696051],[113.86976828391121,3.782463297673723],[113.865261893816,3.779707789292715],[113.8606171528132,3.777191382458246],[113.85584679181507,3.774920976580151],[113.85096388604951,3.772902796639517],[113.84598181922183,3.771142376105648],[113.84091424683088,3.769644541750226],[113.83577505874034,3.768413400400682],[113.83057834110757,3.767452327669174],[113.82533833777437,3.766763958688104],[113.82006941122565,3.766350180877982],[113.81478600322282,3.766212128767126],[113.80950259522,3.766350180877982],[113.80423366867127,3.766763958688104],[113.79899366533806,3.767452327669174],[113.79379694770529,3.768413400400682],[113.78865775961476,3.769644541750226],[113.78359018722381,3.771142376105648],[113.77860812039611,3.772902796639517],[113.77372521463056,3.774920976580151],[113.76895485363242,3.777191382458246],[113.76431011262964,3.779707789292715],[113.75980372253443,3.782463297673723],[113.75544803504883,3.785450352696051],[113.75125498880946,3.788660764690635],[113.74723607666459,3.792085731697068],[113.7434023141731,3.795715863615436],[113.73976420941146,3.799541207970806],[113.73633173417196,3.80355127721964],[113.73311429663063,3.807735077522769],[113.73012071556016,3.812081138906135],[113.72735919615816,3.816577546725893],[113.72483730755735,3.821211974351765],[113.7225619620791,3.825971716978461],[113.72053939628721,3.830843726472419],[113.71877515389394,3.835814647157973],[113.71727407056504,3.840870852444704],[113.71604026066558,3.845998482195274],[113.71507710598276,3.851183480731182],[113.71438724645657,3.856411635371975],[113.71397257294406,3.861668615402326],[113.71383422203648,3.866940011359784],[113.71397257294406,3.872211374535583],[113.71438724645657,3.877468256580144],[113.71507710598276,3.882696249104553],[113.71604026066558,3.887881023169672],[113.71727407056504,3.893008368554431],[113.71877515389394,3.898064232695872],[113.72053939628721,3.903034759194368],[113.7225619620791,3.907906325778276],[113.72483730755735,3.912665581624576],[113.72735919615816,3.91729948393299],[113.73012071556016,3.921795333653706],[113.73311429663063,3.926140810271128],[113.73633173417196,3.930324005548242],[113.73976420941146,3.934333456139752],[113.7434023141731,3.938158174984682],[113.74723607666459,3.941787681392673],[113.75125498880946,3.945212029742049],[113.75544803504883,3.948421836711013],[113.75980372253443,3.951408306967944],[113.76431011262964,3.954163257250559],[113.76895485363242,3.956679138768307],[113.77372521463056,3.958949057866795],[113.77860812039611,3.960966794898181],[113.78359018722381,3.962726821245768],[113.78865775961476,3.964224314456638],[113.79379694770529,3.965455171441007],[113.79899366533806,3.966416019702286],[113.80423366867127,3.967104226567367],[113.80950259522,3.967517906391965],[113.81478600322282,3.967655925721238],[113.82006941122565,3.967517906391965],[113.82533833777437,3.967104226567367],[113.83057834110757,3.966416019702286],[113.83577505874034,3.965455171441007],[113.84091424683088,3.964224314456638],[113.84598181922183,3.962726821245768],[113.85096388604951,3.960966794898181],[113.85584679181507,3.958949057866795],[113.8606171528132,3.956679138768307],[113.865261893816,3.954163257250559],[113.86976828391121,3.951408306967944],[113.87412397139681,3.948421836711013],[113.87831701763618,3.945212029742049],[113.88233592978104,3.941787681392673],[113.88616969227255,3.938158174984682],[113.88980779703418,3.934333456139752],[113.89324027227367,3.930324005548242],[113.89645770981498,3.926140810271128],[113.89945129088547,3.921795333653706],[113.90221281028748,3.91729948393299],[113.90473469888829,3.912665581624576],[113.90701004436653,3.907906325778276],[113.90903261015843,3.903034759194368],[113.9107968525517,3.898064232695872],[113.91229793588059,3.893008368554431],[113.91353174578006,3.887881023169672],[113.91449490046287,3.882696249104553],[113.91518475998906,3.877468256580144],[113.91559943350158,3.872211374535583],[113.91573778440916,3.866940011359784]],[[114.87159123105579,3.533864836871169],[114.8714528801482,3.52859146007208],[114.87103820663569,3.523332507426602],[114.87034834710951,3.518102393769563],[114.86938519242668,3.512915455128874],[114.86815138252722,3.507785909423728],[114.86665029919831,3.502727817484108],[114.86488605680505,3.497755044498545],[114.86286349101317,3.492881221995813],[114.86058814553492,3.488119710465032],[114.85806625693411,3.483483562716959],[114.8553047375321,3.47898548808672],[114.85231115646162,3.474637817576812],[114.8490937189203,3.470452470035748],[114.84566124368082,3.46644091946553],[114.84202313891916,3.462614163547716],[114.83818937642768,3.458982693474692],[114.8341704642828,3.455556465168971],[114.82997741804346,3.452344871969799],[114.82562173055783,3.449356718862175],[114.82111534046261,3.446600198319103],[114.81647059945982,3.444082867823528],[114.8117002384617,3.441811629132049],[114.80681733269614,3.439792709337032],[114.80183526586846,3.438031643779727],[114.79676769347748,3.436533260860999],[114.79162850538697,3.435301668791705],[114.78643178775418,3.434340244319283],[114.78119178442098,3.433651623461195],[114.77592285787226,3.433237694271212],[114.77063944986944,3.433099591658122],[114.76535604186662,3.433237694271212],[114.7600871153179,3.433651623461195],[114.7548471119847,3.434340244319283],[114.74965039435192,3.435301668791705],[114.74451120626138,3.436533260860999],[114.73944363387042,3.438031643779727],[114.73446156704274,3.439792709337032],[114.72957866127719,3.441811629132049],[114.72480830027907,3.444082867823528],[114.72016355927626,3.446600198319103],[114.71565716918104,3.449356718862175],[114.71130148169543,3.452344871969799],[114.70710843545608,3.455556465168971],[114.7030895233112,3.458982693474692],[114.69925576081972,3.462614163547716],[114.69561765605806,3.46644091946553],[114.69218518081858,3.470452470035748],[114.68896774327726,3.474637817576812],[114.68597416220679,3.47898548808672],[114.68321264280478,3.483483562716959],[114.68069075420397,3.488119710465032],[114.67841540872571,3.492881221995813],[114.67639284293384,3.497755044498545],[114.67462860054057,3.502727817484108],[114.67312751721167,3.507785909423728],[114.67189370731221,3.512915455128874],[114.67093055262937,3.518102393769563],[114.6702406931032,3.523332507426602],[114.66982601959069,3.52859146007208],[114.6696876686831,3.533864836871169],[114.66982601959069,3.539138183697195],[114.6702406931032,3.544397046751905],[114.67093055262937,3.54962701218203],[114.67189370731221,3.554813745583688],[114.67312751721167,3.559943031286326],[114.67462860054057,3.565000811308605],[114.67639284293384,3.56997322387945],[114.67841540872571,3.574846641418883],[114.68069075420397,3.57960770787461],[114.68321264280478,3.584243375312299],[114.68597416220679,3.588740939659167],[114.68896774327726,3.593088075503508],[114.69218518081858,3.597272869854716],[114.69561765605806,3.601283854771681],[114.69925576081972,3.605110038770231],[114.7030895233112,3.608740936924093],[114.70710843545608,3.612166599576776],[114.71130148169543,3.615377639586475],[114.71565716918104,3.618365258029014],[114.72016355927626,3.621121268289313],[114.72480830027907,3.623638118475165],[114.72957866127719,3.625908912092341],[114.73446156704274,3.627927426924773],[114.73944363387042,3.629688132068084],[114.74451120626138,3.631186203070158],[114.74965039435192,3.632417535137529],[114.7548471119847,3.633378754371416],[114.7600871153179,3.634067227002959],[114.76535604186662,3.634481066602392],[114.77063944986944,3.634619139242506],[114.77592285787226,3.634481066602392],[114.78119178442098,3.634067227002959],[114.78643178775418,3.633378754371416],[114.79162850538697,3.632417535137529],[114.79676769347748,3.631186203070158],[114.80183526586846,3.629688132068084],[114.80681733269614,3.627927426924773],[114.8117002384617,3.625908912092341],[114.81647059945982,3.623638118475165],[114.82111534046261,3.621121268289313],[114.82562173055783,3.618365258029014],[114.82997741804346,3.615377639586475],[114.8341704642828,3.612166599576776],[114.83818937642768,3.608740936924093],[114.84202313891916,3.605110038770231],[114.84566124368082,3.601283854771681],[114.8490937189203,3.597272869854716],[114.85231115646162,3.593088075503508],[114.8553047375321,3.588740939659167],[114.85806625693411,3.584243375312299],[114.86058814553492,3.57960770787461],[114.86286349101317,3.574846641418883],[114.86488605680505,3.56997322387945],[114.86665029919831,3.565000811308605],[114.86815138252722,3.559943031286326],[114.86938519242668,3.554813745583688],[114.87034834710951,3.54962701218203],[114.87103820663569,3.544397046751905],[114.8714528801482,3.539138183697195],[114.87159123105579,3.533864836871169]],[[115.38180601074863,4.404030925279399],[115.38166765984106,4.398763098675628],[115.38125298632855,4.393509673714598],[115.38056312680237,4.388285050169911],[115.37959997211954,4.383103549170079],[115.37836616222008,4.377979373936014],[115.37686507889119,4.372926570838563],[115.37510083649791,4.367958990882995],[115.37307827070602,4.363090251726159],[115.37080292522778,4.358333700330745],[115.36828103662695,4.35370237635897],[115.36551951722495,4.349208976406707],[115.36252593615447,4.344865819175964],[115.35930849861315,4.340684811681656],[115.35587602337367,4.336677416585668],[115.35223791861202,4.332854620747888],[115.34840415612052,4.329226905080895],[115.34438524397565,4.325804215791166],[115.3401921977363,4.322595937086042],[115.33583651025069,4.31961086542147],[115.33133012015547,4.316857185361595],[115.3266853791527,4.314342447116517],[115.32191501815454,4.31207354582022],[115.31703211238899,4.310056702605652],[115.3120500455613,4.308297447529191],[115.30698247317036,4.306800604391447],[115.30184328507983,4.305570277496298],[115.29664656744706,4.304609840384636],[115.29140656411386,4.303921926573917],[115.28613763756513,4.303508422328901],[115.28085422956231,4.303370461483603],[115.27557082155948,4.303508422328901],[115.27030189501076,4.303921926573917],[115.26506189167756,4.304609840384636],[115.25986517404476,4.305570277496298],[115.25472598595425,4.306800604391447],[115.24965841356328,4.308297447529191],[115.2446763467356,4.310056702605652],[115.23979344097005,4.31207354582022],[115.23502307997191,4.314342447116517],[115.23037833896912,4.316857185361595],[115.2258719488739,4.31961086542147],[115.22151626138832,4.322595937086042],[115.21732321514894,4.325804215791166],[115.21330430300408,4.329226905080895],[115.20947054051257,4.332854620747888],[115.20583243575095,4.336677416585668],[115.20239996051144,4.340684811681656],[115.19918252297013,4.344865819175964],[115.19618894189963,4.349208976406707],[115.19342742249763,4.35370237635897],[115.19090553389684,4.358333700330745],[115.18863018841859,4.363090251726159],[115.18660762262668,4.367958990882995],[115.18484338023343,4.372926570838563],[115.18334229690451,4.377979373936014],[115.18210848700505,4.383103549170079],[115.18114533232225,4.388285050169911],[115.18045547279604,4.393509673714598],[115.18004079928353,4.398763098675628],[115.17990244837596,4.404030925279399],[115.18004079928353,4.409298714582081],[115.18045547279604,4.414552028048538],[115.18114533232225,4.41977646712674],[115.18210848700505,4.424957712709214],[115.18334229690451,4.430081564373481],[115.18484338023343,4.435133979293799],[115.18660762262668,4.440101110717852],[115.18863018841859,4.444969345903013],[115.19090553389684,4.449725343408252],[115.19342742249763,4.454356069639874],[115.19618894189963,4.458848834551],[115.19918252297013,4.46319132639726],[115.20239996051144,4.467371645453881],[115.20583243575095,4.471378336601606],[115.20947054051257,4.47520042069318],[115.21330430300408,4.478827424614069],[115.21732321514894,4.482249409955828],[115.22151626138832,4.485457000223708],[115.2258719488739,4.488441406504423],[115.23037833896912,4.491194451523898],[115.23502307997191,4.493708592029663],[115.23979344097005,4.495976939436662],[115.2446763467356,4.497993278680484],[115.24965841356328,4.49975208522632],[115.25472598595425,4.501248540187759],[115.25986517404476,4.50247854351386],[115.26506189167756,4.503438725208762],[115.27030189501076,4.504126454553442],[115.27557082155948,4.504539847304191],[115.28085422956231,4.504677770848489],[115.28613763756513,4.504539847304191],[115.29140656411386,4.504126454553442],[115.29664656744706,4.503438725208762],[115.30184328507983,4.50247854351386],[115.30698247317036,4.501248540187759],[115.3120500455613,4.49975208522632],[115.31703211238899,4.497993278680484],[115.32191501815454,4.495976939436662],[115.3266853791527,4.493708592029663],[115.33133012015547,4.491194451523898],[115.33583651025069,4.488441406504423],[115.3401921977363,4.485457000223708],[115.34438524397565,4.482249409955828],[115.34840415612052,4.478827424614069],[115.35223791861202,4.47520042069318],[115.35587602337367,4.471378336601606],[115.35930849861315,4.467371645453881],[115.36252593615447,4.46319132639726],[115.36551951722495,4.458848834551],[115.36828103662695,4.454356069639874],[115.37080292522778,4.449725343408252],[115.37307827070602,4.444969345903013],[115.37510083649791,4.440101110717852],[115.37686507889119,4.435133979293799],[115.37836616222008,4.430081564373481],[115.37959997211954,4.424957712709214],[115.38056312680237,4.41977646712674],[115.38125298632855,4.414552028048538],[115.38166765984106,4.409298714582081],[115.38180601074863,4.404030925279399]]],"bbox":[99.84144706992791,0.97801870114584,118.38464237349966,6.981339735073539]}
