{
"type": "FeatureCollection",
"name": "MLK_SE-08",
"crs": { "type": "name", "properties": { "name": "urn:ogc:def:crs:OGC:1.3:CRS84" } },
"features": [
{ "type": "Feature", "properties": { "state": "Melaka", "parlimen": "P.110 Alor Gajah", "code_parlimen": "P.110", "dun": "N.01 Kuala Linggi", "code_dun": "N.01", "voters_total": 8813 }, "geometry": { "type": "Polygon", "coordinates": [ [ [ 102.043127177456398, 2.367086975249573 ], [ 102.043113615663827, 2.366569513107018 ], [ 102.043072967458116, 2.366053469099879 ], [ 102.043005344253118, 2.365540257671318 ], [ 102.042910931399362, 2.365031285502161 ], [ 102.042789987675917, 2.364527947655204 ], [ 102.042642844581096, 2.364031623751419 ], [ 102.042469905423943, 2.363543674188405 ], [ 102.042271644218616, 2.36306543641158 ], [ 102.042048604385329, 2.362598221248173 ], [ 102.041801397260741, 2.362143309314254 ], [ 102.041530700422427, 2.361701947504556 ], [ 102.041237255831589, 2.361275345574616 ], [ 102.04092186779944, 2.360864672824817 ], [ 102.040585400782675, 2.360471054895239 ], [ 102.040228777013994, 2.360095570680247 ], [ 102.039852973974348, 2.359739249371064 ], [ 102.039459021713768, 2.359403067634749 ], [ 102.039048000027975, 2.359087946937013 ], [ 102.038621035498892, 2.358794751016395 ], [ 102.038179298406575, 2.358524283516651 ], [ 102.037723999521717, 2.358277285783843 ], [ 102.037256386786893, 2.3580544348343 ], [ 102.036777741896117, 2.357856341498689 ], [ 102.036289376781767, 2.357683548747783 ], [ 102.035792630018676, 2.357536530203995 ], [ 102.035288863155174, 2.357415688843159 ], [ 102.034779456981255, 2.35732135588992 ], [ 102.034265807743779, 2.357253789909733 ], [ 102.03374932331964, 2.357213176100179 ], [ 102.033231419356767, 2.357199625783229 ], [ 102.032713515393866, 2.357213176100179 ], [ 102.032197030969741, 2.357253789909733 ], [ 102.031683381732279, 2.35732135588992 ], [ 102.031173975558346, 2.357415688843159 ], [ 102.030670208694843, 2.357536530203995 ], [ 102.030173461931753, 2.357683548747783 ], [ 102.029685096817417, 2.357856341498689 ], [ 102.029206451926626, 2.3580544348343 ], [ 102.028738839191803, 2.358277285783843 ], [ 102.02828354030693, 2.358524283516651 ], [ 102.027841803214642, 2.358794751016395 ], [ 102.02741483868553, 2.359087946937013 ], [ 102.027003816999766, 2.359403067634749 ], [ 102.026609864739171, 2.359739249371064 ], [ 102.02623406169954, 2.360095570680247 ], [ 102.025877437930845, 2.360471054895239 ], [ 102.025540970914079, 2.360864672824817 ], [ 102.025225582881944, 2.361275345574616 ], [ 102.024932138291078, 2.361701947504556 ], [ 102.024661441452764, 2.362143309314254 ], [ 102.024414234328191, 2.362598221248173 ], [ 102.024191194494904, 2.36306543641158 ], [ 102.023992933289591, 2.363543674188405 ], [ 102.023819994132424, 2.364031623751419 ], [ 102.023672851037617, 2.364527947655204 ], [ 102.023551907314157, 2.365031285502161 ], [ 102.023457494460416, 2.365540257671318 ], [ 102.023389871255404, 2.366053469099879 ], [ 102.023349223049678, 2.366569513107018 ], [ 102.023335661257121, 2.367086975249573 ], [ 102.023349223049678, 2.367604437198942 ], [ 102.023389871255404, 2.368120480628644 ], [ 102.023457494460416, 2.368633691101843 ], [ 102.023551907314157, 2.369142661948182 ], [ 102.023672851037617, 2.369645998119343 ], [ 102.023819994132424, 2.370142320012738 ], [ 102.023992933289591, 2.370630267252764 ], [ 102.024191194494904, 2.371108502419485 ], [ 102.024414234328191, 2.37157571471426 ], [ 102.024661441452764, 2.372030623552431 ], [ 102.024932138291078, 2.372471982073207 ], [ 102.025225582881944, 2.372898580557079 ], [ 102.025540970914079, 2.373309249741401 ], [ 102.025877437930845, 2.373702864025172 ], [ 102.02623406169954, 2.37407834455399 ], [ 102.026609864739171, 2.374434662176975 ], [ 102.027003816999766, 2.374770840267496 ], [ 102.02741483868553, 2.375085957399754 ], [ 102.027841803214642, 2.375379149874303 ], [ 102.02828354030693, 2.375649614085126 ], [ 102.028738839191803, 2.375896608722186 ], [ 102.029206451926626, 2.37611945680311 ], [ 102.029685096817417, 2.376317547528604 ], [ 102.030173461931753, 2.376490337956536 ], [ 102.030670208694843, 2.37663735448992 ], [ 102.031173975558346, 2.376758194174959 ], [ 102.031683381732279, 2.376852525805394 ], [ 102.032197030969741, 2.376920090830206 ], [ 102.032713515393866, 2.376960704062324 ], [ 102.033231419356767, 2.376974254186087 ], [ 102.03374932331964, 2.376960704062324 ], [ 102.034265807743779, 2.376920090830206 ], [ 102.034779456981255, 2.376852525805394 ], [ 102.035288863155174, 2.376758194174959 ], [ 102.035792630018676, 2.37663735448992 ], [ 102.036289376781767, 2.376490337956536 ], [ 102.036777741896117, 2.376317547528604 ], [ 102.037256386786893, 2.37611945680311 ], [ 102.037723999521717, 2.375896608722186 ], [ 102.038179298406575, 2.375649614085126 ], [ 102.038621035498892, 2.375379149874303 ], [ 102.039048000027975, 2.375085957399754 ], [ 102.039459021713768, 2.374770840267496 ], [ 102.039852973974348, 2.374434662176975 ], [ 102.040228777013994, 2.37407834455399 ], [ 102.040585400782675, 2.373702864025172 ], [ 102.04092186779944, 2.373309249741401 ], [ 102.041237255831589, 2.372898580557079 ], [ 102.041530700422427, 2.372471982073207 ], [ 102.041801397260741, 2.372030623552431 ], [ 102.042048604385329, 2.37157571471426 ], [ 102.042271644218616, 2.371108502419485 ], [ 102.042469905423943, 2.370630267252764 ], [ 102.042642844581096, 2.370142320012738 ], [ 102.042789987675917, 2.369645998119343 ], [ 102.042910931399362, 2.369142661948182 ], [ 102.043005344253118, 2.368633691101843 ], [ 102.043072967458116, 2.368120480628644 ], [ 102.043113615663827, 2.367604437198942 ], [ 102.043127177456398, 2.367086975249573 ] ] ] } },
{ "type": "Feature", "properties": { "state": "Melaka", "parlimen": "P.110 Alor Gajah", "code_parlimen": "P.110", "dun": "N.02 Sungai Bahru", "code_dun": "N.02", "voters_total": 7783 }, "geometry": { "type": "Polygon", "coordinates": [ [ [ 102.100691187406667, 2.413124267400061 ], [ 102.100678442732772, 2.412637999452526 ], [ 102.100640243643383, 2.412153064158472 ], [ 102.100576694839546, 2.411670790693988 ], [ 102.100487970504076, 2.411192500940691 ], [ 102.100374313824275, 2.410719505862473 ], [ 102.100236036325143, 2.410253101912196 ], [ 102.100073517015716, 2.409794567478118 ], [ 102.099887201350157, 2.409345159379855 ], [ 102.099677600006686, 2.408906109423424 ], [ 102.099445287488081, 2.408478621024881 ], [ 102.099190900546759, 2.408063865911638 ], [ 102.098915136439672, 2.407662980910806 ], [ 102.098618751017071, 2.407277064833036 ], [ 102.098302556650779, 2.406907175460629 ], [ 102.097967420007606, 2.406554326648147 ], [ 102.097614259673747, 2.406219485543224 ], [ 102.097244043637176, 2.405903569935678 ], [ 102.096857786634303, 2.405607445741697 ], [ 102.096456547368703, 2.405331924630236 ], [ 102.096041425609343, 2.405077761798241 ], [ 102.095613559176087, 2.404845653900492 ], [ 102.095174120821099, 2.404636237140021 ], [ 102.094724315014389, 2.404450085524165 ], [ 102.094265374642347, 2.404287709291208 ], [ 102.093798557628688, 2.404149553511661 ], [ 102.093325143486382, 2.404035996868332 ], [ 102.092846429810692, 2.403947350618254 ], [ 102.092363728722489, 2.403883857739519 ], [ 102.09187836327196, 2.403845692265198 ], [ 102.091391663812018, 2.403832958806353 ], [ 102.090904964352092, 2.403845692265198 ], [ 102.090419598901548, 2.403883857739519 ], [ 102.089936897813359, 2.403947350618254 ], [ 102.089458184137669, 2.404035996868332 ], [ 102.088984769995349, 2.404149553511661 ], [ 102.08851795298169, 2.404287709291208 ], [ 102.088059012609662, 2.404450085524165 ], [ 102.087609206802938, 2.404636237140021 ], [ 102.08716976844795, 2.404845653900492 ], [ 102.086741902014694, 2.405077761798241 ], [ 102.086326780255348, 2.405331924630236 ], [ 102.085925540989734, 2.405607445741697 ], [ 102.085539283986861, 2.405903569935678 ], [ 102.085169067950289, 2.406219485543224 ], [ 102.084815907616445, 2.406554326648147 ], [ 102.084480770973258, 2.406907175460629 ], [ 102.08416457660698, 2.407277064833036 ], [ 102.083868191184379, 2.407662980910806 ], [ 102.083592427077292, 2.408063865911638 ], [ 102.083338040135956, 2.408478621024881 ], [ 102.083105727617351, 2.408906109423424 ], [ 102.08289612627388, 2.409345159379855 ], [ 102.082709810608307, 2.409794567478118 ], [ 102.082547291298908, 2.410253101912196 ], [ 102.082409013799776, 2.410719505862473 ], [ 102.08229535711996, 2.411192500940691 ], [ 102.082206632784505, 2.411670790693988 ], [ 102.082143083980654, 2.412153064158472 ], [ 102.082104884891265, 2.412637999452526 ], [ 102.082092140217384, 2.413124267400061 ], [ 102.082104884891265, 2.41361053517367 ], [ 102.082143083980654, 2.414095469947881 ], [ 102.082206632784505, 2.414577742552279 ], [ 102.08229535711996, 2.415056031114687 ], [ 102.082409013799776, 2.415529024684242 ], [ 102.082547291298908, 2.415995426824642 ], [ 102.082709810608307, 2.41645395916743 ], [ 102.08289612627388, 2.416903364915924 ], [ 102.083105727617351, 2.417342412289808 ], [ 102.083338040135956, 2.417769897901384 ], [ 102.083592427077292, 2.418184650053722 ], [ 102.083868191184379, 2.41858553195219 ], [ 102.08416457660698, 2.418971444820105 ], [ 102.084480770973258, 2.419341330910321 ], [ 102.084815907616445, 2.419694176404288 ], [ 102.085169067950289, 2.420029014190658 ], [ 102.085539283986861, 2.420344926516024 ], [ 102.085925540989734, 2.420641047500152 ], [ 102.086326780255348, 2.420916565509236 ], [ 102.086741902014694, 2.421170725380338 ], [ 102.08716976844795, 2.421402830491107 ], [ 102.087609206802938, 2.421612244669056 ], [ 102.088059012609662, 2.421798393935119 ], [ 102.08851795298169, 2.421960768076798 ], [ 102.088984769995349, 2.422098922046456 ], [ 102.089458184137669, 2.422212477181133 ], [ 102.089936897813359, 2.42230112224031 ], [ 102.090419598901548, 2.422364614258972 ], [ 102.090904964352092, 2.422402779213451 ], [ 102.091391663812018, 2.422415512498383 ], [ 102.09187836327196, 2.422402779213451 ], [ 102.092363728722489, 2.422364614258972 ], [ 102.092846429810692, 2.42230112224031 ], [ 102.093325143486382, 2.422212477181133 ], [ 102.093798557628688, 2.422098922046456 ], [ 102.094265374642347, 2.421960768076798 ], [ 102.094724315014389, 2.421798393935119 ], [ 102.095174120821099, 2.421612244669056 ], [ 102.095613559176087, 2.421402830491107 ], [ 102.096041425609343, 2.421170725380338 ], [ 102.096456547368703, 2.420916565509236 ], [ 102.096857786634303, 2.420641047500152 ], [ 102.097244043637176, 2.420344926516024 ], [ 102.097614259673747, 2.420029014190658 ], [ 102.097967420007606, 2.419694176404288 ], [ 102.098302556650779, 2.419341330910321 ], [ 102.098618751017071, 2.418971444820105 ], [ 102.098915136439672, 2.41858553195219 ], [ 102.099190900546759, 2.418184650053722 ], [ 102.099445287488081, 2.417769897901384 ], [ 102.099677600006686, 2.417342412289808 ], [ 102.099887201350157, 2.416903364915924 ], [ 102.100073517015716, 2.41645395916743 ], [ 102.100236036325143, 2.415995426824642 ], [ 102.100374313824275, 2.415529024684254 ], [ 102.100487970504076, 2.415056031114687 ], [ 102.100576694839546, 2.414577742552279 ], [ 102.100640243643383, 2.414095469947881 ], [ 102.100678442732772, 2.41361053517367 ], [ 102.100691187406667, 2.413124267400061 ] ] ] } },
{ "type": "Feature", "properties": { "state": "Melaka", "parlimen": "P.110 Alor Gajah", "code_parlimen": "P.110", "dun": "N.03 Masjid Tanah", "code_dun": "N.03", "voters_total": 9609 }, "geometry": { "type": "Polygon", "coordinates": [ [ [ 102.139734012064096, 2.337595393760431 ], [ 102.13971985105151, 2.337055056421682 ], [ 102.139677406828127, 2.336516199902922 ], [ 102.1396067957306, 2.335980301175007 ], [ 102.139508211299045, 2.335448829103341 ], [ 102.139381923746541, 2.334923240421852 ], [ 102.139228279218457, 2.334404975740022 ], [ 102.139047698843839, 2.333895455594245 ], [ 102.138840677580845, 2.33339607655412 ], [ 102.138607782860447, 2.33290820739446 ], [ 102.138349653030843, 2.332433185343399 ], [ 102.138066995607986, 2.331972312417063 ], [ 102.137760585336167, 2.331526851850656 ], [ 102.137431262064709, 2.331098024635862 ], [ 102.137079928445772, 2.330687006174005 ], [ 102.136707547460389, 2.330294923054231 ], [ 102.136315139778986, 2.329922849965395 ], [ 102.135903780963673, 2.32957180675023 ], [ 102.135474598520446, 2.329242755609885 ], [ 102.135028768808496, 2.328936598466373 ], [ 102.134567513816094, 2.328654174490348 ], [ 102.13409209781112, 2.32839625780079 ], [ 102.133603823875788, 2.328163555343061 ], [ 102.133104030335048, 2.327956704951082 ], [ 102.132594087088179, 2.327776273598876 ], [ 102.132075391854258, 2.327622755846499 ], [ 102.131549366340792, 2.327496572484263 ], [ 102.131017452347209, 2.327398069379385 ], [ 102.130481107812784, 2.327327516527867 ], [ 102.129941802820582, 2.32728510731438 ], [ 102.129401015568106, 2.327270957982143 ], [ 102.128860228315645, 2.32728510731438 ], [ 102.128320923323429, 2.327327516527867 ], [ 102.12778457878899, 2.327398069379385 ], [ 102.127252664795407, 2.327496572484263 ], [ 102.126726639281969, 2.327622755846499 ], [ 102.126207944048033, 2.327776273598876 ], [ 102.125698000801179, 2.327956704951082 ], [ 102.125198207260411, 2.328163555343061 ], [ 102.124709933325079, 2.32839625780079 ], [ 102.124234517320119, 2.328654174490348 ], [ 102.123773262327731, 2.328936598466373 ], [ 102.123327432615781, 2.329242755609885 ], [ 102.122898250172526, 2.32957180675023 ], [ 102.122486891357241, 2.329922849965395 ], [ 102.122094483675824, 2.330294923054231 ], [ 102.121722102690441, 2.330687006174005 ], [ 102.121370769071518, 2.331098024635862 ], [ 102.121041445800046, 2.331526851850656 ], [ 102.120735035528241, 2.331972312417063 ], [ 102.120452378105369, 2.332433185343399 ], [ 102.120194248275766, 2.33290820739446 ], [ 102.119961353555368, 2.33339607655412 ], [ 102.119754332292388, 2.333895455594245 ], [ 102.119573751917741, 2.334404975740022 ], [ 102.119420107389672, 2.334923240421852 ], [ 102.119293819837168, 2.335448829103341 ], [ 102.119195235405613, 2.335980301175007 ], [ 102.119124624308085, 2.336516199902922 ], [ 102.119082180084689, 2.337055056421682 ], [ 102.119068019072117, 2.337595393760431 ], [ 102.119082180084689, 2.338135730891159 ], [ 102.119124624308085, 2.338674586788147 ], [ 102.119195235405613, 2.339210484487368 ], [ 102.119293819837168, 2.339741955134655 ], [ 102.119420107389672, 2.340267542011701 ], [ 102.119573751917741, 2.340785804528807 ], [ 102.119754332292388, 2.341295322173282 ], [ 102.119961353555368, 2.341794698402928 ], [ 102.120194248275766, 2.342282564473736 ], [ 102.120452378105369, 2.34275758319141 ], [ 102.120735035528241, 2.343218452576338 ], [ 102.121041445800046, 2.343663909432119 ], [ 102.121370769071518, 2.344092732807741 ], [ 102.121722102690441, 2.344503747343916 ], [ 102.122094483675824, 2.344895826494524 ], [ 102.122486891357241, 2.345267895614193 ], [ 102.122898250172526, 2.345618934903675 ], [ 102.123327432615781, 2.34594798220485 ], [ 102.123773262327717, 2.346254135637748 ], [ 102.124234517320119, 2.346536556072366 ], [ 102.124709933325079, 2.346794469428525 ], [ 102.125198207260411, 2.347027168797399 ], [ 102.125698000801179, 2.347234016378913 ], [ 102.126207944048033, 2.347414445229805 ], [ 102.126726639281969, 2.347567960817458 ], [ 102.127252664795407, 2.347694142375251 ], [ 102.12778457878899, 2.347792644055762 ], [ 102.128320923323429, 2.347863195878574 ], [ 102.128860228315645, 2.3479056044703 ], [ 102.129401015568106, 2.347919753594516 ], [ 102.129941802820582, 2.3479056044703 ], [ 102.130481107812784, 2.347863195878574 ], [ 102.131017452347209, 2.347792644055762 ], [ 102.131549366340792, 2.347694142375251 ], [ 102.132075391854258, 2.347567960817458 ], [ 102.132594087088179, 2.347414445229805 ], [ 102.133104030335048, 2.347234016378913 ], [ 102.133603823875788, 2.347027168797399 ], [ 102.13409209781112, 2.346794469428525 ], [ 102.134567513816094, 2.346536556072366 ], [ 102.135028768808496, 2.346254135637748 ], [ 102.135474598520446, 2.34594798220485 ], [ 102.135903780963673, 2.345618934903675 ], [ 102.136315139778986, 2.345267895614193 ], [ 102.136707547460389, 2.344895826494524 ], [ 102.137079928445772, 2.344503747343916 ], [ 102.137431262064709, 2.344092732807741 ], [ 102.137760585336167, 2.343663909432119 ], [ 102.138066995607986, 2.343218452576338 ], [ 102.138349653030843, 2.34275758319141 ], [ 102.138607782860447, 2.342282564473736 ], [ 102.138840677580845, 2.341794698402928 ], [ 102.139047698843839, 2.341295322173282 ], [ 102.139228279218457, 2.340785804528807 ], [ 102.139381923746541, 2.340267542011701 ], [ 102.139508211299045, 2.339741955134655 ], [ 102.1396067957306, 2.339210484487368 ], [ 102.139677406828127, 2.338674586788147 ], [ 102.13971985105151, 2.338135730891159 ], [ 102.139734012064096, 2.337595393760431 ] ] ] } },
{ "type": "Feature", "properties": { "state": "Melaka", "parlimen": "P.110 Alor Gajah", "code_parlimen": "P.110", "dun": "N.04 Kelemak", "code_dun": "N.04", "voters_total": 10029 }, "geometry": { "type": "Polygon", "coordinates": [ [ [ 102.187232666906681, 2.418201968273514 ], [ 102.18721819972194, 2.417649980661322 ], [ 102.187174837821232, 2.417099505785196 ], [ 102.187102700056542, 2.416552052461336 ], [ 102.187001984152459, 2.416009121225834 ], [ 102.186872966164273, 2.415472200221844 ], [ 102.186715999721315, 2.414942761120554 ], [ 102.186531515057695, 2.414422255087375 ], [ 102.186320017833069, 2.413912108804283 ], [ 102.186082087746627, 2.413413720559255 ], [ 102.185818376948191, 2.412928456413556 ], [ 102.185529608250718, 2.41245764645724 ], [ 102.185216573149134, 2.412002581163399 ], [ 102.184880129650921, 2.411564507850785 ], [ 102.184521199924291, 2.411144627264933 ], [ 102.1841407677707, 2.410744090286717 ], [ 102.183739875928225, 2.410363994777712 ], [ 102.183319623213549, 2.410005382570867 ], [ 102.182881161510153, 2.409669236614673 ], [ 102.182425692611076, 2.409356478278799 ], [ 102.1819544649249, 2.409067964828517 ], [ 102.181468770053996, 2.408804487074807 ], [ 102.180969939254211, 2.408566767206588 ], [ 102.180459339786111, 2.408355456811148 ], [ 102.179938371167353, 2.408171135088027 ], [ 102.179408461336692, 2.408014307261289 ], [ 102.178871062740157, 2.407885403194666 ], [ 102.178327648349921, 2.407784776213219 ], [ 102.177779707627067, 2.4077127021348 ], [ 102.177228742439056, 2.407669378513993 ], [ 102.176676262943133, 2.407654924100571 ], [ 102.176123783447196, 2.407669378513993 ], [ 102.175572818259198, 2.4077127021348 ], [ 102.17502487753633, 2.407784776213219 ], [ 102.174481463146108, 2.407885403194666 ], [ 102.173944064549573, 2.408014307261289 ], [ 102.173414154718913, 2.408171135088027 ], [ 102.172893186100154, 2.408355456811148 ], [ 102.17238258663204, 2.408566767206588 ], [ 102.171883755832269, 2.408804487074807 ], [ 102.171398060961366, 2.409067964828517 ], [ 102.170926833275189, 2.409356478278799 ], [ 102.170471364376112, 2.409669236614673 ], [ 102.170032902672716, 2.410005382570867 ], [ 102.16961264995804, 2.410363994777712 ], [ 102.169211758115566, 2.410744090286717 ], [ 102.16883132596196, 2.411144627264933 ], [ 102.168472396235344, 2.411564507850785 ], [ 102.168135952737131, 2.412002581163399 ], [ 102.167822917635547, 2.41245764645724 ], [ 102.167534148938074, 2.412928456413556 ], [ 102.167270438139639, 2.413413720559255 ], [ 102.167032508053182, 2.413912108804283 ], [ 102.166821010828556, 2.414422255087375 ], [ 102.16663652616495, 2.414942761120554 ], [ 102.166479559721992, 2.415472200221844 ], [ 102.166350541733806, 2.416009121225834 ], [ 102.166249825829723, 2.416552052461336 ], [ 102.166177688065034, 2.417099505785196 ], [ 102.166134326164325, 2.417649980661322 ], [ 102.166119858979584, 2.418201968273514 ], [ 102.166134326164325, 2.418753955661133 ], [ 102.166177688065034, 2.419304429865983 ], [ 102.166249825829723, 2.419851882079245 ], [ 102.166350541733806, 2.420394811776974 ], [ 102.166479559721992, 2.420931730832861 ], [ 102.16663652616495, 2.421461167597068 ], [ 102.166821010828556, 2.421981670929815 ], [ 102.167032508053182, 2.422491814178671 ], [ 102.167270438139639, 2.422990199088925 ], [ 102.167534148938074, 2.423475459635852 ], [ 102.167822917635547, 2.42394626576881 ], [ 102.168135952737131, 2.424401327056616 ], [ 102.168472396235344, 2.424839396224395 ], [ 102.16883132596196, 2.425259272572017 ], [ 102.169211758115566, 2.42565980526506 ], [ 102.16961264995804, 2.426039896488903 ], [ 102.170032902672716, 2.426398504457519 ], [ 102.170471364376112, 2.426734646268891 ], [ 102.170926833275189, 2.427047400598729 ], [ 102.171398060961366, 2.42733591022564 ], [ 102.171883755832269, 2.427599384380579 ], [ 102.17238258663204, 2.427837100914037 ], [ 102.172893186100154, 2.428048408275228 ], [ 102.173414154718913, 2.428232727297918 ], [ 102.173944064549573, 2.428389552787584 ], [ 102.174481463146108, 2.428518454906104 ], [ 102.17502487753633, 2.428619080349779 ], [ 102.175572818259198, 2.428691153317586 ], [ 102.176123783447196, 2.428734476267131 ], [ 102.176676262943133, 2.42874893045598 ], [ 102.177228742439056, 2.428734476267131 ], [ 102.177779707627067, 2.428691153317586 ], [ 102.178327648349921, 2.428619080349779 ], [ 102.178871062740157, 2.428518454906104 ], [ 102.179408461336692, 2.428389552787584 ], [ 102.179938371167353, 2.428232727297918 ], [ 102.180459339786111, 2.428048408275228 ], [ 102.180969939254211, 2.427837100914037 ], [ 102.181468770053996, 2.427599384380579 ], [ 102.1819544649249, 2.42733591022564 ], [ 102.182425692611076, 2.427047400598729 ], [ 102.182881161510153, 2.426734646268891 ], [ 102.183319623213549, 2.426398504457519 ], [ 102.183739875928225, 2.426039896488903 ], [ 102.1841407677707, 2.42565980526506 ], [ 102.184521199924291, 2.425259272572017 ], [ 102.184880129650921, 2.424839396224395 ], [ 102.185216573149134, 2.424401327056616 ], [ 102.185529608250718, 2.42394626576881 ], [ 102.185818376948191, 2.423475459635852 ], [ 102.186082087746627, 2.422990199088925 ], [ 102.186320017833069, 2.422491814178671 ], [ 102.186531515057695, 2.421981670929815 ], [ 102.186715999721315, 2.421461167597068 ], [ 102.186872966164273, 2.420931730832861 ], [ 102.187001984152459, 2.420394811776974 ], [ 102.187102700056542, 2.419851882079245 ], [ 102.187174837821232, 2.419304429865983 ], [ 102.18721819972194, 2.418753955661133 ], [ 102.187232666906681, 2.418201968273514 ] ] ] } },
{ "type": "Feature", "properties": { "state": "Melaka", "parlimen": "P.111 Selandar", "code_parlimen": "P.111", "dun": "N.05 Pulau Sebang", "code_dun": "N.05", "voters_total": 8906 }, "geometry": { "type": "Polygon", "coordinates": [ [ [ 102.237253358763411, 2.436136203780303 ], [ 102.237239725602592, 2.435616044807559 ], [ 102.237198863487734, 2.43509731135436 ], [ 102.237130884419017, 2.434581425235566 ], [ 102.237035974722374, 2.434069800463272 ], [ 102.236914394538644, 2.433563839371121 ], [ 102.236766477110706, 2.433064928770482 ], [ 102.236592627869939, 2.432574436149249 ], [ 102.236393323325004, 2.432093705923547 ], [ 102.236169109755792, 2.431624055752679 ], [ 102.235920601716174, 2.431166772927375 ], [ 102.235648480349354, 2.430723110841323 ], [ 102.235353491521124, 2.430294285555485 ], [ 102.235036443775329, 2.429881472464873 ], [ 102.234698206117812, 2.429485803076699 ], [ 102.234339705634468, 2.429108361908815 ], [ 102.23396192495025, 2.428750183516932 ], [ 102.233565899535705, 2.42841224965883 ], [ 102.233152714868979, 2.428095486603278 ], [ 102.232723503460534, 2.427800762590977 ], [ 102.232279441749, 2.427528885454653 ], [ 102.231821746876662, 2.427280600404627 ], [ 102.231351673353331, 2.427056587986143 ], [ 102.230870509617901, 2.426857462213897 ], [ 102.230379574506728, 2.426683768888894 ], [ 102.229880213638779, 2.426535984102347 ], [ 102.229373795727497, 2.426414512930644 ], [ 102.2288617088292, 2.426319688324959 ], [ 102.228345356538469, 2.426251770198566 ], [ 102.227826154141042, 2.426210944714384 ], [ 102.227305524734604, 2.426197323774705 ], [ 102.226784895328166, 2.426210944714384 ], [ 102.226265692930724, 2.426251770198566 ], [ 102.225749340640007, 2.426319688324959 ], [ 102.225237253741696, 2.426414512930644 ], [ 102.224730835830428, 2.426535984102347 ], [ 102.22423147496248, 2.426683768888894 ], [ 102.223740539851292, 2.426857462213897 ], [ 102.223259376115863, 2.427056587986143 ], [ 102.22278930259256, 2.427280600404627 ], [ 102.222331607720193, 2.427528885454653 ], [ 102.221887546008674, 2.427800762590977 ], [ 102.221458334600229, 2.428095486603278 ], [ 102.221045149933502, 2.42841224965883 ], [ 102.220649124518957, 2.428750183516932 ], [ 102.220271343834725, 2.429108361908815 ], [ 102.219912843351381, 2.429485803076699 ], [ 102.219574605693865, 2.429881472464873 ], [ 102.219257557948069, 2.430294285555485 ], [ 102.218962569119853, 2.430723110841323 ], [ 102.218690447753019, 2.431166772927375 ], [ 102.218441939713401, 2.431624055752679 ], [ 102.218217726144189, 2.432093705923547 ], [ 102.218018421599268, 2.432574436149249 ], [ 102.217844572358487, 2.433064928770482 ], [ 102.217696654930549, 2.433563839371121 ], [ 102.217575074746833, 2.434069800463272 ], [ 102.217480165050191, 2.434581425235566 ], [ 102.217412185981473, 2.43509731135436 ], [ 102.217371323866601, 2.435616044807559 ], [ 102.217357690705796, 2.436136203780303 ], [ 102.217371323866601, 2.436656362552163 ], [ 102.217412185981473, 2.437175095404848 ], [ 102.217480165050191, 2.4376909805301 ], [ 102.217575074746833, 2.438202603926703 ], [ 102.217696654930549, 2.438708563276101 ], [ 102.217844572358487, 2.439207471786009 ], [ 102.218018421599268, 2.439697961991433 ], [ 102.218217726144189, 2.440178689502722 ], [ 102.218441939713401, 2.440648336690319 ], [ 102.218690447753019, 2.441105616296176 ], [ 102.218962569119853, 2.441549274961885 ], [ 102.219257557948069, 2.441978096663937 ], [ 102.219574605693865, 2.442390906046595 ], [ 102.219912843351381, 2.442786571643268 ], [ 102.220271343834725, 2.443164008977668 ], [ 102.220649124518957, 2.443522183536067 ], [ 102.221045149933502, 2.44386011360268 ], [ 102.221458334600229, 2.444176872950278 ], [ 102.221887546008674, 2.444471593378793 ], [ 102.222331607720193, 2.444743467094774 ], [ 102.22278930259256, 2.444991748925354 ], [ 102.223259376115863, 2.445215758360566 ], [ 102.223740539851292, 2.4454148814184 ], [ 102.22423147496248, 2.445588572327607 ], [ 102.224730835830428, 2.445736355023409 ], [ 102.225237253741696, 2.445857824452359 ], [ 102.225749340640007, 2.445952647682366 ], [ 102.226265692930724, 2.446020564815216 ], [ 102.226784895328166, 2.446061389698885 ], [ 102.227305524734604, 2.446075010437654 ], [ 102.227826154141042, 2.446061389698885 ], [ 102.228345356538469, 2.446020564815216 ], [ 102.2288617088292, 2.445952647682366 ], [ 102.229373795727497, 2.445857824452359 ], [ 102.229880213638779, 2.445736355023409 ], [ 102.230379574506728, 2.445588572327607 ], [ 102.230870509617901, 2.4454148814184 ], [ 102.231351673353331, 2.445215758360566 ], [ 102.231821746876662, 2.444991748925354 ], [ 102.232279441749, 2.444743467094774 ], [ 102.232723503460534, 2.444471593378793 ], [ 102.233152714868979, 2.444176872950278 ], [ 102.233565899535705, 2.44386011360268 ], [ 102.23396192495025, 2.443522183536067 ], [ 102.234339705634468, 2.443164008977668 ], [ 102.234698206117812, 2.442786571643268 ], [ 102.235036443775329, 2.442390906046595 ], [ 102.235353491521124, 2.441978096663937 ], [ 102.235648480349354, 2.441549274961885 ], [ 102.235920601716174, 2.441105616296176 ], [ 102.236169109755792, 2.440648336690319 ], [ 102.236393323325004, 2.440178689502722 ], [ 102.236592627869939, 2.439697961991433 ], [ 102.236766477110706, 2.439207471786009 ], [ 102.236914394538644, 2.438708563276101 ], [ 102.237035974722374, 2.438202603926703 ], [ 102.237130884419017, 2.4376909805301 ], [ 102.237198863487734, 2.437175095404848 ], [ 102.237239725602592, 2.436656362552163 ], [ 102.237253358763411, 2.436136203780303 ] ] ] } },
{ "type": "Feature", "properties": { "state": "Melaka", "parlimen": "P.111 Selandar", "code_parlimen": "P.111", "dun": "N.06 Kemuning", "code_dun": "N.06", "voters_total": 8387 }, "geometry": { "type": "Polygon", "coordinates": [ [ [ 102.280540971150685, 2.389277155252665 ], [ 102.280527741190639, 2.388772362591779 ], [ 102.28048808757282, 2.388268953347717 ], [ 102.280422118985086, 2.387768307332554 ], [ 102.280330016242758, 2.387271796786022 ], [ 102.280212031793013, 2.386780782614264 ], [ 102.280068489023037, 2.386296610659631 ], [ 102.279899781373615, 2.385820608011769 ], [ 102.279706371260659, 2.385354079370022 ], [ 102.279488788807868, 2.38489830346729 ], [ 102.27924763039357, 2.384454529564971 ], [ 102.278983557016275, 2.384023974028697 ], [ 102.278697292482732, 2.383607816994239 ], [ 102.278389621424111, 2.383207199132698 ], [ 102.278061387145442, 2.382823218523836 ], [ 102.27771348931401, 2.382456927646159 ], [ 102.277346881493642, 2.382109330492058 ], [ 102.276962568530877, 2.381781379815643 ], [ 102.276561603800801, 2.381473974521295 ], [ 102.276145086319914, 2.381187957199601 ], [ 102.275714157733631, 2.380924111817699 ], [ 102.275269999187287, 2.380683161570405 ], [ 102.274813828088583, 2.380465766897735 ], [ 102.274346894770787, 2.380272523674689 ], [ 102.27387047906565, 2.380103961577763 ], [ 102.273385886795552, 2.379960542633072 ], [ 102.272894446194172, 2.379842659949884 ], [ 102.272397504266053, 2.379750636643026 ], [ 102.271896423094489, 2.379684724947189 ], [ 102.271392576108127, 2.379645105525499 ], [ 102.270887344316549, 2.379631886974308 ], [ 102.270382112524985, 2.379645105525499 ], [ 102.269878265538622, 2.379684724947189 ], [ 102.269377184367059, 2.379750636643026 ], [ 102.268880242438954, 2.379842659949884 ], [ 102.26838880183756, 2.379960542633072 ], [ 102.267904209567462, 2.380103961577763 ], [ 102.267427793862311, 2.380272523674689 ], [ 102.266960860544529, 2.380465766897735 ], [ 102.26650468944581, 2.380683161570405 ], [ 102.26606053089948, 2.380924111817699 ], [ 102.265629602313197, 2.381187957199601 ], [ 102.265213084832311, 2.381473974521295 ], [ 102.264812120102235, 2.381781379815643 ], [ 102.264427807139455, 2.382109330492058 ], [ 102.264061199319087, 2.382456927646159 ], [ 102.26371330148767, 2.382823218523836 ], [ 102.263385067208986, 2.383207199132698 ], [ 102.263077396150379, 2.383607816994239 ], [ 102.262791131616822, 2.384023974028697 ], [ 102.262527058239542, 2.384454529564971 ], [ 102.262285899825244, 2.38489830346729 ], [ 102.262068317372453, 2.385354079370022 ], [ 102.261874907259482, 2.385820608011769 ], [ 102.26170619961006, 2.386296610659631 ], [ 102.261562656840098, 2.386780782614264 ], [ 102.261444672390354, 2.387271796786022 ], [ 102.261352569648025, 2.387768307332554 ], [ 102.261286601060291, 2.388268953347717 ], [ 102.261246947442473, 2.388772362591779 ], [ 102.261233717482412, 2.389277155252665 ], [ 102.261246947442473, 2.389781947727985 ], [ 102.261286601060291, 2.390285356417371 ], [ 102.261352569648025, 2.390786001514855 ], [ 102.261444672390354, 2.391282510790731 ], [ 102.261562656840098, 2.391773523352784 ], [ 102.26170619961006, 2.392257693376299 ], [ 102.261874907259482, 2.392733693792798 ], [ 102.262068317372453, 2.393200219927377 ], [ 102.262285899825244, 2.393655993074591 ], [ 102.262527058239542, 2.39409976400327 ], [ 102.262791131616822, 2.394530316380324 ], [ 102.263077396150379, 2.394946470104601 ], [ 102.263385067208986, 2.395347084541295 ], [ 102.26371330148767, 2.395731061648138 ], [ 102.264061199319087, 2.396097348984991 ], [ 102.264427807139455, 2.396444942598283 ], [ 102.264812120102235, 2.396772889772678 ], [ 102.265213084832311, 2.397080291642154 ], [ 102.265629602313197, 2.397366305653679 ], [ 102.26606053089948, 2.397630147876362 ], [ 102.26650468944581, 2.397871095150016 ], [ 102.266960860544529, 2.398088487067167 ], [ 102.267427793862311, 2.398281727783046 ], [ 102.267904209567462, 2.398450287648609 ], [ 102.26838880183756, 2.398593704662181 ], [ 102.268880242438939, 2.398711585735678 ], [ 102.269377184367059, 2.398803607771879 ], [ 102.269878265538622, 2.398869518550024 ], [ 102.270382112524985, 2.39890913741705 ], [ 102.270887344316549, 2.398922355782676 ], [ 102.271392576108127, 2.39890913741705 ], [ 102.271896423094489, 2.398869518550024 ], [ 102.272397504266053, 2.398803607771879 ], [ 102.272894446194158, 2.398711585735678 ], [ 102.273385886795552, 2.398593704662181 ], [ 102.27387047906565, 2.398450287648609 ], [ 102.274346894770787, 2.398281727783046 ], [ 102.274813828088583, 2.398088487067167 ], [ 102.275269999187287, 2.397871095150016 ], [ 102.275714157733631, 2.397630147876362 ], [ 102.276145086319914, 2.397366305653679 ], [ 102.276561603800801, 2.397080291642154 ], [ 102.276962568530877, 2.396772889772678 ], [ 102.277346881493642, 2.396444942598283 ], [ 102.27771348931401, 2.396097348984991 ], [ 102.278061387145442, 2.395731061648138 ], [ 102.278389621424111, 2.395347084541295 ], [ 102.278697292482732, 2.394946470104601 ], [ 102.278983557016275, 2.394530316380324 ], [ 102.27924763039357, 2.39409976400327 ], [ 102.279488788807868, 2.393655993074591 ], [ 102.279706371260659, 2.393200219927377 ], [ 102.279899781373615, 2.392733693792798 ], [ 102.280068489023037, 2.392257693376299 ], [ 102.280212031793013, 2.391773523352784 ], [ 102.280330016242758, 2.391282510790731 ], [ 102.280422118985086, 2.390786001514855 ], [ 102.28048808757282, 2.390285356417371 ], [ 102.280527741190639, 2.389781947727985 ], [ 102.280540971150685, 2.389277155252665 ] ] ] } },
{ "type": "Feature", "properties": { "state": "Melaka", "parlimen": "P.111 Selandar", "code_parlimen": "P.111", "dun": "N.07 Tebong", "code_dun": "N.07", "voters_total": 11644 }, "geometry": { "type": "Polygon", "coordinates": [ [ [ 102.355583442171948, 2.383668554774934 ], [ 102.355567853600775, 2.383073766231454 ], [ 102.35552113061442, 2.382480607706142 ], [ 102.355443401277398, 2.381890705008465 ], [ 102.355334878640363, 2.381305675026027 ], [ 102.355195860156329, 2.380727121292607 ], [ 102.355026726865319, 2.380156629592986 ], [ 102.354827942349914, 2.379595763616288 ], [ 102.354600051464672, 2.379046060669906 ], [ 102.354343678842639, 2.37850902746568 ], [ 102.354059527183381, 2.377986135990002 ], [ 102.353748375326788, 2.377478819468979 ], [ 102.353411076118562, 2.376988468439895 ], [ 102.353048554072302, 2.376516426939665 ], [ 102.352661802835797, 2.376063988820682 ], [ 102.352251882467257, 2.375632394204268 ], [ 102.35181991652999, 2.375222826081389 ], [ 102.351367089012498, 2.374836407069886 ], [ 102.350894641083627, 2.37447419633728 ], [ 102.350403867690261, 2.374137186697443 ], [ 102.349896114008175, 2.373826301889135 ], [ 102.349372771754901, 2.373542394043935 ], [ 102.348835275375208, 2.373286241350345 ], [ 102.348285098109287, 2.373058545920721 ], [ 102.347723747954788, 2.372859931866607 ], [ 102.347152763533472, 2.372690943587962 ], [ 102.346573709873923, 2.37255204428086 ], [ 102.345988174122013, 2.37244361466776 ], [ 102.345397761190512, 2.372365951953876 ], [ 102.344804089360238, 2.372319269012525 ], [ 102.344208785844401, 2.372303693801531 ], [ 102.34361348232855, 2.372319269012525 ], [ 102.343019810498276, 2.372365951953876 ], [ 102.342429397566789, 2.37244361466776 ], [ 102.341843861814866, 2.37255204428086 ], [ 102.341264808155344, 2.372690943587962 ], [ 102.340693823734014, 2.372859931866607 ], [ 102.340132473579516, 2.373058545920721 ], [ 102.339582296313594, 2.373286241350345 ], [ 102.339044799933902, 2.373542394043935 ], [ 102.338521457680628, 2.373826301889135 ], [ 102.338013703998541, 2.374137186697443 ], [ 102.337522930605175, 2.37447419633728 ], [ 102.33705048267629, 2.374836407069886 ], [ 102.336597655158826, 2.375222826081389 ], [ 102.336165689221531, 2.375632394204268 ], [ 102.335755768852991, 2.376063988820682 ], [ 102.335369017616486, 2.376516426939665 ], [ 102.335006495570241, 2.376988468439895 ], [ 102.334669196362, 2.377478819468979 ], [ 102.334358044505422, 2.377986135990002 ], [ 102.334073892846163, 2.37850902746568 ], [ 102.33381752022413, 2.379046060669906 ], [ 102.333589629338874, 2.379595763616288 ], [ 102.333390844823469, 2.380156629592986 ], [ 102.333221711532474, 2.380727121292607 ], [ 102.333082693048425, 2.381305675026027 ], [ 102.332974170411404, 2.381890705008465 ], [ 102.332896441074368, 2.382480607706142 ], [ 102.332849718088028, 2.383073766231454 ], [ 102.332834129516854, 2.383668554774934 ], [ 102.332849718088028, 2.384263343061374 ], [ 102.332896441074368, 2.384856500818442 ], [ 102.332974170411404, 2.38544640224503 ], [ 102.333082693048425, 2.386031430467501 ], [ 102.333221711532474, 2.38660998197134 ], [ 102.333390844823469, 2.387180470996204 ], [ 102.333589629338874, 2.387741333882255 ], [ 102.33381752022413, 2.388291033355993 ], [ 102.334073892846163, 2.388828062743592 ], [ 102.334358044505422, 2.389350950100502 ], [ 102.334669196362, 2.389858262245743 ], [ 102.335006495570241, 2.390348608689943 ], [ 102.335369017616486, 2.390820645446452 ], [ 102.335755768852991, 2.391273078714822 ], [ 102.336165689221531, 2.391704668426897 ], [ 102.336597655158826, 2.392114231645425 ], [ 102.33705048267629, 2.392500645806327 ], [ 102.337522930605175, 2.392862851795212 ], [ 102.338013703998541, 2.393199856850166 ], [ 102.338521457680628, 2.393510737282678 ], [ 102.339044799933902, 2.393794641009111 ], [ 102.339582296313594, 2.394050789886086 ], [ 102.340132473579516, 2.394278481843054 ], [ 102.340693823734014, 2.394477092806534 ], [ 102.341264808155344, 2.394646078410409 ], [ 102.341843861814866, 2.394784975487942 ], [ 102.342429397566789, 2.394893403341075 ], [ 102.343019810498276, 2.394971064783882 ], [ 102.34361348232855, 2.395017746956976 ], [ 102.344208785844401, 2.395033321910931 ], [ 102.344804089360238, 2.395017746956976 ], [ 102.345397761190512, 2.394971064783882 ], [ 102.345988174122013, 2.394893403341075 ], [ 102.346573709873923, 2.394784975487942 ], [ 102.347152763533472, 2.394646078410409 ], [ 102.347723747954788, 2.394477092806534 ], [ 102.348285098109287, 2.394278481843054 ], [ 102.348835275375208, 2.394050789886086 ], [ 102.349372771754901, 2.393794641009111 ], [ 102.349896114008175, 2.393510737282678 ], [ 102.350403867690261, 2.393199856850166 ], [ 102.350894641083627, 2.392862851795212 ], [ 102.351367089012498, 2.392500645806327 ], [ 102.35181991652999, 2.392114231645425 ], [ 102.352251882467257, 2.391704668426897 ], [ 102.352661802835797, 2.391273078714822 ], [ 102.353048554072302, 2.390820645446452 ], [ 102.353411076118562, 2.390348608689943 ], [ 102.353748375326788, 2.389858262245743 ], [ 102.354059527183381, 2.389350950100502 ], [ 102.354343678842639, 2.388828062743592 ], [ 102.354600051464672, 2.388291033355993 ], [ 102.354827942349914, 2.387741333882255 ], [ 102.355026726865319, 2.387180470996204 ], [ 102.355195860156329, 2.38660998197134 ], [ 102.355334878640363, 2.386031430467501 ], [ 102.355443401277398, 2.38544640224503 ], [ 102.35552113061442, 2.384856500818442 ], [ 102.355567853600775, 2.384263343061374 ], [ 102.355583442171948, 2.383668554774934 ] ] ] } },
{ "type": "Feature", "properties": { "state": "Melaka", "parlimen": "P.111 Selandar", "code_parlimen": "P.111", "dun": "N.08 Bukit Asahan", "code_dun": "N.08", "voters_total": 9046 }, "geometry": { "type": "Polygon", "coordinates": [ [ [ 102.479258198176169, 2.41515741666508 ], [ 102.47924445827833, 2.414633177121568 ], [ 102.479203276244917, 2.414110374280761 ], [ 102.479134764953031, 2.413590441111459 ], [ 102.479039112187351, 2.413074802718461 ], [ 102.478916580125457, 2.412564872436506 ], [ 102.478767504619213, 2.412062047956277 ], [ 102.478592294274236, 2.411567707493413 ], [ 102.478391429329889, 2.411083206010771 ], [ 102.478165460343035, 2.410609871504494 ], [ 102.477915006678941, 2.410149001363905 ], [ 102.477640754813692, 2.409701858815325 ], [ 102.477343456452616, 2.409269669459587 ], [ 102.477023926469826, 2.408853617912448 ], [ 102.4766830406748, 2.408454844557617 ], [ 102.476321733411822, 2.4080744424208 ], [ 102.475940994998979, 2.407713454173634 ], [ 102.475541869013767, 2.40737286927565 ], [ 102.475125449432824, 2.407053621262012 ], [ 102.474692877633245, 2.406756585184632 ], [ 102.474245339264257, 2.406482575213554 ], [ 102.473784060997417, 2.406232342405135 ], [ 102.473310307164411, 2.406006572643399 ], [ 102.472825376291581, 2.405805884759875 ], [ 102.47233059754069, 2.405630828837284 ], [ 102.471827327065967, 2.405481884701687 ], [ 102.471316944296731, 2.405359460607227 ], [ 102.470800848156742, 2.405263892117027 ], [ 102.470280453229606, 2.405195441183325 ], [ 102.469757185881676, 2.405154295429474 ], [ 102.469232480352332, 2.405140567635614 ], [ 102.468707774822988, 2.405154295429474 ], [ 102.468184507475044, 2.405195441183325 ], [ 102.467664112547908, 2.405263892117027 ], [ 102.467148016407918, 2.405359460607227 ], [ 102.466637633638697, 2.405481884701687 ], [ 102.46613436316396, 2.405630828837284 ], [ 102.465639584413083, 2.405805884759875 ], [ 102.465154653540253, 2.406006572643399 ], [ 102.464680899707233, 2.406232342405135 ], [ 102.464219621440421, 2.406482575213554 ], [ 102.463772083071419, 2.406756585184632 ], [ 102.46333951127184, 2.407053621262012 ], [ 102.462923091690882, 2.40737286927565 ], [ 102.462523965705671, 2.407713454173634 ], [ 102.462143227292827, 2.4080744424208 ], [ 102.46178192002985, 2.408454844557617 ], [ 102.461441034234838, 2.408853617912448 ], [ 102.461121504252034, 2.409269669459587 ], [ 102.460824205890972, 2.409701858815325 ], [ 102.460549954025737, 2.410149001363905 ], [ 102.460299500361629, 2.410609871504494 ], [ 102.460073531374761, 2.411083206010771 ], [ 102.459872666430414, 2.411567707493413 ], [ 102.459697456085451, 2.412062047956277 ], [ 102.459548380579207, 2.412564872436506 ], [ 102.459425848517313, 2.413074802718461 ], [ 102.459330195751633, 2.413590441111459 ], [ 102.459261684459747, 2.414110374280761 ], [ 102.459220502426334, 2.414633177121568 ], [ 102.459206762528495, 2.41515741666508 ], [ 102.459220502426334, 2.415681656006283 ], [ 102.459261684459747, 2.416204458242365 ], [ 102.459330195751633, 2.416724390411192 ], [ 102.459425848517313, 2.41724002741888 ], [ 102.459548380579207, 2.417749955945894 ], [ 102.459697456085451, 2.418252778320761 ], [ 102.459872666430414, 2.418747116350921 ], [ 102.460073531374761, 2.419231615100169 ], [ 102.460299500361629, 2.419704946602323 ], [ 102.460549954025737, 2.420165813500947 ], [ 102.460824205890972, 2.42061295260524 ], [ 102.461121504252034, 2.421045138352143 ], [ 102.461441034234838, 2.4214611861654 ], [ 102.46178192002985, 2.42185995570223 ], [ 102.462143227292827, 2.422240353978744 ], [ 102.462523965705671, 2.422601338365607 ], [ 102.462923091690882, 2.422941919445589 ], [ 102.46333951127184, 2.423261163725333 ], [ 102.463772083071419, 2.423558196193864 ], [ 102.464219621440421, 2.423832202720682 ], [ 102.464680899707233, 2.424082432287123 ], [ 102.465154653540253, 2.424308199044723 ], [ 102.465639584413083, 2.424508884194853 ], [ 102.46613436316396, 2.424683937684752 ], [ 102.466637633638697, 2.424832879715 ], [ 102.467148016407918, 2.424955302054519 ], [ 102.467664112547908, 2.42505086915941 ], [ 102.468184507475044, 2.425119319092623 ], [ 102.468707774822988, 2.425160464241749 ], [ 102.469232480352332, 2.425174191833301 ], [ 102.469757185881676, 2.425160464241749 ], [ 102.470280453229606, 2.425119319092623 ], [ 102.470800848156742, 2.42505086915941 ], [ 102.471316944296731, 2.424955302054519 ], [ 102.471827327065967, 2.424832879715 ], [ 102.47233059754069, 2.424683937684752 ], [ 102.472825376291581, 2.424508884194853 ], [ 102.473310307164411, 2.424308199044723 ], [ 102.473784060997417, 2.424082432287123 ], [ 102.474245339264257, 2.423832202720682 ], [ 102.474692877633245, 2.423558196193864 ], [ 102.475125449432824, 2.423261163725333 ], [ 102.475541869013767, 2.422941919445589 ], [ 102.475940994998979, 2.422601338365607 ], [ 102.476321733411822, 2.422240353978744 ], [ 102.4766830406748, 2.42185995570223 ], [ 102.477023926469826, 2.4214611861654 ], [ 102.477343456452616, 2.421045138352143 ], [ 102.477640754813692, 2.42061295260524 ], [ 102.477915006678941, 2.420165813500947 ], [ 102.478165460343035, 2.419704946602323 ], [ 102.478391429329889, 2.419231615100169 ], [ 102.478592294274236, 2.418747116350921 ], [ 102.478767504619213, 2.418252778320761 ], [ 102.478916580125457, 2.417749955945894 ], [ 102.479039112187351, 2.41724002741888 ], [ 102.479134764953031, 2.416724390411192 ], [ 102.479203276244917, 2.416204458242365 ], [ 102.47924445827833, 2.415681656006283 ], [ 102.479258198176169, 2.41515741666508 ] ] ] } },
{ "type": "Feature", "properties": { "state": "Melaka", "parlimen": "P.112 Batu Berendam", "code_parlimen": "P.112", "dun": "N.09 Ayer Molek", "code_dun": "N.09", "voters_total": 19927 }, "geometry": { "type": "Polygon", "coordinates": [ [ [ 102.340223298601956, 2.229517914164924 ], [ 102.340202905834261, 2.228739735101848 ], [ 102.34014178342629, 2.227963688563843 ], [ 102.340040098910336, 2.227191901645741 ], [ 102.339898130996573, 2.226426489770299 ], [ 102.339716268809227, 2.225669550889984 ], [ 102.33949501081986, 2.224923159736415 ], [ 102.339234963481275, 2.224189362133542 ], [ 102.338936839565136, 2.223470169389989 ], [ 102.338601456208394, 2.222767552785978 ], [ 102.338229732673483, 2.222083438169886 ], [ 102.337822687828819, 2.221419700679442 ], [ 102.337381437355958, 2.220778159601735 ], [ 102.336907190691846, 2.220160573386376 ], [ 102.336401247713624, 2.219568634825393 ], [ 102.335864995175768, 2.219003966413057 ], [ 102.33529990290927, 2.218468115898407 ], [ 102.334707519792701, 2.217962552042588 ], [ 102.334089469507049, 2.217488660592765 ], [ 102.333447446085174, 2.217047740483527 ], [ 102.332783209268641, 2.216641000276252 ], [ 102.332098579684398, 2.216269554846207 ], [ 102.331395433854539, 2.215934422326448 ], [ 102.330675699052932, 2.215636521316879 ], [ 102.329941348022643, 2.21537666836615 ], [ 102.32919439356877, 2.215155575733339 ], [ 102.328436883041562, 2.214973849435481 ], [ 102.327670892724726, 2.214831987586269 ], [ 102.326898522144475, 2.214730379030712 ], [ 102.326121888314887, 2.214669302279056 ], [ 102.325343119935297, 2.214648924743484 ], [ 102.324564351555722, 2.214669302279056 ], [ 102.323787717726148, 2.214730379030712 ], [ 102.323015347145883, 2.214831987586269 ], [ 102.322249356829047, 2.214973849435481 ], [ 102.321491846301839, 2.215155575733339 ], [ 102.320744891847966, 2.21537666836615 ], [ 102.320010540817677, 2.215636521316879 ], [ 102.31929080601607, 2.215934422326448 ], [ 102.318587660186211, 2.216269554846207 ], [ 102.317903030601968, 2.216641000276252 ], [ 102.317238793785435, 2.217047740483527 ], [ 102.31659677036356, 2.217488660592765 ], [ 102.315978720077908, 2.217962552042588 ], [ 102.315386336961339, 2.218468115898407 ], [ 102.314821244694841, 2.219003966413057 ], [ 102.314284992156985, 2.219568634825393 ], [ 102.313779049178763, 2.220160573386376 ], [ 102.313304802514651, 2.220778159601735 ], [ 102.312863552041804, 2.221419700679442 ], [ 102.312456507197126, 2.222083438169886 ], [ 102.312084783662215, 2.222767552785978 ], [ 102.311749400305473, 2.223470169389989 ], [ 102.31145127638932, 2.224189362133542 ], [ 102.311191229050749, 2.224923159736415 ], [ 102.310969971061382, 2.225669550889984 ], [ 102.310788108874021, 2.226426489770299 ], [ 102.310646140960273, 2.227191901645741 ], [ 102.310544456444319, 2.227963688563843 ], [ 102.310483334036348, 2.228739735101848 ], [ 102.310462941268653, 2.229517914164924 ], [ 102.310483334036348, 2.230296092816526 ], [ 102.310544456444319, 2.231072138124611 ], [ 102.310646140960273, 2.231843923007832 ], [ 102.310788108874021, 2.232609332065709 ], [ 102.310969971061382, 2.233366267376665 ], [ 102.311191229050749, 2.234112654248178 ], [ 102.31145127638932, 2.234846446903214 ], [ 102.311749400305473, 2.235565634087349 ], [ 102.312084783662215, 2.236268244581298 ], [ 102.312456507197126, 2.236952352603591 ], [ 102.312863552041804, 2.237616083088774 ], [ 102.313304802514651, 2.238257616826487 ], [ 102.313779049178763, 2.238875195447558 ], [ 102.314284992156985, 2.239467126243154 ], [ 102.314821244694841, 2.240031786804061 ], [ 102.315386336961339, 2.240567629467295 ], [ 102.315978720077908, 2.241073185557727 ], [ 102.31659677036356, 2.24154706941325 ], [ 102.317238793785435, 2.241987982182506 ], [ 102.317903030601968, 2.242394715384507 ], [ 102.318587660186211, 2.242766154220767 ], [ 102.31929080601607, 2.243101280630452 ], [ 102.320010540817677, 2.243399176080614 ], [ 102.320744891847966, 2.243659024083519 ], [ 102.321491846301839, 2.243880112434261 ], [ 102.322249356829047, 2.24406183516276 ], [ 102.323015347145883, 2.244203694194408 ], [ 102.323787717726148, 2.244305300715097 ], [ 102.324564351555722, 2.24436637623682 ], [ 102.325343119935297, 2.244386753360929 ], [ 102.326121888314887, 2.24436637623682 ], [ 102.326898522144475, 2.244305300715097 ], [ 102.327670892724726, 2.244203694194408 ], [ 102.328436883041562, 2.24406183516276 ], [ 102.32919439356877, 2.243880112434261 ], [ 102.329941348022643, 2.243659024083519 ], [ 102.330675699052932, 2.243399176080614 ], [ 102.331395433854539, 2.243101280630452 ], [ 102.332098579684398, 2.242766154220767 ], [ 102.332783209268641, 2.242394715384507 ], [ 102.333447446085174, 2.241987982182506 ], [ 102.334089469507049, 2.24154706941325 ], [ 102.334707519792701, 2.241073185557727 ], [ 102.33529990290927, 2.240567629467295 ], [ 102.335864995175768, 2.240031786804061 ], [ 102.336401247713624, 2.239467126243154 ], [ 102.336907190691846, 2.238875195447558 ], [ 102.337381437355958, 2.238257616826487 ], [ 102.337822687828819, 2.237616083088774 ], [ 102.338229732673483, 2.236952352603591 ], [ 102.338601456208394, 2.236268244581298 ], [ 102.338936839565136, 2.235565634087349 ], [ 102.339234963481275, 2.234846446903214 ], [ 102.33949501081986, 2.234112654248178 ], [ 102.339716268809227, 2.233366267376665 ], [ 102.339898130996573, 2.232609332065709 ], [ 102.340040098910336, 2.231843923007832 ], [ 102.34014178342629, 2.231072138124611 ], [ 102.340202905834261, 2.230296092816526 ], [ 102.340223298601956, 2.229517914164924 ] ] ] } },
{ "type": "Feature", "properties": { "state": "Melaka", "parlimen": "P.112 Batu Berendam", "code_parlimen": "P.112", "dun": "N.10 Krubong", "code_dun": "N.10", "voters_total": 20035 }, "geometry": { "type": "Polygon", "coordinates": [ [ [ 102.265879917385888, 2.264214831828514 ], [ 102.265859469430666, 2.263434565370022 ], [ 102.265798181611459, 2.262656437149397 ], [ 102.265696221913885, 2.261882579967313 ], [ 102.265553869802403, 2.261115114921156 ], [ 102.265371515454277, 2.260356145591234 ], [ 102.265149658690063, 2.259607752274803 ], [ 102.264888907603776, 2.258871986283977 ], [ 102.264589976895962, 2.258150864323011 ], [ 102.264253685914966, 2.25744636296045 ], [ 102.263880956410944, 2.256760413211214 ], [ 102.263472810009603, 2.256094895243575 ], [ 102.263030365411808, 2.255451633225361 ], [ 102.262554835327506, 2.254832390323825 ], [ 102.262047523151566, 2.254238863872507 ], [ 102.261509819391421, 2.253672680718639 ], [ 102.260943197855667, 2.253135392763725 ], [ 102.260349211614567, 2.252628472709542 ], [ 102.259729488743162, 2.25215331002116 ], [ 102.259085727858718, 2.251711207118189 ], [ 102.258419693465058, 2.251303375804595 ], [ 102.257733211116204, 2.250930933946919 ], [ 102.257028162412539, 2.250594902409895 ], [ 102.256306479843573, 2.250296202258113 ], [ 102.255570141490992, 2.250035652231093 ], [ 102.25482116560714, 2.249813966498978 ], [ 102.254061605082754, 2.249631752704808 ], [ 102.253293541820511, 2.249489510298806 ], [ 102.252519081028396, 2.249387629169254 ], [ 102.251740345449619, 2.249326388573728 ], [ 102.250959469544256, 2.249305956373569 ], [ 102.250178593638879, 2.249326388573728 ], [ 102.249399858060116, 2.249387629169254 ], [ 102.248625397268, 2.249489510298806 ], [ 102.247857334005744, 2.249631752704808 ], [ 102.247097773481386, 2.249813966498978 ], [ 102.24634879759752, 2.250035652231093 ], [ 102.245612459244953, 2.250296202258113 ], [ 102.244890776675973, 2.250594902409895 ], [ 102.244185727972294, 2.250930933946919 ], [ 102.24349924562344, 2.251303375804595 ], [ 102.242833211229808, 2.251711207118189 ], [ 102.242189450345336, 2.25215331002116 ], [ 102.24156972747393, 2.252628472709542 ], [ 102.240975741232845, 2.253135392763725 ], [ 102.240409119697105, 2.253672680718639 ], [ 102.239871415936946, 2.254238863872507 ], [ 102.239364103760991, 2.254832390323825 ], [ 102.238888573676689, 2.255451633225361 ], [ 102.238446129078923, 2.256094895243575 ], [ 102.238037982677554, 2.256760413211214 ], [ 102.237665253173546, 2.25744636296045 ], [ 102.237328962192549, 2.258150864323011 ], [ 102.23703003148475, 2.258871986283977 ], [ 102.236769280398434, 2.259607752274803 ], [ 102.236547423634235, 2.260356145591234 ], [ 102.236365069286094, 2.261115114921156 ], [ 102.236222717174627, 2.261882579967313 ], [ 102.236120757477053, 2.262656437149397 ], [ 102.236059469657846, 2.263434565370022 ], [ 102.236039021702624, 2.264214831828514 ], [ 102.236059469657846, 2.264995097866881 ], [ 102.236120757477053, 2.265773224831708 ], [ 102.236222717174627, 2.266547079936114 ], [ 102.236365069286094, 2.267314542105446 ], [ 102.236547423634235, 2.268073507790923 ], [ 102.236769280398434, 2.268821896735224 ], [ 102.23703003148475, 2.269557657674146 ], [ 102.237328962192549, 2.270278773958776 ], [ 102.237665253173546, 2.270983269082743 ], [ 102.238037982677554, 2.271669212099483 ], [ 102.238446129078923, 2.272334722914511 ], [ 102.238888573676689, 2.272977977438334 ], [ 102.239364103760991, 2.273597212585843 ], [ 102.239871415936946, 2.274190731108432 ], [ 102.240409119697105, 2.274756906245726 ], [ 102.240975741232845, 2.275294186184076 ], [ 102.24156972747393, 2.275801098309518 ], [ 102.242189450345336, 2.276276253243874 ], [ 102.242833211229808, 2.276718348652465 ], [ 102.24349924562344, 2.277126172813436 ], [ 102.244185727972294, 2.277498607938629 ], [ 102.244890776675973, 2.277834633237059 ], [ 102.245612459244953, 2.278133327712505 ], [ 102.24634879759752, 2.278393872687609 ], [ 102.247097773481386, 2.278615554047593 ], [ 102.247857334005744, 2.278797764197318 ], [ 102.248625397268, 2.278940003726496 ], [ 102.249399858060116, 2.279041882778368 ], [ 102.250178593638879, 2.27910312211811 ], [ 102.250959469544256, 2.279123553898131 ], [ 102.251740345449619, 2.27910312211811 ], [ 102.252519081028396, 2.279041882778368 ], [ 102.253293541820511, 2.278940003726496 ], [ 102.254061605082754, 2.278797764197318 ], [ 102.25482116560714, 2.278615554047593 ], [ 102.255570141490992, 2.278393872687609 ], [ 102.256306479843573, 2.278133327712505 ], [ 102.257028162412539, 2.277834633237059 ], [ 102.257733211116204, 2.277498607938629 ], [ 102.258419693465058, 2.277126172813436 ], [ 102.259085727858718, 2.276718348652465 ], [ 102.259729488743162, 2.276276253243874 ], [ 102.260349211614567, 2.275801098309518 ], [ 102.260943197855667, 2.275294186184076 ], [ 102.261509819391421, 2.274756906245726 ], [ 102.262047523151566, 2.274190731108432 ], [ 102.262554835327506, 2.273597212585843 ], [ 102.263030365411808, 2.272977977438334 ], [ 102.263472810009603, 2.272334722914511 ], [ 102.263880956410944, 2.271669212099483 ], [ 102.264253685914966, 2.270983269082743 ], [ 102.264589976895962, 2.270278773958776 ], [ 102.264888907603776, 2.269557657674146 ], [ 102.265149658690063, 2.268821896735224 ], [ 102.265371515454277, 2.268073507790923 ], [ 102.265553869802403, 2.267314542105446 ], [ 102.265696221913885, 2.266547079936114 ], [ 102.265798181611459, 2.265773224831708 ], [ 102.265859469430666, 2.264995097866881 ], [ 102.265879917385888, 2.264214831828514 ] ] ] } },
{ "type": "Feature", "properties": { "state": "Melaka", "parlimen": "P.112 Batu Berendam", "code_parlimen": "P.112", "dun": "N.11 Tanjong Minyak", "code_dun": "N.11", "voters_total": 13522 }, "geometry": { "type": "Polygon", "coordinates": [ [ [ 102.218668695534745, 2.299435251587488 ], [ 102.218651896834615, 2.298794251522449 ], [ 102.218601546778302, 2.298155008107327 ], [ 102.21851778337178, 2.297519273467522 ], [ 102.218400836204765, 2.296888790113414 ], [ 102.218251025821303, 2.296265286164211 ], [ 102.218068762841213, 2.295650470611216 ], [ 102.217854546834687, 2.295046028633504 ], [ 102.217608964952888, 2.294453616978777 ], [ 102.217332690318713, 2.293874859422207 ], [ 102.217026480181687, 2.293311342315618 ], [ 102.216691173842548, 2.292764610239183 ], [ 102.216327690352642, 2.292236161767664 ], [ 102.215937025994975, 2.291727445362659 ], [ 102.215520251553372, 2.29123985540228 ], [ 102.215078509377605, 2.290774728358985 ], [ 102.214613010252293, 2.290333339136201 ], [ 102.214125030078179, 2.289916897573621 ], [ 102.213615906374997, 2.289526545130858 ], [ 102.213087034615413, 2.289163351758581 ], [ 102.212539864400185, 2.288828312965621 ], [ 102.211975895484812, 2.288522347090045 ], [ 102.211396673668915, 2.288246292781962 ], [ 102.210803786559211, 2.288000906704504 ], [ 102.210198859218096, 2.287786861459771 ], [ 102.209583549709293, 2.287604743745043 ], [ 102.20895954455348, 2.287455052744586 ], [ 102.208328554105336, 2.287338198761214 ], [ 102.207692307865855, 2.287254502091641 ], [ 102.207052549741761, 2.28720419214845 ], [ 102.20641103326561, 2.287187406831193 ], [ 102.205769516789474, 2.28720419214845 ], [ 102.205129758665379, 2.287254502091641 ], [ 102.204493512425898, 2.287338198761214 ], [ 102.203862521977769, 2.287455052744586 ], [ 102.203238516821941, 2.287604743745043 ], [ 102.202623207313138, 2.287786861459771 ], [ 102.202018279972009, 2.288000906704504 ], [ 102.201425392862319, 2.288246292781962 ], [ 102.200846171046422, 2.288522347090045 ], [ 102.200282202131049, 2.288828312965621 ], [ 102.199735031915807, 2.289163351758581 ], [ 102.199206160156223, 2.289526545130858 ], [ 102.198697036453055, 2.289916897573621 ], [ 102.198209056278927, 2.290333339136201 ], [ 102.197743557153629, 2.290774728358985 ], [ 102.197301814977862, 2.29123985540228 ], [ 102.196885040536259, 2.291727445362659 ], [ 102.196494376178592, 2.292236161767664 ], [ 102.196130892688686, 2.292764610239183 ], [ 102.195795586349547, 2.293311342315618 ], [ 102.195489376212521, 2.293874859422207 ], [ 102.195213101578332, 2.294453616978777 ], [ 102.194967519696547, 2.295046028633504 ], [ 102.194753303690021, 2.295650470611216 ], [ 102.194571040709931, 2.296265286164211 ], [ 102.194421230326469, 2.296888790113414 ], [ 102.19430428315944, 2.297519273467522 ], [ 102.194220519752932, 2.298155008107327 ], [ 102.194170169696619, 2.298794251522449 ], [ 102.194153370996489, 2.299435251587488 ], [ 102.194170169696619, 2.300076251364584 ], [ 102.194220519752932, 2.300715493918998 ], [ 102.19430428315944, 2.301351227134766 ], [ 102.194421230326469, 2.301981708517121 ], [ 102.194571040709931, 2.302605209968444 ], [ 102.194753303690021, 2.303220022524797 ], [ 102.194967519696547, 2.303824461039953 ], [ 102.195213101578332, 2.304416868804149 ], [ 102.195489376212521, 2.30499562208482 ], [ 102.195795586349547, 2.305559134576997 ], [ 102.196130892688686, 2.306105861751052 ], [ 102.196494376178592, 2.306634305085962 ], [ 102.196885040536259, 2.3071430161764 ], [ 102.197301814977862, 2.307630600702459 ], [ 102.197743557153629, 2.30809572225123 ], [ 102.198209056278927, 2.308537105979492 ], [ 102.198697036453055, 2.308953542107776 ], [ 102.199206160156223, 2.30934388923596 ], [ 102.199735031915807, 2.309707077471628 ], [ 102.200282202131049, 2.310042111362221 ], [ 102.200846171046422, 2.310348072623372 ], [ 102.201425392862319, 2.310624122655568 ], [ 102.202018279972009, 2.310869504842483 ], [ 102.202623207313138, 2.31108354662466 ], [ 102.203238516821941, 2.311265661342746 ], [ 102.203862521977754, 2.311415349845335 ], [ 102.204493512425898, 2.311532201856929 ], [ 102.205129758665379, 2.311615897102465 ], [ 102.205769516789474, 2.31166620618496 ], [ 102.20641103326561, 2.311682991214249 ], [ 102.207052549741761, 2.31166620618496 ], [ 102.207692307865855, 2.311615897102465 ], [ 102.208328554105336, 2.311532201856929 ], [ 102.208959544553451, 2.311415349845335 ], [ 102.209583549709293, 2.311265661342746 ], [ 102.210198859218096, 2.31108354662466 ], [ 102.210803786559211, 2.310869504842483 ], [ 102.211396673668915, 2.310624122655568 ], [ 102.211975895484812, 2.310348072623372 ], [ 102.212539864400185, 2.310042111362221 ], [ 102.213087034615413, 2.309707077471628 ], [ 102.213615906374997, 2.30934388923596 ], [ 102.214125030078179, 2.308953542107776 ], [ 102.214613010252293, 2.308537105979492 ], [ 102.215078509377605, 2.30809572225123 ], [ 102.215520251553372, 2.307630600702459 ], [ 102.215937025994975, 2.3071430161764 ], [ 102.216327690352642, 2.306634305085962 ], [ 102.216691173842548, 2.306105861751052 ], [ 102.217026480181687, 2.305559134576997 ], [ 102.217332690318713, 2.30499562208482 ], [ 102.217608964952888, 2.304416868804149 ], [ 102.217854546834687, 2.303824461039953 ], [ 102.218068762841213, 2.303220022524797 ], [ 102.218251025821303, 2.302605209968444 ], [ 102.218400836204765, 2.301981708517121 ], [ 102.21851778337178, 2.301351227134766 ], [ 102.218601546778302, 2.300715493918998 ], [ 102.218651896834615, 2.300076251364584 ], [ 102.218668695534745, 2.299435251587488 ] ] ] } },
{ "type": "Feature", "properties": { "state": "Melaka", "parlimen": "P.112 Batu Berendam", "code_parlimen": "P.112", "dun": "N.12 Sungai Udang", "code_dun": "N.12", "voters_total": 24021 }, "geometry": { "type": "Polygon", "coordinates": [ [ [ 102.172551202765845, 2.259192561018585 ], [ 102.172528812938054, 2.258338192335831 ], [ 102.172461704823604, 2.2574861649179 ], [ 102.172350062361204, 2.256638814119089 ], [ 102.172194191555036, 2.255798462479405 ], [ 102.1719945196362, 2.254967413358585 ], [ 102.171751593891528, 2.254147944622563 ], [ 102.171466080163597, 2.253342302399769 ], [ 102.171138761025688, 2.252552694924496 ], [ 102.170770533636798, 2.251781286483877 ], [ 102.17036240728261, 2.251030191485563 ], [ 102.169915500609093, 2.2503014686618 ], [ 102.169431038556382, 2.249597115426346 ], [ 102.168910349001294, 2.248919062399264 ], [ 102.168354859117684, 2.248269168114757 ], [ 102.167766091464742, 2.247649213926783 ], [ 102.167145659813656, 2.24706089912593 ], [ 102.166495264724446, 2.24650583628142 ], [ 102.165816688884888, 2.245985546820746 ], [ 102.165111792224138, 2.245501456859082 ], [ 102.164382506814988, 2.245054893289987 ], [ 102.163630831578033, 2.24464708014815 ], [ 102.162858826802847, 2.244279135253914 ], [ 102.16206860850086, 2.243952067149134 ], [ 102.161262342605511, 2.243666772332496 ], [ 102.160442239035604, 2.24342403280189 ], [ 102.15961054563796, 2.243224513910871 ], [ 102.15876954202642, 2.243068762544595 ], [ 102.157921533333422, 2.242957205620813 ], [ 102.157068843891821, 2.242890148919413 ], [ 102.156213810864116, 2.242867776244281 ], [ 102.155358777836426, 2.242890148919413 ], [ 102.154506088394825, 2.242957205620813 ], [ 102.153658079701827, 2.243068762544595 ], [ 102.152817076090287, 2.243224513910871 ], [ 102.151985382692644, 2.24342403280189 ], [ 102.151165279122722, 2.243666772332496 ], [ 102.150359013227373, 2.243952067149134 ], [ 102.149568794925401, 2.244279135253914 ], [ 102.148796790150215, 2.24464708014815 ], [ 102.148045114913259, 2.245054893289987 ], [ 102.147315829504109, 2.245501456859082 ], [ 102.146610932843359, 2.245985546820746 ], [ 102.145932357003787, 2.24650583628142 ], [ 102.145281961914591, 2.24706089912593 ], [ 102.144661530263505, 2.247649213926783 ], [ 102.144072762610548, 2.248269168114757 ], [ 102.143517272726953, 2.248919062399264 ], [ 102.142996583171865, 2.249597115426346 ], [ 102.142512121119154, 2.2503014686618 ], [ 102.142065214445637, 2.251030191485563 ], [ 102.141657088091449, 2.251781286483877 ], [ 102.141288860702559, 2.252552694924496 ], [ 102.14096154156465, 2.253342302399769 ], [ 102.140676027836719, 2.254147944622563 ], [ 102.140433102092047, 2.254967413358585 ], [ 102.140233430173197, 2.255798462479405 ], [ 102.140077559367043, 2.256638814119089 ], [ 102.139965916904643, 2.2574861649179 ], [ 102.139898808790178, 2.258338192335831 ], [ 102.139876418962388, 2.259192561018585 ], [ 102.139898808790178, 2.260046929198735 ], [ 102.139965916904643, 2.260898955114376 ], [ 102.140077559367043, 2.261746303427659 ], [ 102.140233430173197, 2.262586651625805 ], [ 102.140433102092047, 2.263417696386785 ], [ 102.140676027836719, 2.264237159892448 ], [ 102.14096154156465, 2.265042796071641 ], [ 102.141288860702559, 2.265832396756315 ], [ 102.141657088091449, 2.266603797733712 ], [ 102.142065214445637, 2.267354884677983 ], [ 102.142512121119154, 2.268083598945075 ], [ 102.142996583171865, 2.268787943215016 ], [ 102.143517272726953, 2.269465986965971 ], [ 102.144072762610548, 2.27011587176534 ], [ 102.144661530263505, 2.270735816363114 ], [ 102.145281961914591, 2.271324121573769 ], [ 102.145932357003787, 2.27187917493314 ], [ 102.146610932843359, 2.272399455117675 ], [ 102.147315829504109, 2.272883536113838 ], [ 102.148045114913259, 2.273330091126261 ], [ 102.148796790150215, 2.273737896214056 ], [ 102.149568794925401, 2.27410583364507 ], [ 102.150359013227373, 2.274432894959238 ], [ 102.151165279122722, 2.274718183732301 ], [ 102.151985382692644, 2.274960918032535 ], [ 102.152817076090287, 2.275160432563727 ], [ 102.153658079701827, 2.275316180488451 ], [ 102.154506088394825, 2.275427734926707 ], [ 102.155358777836426, 2.275494790125803 ], [ 102.156213810864116, 2.275517162298344 ], [ 102.157068843891821, 2.275494790125803 ], [ 102.157921533333422, 2.275427734926707 ], [ 102.15876954202642, 2.275316180488451 ], [ 102.15961054563796, 2.275160432563727 ], [ 102.160442239035604, 2.274960918032535 ], [ 102.161262342605511, 2.274718183732301 ], [ 102.16206860850086, 2.274432894959238 ], [ 102.162858826802847, 2.27410583364507 ], [ 102.163630831578033, 2.273737896214056 ], [ 102.164382506814988, 2.273330091126261 ], [ 102.165111792224138, 2.272883536113838 ], [ 102.165816688884888, 2.272399455117675 ], [ 102.166495264724446, 2.27187917493314 ], [ 102.167145659813656, 2.271324121573769 ], [ 102.167766091464742, 2.270735816363114 ], [ 102.168354859117684, 2.27011587176534 ], [ 102.168910349001294, 2.269465986965971 ], [ 102.169431038556382, 2.268787943215016 ], [ 102.169915500609093, 2.268083598945075 ], [ 102.17036240728261, 2.267354884677983 ], [ 102.170770533636798, 2.266603797733712 ], [ 102.171138761025688, 2.265832396756315 ], [ 102.171466080163597, 2.265042796071641 ], [ 102.171751593891528, 2.264237159892448 ], [ 102.1719945196362, 2.263417696386785 ], [ 102.172194191555036, 2.262586651625805 ], [ 102.172350062361204, 2.261746303427659 ], [ 102.172461704823604, 2.260898955114376 ], [ 102.172528812938054, 2.260046929198735 ], [ 102.172551202765845, 2.259192561018585 ] ] ] } },
{ "type": "Feature", "properties": { "state": "Melaka", "parlimen": "P.113 Kota Melaka", "code_parlimen": "P.113", "dun": "N.13 Tranquerah", "code_dun": "N.13", "voters_total": 20249 }, "geometry": { "type": "Polygon", "coordinates": [ [ [ 102.235018019349027, 2.221869102008175 ], [ 102.234997462478418, 2.221084656779962 ], [ 102.234935848211592, 2.220302361246765 ], [ 102.234833345428939, 2.219524359631516 ], [ 102.234690235083463, 2.218752784391172 ], [ 102.234506909430692, 2.217989750371665 ], [ 102.234283870953476, 2.217237349011163 ], [ 102.234021730984793, 2.216497642607428 ], [ 102.23372120803208, 2.215772658664925 ], [ 102.233383125807833, 2.215064384337452 ], [ 102.233008410971962, 2.214374760981137 ], [ 102.232598090591779, 2.213705678833135 ], [ 102.232153289326916, 2.213058971830195 ], [ 102.231675226346709, 2.212436412581786 ], [ 102.231165211988596, 2.211839707511078 ], [ 102.23062464416644, 2.211270492177388 ], [ 102.230055004539096, 2.210730326792962 ], [ 102.22945785444918, 2.210220691946128 ], [ 102.228834830643564, 2.209742984542725 ], [ 102.228187640787226, 2.209298513977026 ], [ 102.22751805878255, 2.208888498542349 ], [ 102.226827919907279, 2.208514062091455 ], [ 102.226119115784101, 2.208176230955944 ], [ 102.225393589195832, 2.207875931132748 ], [ 102.224653328760439, 2.207613985745792 ], [ 102.223900363480325, 2.207391112789636 ], [ 102.223136757180967, 2.207207923161252 ], [ 102.222364602854157, 2.207064918985445 ], [ 102.22158601692125, 2.206962492238354 ], [ 102.220803133432142, 2.206900923672973 ], [ 102.220018098216087, 2.206880382049571 ], [ 102.219233063000019, 2.206900923672973 ], [ 102.218450179510924, 2.206962492238354 ], [ 102.217671593578004, 2.207064918985445 ], [ 102.216899439251193, 2.207207923161252 ], [ 102.216135832951835, 2.207391112789636 ], [ 102.215382867671735, 2.207613985745792 ], [ 102.214642607236328, 2.207875931132748 ], [ 102.213917080648059, 2.208176230955944 ], [ 102.213208276524881, 2.208514062091455 ], [ 102.212518137649624, 2.208888498542349 ], [ 102.211848555644949, 2.209298513977026 ], [ 102.211201365788597, 2.209742984542725 ], [ 102.210578341982981, 2.210220691946128 ], [ 102.209981191893078, 2.210730326792962 ], [ 102.209411552265721, 2.211270492177388 ], [ 102.208870984443564, 2.211839707511078 ], [ 102.208360970085451, 2.212436412581786 ], [ 102.207882907105244, 2.213058971830195 ], [ 102.207438105840382, 2.213705678833135 ], [ 102.207027785460198, 2.214374760981137 ], [ 102.206653070624313, 2.215064384337452 ], [ 102.206314988400095, 2.215772658664925 ], [ 102.206014465447382, 2.216497642607428 ], [ 102.205752325478699, 2.217237349011163 ], [ 102.205529287001482, 2.217989750371665 ], [ 102.205345961348712, 2.218752784391172 ], [ 102.205202851003236, 2.219524359631516 ], [ 102.205100348220583, 2.220302361246765 ], [ 102.205038733953742, 2.221084656779962 ], [ 102.205018177083147, 2.221869102008175 ], [ 102.205038733953742, 2.222653546819684 ], [ 102.205100348220583, 2.223435841107364 ], [ 102.205202851003236, 2.224213840661931 ], [ 102.205345961348712, 2.224985413048986 ], [ 102.205529287001482, 2.225748443453882 ], [ 102.205752325478699, 2.226500840478016 ], [ 102.206014465447382, 2.227240541871194 ], [ 102.206314988400095, 2.227965520183785 ], [ 102.206653070624313, 2.228673788323717 ], [ 102.207027785460198, 2.229363405002624 ], [ 102.207438105840382, 2.230032480056551 ], [ 102.207882907105244, 2.23067917962642 ], [ 102.208360970085451, 2.231301731184235 ], [ 102.208870984443564, 2.231898428391098 ], [ 102.209411552265721, 2.232467635773808 ], [ 102.209981191893078, 2.233007793207268 ], [ 102.210578341982981, 2.233517420190243 ], [ 102.211201365788597, 2.233995119903053 ], [ 102.211848555644949, 2.234439583035681 ], [ 102.212518137649624, 2.234849591376296 ], [ 102.213208276524881, 2.235224021149769 ], [ 102.213917080648059, 2.235561846097739 ], [ 102.214642607236328, 2.235862140291035 ], [ 102.215382867671735, 2.236124080667409 ], [ 102.216135832951835, 2.236346949287222 ], [ 102.216899439251193, 2.236530135300982 ], [ 102.217671593578004, 2.236673136623513 ], [ 102.218450179510924, 2.23677556130991 ], [ 102.219233063000019, 2.236837128629773 ], [ 102.220018098216087, 2.236857669836498 ], [ 102.220803133432142, 2.236837128629773 ], [ 102.22158601692125, 2.23677556130991 ], [ 102.222364602854157, 2.236673136623513 ], [ 102.223136757180967, 2.236530135300982 ], [ 102.223900363480325, 2.236346949287222 ], [ 102.224653328760439, 2.236124080667409 ], [ 102.225393589195832, 2.235862140291035 ], [ 102.226119115784101, 2.235561846097739 ], [ 102.226827919907279, 2.235224021149769 ], [ 102.22751805878255, 2.234849591376296 ], [ 102.228187640787226, 2.234439583035681 ], [ 102.228834830643564, 2.233995119903053 ], [ 102.22945785444918, 2.233517420190243 ], [ 102.230055004539096, 2.233007793207268 ], [ 102.23062464416644, 2.232467635773808 ], [ 102.231165211988596, 2.231898428391098 ], [ 102.231675226346709, 2.231301731184235 ], [ 102.232153289326916, 2.23067917962642 ], [ 102.232598090591779, 2.230032480056551 ], [ 102.233008410971962, 2.229363405002624 ], [ 102.233383125807833, 2.228673788323717 ], [ 102.23372120803208, 2.227965520183785 ], [ 102.234021730984793, 2.227240541871194 ], [ 102.234283870953476, 2.226500840478016 ], [ 102.234506909430692, 2.225748443453882 ], [ 102.234690235083463, 2.224985413048986 ], [ 102.234833345428939, 2.224213840661931 ], [ 102.234935848211592, 2.223435841107364 ], [ 102.234997462478418, 2.222653546819684 ], [ 102.235018019349027, 2.221869102008175 ] ] ] } },
{ "type": "Feature", "properties": { "state": "Melaka", "parlimen": "P.113 Kota Melaka", "code_parlimen": "P.113", "dun": "N.14 Kubu", "code_dun": "N.14", "voters_total": 14393 }, "geometry": { "type": "Polygon", "coordinates": [ [ [ 102.256312449122973, 2.207559137943259 ], [ 102.25629511783356, 2.206897773756218 ], [ 102.256243171469194, 2.206238222029433 ], [ 102.256156752411215, 2.205582290552094 ], [ 102.25603609752828, 2.204931777192795 ], [ 102.255881537527017, 2.204288464971814 ], [ 102.25569349604568, 2.203654117173796 ], [ 102.25547248849287, 2.203030472514576 ], [ 102.255219120634933, 2.202419240375408 ], [ 102.254934086935563, 2.201822096117476 ], [ 102.2546181686523, 2.201240676489626 ], [ 102.254272231695225, 2.200676575142048 ], [ 102.253897224253478, 2.20013133825788 ], [ 102.253494174196391, 2.199606460315086 ], [ 102.25306418625614, 2.199103379989881 ], [ 102.252608438999815, 2.198623476213235 ], [ 102.252128181598934, 2.198168064391053 ], [ 102.25162473040568, 2.197738392798493 ], [ 102.251099465344765, 2.197335639158251 ], [ 102.250553826131195, 2.196960907412294 ], [ 102.249989308324132, 2.196615224695771 ], [ 102.249407459227669, 2.196299538521455 ], [ 102.248809873649734, 2.196014714182503 ], [ 102.248198189530839, 2.195761532380501 ], [ 102.247574083454623, 2.19554068708542 ], [ 102.246939266052507, 2.195352783633302 ], [ 102.246295477314831, 2.195198337066977 ], [ 102.245644481821785, 2.195077770724176 ], [ 102.244988063906746, 2.194991415077099 ], [ 102.244328022765643, 2.194939506826507 ], [ 102.243666167525291, 2.194922188252923 ], [ 102.243004312284953, 2.194939506826507 ], [ 102.24234427114385, 2.194991415077099 ], [ 102.241687853228811, 2.195077770724176 ], [ 102.241036857735764, 2.195198337066977 ], [ 102.240393068998088, 2.195352783633302 ], [ 102.239758251595973, 2.19554068708542 ], [ 102.239134145519756, 2.195761532380501 ], [ 102.238522461400862, 2.196014714182503 ], [ 102.237924875822927, 2.196299538521455 ], [ 102.237343026726464, 2.196615224695771 ], [ 102.2367785089194, 2.196960907412294 ], [ 102.23623286970583, 2.197335639158251 ], [ 102.235707604644915, 2.197738392798493 ], [ 102.235204153451676, 2.198168064391053 ], [ 102.234723896050781, 2.198623476213235 ], [ 102.234268148794456, 2.199103379989881 ], [ 102.233838160854219, 2.199606460315086 ], [ 102.233435110797132, 2.20013133825788 ], [ 102.233060103355371, 2.200676575142048 ], [ 102.232714166398296, 2.201240676489626 ], [ 102.232398248115032, 2.201822096117476 ], [ 102.232113214415648, 2.202419240375408 ], [ 102.231859846557725, 2.203030472514576 ], [ 102.231638839004916, 2.203654117173796 ], [ 102.231450797523578, 2.204288464971814 ], [ 102.231296237522315, 2.204931777192795 ], [ 102.231175582639381, 2.205582290552094 ], [ 102.231089163581402, 2.206238222029433 ], [ 102.23103721721705, 2.206897773756218 ], [ 102.231019885927623, 2.207559137943259 ], [ 102.23103721721705, 2.208220501836034 ], [ 102.231089163581402, 2.20888005268318 ], [ 102.231175582639381, 2.209535982705212 ], [ 102.231296237522315, 2.210186494049426 ], [ 102.231450797523578, 2.210829803717642 ], [ 102.231638839004916, 2.211464148453194 ], [ 102.231859846557725, 2.212087789573779 ], [ 102.232113214415648, 2.212699017736936 ], [ 102.232398248115032, 2.213296157625028 ], [ 102.232714166398296, 2.213877572537082 ], [ 102.233060103355371, 2.214441668874599 ], [ 102.233435110797132, 2.2149869005093 ], [ 102.233838160854219, 2.215511773020762 ], [ 102.234268148794456, 2.216014847792261 ], [ 102.234723896050781, 2.216494745953676 ], [ 102.235204153451676, 2.216950152160627 ], [ 102.235707604644915, 2.21737981819948 ], [ 102.23623286970583, 2.217782566408378 ], [ 102.2367785089194, 2.21815729290488 ], [ 102.237343026726464, 2.218502970611342 ], [ 102.237924875822927, 2.218818652069863 ], [ 102.238522461400862, 2.219103472038962 ], [ 102.239134145519756, 2.219356649864952 ], [ 102.239758251595973, 2.219577491621425 ], [ 102.240393068998088, 2.219765392011063 ], [ 102.241036857735764, 2.219919836024624 ], [ 102.241687853228811, 2.220040400352341 ], [ 102.24234427114385, 2.220126754544097 ], [ 102.243004312284953, 2.220178661915062 ], [ 102.243666167525291, 2.220195980194382 ], [ 102.244328022765643, 2.220178661915062 ], [ 102.244988063906746, 2.220126754544097 ], [ 102.245644481821785, 2.220040400352341 ], [ 102.246295477314831, 2.219919836024624 ], [ 102.246939266052507, 2.219765392011063 ], [ 102.247574083454623, 2.219577491621425 ], [ 102.248198189530839, 2.219356649864952 ], [ 102.248809873649734, 2.219103472038962 ], [ 102.249407459227669, 2.218818652069863 ], [ 102.249989308324132, 2.218502970611342 ], [ 102.250553826131195, 2.21815729290488 ], [ 102.251099465344765, 2.217782566408378 ], [ 102.25162473040568, 2.21737981819948 ], [ 102.252128181598934, 2.216950152160627 ], [ 102.252608438999815, 2.216494745953676 ], [ 102.25306418625614, 2.216014847792261 ], [ 102.253494174196391, 2.215511773020762 ], [ 102.253897224253478, 2.2149869005093 ], [ 102.254272231695225, 2.214441668874599 ], [ 102.2546181686523, 2.213877572537082 ], [ 102.254934086935563, 2.213296157625028 ], [ 102.255219120634933, 2.212699017736936 ], [ 102.25547248849287, 2.212087789573779 ], [ 102.25569349604568, 2.211464148453194 ], [ 102.255881537527017, 2.210829803717642 ], [ 102.25603609752828, 2.210186494049426 ], [ 102.256156752411215, 2.209535982705212 ], [ 102.256243171469194, 2.20888005268318 ], [ 102.25629511783356, 2.208220501836034 ], [ 102.256312449122973, 2.207559137943259 ] ] ] } },
{ "type": "Feature", "properties": { "state": "Melaka", "parlimen": "P.113 Kota Melaka", "code_parlimen": "P.113", "dun": "N.15 Durian Daun", "code_dun": "N.15", "voters_total": 15474 }, "geometry": { "type": "Polygon", "coordinates": [ [ [ 102.279321761288799, 2.19510509173829 ], [ 102.279303790939949, 2.194419335227928 ], [ 102.279249929148847, 2.193735458015269 ], [ 102.279160323546932, 2.193055334564198 ], [ 102.27903521973694, 2.192380829052276 ], [ 102.278874960619717, 2.191713790261184 ], [ 102.278679985454346, 2.191056046509156 ], [ 102.278450828654215, 2.190409400639619 ], [ 102.278188118322177, 2.189775625079518 ], [ 102.277892574529005, 2.189156456981129 ], [ 102.277565007339689, 2.188553593460392 ], [ 102.277206314593116, 2.187968686945001 ], [ 102.276817479441192, 2.18740334064508 ], [ 102.276399567653996, 2.186859104158536 ], [ 102.275953724698724, 2.186337469223592 ], [ 102.275481172599939, 2.185839865629674 ], [ 102.274983206590079, 2.185367657298244 ], [ 102.274461191559354, 2.184922138544085 ], [ 102.27391655831471, 2.184504530527451 ], [ 102.273350799657962, 2.184115977906653 ], [ 102.272765466294302, 2.183757545700349 ], [ 102.272162162581793, 2.183430216368229 ], [ 102.271542542133972, 2.183134887117836 ], [ 102.270908303287399, 2.182872367445233 ], [ 102.270261184446682, 2.182643376915943 ], [ 102.269602959319585, 2.182448543192547 ], [ 102.268935432055414, 2.182288400314121 ], [ 102.268260432300011, 2.182163387232298 ], [ 102.26757981018082, 2.182073846608068 ], [ 102.266895431235696, 2.18202002387238 ], [ 102.266209171299806, 2.18200206655347 ], [ 102.265522911363917, 2.18202002387238 ], [ 102.264838532418793, 2.182073846608068 ], [ 102.264157910299602, 2.182163387232298 ], [ 102.263482910544198, 2.182288400314121 ], [ 102.262815383280028, 2.182448543192547 ], [ 102.262157158152931, 2.182643376915943 ], [ 102.261510039312213, 2.182872367445233 ], [ 102.260875800465655, 2.183134887117836 ], [ 102.260256180017805, 2.183430216368229 ], [ 102.25965287630531, 2.183757545700349 ], [ 102.259067542941651, 2.184115977906653 ], [ 102.258501784284917, 2.184504530527451 ], [ 102.257957151040259, 2.184922138544085 ], [ 102.257435136009533, 2.185367657298244 ], [ 102.256937169999674, 2.185839865629674 ], [ 102.256464617900889, 2.186337469223592 ], [ 102.256018774945616, 2.186859104158536 ], [ 102.255600863158421, 2.18740334064508 ], [ 102.255212028006497, 2.187968686945001 ], [ 102.254853335259924, 2.188553593460392 ], [ 102.254525768070607, 2.189156456981129 ], [ 102.254230224277435, 2.189775625079518 ], [ 102.253967513945398, 2.190409400639619 ], [ 102.253738357145266, 2.191056046509156 ], [ 102.253543381979881, 2.191713790261184 ], [ 102.253383122862672, 2.192380829052276 ], [ 102.25325801905268, 2.193055334564198 ], [ 102.253168413450766, 2.193735458015269 ], [ 102.253114551659664, 2.194419335227928 ], [ 102.253096581310814, 2.19510509173829 ], [ 102.253114551659664, 2.195790847934069 ], [ 102.253168413450766, 2.196474724206352 ], [ 102.25325801905268, 2.197154846101623 ], [ 102.253383122862672, 2.197829349459305 ], [ 102.253543381979881, 2.198496385521366 ], [ 102.253738357145266, 2.199154125999459 ], [ 102.253967513945398, 2.199800768086019 ], [ 102.254230224277435, 2.200434539395537 ], [ 102.254525768070607, 2.201053702822339 ], [ 102.254853335259924, 2.201656561301656 ], [ 102.255212028006497, 2.202241462461006 ], [ 102.255600863158421, 2.202806803148991 ], [ 102.256018774945616, 2.20335103382914 ], [ 102.256464617900889, 2.203872662826866 ], [ 102.256937169999674, 2.204370260417818 ], [ 102.257435136009533, 2.204842462746268 ], [ 102.257957151040259, 2.205287975563235 ], [ 102.258501784284917, 2.205705577773474 ], [ 102.259067542941651, 2.206094124782336 ], [ 102.25965287630531, 2.206452551632599 ], [ 102.260256180017805, 2.206779875923285 ], [ 102.260875800465655, 2.207075200502092 ], [ 102.261510039312213, 2.207337715924126 ], [ 102.262157158152931, 2.207566702670439 ], [ 102.262815383280028, 2.207761533119898 ], [ 102.263482910544198, 2.207921673269294 ], [ 102.264157910299602, 2.208046684196889 ], [ 102.264838532418793, 2.208136223265306 ], [ 102.265522911363917, 2.208190045060631 ], [ 102.266209171299806, 2.208208002064934 ], [ 102.266895431235696, 2.208190045060631 ], [ 102.26757981018082, 2.208136223265306 ], [ 102.268260432300011, 2.208046684196889 ], [ 102.268935432055414, 2.207921673269294 ], [ 102.269602959319585, 2.207761533119898 ], [ 102.270261184446682, 2.207566702670439 ], [ 102.270908303287399, 2.207337715924126 ], [ 102.271542542133972, 2.207075200502092 ], [ 102.272162162581793, 2.206779875923285 ], [ 102.272765466294302, 2.206452551632599 ], [ 102.273350799657962, 2.206094124782336 ], [ 102.27391655831471, 2.205705577773474 ], [ 102.274461191559354, 2.205287975563235 ], [ 102.274983206590079, 2.204842462746268 ], [ 102.275481172599939, 2.204370260417818 ], [ 102.275953724698724, 2.203872662826866 ], [ 102.276399567653996, 2.20335103382914 ], [ 102.276817479441192, 2.202806803148991 ], [ 102.277206314593116, 2.202241462461006 ], [ 102.277565007339689, 2.201656561301656 ], [ 102.277892574529005, 2.201053702822339 ], [ 102.278188118322177, 2.200434539395537 ], [ 102.278450828654215, 2.199800768086019 ], [ 102.278679985454346, 2.199154125999459 ], [ 102.278874960619717, 2.198496385521366 ], [ 102.27903521973694, 2.197829349459305 ], [ 102.279160323546932, 2.197154846101623 ], [ 102.279249929148847, 2.196474724206352 ], [ 102.279303790939949, 2.195790847934069 ], [ 102.279321761288799, 2.19510509173829 ] ] ] } },
{ "type": "Feature", "properties": { "state": "Melaka", "parlimen": "P.113 Kota Melaka", "code_parlimen": "P.113", "dun": "N.16 Bandar Hilir", "code_dun": "N.16", "voters_total": 21492 }, "geometry": { "type": "Polygon", "coordinates": [ [ [ 102.309028093438059, 2.18691656188652 ], [ 102.309006915014592, 2.186108379370057 ], [ 102.308943437792777, 2.185302411592314 ], [ 102.308837835759277, 2.184500867660443 ], [ 102.308690398361932, 2.183705944559652 ], [ 102.308501529716395, 2.18291982113129 ], [ 102.308271747498452, 2.18214465210065 ], [ 102.308001681525269, 2.181382562170875 ], [ 102.307692072028843, 2.180635640199065 ], [ 102.307343767627302, 2.179905933470685 ], [ 102.306957722998803, 2.179195442087726 ], [ 102.306534996264858, 2.178506113486351 ], [ 102.306076746090028, 2.17783983709877 ], [ 102.305584228506206, 2.177198439174114 ], [ 102.30505879346984, 2.176583677772441 ], [ 102.304501881161883, 2.175997237945708 ], [ 102.303915018040229, 2.175440727118706 ], [ 102.303299812655865, 2.174915670682954 ], [ 102.302657951244072, 2.174423507815236 ], [ 102.30199119310231, 2.173965587532629 ], [ 102.301301365768296, 2.173543164994525 ], [ 102.300590360010844, 2.173157398062036 ], [ 102.299860124647267, 2.172809344124012 ], [ 102.29911266120196, 2.172499957198479 ], [ 102.298350018420265, 2.17223008531752 ], [ 102.29757428665306, 2.172000468202572 ], [ 102.29678759212716, 2.171811735236666 ], [ 102.295992091117611, 2.171664403739148 ], [ 102.295189964037348, 2.171558877547575 ], [ 102.294383409460991, 2.171495445910688 ], [ 102.293574638098548, 2.171474282695505 ], [ 102.292765866736104, 2.171495445910688 ], [ 102.291959312159747, 2.171558877547575 ], [ 102.291157185079484, 2.171664403739148 ], [ 102.290361684069936, 2.171811735236666 ], [ 102.289574989544036, 2.172000468202572 ], [ 102.28879925777683, 2.17223008531752 ], [ 102.288036614995136, 2.172499957198479 ], [ 102.287289151549828, 2.172809344124012 ], [ 102.286558916186252, 2.173157398062036 ], [ 102.285847910428799, 2.173543164994525 ], [ 102.285158083094785, 2.173965587532629 ], [ 102.284491324953024, 2.174423507815236 ], [ 102.283849463541216, 2.174915670682954 ], [ 102.283234258156867, 2.175440727118706 ], [ 102.282647395035212, 2.175997237945708 ], [ 102.282090482727256, 2.176583677772441 ], [ 102.28156504769089, 2.177198439174114 ], [ 102.281072530107053, 2.17783983709877 ], [ 102.280614279932237, 2.178506113486351 ], [ 102.280191553198293, 2.179195442087726 ], [ 102.279805508569794, 2.179905933470685 ], [ 102.279457204168253, 2.180635640199065 ], [ 102.279147594671826, 2.181382562170875 ], [ 102.278877528698629, 2.18214465210065 ], [ 102.278647746480701, 2.18291982113129 ], [ 102.278458877835149, 2.183705944559652 ], [ 102.278311440437804, 2.184500867660443 ], [ 102.278205838404304, 2.185302411592314 ], [ 102.278142361182503, 2.186108379370057 ], [ 102.278121182759037, 2.18691656188652 ], [ 102.278142361182503, 2.187724743967654 ], [ 102.278205838404304, 2.188530710444181 ], [ 102.278311440437804, 2.189332252223198 ], [ 102.278458877835149, 2.190127172343098 ], [ 102.278647746480701, 2.1909132919952 ], [ 102.278877528698629, 2.191688456495573 ], [ 102.279147594671826, 2.192450541190688 ], [ 102.279457204168253, 2.1931974572808 ], [ 102.279805508569794, 2.193927157544918 ], [ 102.280191553198293, 2.194637641951853 ], [ 102.280614279932237, 2.195326963141886 ], [ 102.281072530107053, 2.19599323176399 ], [ 102.28156504769089, 2.196634621654121 ], [ 102.282090482727256, 2.197249374840242 ], [ 102.282647395035212, 2.197835806360435 ], [ 102.283234258156867, 2.198392308880872 ], [ 102.283849463541216, 2.198917357101085 ], [ 102.284491324953024, 2.199409511934277 ], [ 102.285158083094785, 2.199867424451408 ], [ 102.285847910428799, 2.200289839578157 ], [ 102.286558916186252, 2.200675599534621 ], [ 102.287289151549828, 2.201023647008397 ], [ 102.288036614995136, 2.201333028052245 ], [ 102.28879925777683, 2.201602894698545 ], [ 102.289574989544036, 2.201832507283213 ], [ 102.290361684069936, 2.202021236472846 ], [ 102.291157185079484, 2.202168564989485 ], [ 102.291959312159747, 2.202274089028204 ], [ 102.292765866736104, 2.202337519363875 ], [ 102.293574638098548, 2.202358682143742 ], [ 102.294383409460991, 2.202337519363875 ], [ 102.295189964037348, 2.202274089028204 ], [ 102.295992091117611, 2.202168564989485 ], [ 102.29678759212716, 2.202021236472846 ], [ 102.29757428665306, 2.201832507283213 ], [ 102.298350018420265, 2.201602894698545 ], [ 102.29911266120196, 2.201333028052245 ], [ 102.299860124647267, 2.201023647008397 ], [ 102.300590360010844, 2.200675599534621 ], [ 102.301301365768296, 2.200289839578157 ], [ 102.30199119310231, 2.199867424451408 ], [ 102.302657951244072, 2.199409511934277 ], [ 102.303299812655865, 2.198917357101085 ], [ 102.303915018040229, 2.198392308880872 ], [ 102.304501881161883, 2.197835806360435 ], [ 102.30505879346984, 2.197249374840242 ], [ 102.305584228506206, 2.196634621654121 ], [ 102.306076746090028, 2.19599323176399 ], [ 102.306534996264858, 2.195326963141886 ], [ 102.306957722998803, 2.194637641951853 ], [ 102.307343767627302, 2.193927157544918 ], [ 102.307692072028843, 2.1931974572808 ], [ 102.308001681525269, 2.192450541190688 ], [ 102.308271747498452, 2.191688456495573 ], [ 102.308501529716395, 2.1909132919952 ], [ 102.308690398361932, 2.190127172343098 ], [ 102.308837835759277, 2.189332252223198 ], [ 102.308943437792777, 2.188530710444181 ], [ 102.309006915014592, 2.187724743967654 ], [ 102.309028093438059, 2.18691656188652 ] ] ] } },
{ "type": "Feature", "properties": { "state": "Melaka", "parlimen": "P.114 Jasin", "code_parlimen": "P.114", "dun": "N.17 Serkam", "code_dun": "N.17", "voters_total": 13631 }, "geometry": { "type": "Polygon", "coordinates": [ [ [ 102.403840215528703, 2.173317412045086 ], [ 102.403823349257848, 2.172673778317711 ], [ 102.403772796674502, 2.172031908472452 ], [ 102.403688696339827, 2.171393561833411 ], [ 102.403571278766975, 2.170760488069991 ], [ 102.403420865789343, 2.170134422401147 ], [ 102.403237869678463, 2.169517080839233 ], [ 102.403022792013928, 2.168910155486309 ], [ 102.402776222308717, 2.168315309896184 ], [ 102.402498836393207, 2.167734174514531 ], [ 102.402191394562948, 2.167168342209799 ], [ 102.40185473949461, 2.166619363907077 ], [ 102.401489793936292, 2.166088744336911 ], [ 102.401097558178478, 2.165577937910739 ], [ 102.400679107312072, 2.165088344734238 ], [ 102.400235588281816, 2.164621306769507 ], [ 102.399768216742558, 2.1641781041566 ], [ 102.399278273727191, 2.163759951704524 ], [ 102.398767102135452, 2.163367995561271 ], [ 102.398236103053165, 2.16300331007212 ], [ 102.397686731911875, 2.162666894834671 ], [ 102.39712049449976, 2.16235967195881 ], [ 102.396538942834127, 2.162082483539086 ], [ 102.395943670907712, 2.161836089346324 ], [ 102.395336310319493, 2.161621164745039 ], [ 102.394718525802574, 2.161438298842111 ], [ 102.394092010661453, 2.161287992871941 ], [ 102.393458482130541, 2.161170658822451 ], [ 102.3928196766675, 2.161086618305809 ], [ 102.392177345193701, 2.161036101676779 ], [ 102.391533248295076, 2.161019247401267 ], [ 102.390889151396451, 2.161036101676779 ], [ 102.390246819922652, 2.161086618305809 ], [ 102.389608014459611, 2.161170658822451 ], [ 102.388974485928685, 2.161287992871941 ], [ 102.388347970787564, 2.161438298842111 ], [ 102.387730186270659, 2.161621164745039 ], [ 102.387122825682425, 2.161836089346324 ], [ 102.386527553756025, 2.162082483539086 ], [ 102.385946002090392, 2.16235967195881 ], [ 102.385379764678262, 2.162666894834671 ], [ 102.384830393536987, 2.16300331007212 ], [ 102.3842993944547, 2.163367995561271 ], [ 102.383788222862961, 2.163759951704524 ], [ 102.38329827984758, 2.1641781041566 ], [ 102.382830908308321, 2.164621306769507 ], [ 102.382387389278065, 2.165088344734238 ], [ 102.38196893841166, 2.165577937910739 ], [ 102.381576702653845, 2.166088744336911 ], [ 102.381211757095542, 2.166619363907077 ], [ 102.38087510202719, 2.167168342209799 ], [ 102.380567660196931, 2.167734174514531 ], [ 102.380290274281421, 2.168315309896184 ], [ 102.38004370457621, 2.168910155486309 ], [ 102.379828626911689, 2.169517080839233 ], [ 102.379645630800795, 2.170134422401147 ], [ 102.379495217823163, 2.170760488069991 ], [ 102.37937780025031, 2.171393561833411 ], [ 102.37929369991565, 2.172031908472452 ], [ 102.379243147332303, 2.172673778317711 ], [ 102.379226281061435, 2.173317412045086 ], [ 102.379243147332303, 2.173961045498095 ], [ 102.37929369991565, 2.174602914523191 ], [ 102.37937780025031, 2.175241259805292 ], [ 102.379495217823163, 2.17587433168987 ], [ 102.379645630800795, 2.176500394978526 ], [ 102.379828626911689, 2.177117733685014 ], [ 102.38004370457621, 2.177724655738533 ], [ 102.380290274281421, 2.178319497621442 ], [ 102.380567660196931, 2.178900628928652 ], [ 102.38087510202719, 2.179466456836407 ], [ 102.381211757095542, 2.180015430467759 ], [ 102.381576702653845, 2.180546045143356 ], [ 102.38196893841166, 2.181056846505373 ], [ 102.382387389278065, 2.181546434503614 ], [ 102.382830908308321, 2.182013467232719 ], [ 102.38329827984758, 2.182456664610012 ], [ 102.383788222862961, 2.182874811883827 ], [ 102.3842993944547, 2.183266762962937 ], [ 102.384830393536987, 2.183631443557508 ], [ 102.385379764678262, 2.183967854123574 ], [ 102.385946002090392, 2.184275072602458 ], [ 102.386527553756025, 2.184552256947765 ], [ 102.387122825682425, 2.184798647433311 ], [ 102.387730186270659, 2.18501356873519 ], [ 102.388347970787564, 2.185196431782679 ], [ 102.388974485928685, 2.185346735372675 ], [ 102.389608014459611, 2.185464067543296 ], [ 102.390246819922652, 2.185548106703 ], [ 102.390889151396451, 2.185598622511879 ], [ 102.391533248295076, 2.185615476513011 ], [ 102.392177345193701, 2.185598622511879 ], [ 102.3928196766675, 2.185548106703 ], [ 102.393458482130541, 2.185464067543296 ], [ 102.394092010661453, 2.185346735372675 ], [ 102.394718525802574, 2.185196431782679 ], [ 102.395336310319493, 2.18501356873519 ], [ 102.395943670907712, 2.184798647433311 ], [ 102.396538942834127, 2.184552256947765 ], [ 102.39712049449976, 2.184275072602458 ], [ 102.397686731911875, 2.183967854123574 ], [ 102.398236103053165, 2.183631443557508 ], [ 102.398767102135452, 2.183266762962937 ], [ 102.399278273727191, 2.18287481188384 ], [ 102.399768216742558, 2.182456664610012 ], [ 102.400235588281816, 2.182013467232719 ], [ 102.400679107312072, 2.181546434503614 ], [ 102.401097558178478, 2.181056846505373 ], [ 102.401489793936292, 2.180546045143356 ], [ 102.40185473949461, 2.180015430467759 ], [ 102.402191394562948, 2.179466456836407 ], [ 102.402498836393207, 2.178900628928652 ], [ 102.402776222308717, 2.178319497621442 ], [ 102.403022792013928, 2.177724655738533 ], [ 102.403237869678463, 2.177117733685014 ], [ 102.403420865789343, 2.176500394978526 ], [ 102.403571278766975, 2.17587433168987 ], [ 102.403688696339827, 2.175241259805292 ], [ 102.403772796674502, 2.174602914523191 ], [ 102.403823349257848, 2.173961045498095 ], [ 102.403840215528703, 2.173317412045086 ] ] ] } },
{ "type": "Feature", "properties": { "state": "Melaka", "parlimen": "P.114 Jasin", "code_parlimen": "P.114", "dun": "N.18 Ayer Panas", "code_dun": "N.18", "voters_total": 11974 }, "geometry": { "type": "Polygon", "coordinates": [ [ [ 102.399164079767687, 2.276603092771578 ], [ 102.399148271843714, 2.275999888868807 ], [ 102.399100891400195, 2.275398338054651 ], [ 102.399022068303609, 2.274800089141237 ], [ 102.39891201860263, 2.274206781892437 ], [ 102.398771043935838, 2.273620042529346 ], [ 102.398599530704971, 2.273041479272824 ], [ 102.398397949015873, 2.27247267793536 ], [ 102.398166851389959, 2.271915197574404 ], [ 102.397906871249759, 2.271370566218905 ], [ 102.397618721182738, 2.270840276680981 ], [ 102.397303190988225, 2.270325782463993 ], [ 102.396961145512535, 2.269828493778499 ], [ 102.396593522278579, 2.269349773676689 ], [ 102.396201328916021, 2.268890934316206 ], [ 102.395785640399666, 2.268453233363379 ], [ 102.395347596102837, 2.268037870545841 ], [ 102.394888396674475, 2.267645984363952 ], [ 102.394409300748308, 2.267278648969981 ], [ 102.393911621492961, 2.266936871223831 ], [ 102.393396723012728, 2.266621587932934 ], [ 102.39286601660848, 2.266333663284491 ], [ 102.392320956909629, 2.266073886476509 ], [ 102.391763037886903, 2.26584296955447 ], [ 102.391193788757562, 2.265641545459583 ], [ 102.390614769793928, 2.265470166293686 ], [ 102.390027568046705, 2.265329301805915 ], [ 102.389433792995064, 2.265219338104972 ], [ 102.388835072135194, 2.265140576600805 ], [ 102.388233046519289, 2.265093233178319 ], [ 102.387629366257741, 2.265077437605621 ], [ 102.387025685996221, 2.265093233178319 ], [ 102.386423660380316, 2.265140576600805 ], [ 102.385824939520447, 2.265219338104972 ], [ 102.385231164468806, 2.265329301805915 ], [ 102.384643962721569, 2.265470166293686 ], [ 102.384064943757949, 2.265641545459583 ], [ 102.383495694628607, 2.26584296955447 ], [ 102.382937775605882, 2.266073886476509 ], [ 102.382392715907031, 2.266333663284491 ], [ 102.381862009502782, 2.266621587932934 ], [ 102.381347111022535, 2.266936871223831 ], [ 102.380849431767189, 2.267278648969981 ], [ 102.380370335841036, 2.267645984363952 ], [ 102.379911136412673, 2.268037870545841 ], [ 102.37947309211583, 2.268453233363379 ], [ 102.379057403599475, 2.268890934316206 ], [ 102.378665210236932, 2.269349773676689 ], [ 102.378297587002962, 2.269828493778499 ], [ 102.377955541527285, 2.270325782463993 ], [ 102.377640011332772, 2.270840276680981 ], [ 102.377351861265751, 2.271370566218905 ], [ 102.377091881125537, 2.271915197574404 ], [ 102.376860783499623, 2.27247267793536 ], [ 102.37665920181054, 2.273041479272824 ], [ 102.376487688579658, 2.273620042529346 ], [ 102.376346713912866, 2.274206781892437 ], [ 102.376236664211902, 2.274800089141237 ], [ 102.376157841115315, 2.275398338054651 ], [ 102.376110460671796, 2.275999888868807 ], [ 102.376094652747824, 2.276603092771578 ], [ 102.376110460671796, 2.277206296421876 ], [ 102.376157841115315, 2.277807846481414 ], [ 102.376236664211902, 2.27840609414632 ], [ 102.376346713912866, 2.278999399666374 ], [ 102.376487688579658, 2.279586136839462 ], [ 102.37665920181054, 2.280164697468706 ], [ 102.376860783499623, 2.280733495770382 ], [ 102.377091881125537, 2.28129097272032 ], [ 102.377351861265751, 2.281835600326938 ], [ 102.377640011332772, 2.282365885819209 ], [ 102.377955541527285, 2.282880375738058 ], [ 102.378297587002962, 2.283377659920065 ], [ 102.378665210236932, 2.283856375362337 ], [ 102.379057403599475, 2.284315209958299 ], [ 102.37947309211583, 2.284752906093831 ], [ 102.379911136412673, 2.285168264094076 ], [ 102.380370335841036, 2.285560145511456 ], [ 102.380849431767189, 2.285927476245889 ], [ 102.381347111022535, 2.286269249488551 ], [ 102.381862009502782, 2.286584528481311 ], [ 102.382392715907031, 2.286872449084075 ], [ 102.382937775605882, 2.287132222143188 ], [ 102.383495694628607, 2.28736313565421 ], [ 102.384064943757949, 2.287564556713321 ], [ 102.384643962721569, 2.287735933251927 ], [ 102.385231164468806, 2.287876795549709 ], [ 102.385824939520447, 2.287986757521905 ], [ 102.386423660380316, 2.288065517777552 ], [ 102.387025685996221, 2.28811286044542 ], [ 102.387629366257741, 2.288128655765657 ], [ 102.388233046519289, 2.28811286044542 ], [ 102.388835072135194, 2.288065517777552 ], [ 102.389433792995064, 2.287986757521905 ], [ 102.390027568046705, 2.287876795549709 ], [ 102.390614769793928, 2.287735933251927 ], [ 102.391193788757562, 2.287564556713321 ], [ 102.391763037886903, 2.28736313565421 ], [ 102.392320956909629, 2.287132222143188 ], [ 102.39286601660848, 2.286872449084075 ], [ 102.393396723012728, 2.286584528481311 ], [ 102.393911621492961, 2.286269249488551 ], [ 102.394409300748308, 2.285927476245889 ], [ 102.394888396674475, 2.285560145511456 ], [ 102.395347596102837, 2.285168264094076 ], [ 102.395785640399666, 2.284752906093831 ], [ 102.396201328916021, 2.284315209958299 ], [ 102.396593522278579, 2.283856375362337 ], [ 102.396961145512535, 2.283377659920065 ], [ 102.397303190988225, 2.282880375738058 ], [ 102.397618721182738, 2.282365885819209 ], [ 102.397906871249759, 2.281835600326938 ], [ 102.398166851389959, 2.28129097272032 ], [ 102.398397949015873, 2.280733495770382 ], [ 102.398599530704971, 2.280164697468706 ], [ 102.398771043935838, 2.279586136839462 ], [ 102.39891201860263, 2.278999399666374 ], [ 102.399022068303609, 2.27840609414632 ], [ 102.399100891400195, 2.277807846481414 ], [ 102.399148271843714, 2.277206296421876 ], [ 102.399164079767687, 2.276603092771578 ] ] ] } },
{ "type": "Feature", "properties": { "state": "Melaka", "parlimen": "P.114 Jasin", "code_parlimen": "P.114", "dun": "N.19 Rim", "code_dun": "N.19", "voters_total": 6778 }, "geometry": { "type": "Polygon", "coordinates": [ [ [ 102.468306251767402, 2.313750723269892 ], [ 102.468294358368254, 2.313296902893892 ], [ 102.468258710769788, 2.312844326263393 ], [ 102.468199406679616, 2.312394233861272 ], [ 102.468116608646127, 2.311947859362515 ], [ 102.468010543612948, 2.311506426252694 ], [ 102.467881502296976, 2.31107114447449 ], [ 102.467729838391492, 2.310643207111214 ], [ 102.467555967596724, 2.310223787116612 ], [ 102.46736036648042, 2.309814034099832 ], [ 102.467143571171647, 2.30941507117426 ], [ 102.466906175891296, 2.309027991879123 ], [ 102.466648831323312, 2.308653857181993 ], [ 102.466372242831255, 2.308293692570708 ], [ 102.466077168524976, 2.307948485242457 ], [ 102.465764417182655, 2.307619181397754 ], [ 102.465434846033943, 2.307306683646914 ], [ 102.465089358410481, 2.307011848535918 ], [ 102.464728901269822, 2.306735484198548 ], [ 102.4643544625999, 2.306478348141226 ], [ 102.463967068711128, 2.306241145166615 ], [ 102.463567781423208, 2.30602452544173 ], [ 102.463157695154877, 2.305829082715686 ], [ 102.462737933924018, 2.30565535269226 ], [ 102.462309648267066, 2.305503811561401 ], [ 102.461874012085161, 2.30537487469396 ], [ 102.461432219426868, 2.305268895503122 ], [ 102.460985481215104, 2.305186164475637 ], [ 102.460535021928294, 2.305126908375563 ], [ 102.460082076244007, 2.305091289622696 ], [ 102.459627885654882, 2.305079405847356 ], [ 102.459173695065743, 2.305091289622696 ], [ 102.458720749381456, 2.305126908375563 ], [ 102.458270290094646, 2.305186164475637 ], [ 102.457823551882882, 2.305268895503122 ], [ 102.457381759224589, 2.30537487469396 ], [ 102.456946123042698, 2.305503811561401 ], [ 102.456517837385746, 2.30565535269226 ], [ 102.456098076154888, 2.305829082715686 ], [ 102.455687989886528, 2.30602452544173 ], [ 102.455288702598622, 2.306241145166615 ], [ 102.454901308709864, 2.306478348141226 ], [ 102.454526870039942, 2.306735484198548 ], [ 102.454166412899269, 2.307011848535918 ], [ 102.453820925275807, 2.307306683646914 ], [ 102.45349135412711, 2.307619181397754 ], [ 102.45317860278476, 2.307948485242457 ], [ 102.45288352847848, 2.308293692570708 ], [ 102.452606939986438, 2.308653857181993 ], [ 102.452349595418454, 2.309027991879123 ], [ 102.452112200138103, 2.30941507117426 ], [ 102.451895404829315, 2.309814034099832 ], [ 102.451699803713026, 2.310223787116612 ], [ 102.451525932918258, 2.310643207111214 ], [ 102.451374269012774, 2.31107114447449 ], [ 102.451245227696816, 2.311506426252694 ], [ 102.451139162663623, 2.311947859362515 ], [ 102.451056364630148, 2.312394233861272 ], [ 102.450997060539962, 2.312844326263393 ], [ 102.450961412941496, 2.313296902893892 ], [ 102.450949519542363, 2.313750723269892 ], [ 102.450961412941496, 2.314204543500656 ], [ 102.450997060539962, 2.314657119697034 ], [ 102.451056364630148, 2.31510721138091 ], [ 102.451139162663623, 2.315553584885171 ], [ 102.451245227696816, 2.315995016735124 ], [ 102.451374269012774, 2.316430297001928 ], [ 102.451525932918258, 2.316858232618787 ], [ 102.451699803713026, 2.317277650651101 ], [ 102.451895404829315, 2.317687401511249 ], [ 102.452112200138103, 2.318086362109443 ], [ 102.452349595418454, 2.318473438931979 ], [ 102.452606939986438, 2.318847571038344 ], [ 102.45288352847848, 2.319207732969109 ], [ 102.45317860278476, 2.319552937556447 ], [ 102.45349135412711, 2.319882238629881 ], [ 102.453820925275807, 2.32019473360944 ], [ 102.454166412899269, 2.320489565979523 ], [ 102.454526870039942, 2.320765927636373 ], [ 102.454901308709864, 2.321023061102941 ], [ 102.455288702598622, 2.321260261604939 ], [ 102.455687989886528, 2.321476879002447 ], [ 102.456098076154888, 2.321672319571859 ], [ 102.456517837385746, 2.321846047632997 ], [ 102.456946123042698, 2.32199758701745 ], [ 102.457381759224589, 2.322126522373467 ], [ 102.457823551882882, 2.322232500304449 ], [ 102.458270290094646, 2.322315230337439 ], [ 102.458720749381456, 2.322374485719267 ], [ 102.459173695065743, 2.322410104038013 ], [ 102.459627885654882, 2.322421987668129 ], [ 102.460082076244007, 2.322410104038013 ], [ 102.460535021928294, 2.322374485719267 ], [ 102.460985481215104, 2.322315230337439 ], [ 102.461432219426868, 2.322232500304449 ], [ 102.461874012085161, 2.322126522373467 ], [ 102.462309648267066, 2.32199758701745 ], [ 102.462737933924018, 2.321846047632997 ], [ 102.463157695154877, 2.321672319571859 ], [ 102.463567781423208, 2.321476879002447 ], [ 102.463967068711128, 2.321260261604939 ], [ 102.4643544625999, 2.321023061102941 ], [ 102.464728901269822, 2.320765927636373 ], [ 102.465089358410481, 2.320489565979523 ], [ 102.465434846033943, 2.32019473360944 ], [ 102.465764417182655, 2.319882238629881 ], [ 102.466077168524976, 2.319552937556447 ], [ 102.466372242831255, 2.319207732969109 ], [ 102.466648831323312, 2.318847571038344 ], [ 102.466906175891296, 2.318473438931979 ], [ 102.467143571171647, 2.318086362109443 ], [ 102.46736036648042, 2.317687401511249 ], [ 102.467555967596724, 2.317277650651101 ], [ 102.467729838391492, 2.316858232618787 ], [ 102.467881502296976, 2.316430297001928 ], [ 102.468010543612948, 2.315995016735124 ], [ 102.468116608646127, 2.315553584885171 ], [ 102.468199406679616, 2.31510721138091 ], [ 102.468258710769788, 2.314657119697034 ], [ 102.468294358368254, 2.314204543500656 ], [ 102.468306251767402, 2.313750723269892 ] ] ] } },
{ "type": "Feature", "properties": { "state": "Melaka", "parlimen": "P.114 Jasin", "code_parlimen": "P.114", "dun": "N.20 Sungai Rambai", "code_dun": "N.20", "voters_total": 9346 }, "geometry": { "type": "Polygon", "coordinates": [ [ [ 102.482451972705661, 2.163506748904538 ], [ 102.482438006832268, 2.162973793804369 ], [ 102.482396147491613, 2.162442299310607 ], [ 102.482326509417234, 2.161913722215078 ], [ 102.482229283482269, 2.161389511314687 ], [ 102.482104736176225, 2.160871103440393 ], [ 102.481953208874586, 2.160359919518841 ], [ 102.481775116903208, 2.159857360677687 ], [ 102.481570948399764, 2.159364804405048 ], [ 102.481341262975945, 2.158883600773832 ], [ 102.481086690183545, 2.158415068741186 ], [ 102.48080792778886, 2.157960492533172 ], [ 102.480505739860277, 2.157521118124681 ], [ 102.480180954673884, 2.157098149824118 ], [ 102.479834462443293, 2.156692746972405 ], [ 102.479467212879626, 2.156306020765045 ], [ 102.479080212588428, 2.15593903120636 ], [ 102.47867452231057, 2.155592784203853 ], [ 102.478251254014936, 2.155268228810971 ], [ 102.47781156785048, 2.154966254625652 ], [ 102.477356668966422, 2.154687689351821 ], [ 102.476887804208999, 2.154433296530584 ], [ 102.476406258703889, 2.154203773447259 ], [ 102.475913352333876, 2.153999749220028 ], [ 102.475410436121066, 2.153821783075501 ], [ 102.474898888523796, 2.153670362815695 ], [ 102.474380111658519, 2.153545903480999 ], [ 102.473855527456536, 2.153448746212441 ], [ 102.473326573766698, 2.153379157316591 ], [ 102.472794700414269, 2.153337327535539 ], [ 102.472261365227197, 2.153323371524107 ], [ 102.47172803004014, 2.153337327535539 ], [ 102.471196156687725, 2.153379157316591 ], [ 102.470667202997873, 2.153448746212441 ], [ 102.47014261879589, 2.153545903480999 ], [ 102.469623841930613, 2.153670362815695 ], [ 102.469112294333357, 2.153821783075501 ], [ 102.468609378120533, 2.153999749220028 ], [ 102.46811647175052, 2.154203773447259 ], [ 102.46763492624541, 2.154433296530584 ], [ 102.467166061487987, 2.154687689351821 ], [ 102.466711162603929, 2.154966254625652 ], [ 102.466271476439474, 2.155268228810971 ], [ 102.465848208143839, 2.155592784203853 ], [ 102.465442517865981, 2.15593903120636 ], [ 102.465055517574783, 2.156306020765045 ], [ 102.464688268011116, 2.156692746972405 ], [ 102.464341775780525, 2.157098149824118 ], [ 102.464016990594146, 2.157521118124681 ], [ 102.46371480266555, 2.157960492533172 ], [ 102.463436040270878, 2.158415068741186 ], [ 102.463181467478464, 2.158883600773832 ], [ 102.462951782054645, 2.159364804405048 ], [ 102.462747613551215, 2.159857360677687 ], [ 102.462569521579823, 2.160359919518841 ], [ 102.462417994278184, 2.160871103440393 ], [ 102.46229344697214, 2.161389511314687 ], [ 102.462196221037161, 2.161913722215078 ], [ 102.462126582962782, 2.162442299310607 ], [ 102.462084723622141, 2.162973793804369 ], [ 102.462070757748748, 2.163506748904538 ], [ 102.462084723622141, 2.164039703817436 ], [ 102.462126582962782, 2.164571197751395 ], [ 102.462196221037161, 2.16509977392076 ], [ 102.46229344697214, 2.165623983538726 ], [ 102.462417994278184, 2.166142389788418 ], [ 102.462569521579823, 2.166653571760977 ], [ 102.462747613551215, 2.167156128350107 ], [ 102.462951782054645, 2.167648682092373 ], [ 102.463181467478464, 2.168129882942575 ], [ 102.463436040270878, 2.16859841197405 ], [ 102.46371480266555, 2.169052984993597 ], [ 102.464016990594146, 2.169492356061284 ], [ 102.464341775780525, 2.16991532090527 ], [ 102.464688268011116, 2.170320720222561 ], [ 102.465055517574783, 2.170707442856326 ], [ 102.465442517865981, 2.171074428841416 ], [ 102.465848208143839, 2.1714206723095 ], [ 102.466271476439474, 2.171745224245806 ], [ 102.466711162603929, 2.172047195090308 ], [ 102.467166061487987, 2.172325757175684 ], [ 102.46763492624541, 2.17258014699575 ], [ 102.46811647175052, 2.172809667298061 ], [ 102.468609378120533, 2.173013688994895 ], [ 102.469112294333357, 2.173191652887422 ], [ 102.469623841930613, 2.173343071198235 ], [ 102.47014261879589, 2.17346752890833 ], [ 102.470667202997873, 2.173564684894463 ], [ 102.471196156687725, 2.173634272864135 ], [ 102.47172803004014, 2.173676102085384 ], [ 102.472261365227197, 2.173690057909532 ], [ 102.472794700414269, 2.173676102085384 ], [ 102.473326573766698, 2.173634272864135 ], [ 102.473855527456536, 2.173564684894463 ], [ 102.474380111658519, 2.17346752890833 ], [ 102.474898888523796, 2.173343071198235 ], [ 102.475410436121066, 2.173191652887422 ], [ 102.475913352333876, 2.173013688994895 ], [ 102.476406258703889, 2.172809667298061 ], [ 102.476887804208999, 2.17258014699575 ], [ 102.477356668966422, 2.172325757175684 ], [ 102.47781156785048, 2.172047195090308 ], [ 102.478251254014936, 2.171745224245806 ], [ 102.47867452231057, 2.1714206723095 ], [ 102.479080212588428, 2.171074428841416 ], [ 102.479467212879626, 2.170707442856326 ], [ 102.479834462443293, 2.170320720222561 ], [ 102.480180954673884, 2.16991532090527 ], [ 102.480505739860277, 2.169492356061284 ], [ 102.48080792778886, 2.169052984993597 ], [ 102.481086690183545, 2.16859841197405 ], [ 102.481341262975945, 2.168129882942575 ], [ 102.481570948399764, 2.167648682092373 ], [ 102.481775116903208, 2.167156128350107 ], [ 102.481953208874586, 2.166653571760977 ], [ 102.482104736176225, 2.166142389788418 ], [ 102.482229283482269, 2.165623983538726 ], [ 102.482326509417234, 2.16509977392076 ], [ 102.482396147491613, 2.164571197751395 ], [ 102.482438006832268, 2.164039703817436 ], [ 102.482451972705661, 2.163506748904538 ] ] ] } }
]
}
