{
"type": "FeatureCollection",
"name": "TRG_SE-06",
"crs": { "type": "name", "properties": { "name": "urn:ogc:def:crs:OGC:1.3:CRS84" } },
"features": [
{ "type": "Feature", "properties": { "state": "Terengganu", "parlimen": "P.028 Besut", "code_parlimen": "P.028", "dun": "N.01 Kuala Besut", "code_dun": "N.01", "voters_total": 9402 }, "geometry": { "type": "Polygon", "coordinates": [ [ [ 102.594236189616296, 5.827738826139454 ], [ 102.59418076218823, 5.825633073857762 ], [ 102.594014631826781, 5.823533085433014 ], [ 102.593738253883686, 5.82144461688721 ], [ 102.593352385891691, 5.81937339273055 ], [ 102.592858085488146, 5.817325090269004 ], [ 102.592256707516114, 5.815305324040869 ], [ 102.591549900310781, 5.813319630424449 ], [ 102.590739601181596, 5.81137345245953 ], [ 102.589828031102115, 5.809472124924116 ], [ 102.588817688622626, 5.807620859707237 ], [ 102.587711343021581, 5.805824731518362 ], [ 102.586512026715369, 5.804088663972178 ], [ 102.58522302694665, 5.802417416087247 ], [ 102.583847876774186, 5.800815569235638 ], [ 102.582390345389015, 5.79928751457908 ], [ 102.580854427783351, 5.797837441026455 ], [ 102.579244333800588, 5.796469323745547 ], [ 102.577564476596407, 5.795186913260648 ], [ 102.575819460542647, 5.793993725166006 ], [ 102.574014068607028, 5.792893030483286 ], [ 102.572153249243343, 5.791887846689701 ], [ 102.570242102828118, 5.790980929441285 ], [ 102.568285867680842, 5.79017476501426 ], [ 102.566289905706086, 5.789471563485048 ], [ 102.56425968769689, 5.788873252667913 ], [ 102.562200778339658, 5.788381472826749 ], [ 102.560118820961875, 5.787997572175542 ], [ 102.558019522063972, 5.787722603180003 ], [ 102.555908635678307, 5.787557319670394 ], [ 102.553791947597745, 5.787502174773672 ], [ 102.551675259517182, 5.787557319670394 ], [ 102.549564373131531, 5.787722603180003 ], [ 102.547465074233614, 5.787997572175542 ], [ 102.545383116855845, 5.788381472826749 ], [ 102.543324207498614, 5.788873252667913 ], [ 102.541293989489404, 5.789471563485048 ], [ 102.539298027514647, 5.79017476501426 ], [ 102.537341792367371, 5.790980929441285 ], [ 102.535430645952161, 5.791887846689701 ], [ 102.533569826588462, 5.792893030483286 ], [ 102.531764434652843, 5.793993725166006 ], [ 102.530019418599082, 5.795186913260648 ], [ 102.528339561394901, 5.796469323745547 ], [ 102.526729467412139, 5.797837441026455 ], [ 102.525193549806474, 5.79928751457908 ], [ 102.523736018421317, 5.800815569235638 ], [ 102.522360868248839, 5.802417416087247 ], [ 102.521071868480121, 5.804088663972178 ], [ 102.519872552173922, 5.805824731518362 ], [ 102.518766206572863, 5.807620859707237 ], [ 102.51775586409336, 5.809472124924116 ], [ 102.516844294013907, 5.81137345245953 ], [ 102.516033994884708, 5.813319630424449 ], [ 102.515327187679389, 5.815305324040869 ], [ 102.514725809707343, 5.817325090269004 ], [ 102.514231509303798, 5.81937339273055 ], [ 102.513845641311804, 5.82144461688721 ], [ 102.513569263368709, 5.823533085433014 ], [ 102.513403133007259, 5.825633073857762 ], [ 102.513347705579193, 5.827738826139454 ], [ 102.513403133007259, 5.8298445705222 ], [ 102.513569263368709, 5.83194453533666 ], [ 102.513845641311804, 5.834032964819502 ], [ 102.514231509303798, 5.83610413488854 ], [ 102.514725809707343, 5.83815236883034 ], [ 102.515327187679389, 5.840172052857382 ], [ 102.516033994884708, 5.842157651491944 ], [ 102.516844294013907, 5.844103722734878 ], [ 102.51775586409336, 5.846004932977479 ], [ 102.518766206572863, 5.847856071615761 ], [ 102.519872552173922, 5.849652065327108 ], [ 102.521071868480121, 5.85138799197019 ], [ 102.522360868248839, 5.853059094070199 ], [ 102.523736018421317, 5.854660791852327 ], [ 102.525193549806474, 5.856188695788086 ], [ 102.526729467412139, 5.857638618619899 ], [ 102.528339561394901, 5.859006586831338 ], [ 102.530019418599082, 5.860288851531328 ], [ 102.531764434652843, 5.861481898722895 ], [ 102.533569826588462, 5.86258245892811 ], [ 102.535430645952161, 5.863587516143139 ], [ 102.537341792367371, 5.864494316098754 ], [ 102.539298027514647, 5.865300373803843 ], [ 102.541293989489404, 5.866003480351223 ], [ 102.543324207498614, 5.866601708967278 ], [ 102.545383116855845, 5.867093420288735 ], [ 102.547465074233614, 5.867477266852318 ], [ 102.549564373131531, 5.867752196784934 ], [ 102.551675259517182, 5.867917456684256 ], [ 102.553791947597745, 5.867972593682032 ], [ 102.555908635678307, 5.867917456684256 ], [ 102.558019522063972, 5.867752196784934 ], [ 102.560118820961875, 5.867477266852318 ], [ 102.562200778339658, 5.867093420288735 ], [ 102.56425968769689, 5.866601708967278 ], [ 102.566289905706086, 5.866003480351223 ], [ 102.568285867680842, 5.865300373803843 ], [ 102.570242102828118, 5.864494316098754 ], [ 102.572153249243343, 5.863587516143139 ], [ 102.574014068607028, 5.86258245892811 ], [ 102.575819460542647, 5.861481898722895 ], [ 102.577564476596407, 5.860288851531328 ], [ 102.579244333800588, 5.859006586831338 ], [ 102.580854427783351, 5.857638618619899 ], [ 102.582390345389015, 5.856188695788086 ], [ 102.583847876774186, 5.854660791852327 ], [ 102.58522302694665, 5.853059094070199 ], [ 102.586512026715369, 5.85138799197019 ], [ 102.587711343021581, 5.849652065327108 ], [ 102.588817688622626, 5.847856071615761 ], [ 102.589828031102115, 5.846004932977479 ], [ 102.590739601181596, 5.844103722734878 ], [ 102.591549900310781, 5.842157651491944 ], [ 102.592256707516114, 5.840172052857382 ], [ 102.592858085488146, 5.83815236883034 ], [ 102.593352385891691, 5.83610413488854 ], [ 102.593738253883686, 5.834032964819502 ], [ 102.594014631826781, 5.83194453533666 ], [ 102.59418076218823, 5.8298445705222 ], [ 102.594236189616296, 5.827738826139454 ] ] ] } },
{ "type": "Feature", "properties": { "state": "Terengganu", "parlimen": "P.028 Besut", "code_parlimen": "P.028", "dun": "N.02 Kampong Raja", "code_dun": "N.02", "voters_total": 8880 }, "geometry": { "type": "Polygon", "coordinates": [ [ [ 102.630878226478458, 5.757864807239154 ], [ 102.63082435968964, 5.75581809240028 ], [ 102.630662906968354, 5.753776980125207 ], [ 102.630394310845261, 5.75174706505383 ], [ 102.630019307523668, 5.749733911194387 ], [ 102.629538924861635, 5.747743036671267 ], [ 102.628954479554608, 5.745779898597763 ], [ 102.628267573526571, 5.743849878115705 ], [ 102.627480089539191, 5.741958265642567 ], [ 102.626594186031383, 5.740110246366759 ], [ 102.625612291203012, 5.738310886030956 ], [ 102.624537096359617, 5.736565117042216 ], [ 102.623371548535488, 5.734877724947337 ], [ 102.622118842416199, 5.733253335310346 ], [ 102.620782411582169, 5.731696401028228 ], [ 102.619365919097419, 5.730211190119775 ], [ 102.617873247469348, 5.728801774020988 ], [ 102.616308488007178, 5.727472016419299 ], [ 102.614675929607813, 5.726225562657117 ], [ 102.612980047000363, 5.725065829734113 ], [ 102.611225488481168, 5.723995996935268 ], [ 102.60941706317314, 5.72301899711089 ], [ 102.607559727844418, 5.722137508632297 ], [ 102.605658573321946, 5.721353948045281 ], [ 102.603718810538183, 5.720670463441717 ], [ 102.601745756248079, 5.720088928567296 ], [ 102.599744818456287, 5.71961093768188 ], [ 102.597721481594235, 5.719237801186278 ], [ 102.59568129148758, 5.718970542027685 ], [ 102.593629840155629, 5.718809892893628 ], [ 102.591572750483863, 5.718756294202166 ], [ 102.589515660812097, 5.718809892893628 ], [ 102.587464209480132, 5.718970542027685 ], [ 102.585424019373491, 5.719237801186278 ], [ 102.583400682511424, 5.71961093768188 ], [ 102.581399744719647, 5.720088928567296 ], [ 102.579426690429528, 5.720670463441717 ], [ 102.577486927645779, 5.721353948045281 ], [ 102.575585773123322, 5.722137508632297 ], [ 102.573728437794571, 5.72301899711089 ], [ 102.571920012486572, 5.723995996935268 ], [ 102.570165453967363, 5.725065829734113 ], [ 102.568469571359913, 5.726225562657117 ], [ 102.566837012960548, 5.727472016419299 ], [ 102.565272253498392, 5.728801774020988 ], [ 102.563779581870321, 5.730211190119775 ], [ 102.562363089385556, 5.731696401028228 ], [ 102.561026658551526, 5.733253335310346 ], [ 102.559773952432238, 5.734877724947337 ], [ 102.558608404608123, 5.736565117042216 ], [ 102.557533209764713, 5.738310886030956 ], [ 102.556551314936357, 5.740110246366759 ], [ 102.555665411428535, 5.741958265642567 ], [ 102.554877927441154, 5.743849878115705 ], [ 102.554191021413118, 5.745779898597763 ], [ 102.553606576106105, 5.747743036671267 ], [ 102.553126193444058, 5.749733911194387 ], [ 102.552751190122464, 5.75174706505383 ], [ 102.552482593999372, 5.753776980125207 ], [ 102.552321141278071, 5.75581809240028 ], [ 102.552267274489267, 5.757864807239154 ], [ 102.552321141278071, 5.759911514705871 ], [ 102.552482593999372, 5.761952604945234 ], [ 102.552751190122464, 5.763982483558792 ], [ 102.553126193444058, 5.765995586937704 ], [ 102.553606576106105, 5.767986397510722 ], [ 102.554191021413118, 5.76994945886515 ], [ 102.554877927441154, 5.771879390699729 ], [ 102.555665411428535, 5.773770903568239 ], [ 102.556551314936357, 5.775618813373526 ], [ 102.557533209764713, 5.777418055572334 ], [ 102.558608404608123, 5.779163699051908 ], [ 102.559773952432238, 5.780850959640583 ], [ 102.561026658551526, 5.782475213215124 ], [ 102.562363089385556, 5.784032008369271 ], [ 102.563779581870321, 5.785517078608559 ], [ 102.565272253498392, 5.786926354038181 ], [ 102.566837012960548, 5.788255972511937 ], [ 102.568469571359913, 5.789502290211657 ], [ 102.570165453967363, 5.790661891628482 ], [ 102.571920012486572, 5.791731598918187 ], [ 102.573728437794571, 5.792708480605581 ], [ 102.575585773123322, 5.793589859613693 ], [ 102.577486927645779, 5.794373320596093 ], [ 102.579426690429528, 5.795056716552229 ], [ 102.581399744719647, 5.795638174707601 ], [ 102.583400682511424, 5.796116101642913 ], [ 102.585424019373491, 5.796489187658024 ], [ 102.587464209480132, 5.796756410358809 ], [ 102.589515660812097, 5.796917037457157 ], [ 102.591572750483863, 5.796970628776474 ], [ 102.593629840155629, 5.796917037457157 ], [ 102.59568129148758, 5.796756410358809 ], [ 102.597721481594235, 5.796489187658024 ], [ 102.599744818456287, 5.796116101642913 ], [ 102.601745756248079, 5.795638174707601 ], [ 102.603718810538183, 5.795056716552229 ], [ 102.605658573321946, 5.794373320596093 ], [ 102.607559727844418, 5.793589859613693 ], [ 102.60941706317314, 5.792708480605581 ], [ 102.611225488481168, 5.791731598918187 ], [ 102.612980047000363, 5.790661891628482 ], [ 102.614675929607813, 5.789502290211657 ], [ 102.616308488007178, 5.788255972511937 ], [ 102.617873247469348, 5.786926354038181 ], [ 102.619365919097419, 5.785517078608559 ], [ 102.620782411582169, 5.784032008369271 ], [ 102.622118842416199, 5.782475213215124 ], [ 102.623371548535488, 5.780850959640583 ], [ 102.624537096359617, 5.779163699051908 ], [ 102.625612291203012, 5.777418055572334 ], [ 102.626594186031383, 5.775618813373526 ], [ 102.627480089539191, 5.773770903568239 ], [ 102.628267573526571, 5.771879390699729 ], [ 102.628954479554608, 5.76994945886515 ], [ 102.629538924861635, 5.767986397510722 ], [ 102.630019307523668, 5.765995586937704 ], [ 102.630394310845261, 5.763982483558792 ], [ 102.630662906968354, 5.761952604945234 ], [ 102.63082435968964, 5.759911514705871 ], [ 102.630878226478458, 5.757864807239154 ] ] ] } },
{ "type": "Feature", "properties": { "state": "Terengganu", "parlimen": "P.028 Besut", "code_parlimen": "P.028", "dun": "N.03 Bukit Kenak", "code_dun": "N.03", "voters_total": 9295 }, "geometry": { "type": "Polygon", "coordinates": [ [ [ 102.628442291783387, 5.672705176891281 ], [ 102.628387180655324, 5.670610870770631 ], [ 102.628221998326907, 5.668522297427395 ], [ 102.627947197551435, 5.666445181591993 ], [ 102.627563531538712, 5.664385216651575 ], [ 102.627072051890607, 5.662348049043098 ], [ 102.626474105718714, 5.660339262774421 ], [ 102.625771331951867, 5.658364364115916 ], [ 102.624965656844154, 5.656428766504559 ], [ 102.624059288695022, 5.65453777570195 ], [ 102.623054711796598, 5.652696575246878 ], [ 102.621954679624295, 5.650910212242564 ], [ 102.620762207289872, 5.649183583517379 ], [ 102.619480563277051, 5.647521422197171 ], [ 102.618113260483042, 5.645928284726001 ], [ 102.616664046589761, 5.644408538370957 ], [ 102.615136893791728, 5.642966349245365 ], [ 102.61353598790862, 5.641605670883269 ], [ 102.611865716912192, 5.64033023339657 ], [ 102.610130658899138, 5.639143533244712 ], [ 102.608335569542874, 5.638048823644783 ], [ 102.606485369058561, 5.63704910564873 ], [ 102.60458512871709, 5.636147119911847 ], [ 102.602640056945191, 5.63534533917548 ], [ 102.600655485049373, 5.634645961484341 ], [ 102.598636852603235, 5.634050904157299 ], [ 102.596589692538032, 5.633561798528076 ], [ 102.594519615977191, 5.633179985470345 ], [ 102.592432296856686, 5.632906511719604 ], [ 102.590333456373116, 5.632742127001796 ], [ 102.588228847302389, 5.632687281976714 ], [ 102.586124238231648, 5.632742127001796 ], [ 102.584025397748107, 5.632906511719604 ], [ 102.581938078627587, 5.633179985470345 ], [ 102.579868002066746, 5.633561798528076 ], [ 102.577820842001543, 5.634050904157299 ], [ 102.575802209555405, 5.634645961484341 ], [ 102.573817637659587, 5.63534533917548 ], [ 102.571872565887674, 5.636147119911847 ], [ 102.569972325546217, 5.63704910564873 ], [ 102.56812212506189, 5.638048823644783 ], [ 102.56632703570564, 5.639143533244712 ], [ 102.564591977692587, 5.64033023339657 ], [ 102.562921706696159, 5.641605670883269 ], [ 102.56132080081305, 5.642966349245365 ], [ 102.559793648015003, 5.644408538370957 ], [ 102.558344434121722, 5.645928284726001 ], [ 102.556977131327727, 5.647521422197171 ], [ 102.555695487314921, 5.649183583517379 ], [ 102.554503014980483, 5.650910212242564 ], [ 102.55340298280818, 5.652696575246878 ], [ 102.552398405909756, 5.65453777570195 ], [ 102.551492037760624, 5.656428766504559 ], [ 102.550686362652911, 5.658364364115916 ], [ 102.549983588886064, 5.660339262774421 ], [ 102.549385642714171, 5.662348049043098 ], [ 102.548894163066066, 5.664385216651575 ], [ 102.548510497053357, 5.666445181591993 ], [ 102.548235696277857, 5.668522297427395 ], [ 102.548070513949455, 5.670610870770631 ], [ 102.548015402821392, 5.672705176891281 ], [ 102.548070513949455, 5.674799475407887 ], [ 102.548235696277857, 5.676888026022231 ], [ 102.548510497053357, 5.678965104252928 ], [ 102.548894163066066, 5.681025017124854 ], [ 102.549385642714171, 5.683062118771516 ], [ 102.549983588886064, 5.68507082590775 ], [ 102.550686362652911, 5.687045633130182 ], [ 102.551492037760624, 5.688981128003592 ], [ 102.552398405909756, 5.690872005892044 ], [ 102.55340298280818, 5.692713084493844 ], [ 102.554503014980483, 5.694499318040818 ], [ 102.555695487314921, 5.696225811122966 ], [ 102.556977131327727, 5.697887832100551 ], [ 102.558344434121722, 5.699480826067179 ], [ 102.559793648015003, 5.701000427327978 ], [ 102.56132080081305, 5.702442471359337 ], [ 102.562921706696159, 5.703803006216892 ], [ 102.564591977692587, 5.705078303360992 ], [ 102.56632703570564, 5.706264867869838 ], [ 102.56812212506189, 5.707359448012452 ], [ 102.569972325546217, 5.70835904415526 ], [ 102.571872565887674, 5.709260916977999 ], [ 102.573817637659587, 5.710062594976471 ], [ 102.575802209555405, 5.710761881231548 ], [ 102.577820842001543, 5.711356859426173 ], [ 102.579868002066746, 5.711845899093605 ], [ 102.581938078627587, 5.712227660082856 ], [ 102.584025397748107, 5.712501096228934 ], [ 102.586124238231648, 5.712665458217861 ], [ 102.588228847302389, 5.712720295638873 ], [ 102.590333456373116, 5.712665458217861 ], [ 102.592432296856686, 5.712501096228934 ], [ 102.594519615977191, 5.712227660082856 ], [ 102.596589692538032, 5.711845899093605 ], [ 102.598636852603235, 5.711356859426173 ], [ 102.600655485049373, 5.710761881231548 ], [ 102.602640056945191, 5.710062594976471 ], [ 102.60458512871709, 5.709260916977999 ], [ 102.606485369058561, 5.70835904415526 ], [ 102.608335569542874, 5.707359448012452 ], [ 102.610130658899138, 5.706264867869838 ], [ 102.611865716912192, 5.705078303360992 ], [ 102.61353598790862, 5.703803006216892 ], [ 102.615136893791728, 5.702442471359337 ], [ 102.616664046589761, 5.701000427327978 ], [ 102.618113260483042, 5.699480826067179 ], [ 102.619480563277051, 5.697887832100551 ], [ 102.620762207289872, 5.696225811122966 ], [ 102.621954679624295, 5.694499318040818 ], [ 102.623054711796598, 5.692713084493844 ], [ 102.624059288695022, 5.690872005892044 ], [ 102.624965656844154, 5.688981128003592 ], [ 102.625771331951867, 5.687045633130182 ], [ 102.626474105718714, 5.68507082590775 ], [ 102.627072051890607, 5.683062118771516 ], [ 102.627563531538712, 5.681025017124854 ], [ 102.627947197551435, 5.678965104252928 ], [ 102.628221998326907, 5.676888026022231 ], [ 102.628387180655324, 5.674799475407887 ], [ 102.628442291783387, 5.672705176891281 ] ] ] } },
{ "type": "Feature", "properties": { "state": "Terengganu", "parlimen": "P.028 Besut", "code_parlimen": "P.028", "dun": "N.04 Ulu Besut", "code_dun": "N.04", "voters_total": 9164 }, "geometry": { "type": "Polygon", "coordinates": [ [ [ 102.529658267764248, 5.536087352456408 ], [ 102.52960354637132, 5.534007370358066 ], [ 102.529439532180064, 5.531933082060216 ], [ 102.529166674741944, 5.529870173135397 ], [ 102.528785721940295, 5.527824298024738 ], [ 102.52829771794022, 5.525801064537868 ], [ 102.527704000326779, 5.523806018480001 ], [ 102.527006196438677, 5.521844628448307 ], [ 102.526206218907859, 5.519922270839419 ], [ 102.525306260417167, 5.518044215109133 ], [ 102.524308787690217, 5.516215609324708 ], [ 102.523216534730437, 5.514441466049429 ], [ 102.522032495327295, 5.512726648598306 ], [ 102.520759914850501, 5.511075857702397 ], [ 102.51940228135463, 5.509493618618592 ], [ 102.517963316018765, 5.50798426872016 ], [ 102.516446962946844, 5.506551945602139 ], [ 102.514857378357277, 5.50520057573419 ], [ 102.513198919190913, 5.503933863692212 ], [ 102.511476131169019, 5.502755281998199 ], [ 102.509693736333872, 5.50166806159627 ], [ 102.50785662010577, 5.500675182991075 ], [ 102.505969817892634, 5.499779368072915 ], [ 102.504038501288164, 5.498983072651961 ], [ 102.502067963896934, 5.498288479722274 ], [ 102.500063606824952, 5.497697493473979 ], [ 102.498030923875646, 5.49721173407009 ], [ 102.495975486491673, 5.496832533202379 ], [ 102.493902928484047, 5.496560930438487 ], [ 102.491818930590185, 5.496397670370374 ], [ 102.489729204903497, 5.496343200571739 ], [ 102.487639479216796, 5.496397670370374 ], [ 102.485555481322933, 5.496560930438487 ], [ 102.483482923315307, 5.496832533202379 ], [ 102.481427485931363, 5.49721173407009 ], [ 102.479394802982029, 5.497697493473979 ], [ 102.477390445910061, 5.498288479722274 ], [ 102.475419908518816, 5.498983072651961 ], [ 102.473488591914347, 5.499779368072915 ], [ 102.471601789701211, 5.500675182991075 ], [ 102.469764673473108, 5.50166806159627 ], [ 102.467982278637962, 5.502755281998199 ], [ 102.466259490616082, 5.503933863692212 ], [ 102.464601031449703, 5.50520057573419 ], [ 102.463011446860136, 5.506551945602139 ], [ 102.46149509378823, 5.50798426872016 ], [ 102.460056128452351, 5.509493618618592 ], [ 102.458698494956494, 5.511075857702397 ], [ 102.457425914479686, 5.512726648598306 ], [ 102.456241875076543, 5.514441466049429 ], [ 102.455149622116764, 5.516215609324708 ], [ 102.454152149389827, 5.518044215109133 ], [ 102.453252190899136, 5.519922270839419 ], [ 102.452452213368304, 5.521844628448307 ], [ 102.451754409480216, 5.523806018480001 ], [ 102.451160691866761, 5.525801064537868 ], [ 102.4506726878667, 5.527824298024738 ], [ 102.450291735065036, 5.529870173135397 ], [ 102.450018877626931, 5.531933082060216 ], [ 102.449854863435675, 5.534007370358066 ], [ 102.449800142042747, 5.536087352456408 ], [ 102.449854863435675, 5.538167327236117 ], [ 102.450018877626931, 5.540241593658251 ], [ 102.450291735065036, 5.542304466389973 ], [ 102.4506726878667, 5.544350291386668 ], [ 102.451160691866761, 5.546373461387758 ], [ 102.451754409480216, 5.548368431283618 ], [ 102.452452213368304, 5.550329733311513 ], [ 102.453252190899136, 5.552251992039005 ], [ 102.454152149389827, 5.554129939093643 ], [ 102.455149622116764, 5.555958427598855 ], [ 102.456241875076543, 5.557732446276298 ], [ 102.457425914479686, 5.559447133176083 ], [ 102.458698494956494, 5.5610977889975 ], [ 102.460056128452351, 5.562679889963555 ], [ 102.46149509378823, 5.564189100214224 ], [ 102.463011446860136, 5.565621283684496 ], [ 102.464601031449703, 5.566972515434696 ], [ 102.466259490616082, 5.568239092402193 ], [ 102.467982278637962, 5.569417543544894 ], [ 102.469764673473108, 5.570504639349001 ], [ 102.471601789701211, 5.57149740067502 ], [ 102.473488591914347, 5.572393106917571 ], [ 102.475419908518816, 5.57318930345714 ], [ 102.477390445910061, 5.573883808383054 ], [ 102.479394802982029, 5.574474718469368 ], [ 102.481427485931334, 5.574960414387514 ], [ 102.483482923315307, 5.575339565141275 ], [ 102.485555481322933, 5.57561113171207 ], [ 102.487639479216796, 5.57577436990448 ], [ 102.489729204903497, 5.575828832384493 ], [ 102.491818930590185, 5.57577436990448 ], [ 102.493902928484047, 5.57561113171207 ], [ 102.495975486491673, 5.575339565141275 ], [ 102.498030923875632, 5.574960414387514 ], [ 102.500063606824952, 5.574474718469368 ], [ 102.502067963896934, 5.573883808383054 ], [ 102.504038501288164, 5.57318930345714 ], [ 102.505969817892634, 5.572393106917571 ], [ 102.50785662010577, 5.57149740067502 ], [ 102.509693736333872, 5.570504639349001 ], [ 102.511476131169019, 5.569417543544894 ], [ 102.513198919190913, 5.568239092402193 ], [ 102.514857378357277, 5.566972515434696 ], [ 102.516446962946844, 5.565621283684496 ], [ 102.517963316018765, 5.564189100214224 ], [ 102.51940228135463, 5.562679889963555 ], [ 102.520759914850501, 5.5610977889975 ], [ 102.522032495327295, 5.559447133176083 ], [ 102.523216534730437, 5.557732446276298 ], [ 102.524308787690217, 5.555958427598855 ], [ 102.525306260417167, 5.554129939093643 ], [ 102.526206218907859, 5.552251992039005 ], [ 102.527006196438677, 5.550329733311513 ], [ 102.527704000326779, 5.548368431283618 ], [ 102.52829771794022, 5.546373461387758 ], [ 102.528785721940295, 5.544350291386668 ], [ 102.529166674741944, 5.542304466389973 ], [ 102.529439532180064, 5.540241593658251 ], [ 102.52960354637132, 5.538167327236117 ], [ 102.529658267764248, 5.536087352456408 ] ] ] } },
{ "type": "Feature", "properties": { "state": "Terengganu", "parlimen": "P.029 Ulu Nerus", "code_parlimen": "P.029", "dun": "N.05 Setiu", "code_dun": "N.05", "voters_total": 7367 }, "geometry": { "type": "Polygon", "coordinates": [ [ [ 102.76021249842961, 5.548317115758461 ], [ 102.760163434770035, 5.546452225332136 ], [ 102.760016378271345, 5.544592440570677 ], [ 102.759771732005206, 5.542742859089156 ], [ 102.759430166530024, 5.540908550583392 ], [ 102.758992618053014, 5.539094542933042 ], [ 102.758460285864146, 5.537305808418559 ], [ 102.757834629048958, 5.535547250090232 ], [ 102.757117362489268, 5.533823688326461 ], [ 102.756310452162865, 5.532139847618201 ], [ 102.755416109754904, 5.530500343615924 ], [ 102.754436786595704, 5.528909670474398 ], [ 102.753375166942007, 5.52737218853032 ], [ 102.75223416061948, 5.525892112346417 ], [ 102.751016895047144, 5.524473499154905 ], [ 102.749726706665342, 5.523120237731968 ], [ 102.748367131790715, 5.52183603773402 ], [ 102.746941896923502, 5.520624419524615 ], [ 102.745454908533432, 5.51948870452048 ], [ 102.743910242352271, 5.518432006082705 ], [ 102.742312132202699, 5.517457220978396 ], [ 102.740664958393552, 5.516567021436151 ], [ 102.738973235713715, 5.51576384781722 ], [ 102.737241601057491, 5.515049901922413 ], [ 102.735474800715082, 5.514427140953239 ], [ 102.73367767736346, 5.51389727214377 ], [ 102.731855156792776, 5.513461748078175 ], [ 102.730012234405251, 5.513121762706453 ], [ 102.728153961523034, 5.512878248069723 ], [ 102.726285431542948, 5.512731871743677 ], [ 102.724411765975788, 5.512683035007614 ], [ 102.722538100408613, 5.512731871743677 ], [ 102.720669570428541, 5.512878248069723 ], [ 102.71881129754631, 5.513121762706453 ], [ 102.7169683751588, 5.513461748078175 ], [ 102.715145854588101, 5.51389727214377 ], [ 102.713348731236479, 5.514427140953239 ], [ 102.711581930894084, 5.515049901922413 ], [ 102.70985029623786, 5.51576384781722 ], [ 102.708158573558023, 5.516567021436151 ], [ 102.706511399748877, 5.517457220978396 ], [ 102.704913289599304, 5.518432006082705 ], [ 102.703368623418157, 5.51948870452048 ], [ 102.701881635028059, 5.520624419524615 ], [ 102.70045640016086, 5.52183603773402 ], [ 102.699096825286233, 5.523120237731968 ], [ 102.697806636904417, 5.524473499154905 ], [ 102.696589371332081, 5.525892112346417 ], [ 102.695448365009568, 5.52737218853032 ], [ 102.694386745355885, 5.528909670474398 ], [ 102.693407422196671, 5.530500343615924 ], [ 102.692513079788711, 5.532139847618201 ], [ 102.691706169462307, 5.533823688326461 ], [ 102.690988902902617, 5.535547250090232 ], [ 102.690363246087443, 5.537305808418559 ], [ 102.689830913898561, 5.539094542933042 ], [ 102.689393365421566, 5.540908550583392 ], [ 102.68905179994637, 5.542742859089156 ], [ 102.68880715368023, 5.544592440570677 ], [ 102.68866009718154, 5.546452225332136 ], [ 102.688611033521951, 5.548317115758461 ], [ 102.68866009718154, 5.550182000288469 ], [ 102.68880715368023, 5.552041767425533 ], [ 102.68905179994637, 5.553891319747716 ], [ 102.689393365421566, 5.555725587878641 ], [ 102.689830913898561, 5.557539544381028 ], [ 102.690363246087443, 5.559328217534801 ], [ 102.690988902902617, 5.561086704961973 ], [ 102.691706169462307, 5.562810187060928 ], [ 102.692513079788711, 5.564493940213517 ], [ 102.693407422196671, 5.566133349728614 ], [ 102.694386745355885, 5.567723922486618 ], [ 102.695448365009568, 5.569261299250669 ], [ 102.696589371332081, 5.570741266610404 ], [ 102.697806636904417, 5.572159768525936 ], [ 102.699096825286233, 5.573512917440199 ], [ 102.70045640016086, 5.574797004929512 ], [ 102.701881635028059, 5.576008511862924 ], [ 102.703368623418157, 5.577144118042916 ], [ 102.704913289599304, 5.578200711300678 ], [ 102.706511399748877, 5.579175396021478 ], [ 102.708158573558023, 5.580065501076542 ], [ 102.70985029623786, 5.580868587139827 ], [ 102.711581930894084, 5.581582453369844 ], [ 102.713348731236479, 5.582205143437877 ], [ 102.715145854588101, 5.582734950886647 ], [ 102.7169683751588, 5.583170423804292 ], [ 102.71881129754631, 5.583510368801187 ], [ 102.720669570428541, 5.583753854278592 ], [ 102.722538100408613, 5.583900212980244 ], [ 102.724411765975788, 5.583949043819991 ], [ 102.726285431542948, 5.583900212980244 ], [ 102.728153961523034, 5.583753854278592 ], [ 102.730012234405251, 5.583510368801187 ], [ 102.731855156792776, 5.583170423804292 ], [ 102.73367767736346, 5.582734950886647 ], [ 102.735474800715082, 5.582205143437877 ], [ 102.737241601057491, 5.581582453369844 ], [ 102.738973235713715, 5.580868587139827 ], [ 102.740664958393552, 5.580065501076542 ], [ 102.742312132202699, 5.579175396021478 ], [ 102.743910242352271, 5.578200711300678 ], [ 102.745454908533432, 5.577144118042916 ], [ 102.746941896923502, 5.576008511862924 ], [ 102.748367131790715, 5.574797004929512 ], [ 102.749726706665342, 5.573512917440199 ], [ 102.751016895047144, 5.572159768525936 ], [ 102.75223416061948, 5.570741266610404 ], [ 102.753375166942007, 5.569261299250669 ], [ 102.754436786595704, 5.567723922486618 ], [ 102.755416109754904, 5.566133349728614 ], [ 102.756310452162865, 5.564493940213517 ], [ 102.757117362489268, 5.562810187060928 ], [ 102.757834629048958, 5.561086704961973 ], [ 102.758460285864146, 5.559328217534801 ], [ 102.758992618053014, 5.557539544381028 ], [ 102.759430166530024, 5.555725587878641 ], [ 102.759771732005206, 5.553891319747716 ], [ 102.760016378271345, 5.552041767425533 ], [ 102.760163434770035, 5.550182000288469 ], [ 102.76021249842961, 5.548317115758461 ] ] ] } },
{ "type": "Feature", "properties": { "state": "Terengganu", "parlimen": "P.029 Ulu Nerus", "code_parlimen": "P.029", "dun": "N.06 Langkap", "code_dun": "N.06", "voters_total": 8763 }, "geometry": { "type": "Polygon", "coordinates": [ [ [ 102.895614275444956, 5.349963947025008 ], [ 102.895560764698459, 5.3479293526059 ], [ 102.89540037912829, 5.345900328133101 ], [ 102.895133558340092, 5.343882435107201 ], [ 102.894761033671131, 5.34188120457252 ], [ 102.8942838261856, 5.339902121955296 ], [ 102.893703243876089, 5.33795061202645 ], [ 102.893020878078318, 5.336032024029888 ], [ 102.892238599109518, 5.334151617017494 ], [ 102.891358551141963, 5.332314545430627 ], [ 102.890383146325959, 5.330525844968104 ], [ 102.88931505817834, 5.328790418779104 ], [ 102.888157214254434, 5.327113024019138 ], [ 102.886912788123965, 5.325498258805828 ], [ 102.885585190672472, 5.323950549610315 ], [ 102.884178060752276, 5.322474139119114 ], [ 102.882695255208688, 5.321073074599394 ], [ 102.881140838308639, 5.319751196799996 ], [ 102.879519070600793, 5.318512129418393 ], [ 102.87783439723772, 5.317359269162763 ], [ 102.876091435791992, 5.316295776436201 ], [ 102.874294963599809, 5.315324566668979 ], [ 102.872449904666539, 5.314448302322377 ], [ 102.870561316170509, 5.313669385586282 ], [ 102.868634374601484, 5.312989951790479 ], [ 102.866674361572393, 5.312411863547776 ], [ 102.864686649342673, 5.311936705645186 ], [ 102.862676686093408, 5.311565780696896 ], [ 102.86064998099414, 5.311300105571402 ], [ 102.858612089102692, 5.3111404086022 ], [ 102.856568596139056, 5.311087127590099 ], [ 102.854525103175419, 5.3111404086022 ], [ 102.852487211283986, 5.311300105571402 ], [ 102.850460506184703, 5.311565780696896 ], [ 102.848450542935453, 5.311936705645186 ], [ 102.846462830705732, 5.312411863547776 ], [ 102.844502817676627, 5.312989951790479 ], [ 102.842575876107603, 5.313669385586282 ], [ 102.840687287611573, 5.314448302322377 ], [ 102.838842228678317, 5.315324566668979 ], [ 102.837045756486106, 5.316295776436201 ], [ 102.835302795040405, 5.317359269162763 ], [ 102.833618121677318, 5.318512129418393 ], [ 102.831996353969473, 5.319751196799996 ], [ 102.830441937069409, 5.321073074599394 ], [ 102.828959131525849, 5.322474139119114 ], [ 102.827552001605639, 5.323950549610315 ], [ 102.826224404154146, 5.325498258805828 ], [ 102.824979978023677, 5.327113024019138 ], [ 102.823822134099785, 5.328790418779104 ], [ 102.822754045952152, 5.330525844968104 ], [ 102.821778641136149, 5.332314545430627 ], [ 102.820898593168607, 5.334151617017494 ], [ 102.820116314199794, 5.336032024029888 ], [ 102.819433948402036, 5.33795061202645 ], [ 102.818853366092497, 5.339902121955296 ], [ 102.818376158606981, 5.34188120457252 ], [ 102.818003633938019, 5.343882435107201 ], [ 102.817736813149835, 5.345900328133101 ], [ 102.817576427579652, 5.3479293526059 ], [ 102.81752291683317, 5.349963947025008 ], [ 102.817576427579652, 5.351998534678236 ], [ 102.817736813149835, 5.354027538927503 ], [ 102.818003633938019, 5.356045398493803 ], [ 102.818376158606981, 5.358046582699417 ], [ 102.818853366092497, 5.360025606625675 ], [ 102.819433948402036, 5.361977046144724 ], [ 102.820116314199794, 5.363895552784034 ], [ 102.820898593168607, 5.365775868383126 ], [ 102.821778641136149, 5.367612839502174 ], [ 102.822754045952152, 5.369401431543099 ], [ 102.823822134099785, 5.371136742544621 ], [ 102.824979978023677, 5.372814016613237 ], [ 102.826224404154146, 5.374428656953683 ], [ 102.827552001605639, 5.375976238462889 ], [ 102.828959131525849, 5.37745251985334 ], [ 102.830441937069409, 5.378853455272309 ], [ 102.831996353969473, 5.380175205385426 ], [ 102.833618121677318, 5.381414147894153 ], [ 102.835302795040405, 5.382566887458458 ], [ 102.837045756486106, 5.383630264997568 ], [ 102.838842228678317, 5.384601366343218 ], [ 102.840687287611573, 5.385477530222026 ], [ 102.842575876107603, 5.386256355544832 ], [ 102.844502817676627, 5.38693570798342 ], [ 102.846462830705732, 5.387513725816327 ], [ 102.848450542935453, 5.387988825027988 ], [ 102.850460506184703, 5.388359703647224 ], [ 102.852487211283986, 5.388625345313131 ], [ 102.854525103175419, 5.388785022058814 ], [ 102.856568596139056, 5.388838296305048 ], [ 102.858612089102692, 5.388785022058814 ], [ 102.86064998099414, 5.388625345313131 ], [ 102.862676686093408, 5.388359703647224 ], [ 102.864686649342673, 5.387988825027988 ], [ 102.866674361572393, 5.387513725816327 ], [ 102.868634374601484, 5.38693570798342 ], [ 102.870561316170509, 5.386256355544832 ], [ 102.872449904666539, 5.385477530222026 ], [ 102.874294963599809, 5.384601366343218 ], [ 102.876091435791992, 5.383630264997568 ], [ 102.87783439723772, 5.382566887458458 ], [ 102.879519070600793, 5.381414147894153 ], [ 102.881140838308639, 5.380175205385426 ], [ 102.882695255208688, 5.378853455272309 ], [ 102.884178060752276, 5.37745251985334 ], [ 102.885585190672472, 5.375976238462889 ], [ 102.886912788123965, 5.374428656953683 ], [ 102.888157214254434, 5.372814016613237 ], [ 102.88931505817834, 5.371136742544621 ], [ 102.890383146325959, 5.369401431543099 ], [ 102.891358551141963, 5.367612839502174 ], [ 102.892238599109518, 5.365775868383126 ], [ 102.893020878078318, 5.363895552784034 ], [ 102.893703243876089, 5.361977046144724 ], [ 102.8942838261856, 5.360025606625675 ], [ 102.894761033671131, 5.358046582699417 ], [ 102.895133558340092, 5.356045398493803 ], [ 102.89540037912829, 5.354027538927503 ], [ 102.895560764698459, 5.351998534678236 ], [ 102.895614275444956, 5.349963947025008 ] ] ] } },
{ "type": "Feature", "properties": { "state": "Terengganu", "parlimen": "P.029 Ulu Nerus", "code_parlimen": "P.029", "dun": "N.07 Batu Rakit", "code_dun": "N.07", "voters_total": 6512 }, "geometry": { "type": "Polygon", "coordinates": [ [ [ 103.0130239719157, 5.511847299096285 ], [ 103.012977843153678, 5.510093855099721 ], [ 103.012839583303304, 5.508345212015962 ], [ 103.012609571325257, 5.50660616281934 ], [ 103.012288437666356, 5.504881474229508 ], [ 103.011877062531624, 5.503175873645025 ], [ 103.01137657347175, 5.501494036184286 ], [ 103.010788342292443, 5.499840571869283 ], [ 103.010113981294452, 5.498220012987361 ], [ 103.009355338854434, 5.496636801665799 ], [ 103.00851449435855, 5.49509527769299 ], [ 103.007593752503169, 5.49359966661997 ], [ 103.006595636977679, 5.492154068174727 ], [ 103.005522883547343, 5.49076244502115 ], [ 103.004378432554773, 5.489428611893536 ], [ 103.003165420860583, 5.488156225136314 ], [ 103.001887173245535, 5.486948772677957 ], [ 103.000547193297436, 5.485809564466342 ], [ 102.999149153808247, 5.484741723392019 ], [ 102.99769688670699, 5.483748176724227 ], [ 102.996194372556857, 5.482831648083156 ], [ 102.994645729644688, 5.481994649970584 ], [ 102.993055202693057, 5.481239476879408 ], [ 102.991427151225807, 5.480568199000853 ], [ 102.989766037618807, 5.479982656546771 ], [ 102.988076414869028, 5.479484454702731 ], [ 102.986362914114963, 5.479074959225463 ], [ 102.984630231943086, 5.478755292697074 ], [ 102.982883117514788, 5.478526331446075 ], [ 102.981126359549265, 5.478388703143928 ], [ 102.979364773198, 5.478342785083422 ], [ 102.977603186846736, 5.478388703143928 ], [ 102.975846428881212, 5.478526331446075 ], [ 102.974099314452914, 5.478755292697074 ], [ 102.972366632281037, 5.479074959225463 ], [ 102.970653131526973, 5.479484454702731 ], [ 102.968963508777179, 5.479982656546771 ], [ 102.967302395170194, 5.480568199000853 ], [ 102.965674343702943, 5.481239476879408 ], [ 102.964083816751312, 5.481994649970584 ], [ 102.962535173839143, 5.482831648083156 ], [ 102.961032659688996, 5.483748176724227 ], [ 102.959580392587753, 5.484741723392019 ], [ 102.95818235309855, 5.485809564466342 ], [ 102.956842373150465, 5.486948772677957 ], [ 102.955564125535403, 5.488156225136314 ], [ 102.954351113841227, 5.489428611893536 ], [ 102.953206662848658, 5.49076244502115 ], [ 102.952133909418322, 5.492154068174727 ], [ 102.951135793892831, 5.49359966661997 ], [ 102.95021505203745, 5.49509527769299 ], [ 102.949374207541567, 5.496636801665799 ], [ 102.948615565101548, 5.498220012987361 ], [ 102.947941204103557, 5.499840571869283 ], [ 102.94735297292425, 5.501494036184286 ], [ 102.946852483864376, 5.503175873645025 ], [ 102.94644110872963, 5.504881474229508 ], [ 102.946119975070729, 5.50660616281934 ], [ 102.945889963092696, 5.508345212015962 ], [ 102.945751703242323, 5.510093855099708 ], [ 102.9457055744803, 5.511847299096285 ], [ 102.945751703242323, 5.513600737914676 ], [ 102.945889963092696, 5.515349365520622 ], [ 102.946119975070729, 5.51708838910939 ], [ 102.94644110872963, 5.518813042241902 ], [ 102.946852483864376, 5.52051859790806 ], [ 102.94735297292425, 5.52220038148159 ], [ 102.947941204103557, 5.523853783530924 ], [ 102.948615565101548, 5.525474272450898 ], [ 102.949374207541567, 5.527057406880756 ], [ 102.95021505203745, 5.52859884787456 ], [ 102.951135793892831, 5.53009437079039 ], [ 102.952133909418322, 5.53153987686613 ], [ 102.953206662848658, 5.532931404449917 ], [ 102.954351113841227, 5.534265139854555 ], [ 102.955564125535403, 5.535537427806243 ], [ 102.956842373150465, 5.536744781459078 ], [ 102.95818235309855, 5.537883891947707 ], [ 102.959580392587753, 5.538951637452251 ], [ 102.961032659688996, 5.539945091750552 ], [ 102.962535173839143, 5.54086153223446 ], [ 102.964083816751312, 5.541698447368026 ], [ 102.965674343702943, 5.542453543567511 ], [ 102.967302395170194, 5.543124751484156 ], [ 102.968963508777179, 5.543710231672569 ], [ 102.970653131526973, 5.544208379629426 ], [ 102.972366632281037, 5.544617830188356 ], [ 102.974099314452914, 5.544937461259438 ], [ 102.975846428881212, 5.545166396902583 ], [ 102.977603186846736, 5.545304009726943 ], [ 102.979364773198, 5.545349922609264 ], [ 102.981126359549265, 5.545304009726943 ], [ 102.982883117514788, 5.545166396902583 ], [ 102.984630231943086, 5.544937461259438 ], [ 102.986362914114963, 5.544617830188356 ], [ 102.988076414869028, 5.544208379629426 ], [ 102.989766037618807, 5.543710231672569 ], [ 102.991427151225807, 5.543124751484156 ], [ 102.993055202693057, 5.542453543567511 ], [ 102.994645729644688, 5.541698447368026 ], [ 102.996194372556857, 5.54086153223446 ], [ 102.99769688670699, 5.539945091750552 ], [ 102.999149153808247, 5.538951637452251 ], [ 103.000547193297436, 5.537883891947707 ], [ 103.001887173245535, 5.536744781459078 ], [ 103.003165420860583, 5.535537427806243 ], [ 103.004378432554773, 5.534265139854555 ], [ 103.005522883547343, 5.532931404449917 ], [ 103.006595636977679, 5.53153987686613 ], [ 103.007593752503169, 5.53009437079039 ], [ 103.00851449435855, 5.52859884787456 ], [ 103.009355338854434, 5.527057406880756 ], [ 103.010113981294452, 5.525474272450898 ], [ 103.010788342292443, 5.523853783530924 ], [ 103.01137657347175, 5.52220038148159 ], [ 103.011877062531624, 5.52051859790806 ], [ 103.012288437666356, 5.518813042241902 ], [ 103.012609571325257, 5.51708838910939 ], [ 103.012839583303304, 5.515349365520622 ], [ 103.012977843153678, 5.513600737914676 ], [ 103.0130239719157, 5.511847299096285 ] ] ] } },
{ "type": "Feature", "properties": { "state": "Terengganu", "parlimen": "P.029 Ulu Nerus", "code_parlimen": "P.029", "dun": "N.08 Seberang Takir", "code_dun": "N.08", "voters_total": 8970 }, "geometry": { "type": "Polygon", "coordinates": [ [ [ 103.131908575450453, 5.435318480932962 ], [ 103.13185443637623, 5.433260285495006 ], [ 103.131692167544998, 5.431207724424324 ], [ 103.131422213724335, 5.429166423737047 ], [ 103.131045314838914, 5.427141978641814 ], [ 103.130562503942386, 5.425139938202014 ], [ 103.129975104385849, 5.423165790123994 ], [ 103.129284726190633, 5.421224945712858 ], [ 103.128493261635441, 5.419322725037055 ], [ 103.127602880069546, 5.417464342342671 ], [ 103.126616021966953, 5.415654891757201 ], [ 103.125535392237154, 5.413899333322199 ], [ 103.12436395281108, 5.41220247939306 ], [ 103.123104914522798, 5.410568981443313 ], [ 103.121761728308726, 5.409003317309612 ], [ 103.120338075748947, 5.40750977891249 ], [ 103.118837858976107, 5.406092460486572 ], [ 103.117265189980159, 5.404755247352506 ], [ 103.115624379337504, 5.403501805261659 ], [ 103.113919924396029, 5.402335570342578 ], [ 103.112156496948273, 5.401259739677021 ], [ 103.110338930426295, 5.400277262531402 ], [ 103.108472206653573, 5.39939083226774 ], [ 103.106561442190255, 5.3986028789563 ], [ 103.104611874308887, 5.397915562710344 ], [ 103.102628846639533, 5.397330767761153 ], [ 103.100617794523188, 5.39685009728974 ], [ 103.098584230113929, 5.396474869029441 ], [ 103.09653372727044, 5.396206111651329 ], [ 103.094471906278486, 5.396044561942578 ], [ 103.092404418446094, 5.395990662785477 ], [ 103.090336930613688, 5.396044561942578 ], [ 103.088275109621733, 5.396206111651329 ], [ 103.086224606778231, 5.396474869029441 ], [ 103.084191042368971, 5.39685009728974 ], [ 103.082179990252641, 5.397330767761153 ], [ 103.080196962583287, 5.397915562710344 ], [ 103.078247394701918, 5.3986028789563 ], [ 103.076336630238586, 5.39939083226774 ], [ 103.074469906465865, 5.400277262531402 ], [ 103.0726523399439, 5.401259739677021 ], [ 103.070888912496144, 5.402335570342578 ], [ 103.06918445755467, 5.403501805261659 ], [ 103.067543646912, 5.404755247352506 ], [ 103.065970977916052, 5.406092460486572 ], [ 103.064470761143227, 5.40750977891249 ], [ 103.063047108583433, 5.409003317309612 ], [ 103.061703922369375, 5.410568981443313 ], [ 103.060444884081093, 5.41220247939306 ], [ 103.05927344465502, 5.413899333322199 ], [ 103.058192814925206, 5.415654891757201 ], [ 103.057205956822614, 5.417464342342671 ], [ 103.056315575256733, 5.419322725037055 ], [ 103.055524110701541, 5.421224945712858 ], [ 103.054833732506324, 5.423165790123994 ], [ 103.054246332949788, 5.425139938202014 ], [ 103.053763522053245, 5.427141978641814 ], [ 103.053386623167825, 5.429166423737047 ], [ 103.053116669347162, 5.431207724424324 ], [ 103.052954400515944, 5.433260285495006 ], [ 103.052900261441721, 5.435318480932962 ], [ 103.052954400515944, 5.437376669336039 ], [ 103.053116669347162, 5.439429209379146 ], [ 103.053386623167825, 5.441470475276536 ], [ 103.053763522053245, 5.443494872200728 ], [ 103.054246332949788, 5.44549685161613 ], [ 103.054833732506324, 5.447470926484956 ], [ 103.055524110701541, 5.449411686304227 ], [ 103.056315575256733, 5.451313811932297 ], [ 103.057205956822614, 5.453172090164427 ], [ 103.058192814925206, 5.454981428017643 ], [ 103.05927344465502, 5.456736866685501 ], [ 103.060444884081093, 5.458433595124824 ], [ 103.061703922369375, 5.460066963236963 ], [ 103.063047108583433, 5.461632494607772 ], [ 103.064470761143227, 5.463125898771314 ], [ 103.065970977916052, 5.464543082963678 ], [ 103.067543646912, 5.465880163334864 ], [ 103.06918445755467, 5.467133475588115 ], [ 103.070888912496144, 5.468299585017381 ], [ 103.0726523399439, 5.469375295915831 ], [ 103.074469906465865, 5.470357660329221 ], [ 103.076336630238586, 5.471243986130656 ], [ 103.078247394701918, 5.472031844394388 ], [ 103.080196962583287, 5.472719076048504 ], [ 103.082179990252641, 5.473303797788541 ], [ 103.084191042368971, 5.473784407235554 ], [ 103.086224606778231, 5.474159587324839 ], [ 103.088275109621733, 5.474428309913089 ], [ 103.090336930613688, 5.474589838594264 ], [ 103.092404418446094, 5.474643730716475 ], [ 103.094471906278486, 5.474589838594264 ], [ 103.09653372727044, 5.474428309913089 ], [ 103.098584230113929, 5.474159587324839 ], [ 103.100617794523188, 5.473784407235554 ], [ 103.102628846639533, 5.473303797788541 ], [ 103.104611874308887, 5.472719076048504 ], [ 103.106561442190255, 5.472031844394388 ], [ 103.108472206653573, 5.471243986130656 ], [ 103.110338930426295, 5.470357660329221 ], [ 103.112156496948273, 5.469375295915831 ], [ 103.113919924396029, 5.468299585017381 ], [ 103.115624379337504, 5.467133475588115 ], [ 103.117265189980159, 5.465880163334864 ], [ 103.118837858976107, 5.464543082963678 ], [ 103.120338075748947, 5.463125898771314 ], [ 103.121761728308726, 5.461632494607772 ], [ 103.123104914522798, 5.460066963236963 ], [ 103.12436395281108, 5.458433595124824 ], [ 103.125535392237154, 5.456736866685501 ], [ 103.126616021966953, 5.454981428017643 ], [ 103.127602880069546, 5.453172090164427 ], [ 103.128493261635441, 5.451313811932297 ], [ 103.129284726190633, 5.449411686304227 ], [ 103.129975104385849, 5.447470926484956 ], [ 103.130562503942386, 5.44549685161613 ], [ 103.131045314838914, 5.443494872200728 ], [ 103.131422213724335, 5.441470475276536 ], [ 103.131692167544998, 5.439429209379146 ], [ 103.13185443637623, 5.437376669336039 ], [ 103.131908575450453, 5.435318480932962 ] ] ] } },
{ "type": "Feature", "properties": { "state": "Terengganu", "parlimen": "P.030 Ulu Trengganu", "code_parlimen": "P.030", "dun": "N.09 Telemong", "code_dun": "N.09", "voters_total": 6180 }, "geometry": { "type": "Polygon", "coordinates": [ [ [ 102.740538044880424, 5.066199377949752 ], [ 102.740493107387323, 5.064489986268155 ], [ 102.740358418078529, 5.062785275409228 ], [ 102.74013434612813, 5.061089917923904 ], [ 102.739821505701727, 5.059408560762441 ], [ 102.739420754273198, 5.057745812536425 ], [ 102.738933190274338, 5.056106230885383 ], [ 102.738360150084191, 5.054494309982915 ], [ 102.737703204366099, 5.052914468216261 ], [ 102.736964153762585, 5.051371036073398 ], [ 102.736145023959992, 5.049868244270649 ], [ 102.735248060136172, 5.048410212153622 ], [ 102.734275720806636, 5.047000936403069 ], [ 102.733230671085863, 5.045644280076789 ], [ 102.732115775382539, 5.044343962017631 ], [ 102.730934089548256, 5.043103546656726 ], [ 102.729688852501781, 5.041926434239743 ], [ 102.728383477351258, 5.040815851503222 ], [ 102.727021542039267, 5.039774842826421 ], [ 102.725606779535852, 5.038806261883148 ], [ 102.724143067606661, 5.037912763816268 ], [ 102.72263441818437, 5.037096797956525 ], [ 102.721084966372175, 5.03636060110574 ], [ 102.719498959109785, 5.03570619140261 ], [ 102.717880743532874, 5.035135362788155 ], [ 102.716234755057854, 5.034649680085988 ], [ 102.714565505224726, 5.034250474710729 ], [ 102.712877569331255, 5.0339388410167 ], [ 102.71117557389239, 5.033715633296565 ], [ 102.709464183959312, 5.033581463438437 ], [ 102.707748090332913, 5.033536699247725 ], [ 102.7060319967065, 5.033581463438437 ], [ 102.704320606773436, 5.033715633296565 ], [ 102.702618611334572, 5.0339388410167 ], [ 102.7009306754411, 5.034250474710729 ], [ 102.699261425607958, 5.034649680085988 ], [ 102.697615437132967, 5.035135362788155 ], [ 102.695997221556055, 5.03570619140261 ], [ 102.694411214293666, 5.03636060110574 ], [ 102.692861762481456, 5.037096797956525 ], [ 102.691353113059165, 5.037912763816268 ], [ 102.689889401129989, 5.038806261883148 ], [ 102.688474638626559, 5.039774842826421 ], [ 102.687112703314568, 5.040815851503222 ], [ 102.68580732816406, 5.041926434239743 ], [ 102.68456209111757, 5.043103546656726 ], [ 102.683380405283287, 5.044343962017631 ], [ 102.682265509579977, 5.045644280076789 ], [ 102.681220459859205, 5.047000936403069 ], [ 102.680248120529654, 5.048410212153622 ], [ 102.679351156705835, 5.049868244270649 ], [ 102.678532026903255, 5.051371036073398 ], [ 102.677792976299727, 5.052914468216261 ], [ 102.677136030581636, 5.054494309982915 ], [ 102.676562990391488, 5.056106230885383 ], [ 102.676075426392643, 5.057745812536425 ], [ 102.6756746749641, 5.059408560762441 ], [ 102.675361834537711, 5.061089917923904 ], [ 102.675137762587298, 5.062785275409228 ], [ 102.675003073278518, 5.064489986268155 ], [ 102.674958135785417, 5.066199377949752 ], [ 102.675003073278518, 5.067908765110164 ], [ 102.675137762587298, 5.069613462455042 ], [ 102.675361834537711, 5.071308797581536 ], [ 102.6756746749641, 5.072990123784358 ], [ 102.676075426392643, 5.074652832791108 ], [ 102.676562990391488, 5.076292367391949 ], [ 102.677136030581636, 5.077904233928776 ], [ 102.677792976299727, 5.079484014609977 ], [ 102.678532026903255, 5.081027379616851 ], [ 102.679351156705835, 5.082530098968639 ], [ 102.680248120529654, 5.083988054113507 ], [ 102.681220459859205, 5.085397249214036 ], [ 102.682265509579977, 5.086753822096059 ], [ 102.683380405283287, 5.088054054830935 ], [ 102.68456209111757, 5.089294383922373 ], [ 102.68580732816406, 5.090471410069876 ], [ 102.687112703314568, 5.091581907482127 ], [ 102.688474638626559, 5.092622832714659 ], [ 102.689889401129989, 5.09359133300792 ], [ 102.691353113059165, 5.094484754102655 ], [ 102.692861762481456, 5.095300647511448 ], [ 102.694411214293666, 5.096036777226271 ], [ 102.695997221556055, 5.096691125843959 ], [ 102.697615437132967, 5.097261900092774 ], [ 102.699261425607958, 5.097747535744753 ], [ 102.7009306754411, 5.098146701900746 ], [ 102.702618611334572, 5.098458304636146 ], [ 102.704320606773436, 5.098681489997465 ], [ 102.7060319967065, 5.098815646341556 ], [ 102.707748090332913, 5.098860406011059 ], [ 102.709464183959312, 5.098815646341556 ], [ 102.71117557389239, 5.098681489997465 ], [ 102.712877569331255, 5.098458304636146 ], [ 102.714565505224726, 5.098146701900746 ], [ 102.716234755057854, 5.097747535744753 ], [ 102.717880743532874, 5.097261900092774 ], [ 102.719498959109785, 5.096691125843959 ], [ 102.721084966372175, 5.096036777226271 ], [ 102.72263441818437, 5.095300647511448 ], [ 102.724143067606661, 5.094484754102655 ], [ 102.725606779535852, 5.09359133300792 ], [ 102.727021542039267, 5.092622832714659 ], [ 102.728383477351258, 5.091581907482127 ], [ 102.729688852501781, 5.090471410069876 ], [ 102.730934089548256, 5.089294383922373 ], [ 102.732115775382539, 5.088054054830935 ], [ 102.733230671085863, 5.086753822096059 ], [ 102.734275720806636, 5.085397249214036 ], [ 102.735248060136172, 5.083988054113507 ], [ 102.736145023959992, 5.082530098968639 ], [ 102.736964153762585, 5.081027379616851 ], [ 102.737703204366099, 5.079484014609977 ], [ 102.738360150084191, 5.077904233928776 ], [ 102.738933190274338, 5.076292367391949 ], [ 102.739420754273198, 5.074652832791108 ], [ 102.739821505701727, 5.072990123784358 ], [ 102.74013434612813, 5.071308797581536 ], [ 102.740358418078529, 5.069613462455042 ], [ 102.740493107387323, 5.067908765110164 ], [ 102.740538044880424, 5.066199377949752 ] ] ] } },
{ "type": "Feature", "properties": { "state": "Terengganu", "parlimen": "P.030 Ulu Trengganu", "code_parlimen": "P.030", "dun": "N.10 Binjai", "code_dun": "N.10", "voters_total": 8889 }, "geometry": { "type": "Polygon", "coordinates": [ [ [ 103.149441368045458, 5.143292461611165 ], [ 103.149387473966215, 5.141242613294793 ], [ 103.149225939448357, 5.139198376898918 ], [ 103.148957207246852, 5.137165355616976 ], [ 103.148582013937911, 5.135149121955484 ], [ 103.148101387900354, 5.133155202458647 ], [ 103.14751664649674, 5.131189062558387 ], [ 103.146829392462593, 5.129256091591358 ], [ 103.146041509513452, 5.127361588024012 ], [ 103.145155157181719, 5.12551074492628 ], [ 103.144172764897547, 5.123708635733689 ], [ 103.14309702532988, 5.121960200336958 ], [ 103.141930887006097, 5.120270231537395 ], [ 103.140677546230279, 5.118643361905066 ], [ 103.139340438322407, 5.117084051076015 ], [ 103.137923228202297, 5.115596573523145 ], [ 103.136429800344388, 5.114185006834767 ], [ 103.134864248130597, 5.112853220532406 ], [ 103.133230862630739, 5.111604865459278 ], [ 103.131534120840968, 5.110443363767872 ], [ 103.129778673412545, 5.109371899534723 ], [ 103.127969331904865, 5.10839341002788 ], [ 103.126111055597264, 5.107510577650944 ], [ 103.124208937895901, 5.106725822586211 ], [ 103.12226819237317, 5.106041296156707 ], [ 103.120294138477703, 5.105458874925612 ], [ 103.118292186953965, 5.104980155549223 ], [ 103.116267825011931, 5.104606450397605 ], [ 103.114226601286987, 5.104338783954915 ], [ 103.112174110631486, 5.10417789000934 ], [ 103.110115978779632, 5.104124209640458 ], [ 103.108057846927778, 5.10417789000934 ], [ 103.106005356272291, 5.104338783954915 ], [ 103.103964132547333, 5.104606450397605 ], [ 103.101939770605298, 5.104980155549223 ], [ 103.099937819081575, 5.105458874925612 ], [ 103.097963765186094, 5.106041296156707 ], [ 103.096023019663377, 5.106725822586211 ], [ 103.094120901962, 5.107510577650944 ], [ 103.092262625654399, 5.10839341002788 ], [ 103.090453284146733, 5.109371899534723 ], [ 103.08869783671831, 5.110443363767872 ], [ 103.087001094928539, 5.111604865459278 ], [ 103.085367709428681, 5.112853220532406 ], [ 103.08380215721489, 5.114185006834767 ], [ 103.082308729356981, 5.115596573523145 ], [ 103.080891519236857, 5.117084051076015 ], [ 103.079554411328999, 5.118643361905066 ], [ 103.078301070553181, 5.120270231537395 ], [ 103.077134932229399, 5.121960200336958 ], [ 103.076059192661717, 5.123708635733689 ], [ 103.075076800377545, 5.12551074492628 ], [ 103.074190448045826, 5.127361588024012 ], [ 103.073402565096686, 5.129256091591358 ], [ 103.072715311062538, 5.131189062558387 ], [ 103.072130569658924, 5.133155202458647 ], [ 103.071649943621352, 5.135149121955484 ], [ 103.071274750312426, 5.137165355616976 ], [ 103.071006018110921, 5.139198376898918 ], [ 103.070844483593064, 5.141242613294793 ], [ 103.07079058951382, 5.143292461611165 ], [ 103.070844483593064, 5.145342303326588 ], [ 103.071006018110921, 5.14738651999193 ], [ 103.071274750312426, 5.149419508629906 ], [ 103.071649943621352, 5.151435697091671 ], [ 103.072130569658924, 5.153429559328244 ], [ 103.072715311062538, 5.155395630535049 ], [ 103.073402565096686, 5.157328522128067 ], [ 103.074190448045826, 5.159222936510458 ], [ 103.075076800377545, 5.161073681589436 ], [ 103.076059192661717, 5.162875685003407 ], [ 103.077134932229399, 5.164624008020556 ], [ 103.078301070553181, 5.166313859070832 ], [ 103.079554411328999, 5.167940606874266 ], [ 103.080891519236857, 5.169499793129603 ], [ 103.082308729356981, 5.170987144728768 ], [ 103.08380215721489, 5.172398585463466 ], [ 103.085367709428681, 5.173730247192099 ], [ 103.087001094928539, 5.174978480436358 ], [ 103.08869783671831, 5.176139864378502 ], [ 103.090453284146733, 5.177211216232069 ], [ 103.092262625654399, 5.178189599960304 ], [ 103.094120901962, 5.179072334318525 ], [ 103.096023019663377, 5.17985700019833 ], [ 103.097963765186094, 5.180541447253846 ], [ 103.099937819081575, 5.181123799791512 ], [ 103.101939770605298, 5.181602461907651 ], [ 103.103964132547333, 5.181976121859566 ], [ 103.106005356272291, 5.182243755658315 ], [ 103.108057846927778, 5.182404629873357 ], [ 103.110115978779632, 5.182458303641279 ], [ 103.112174110631486, 5.182404629873357 ], [ 103.114226601286987, 5.182243755658315 ], [ 103.116267825011931, 5.181976121859566 ], [ 103.118292186953965, 5.181602461907651 ], [ 103.120294138477703, 5.181123799791512 ], [ 103.12226819237317, 5.180541447253846 ], [ 103.124208937895901, 5.17985700019833 ], [ 103.126111055597264, 5.179072334318525 ], [ 103.127969331904865, 5.178189599960304 ], [ 103.129778673412545, 5.177211216232069 ], [ 103.131534120840968, 5.176139864378502 ], [ 103.133230862630739, 5.174978480436358 ], [ 103.134864248130597, 5.173730247192099 ], [ 103.136429800344388, 5.172398585463466 ], [ 103.137923228202297, 5.170987144728768 ], [ 103.139340438322407, 5.169499793129603 ], [ 103.140677546230279, 5.167940606874266 ], [ 103.141930887006097, 5.166313859070832 ], [ 103.14309702532988, 5.164624008020556 ], [ 103.144172764897547, 5.162875685003407 ], [ 103.145155157181719, 5.161073681589436 ], [ 103.146041509513452, 5.159222936510458 ], [ 103.146829392462593, 5.157328522128067 ], [ 103.14751664649674, 5.155395630535049 ], [ 103.148101387900354, 5.153429559328244 ], [ 103.148582013937911, 5.151435697091671 ], [ 103.148957207246852, 5.149419508629906 ], [ 103.149225939448357, 5.14738651999193 ], [ 103.149387473966215, 5.145342303326588 ], [ 103.149441368045458, 5.143292461611165 ] ] ] } },
{ "type": "Feature", "properties": { "state": "Terengganu", "parlimen": "P.030 Ulu Trengganu", "code_parlimen": "P.030", "dun": "N.11 Tanggol", "code_dun": "N.11", "voters_total": 7866 }, "geometry": { "type": "Polygon", "coordinates": [ [ [ 103.14084967602389, 5.067532639898814 ], [ 103.140798977936626, 5.065604122783799 ], [ 103.140647022634752, 5.063680885869807 ], [ 103.140394226617204, 5.061768200688328 ], [ 103.140041282780317, 5.059871309895401 ], [ 103.139589158518575, 5.05799541290059 ], [ 103.13903909307318, 5.056145651613916 ], [ 103.138392594135254, 5.054327096349944 ], [ 103.137651433713486, 5.052544731927703 ], [ 103.136817643277041, 5.050803444004452 ], [ 103.13589350818755, 5.049108005680955 ], [ 103.134881561435094, 5.047463064414881 ], [ 103.133784576695362, 5.045873129278259 ], [ 103.132605560727256, 5.044342558594061 ], [ 103.131347745131606, 5.042875547985665 ], [ 103.13001457749354, 5.041476118872303 ], [ 103.128609711932867, 5.040148107441635 ], [ 103.127136999088449, 5.0388951541302 ], [ 103.125600475563843, 5.037720693640297 ], [ 103.124004352863196, 5.036627945520869 ], [ 103.122353005847899, 5.035619905338233 ], [ 103.120650960745351, 5.034699336460853 ], [ 103.118902882742844, 5.033868762480742 ], [ 103.117113563200704, 5.033130460292458 ], [ 103.11528790651937, 5.032486453848411 ], [ 103.11343091669697, 5.031938508608004 ], [ 103.111547683613495, 5.031488126695435 ], [ 103.109643369079933, 5.031136542779931 ], [ 103.107723192690059, 5.030884720689342 ], [ 103.105792417513868, 5.030733350766598 ], [ 103.103856335671935, 5.030682847976314 ], [ 103.101920253829988, 5.030733350766598 ], [ 103.099989478653811, 5.030884720689342 ], [ 103.098069302263923, 5.031136542779931 ], [ 103.096164987730361, 5.031488126695435 ], [ 103.0942817546469, 5.031938508608004 ], [ 103.092424764824486, 5.032486453848411 ], [ 103.090599108143181, 5.033130460292458 ], [ 103.088809788601026, 5.033868762480742 ], [ 103.087061710598505, 5.034699336460853 ], [ 103.085359665495957, 5.035619905338233 ], [ 103.08370831848066, 5.036627945520869 ], [ 103.082112195780027, 5.037720693640297 ], [ 103.080575672255407, 5.0388951541302 ], [ 103.079102959410989, 5.040148107441635 ], [ 103.07769809385033, 5.041476118872303 ], [ 103.076364926212264, 5.042875547985665 ], [ 103.075107110616599, 5.044342558594061 ], [ 103.073928094648508, 5.045873129278259 ], [ 103.072831109908776, 5.047463064414881 ], [ 103.071819163156306, 5.049108005680955 ], [ 103.070895028066829, 5.050803444004452 ], [ 103.07006123763037, 5.052544731927703 ], [ 103.069320077208602, 5.054327096349944 ], [ 103.06867357827069, 5.056145651613916 ], [ 103.068123512825281, 5.05799541290059 ], [ 103.067671388563554, 5.059871309895401 ], [ 103.067318444726652, 5.061768200688328 ], [ 103.067065648709118, 5.063680885869807 ], [ 103.066913693407244, 5.065604122783799 ], [ 103.06686299531998, 5.067532639898814 ], [ 103.066913693407244, 5.069461151257673 ], [ 103.067065648709118, 5.07138437096629 ], [ 103.067318444726652, 5.073297027681702 ], [ 103.067671388563554, 5.075193879059732 ], [ 103.068123512825281, 5.077069726122646 ], [ 103.06867357827069, 5.078919427507492 ], [ 103.069320077208602, 5.080737913556003 ], [ 103.07006123763037, 5.0825202002075 ], [ 103.070895028066829, 5.084261402656765 ], [ 103.071819163156306, 5.085956748739546 ], [ 103.072831109908776, 5.087601592008761 ], [ 103.073928094648508, 5.089191424466048 ], [ 103.075107110616599, 5.090721888913435 ], [ 103.076364926212264, 5.092188790891461 ], [ 103.07769809385033, 5.093588110171122 ], [ 103.079102959410989, 5.094916011768078 ], [ 103.080575672255407, 5.096168856449168 ], [ 103.082112195780027, 5.097343210702273 ], [ 103.08370831848066, 5.098435856142379 ], [ 103.085359665495957, 5.099443798328168 ], [ 103.087061710598505, 5.100364274964845 ], [ 103.088809788601026, 5.101194763471009 ], [ 103.090599108143181, 5.10193298788856 ], [ 103.092424764824486, 5.102576925117147 ], [ 103.0942817546469, 5.103124810455751 ], [ 103.096164987730361, 5.103575142436436 ], [ 103.098069302263923, 5.103926686937043 ], [ 103.099989478653811, 5.104178480561578 ], [ 103.101920253829988, 5.104329833278973 ], [ 103.103856335671935, 5.104380330313114 ], [ 103.105792417513868, 5.104329833278973 ], [ 103.107723192690059, 5.104178480561578 ], [ 103.109643369079933, 5.103926686937043 ], [ 103.111547683613495, 5.103575142436436 ], [ 103.11343091669697, 5.103124810455751 ], [ 103.11528790651937, 5.102576925117147 ], [ 103.117113563200704, 5.10193298788856 ], [ 103.118902882742844, 5.101194763471009 ], [ 103.120650960745351, 5.100364274964845 ], [ 103.122353005847899, 5.099443798328168 ], [ 103.124004352863196, 5.098435856142379 ], [ 103.125600475563843, 5.097343210702273 ], [ 103.127136999088449, 5.096168856449168 ], [ 103.128609711932867, 5.094916011768078 ], [ 103.13001457749354, 5.093588110171122 ], [ 103.131347745131606, 5.092188790891461 ], [ 103.132605560727256, 5.090721888913435 ], [ 103.133784576695362, 5.089191424466048 ], [ 103.134881561435094, 5.087601592008761 ], [ 103.13589350818755, 5.085956748739546 ], [ 103.136817643277041, 5.084261402656765 ], [ 103.137651433713486, 5.0825202002075 ], [ 103.138392594135254, 5.080737913556003 ], [ 103.13903909307318, 5.078919427507492 ], [ 103.139589158518575, 5.077069726122646 ], [ 103.140041282780317, 5.075193879059732 ], [ 103.140394226617204, 5.073297027681702 ], [ 103.140647022634752, 5.07138437096629 ], [ 103.140798977936626, 5.069461151257673 ], [ 103.14084967602389, 5.067532639898814 ] ] ] } },
{ "type": "Feature", "properties": { "state": "Terengganu", "parlimen": "P.030 Ulu Trengganu", "code_parlimen": "P.030", "dun": "N.12 Kuala Brang", "code_dun": "N.12", "voters_total": 6048 }, "geometry": { "type": "Polygon", "coordinates": [ [ [ 103.030818934216128, 4.943309615838198 ], [ 103.030774479228398, 4.941618260756512 ], [ 103.030641236113183, 4.939931537262355 ], [ 103.030419570080682, 4.938254068602022 ], [ 103.030110088702031, 4.936590452689595 ], [ 103.029713640244154, 4.934945249503329 ], [ 103.029231311344773, 4.933322968585823 ], [ 103.028664424033835, 4.931728056681835 ], [ 103.028014532110078, 4.930164885548086 ], [ 103.027283416882085, 4.928637739968226 ], [ 103.026473082285861, 4.927150806005876 ], [ 103.025585749392235, 4.925708159528048 ], [ 103.024623850318974, 4.924313755030329 ], [ 103.023590021564573, 4.9229714147946 ], [ 103.022487096781802, 4.921684818408973 ], [ 103.021318099010813, 4.920457492678696 ], [ 103.020086232393268, 4.91929280195582 ], [ 103.018794873389908, 4.918193938914007 ], [ 103.017447561525984, 4.917163915793995 ], [ 103.016047989689724, 4.916205556143592 ], [ 103.014599994010197, 4.915321487074975 ], [ 103.013107543342954, 4.91451413206056 ], [ 103.011574728391494, 4.91378570428711 ], [ 103.010005750495083, 4.913138200586507 ], [ 103.008404910113043, 4.91257339595969 ], [ 103.006776595037636, 4.912092838708938 ], [ 103.005125268367266, 4.911697846191769 ], [ 103.003455456273542, 4.911389501208125 ], [ 103.001771735595383, 4.911168649030871 ], [ 103.000078721294145, 4.911035895087648 ], [ 102.998381053804295, 4.910991603300461 ], [ 102.996683386314459, 4.911035895087648 ], [ 102.994990372013191, 4.911168649030871 ], [ 102.993306651335033, 4.911389501208125 ], [ 102.991636839241323, 4.911697846191769 ], [ 102.989985512570954, 4.912092838708938 ], [ 102.988357197495532, 4.91257339595969 ], [ 102.986756357113492, 4.913138200586507 ], [ 102.985187379217081, 4.91378570428711 ], [ 102.983654564265635, 4.91451413206056 ], [ 102.982162113598378, 4.915321487074975 ], [ 102.980714117918851, 4.916205556143592 ], [ 102.979314546082591, 4.917163915793995 ], [ 102.977967234218681, 4.918193938914007 ], [ 102.976675875215321, 4.91929280195582 ], [ 102.975444008597776, 4.920457492678696 ], [ 102.974275010826773, 4.921684818408973 ], [ 102.973172086044002, 4.9229714147946 ], [ 102.972138257289629, 4.924313755030329 ], [ 102.97117635821634, 4.925708159528048 ], [ 102.970289025322714, 4.927150806005876 ], [ 102.969478690726504, 4.928637739968226 ], [ 102.968747575498497, 4.930164885548086 ], [ 102.96809768357474, 4.931728056681835 ], [ 102.967530796263816, 4.933322968585823 ], [ 102.967048467364421, 4.934945249503329 ], [ 102.966652018906558, 4.936590452689595 ], [ 102.966342537527908, 4.938254068602022 ], [ 102.966120871495391, 4.939931537262355 ], [ 102.965987628380191, 4.941618260756512 ], [ 102.965943173392461, 4.943309615838198 ], [ 102.965987628380191, 4.945000966601518 ], [ 102.966120871495391, 4.946687677187866 ], [ 102.966342537527908, 4.948365124492364 ], [ 102.966652018906558, 4.950028710834919 ], [ 102.967048467364421, 4.951673876561223 ], [ 102.967530796263802, 4.953296112539146 ], [ 102.96809768357474, 4.954890972516279 ], [ 102.968747575498497, 4.9564540853048 ], [ 102.969478690726504, 4.957981166760314 ], [ 102.970289025322714, 4.95946803152177 ], [ 102.97117635821634, 4.96091060448034 ], [ 102.972138257289629, 4.962304931945902 ], [ 102.973172086044002, 4.963647192480582 ], [ 102.974275010826773, 4.964933707369481 ], [ 102.975444008597776, 4.966160950700226 ], [ 102.976675875215321, 4.967325559023595 ], [ 102.977967234218681, 4.968424340568667 ], [ 102.979314546082591, 4.969454283987644 ], [ 102.980714117918851, 4.970412566605902 ], [ 102.982162113598378, 4.97129656215526 ], [ 102.983654564265635, 4.972103847968794 ], [ 102.985187379217081, 4.972832211617911 ], [ 102.986756357113492, 4.973479656973301 ], [ 102.988357197495532, 4.974044409673261 ], [ 102.989985512570954, 4.974524921984429 ], [ 102.991636839241323, 4.974919877041675 ], [ 102.993306651335033, 4.97522819245546 ], [ 102.994990372013191, 4.975449023276879 ], [ 102.996683386314459, 4.975581764312293 ], [ 102.998381053804295, 4.9756260517811 ], [ 103.000078721294145, 4.975581764312293 ], [ 103.001771735595383, 4.975449023276879 ], [ 103.003455456273542, 4.97522819245546 ], [ 103.005125268367266, 4.974919877041675 ], [ 103.006776595037636, 4.974524921984429 ], [ 103.008404910113043, 4.974044409673261 ], [ 103.010005750495083, 4.973479656973301 ], [ 103.011574728391494, 4.972832211617911 ], [ 103.013107543342954, 4.972103847968794 ], [ 103.014599994010197, 4.97129656215526 ], [ 103.016047989689724, 4.970412566605902 ], [ 103.017447561525984, 4.969454283987644 ], [ 103.018794873389908, 4.968424340568667 ], [ 103.020086232393268, 4.967325559023595 ], [ 103.021318099010813, 4.966160950700226 ], [ 103.022487096781802, 4.964933707369481 ], [ 103.023590021564573, 4.963647192480582 ], [ 103.024623850318974, 4.962304931945902 ], [ 103.025585749392235, 4.96091060448034 ], [ 103.026473082285861, 4.95946803152177 ], [ 103.027283416882085, 4.957981166760314 ], [ 103.028014532110078, 4.9564540853048 ], [ 103.028664424033835, 4.954890972516279 ], [ 103.029231311344773, 4.953296112539146 ], [ 103.029713640244154, 4.951673876561223 ], [ 103.030110088702031, 4.950028710834919 ], [ 103.030419570080682, 4.948365124492364 ], [ 103.030641236113183, 4.946687677187866 ], [ 103.030774479228398, 4.945000966601518 ], [ 103.030818934216128, 4.943309615838198 ] ] ] } },
{ "type": "Feature", "properties": { "state": "Terengganu", "parlimen": "P.031 Kuala Nerus", "code_parlimen": "P.031", "dun": "N.13 Jeram", "code_dun": "N.13", "voters_total": 7923 }, "geometry": { "type": "Polygon", "coordinates": [ [ [ 103.03497786083193, 5.359978564740675 ], [ 103.034926979387535, 5.358043973925951 ], [ 103.03477447451678, 5.356114679588891 ], [ 103.034520764224936, 5.354195969868544 ], [ 103.034166543914296, 5.352293103941373 ], [ 103.033712784478112, 5.350411297604878 ], [ 103.03316072963942, 5.348555708979451 ], [ 103.032511892542203, 5.346731424367936 ], [ 103.031768051603819, 5.344943444311494 ], [ 103.030931245640588, 5.343196669880134 ], [ 103.030003768279471, 5.341495889235489 ], [ 103.028988161671478, 5.339845764502673 ], [ 103.027887209523698, 5.338250818987296 ], [ 103.026703929469463, 5.336715424772695 ], [ 103.025441564797148, 5.335243790731471 ], [ 103.024103575560559, 5.333839950984222 ], [ 103.022693629095215, 5.332507753837007 ], [ 103.021215589966332, 5.331250851228343 ], [ 103.019673509376474, 5.330072688714108 ], [ 103.018071614061327, 5.32897649601849 ], [ 103.016414294704603, 5.327965278176407 ], [ 103.014706093903456, 5.327041807292082 ], [ 103.012951693717554, 5.326208614936259 ], [ 103.011155902835867, 5.325467985202958 ], [ 103.009323643396371, 5.324821948444922 ], [ 103.007459937494829, 5.324272275704839 ], [ 103.005569893419562, 5.323820473857805 ], [ 103.003658691650003, 5.323467781478246 ], [ 103.001731570657384, 5.323215165442674 ], [ 102.999793812546372, 5.323063318277763 ], [ 102.997850728577276, 5.32301265626077 ], [ 102.995907644608167, 5.323063318277763 ], [ 102.993969886497155, 5.323215165442674 ], [ 102.992042765504536, 5.323467781478246 ], [ 102.990131563734977, 5.323820473857805 ], [ 102.988241519659709, 5.324272275704839 ], [ 102.986377813758168, 5.324821948444922 ], [ 102.984545554318657, 5.325467985202958 ], [ 102.982749763436971, 5.326208614936259 ], [ 102.980995363251068, 5.327041807292082 ], [ 102.979287162449921, 5.327965278176407 ], [ 102.977629843093197, 5.32897649601849 ], [ 102.97602794777805, 5.330072688714108 ], [ 102.974485867188207, 5.331250851228343 ], [ 102.973007828059323, 5.332507753837007 ], [ 102.971597881593965, 5.333839950984222 ], [ 102.97025989235739, 5.335243790731471 ], [ 102.968997527685062, 5.336715424772695 ], [ 102.967814247630827, 5.338250818987296 ], [ 102.966713295483046, 5.339845764502673 ], [ 102.965697688875053, 5.341495889235489 ], [ 102.964770211513951, 5.343196669880134 ], [ 102.963933405550719, 5.344943444311494 ], [ 102.963189564612335, 5.346731424367936 ], [ 102.962540727515105, 5.348555708979451 ], [ 102.961988672676412, 5.350411297604878 ], [ 102.961534913240229, 5.352293103941373 ], [ 102.961180692929588, 5.354195969868544 ], [ 102.960926982637758, 5.356114679588891 ], [ 102.960774477767004, 5.358043973925951 ], [ 102.960723596322595, 5.359978564740675 ], [ 102.960774477767004, 5.36191314942675 ], [ 102.960926982637758, 5.363842425445037 ], [ 102.961180692929588, 5.365761104857179 ], [ 102.961534913240229, 5.367663928818776 ], [ 102.961988672676412, 5.369545681992109 ], [ 102.962540727515105, 5.371401206839272 ], [ 102.963189564612335, 5.373225417756164 ], [ 102.963933405550719, 5.375013315009066 ], [ 102.964770211513951, 5.37675999843515 ], [ 102.965697688875053, 5.378460680869866 ], [ 102.966713295483046, 5.380110701264127 ], [ 102.967814247630827, 5.381705537455469 ], [ 102.968997527685062, 5.383240818558312 ], [ 102.97025989235739, 5.384712336939352 ], [ 102.971597881593965, 5.386116059745213 ], [ 102.973007828059323, 5.387448139951003 ], [ 102.974485867188207, 5.388704926899507 ], [ 102.97602794777805, 5.389882976302009 ], [ 102.977629843093197, 5.390979059673591 ], [ 102.979287162449921, 5.391990173177133 ], [ 102.980995363251068, 5.392913545851565 ], [ 102.982749763436971, 5.393746647202127 ], [ 102.984545554318657, 5.394487194131887 ], [ 102.986377813758168, 5.395133157195327 ], [ 102.988241519659709, 5.395682766157158 ], [ 102.990131563734977, 5.396134514841056 ], [ 102.992042765504536, 5.396487165255054 ], [ 102.993969886497155, 5.396739750982433 ], [ 102.995907644608167, 5.39689157982857 ], [ 102.997850728577276, 5.39694223571694 ], [ 102.999793812546372, 5.39689157982857 ], [ 103.001731570657384, 5.396739750982433 ], [ 103.003658691650003, 5.396487165255054 ], [ 103.005569893419562, 5.396134514841056 ], [ 103.007459937494829, 5.395682766157158 ], [ 103.009323643396371, 5.395133157195327 ], [ 103.011155902835867, 5.394487194131887 ], [ 103.012951693717554, 5.393746647202127 ], [ 103.014706093903456, 5.392913545851565 ], [ 103.016414294704603, 5.391990173177133 ], [ 103.018071614061327, 5.390979059673591 ], [ 103.019673509376474, 5.389882976302009 ], [ 103.021215589966332, 5.388704926899507 ], [ 103.022693629095215, 5.387448139951003 ], [ 103.024103575560559, 5.386116059745213 ], [ 103.025441564797148, 5.384712336939352 ], [ 103.026703929469463, 5.383240818558312 ], [ 103.027887209523698, 5.381705537455469 ], [ 103.028988161671478, 5.380110701264127 ], [ 103.030003768279471, 5.378460680869866 ], [ 103.030931245640588, 5.37675999843515 ], [ 103.031768051603819, 5.375013315009066 ], [ 103.032511892542203, 5.373225417756164 ], [ 103.03316072963942, 5.371401206839272 ], [ 103.033712784478112, 5.369545681992109 ], [ 103.034166543914296, 5.367663928818776 ], [ 103.034520764224936, 5.365761104857179 ], [ 103.03477447451678, 5.363842425445037 ], [ 103.034926979387535, 5.36191314942675 ], [ 103.03497786083193, 5.359978564740675 ] ] ] } },
{ "type": "Feature", "properties": { "state": "Terengganu", "parlimen": "P.031 Kuala Nerus", "code_parlimen": "P.031", "dun": "N.14 Bukit Tunggal", "code_dun": "N.14", "voters_total": 7508 }, "geometry": { "type": "Polygon", "coordinates": [ [ [ 103.107195452828208, 5.363070176445812 ], [ 103.107145921869332, 5.361186942784247 ], [ 103.106997464753647, 5.359308865150169 ], [ 103.106750488391782, 5.357441091297154 ], [ 103.106405669728787, 5.355588740783405 ], [ 103.105963953888633, 5.353756890938074 ], [ 103.105426551583733, 5.351950562942847 ], [ 103.104794935796463, 5.350174708066914 ], [ 103.104070837741773, 5.34843419409311 ], [ 103.103256242122157, 5.346733791972536 ], [ 103.102353381687493, 5.345078162744112 ], [ 103.101364731115552, 5.343471844755116 ], [ 103.100293000228802, 5.341919241217724 ], [ 103.099141126567105, 5.340424608135638 ], [ 103.097912267336113, 5.338992042633994 ], [ 103.096609790753547, 5.337625471724677 ], [ 103.095237266817236, 5.336328641537696 ], [ 103.09379845751981, 5.335105107048381 ], [ 103.092297306537588, 5.33395822232847 ], [ 103.090737928421063, 5.332891131347919 ], [ 103.089124597317237, 5.331906759352778 ], [ 103.08746173525455, 5.33100780484263 ], [ 103.08575390002234, 5.33019673216978 ], [ 103.084005772678253, 5.329475764780527 ], [ 103.082222144717861, 5.328846879117009 ], [ 103.080407904941339, 5.328311799196422 ], [ 103.078568026053901, 5.327871991882507 ], [ 103.076707551035639, 5.327528662862285 ], [ 103.074831579319266, 5.32728275333911 ], [ 103.072945252812872, 5.327134937451193 ], [ 103.071053741806281, 5.327085620422468 ], [ 103.069162230799691, 5.327134937451193 ], [ 103.067275904293297, 5.32728275333911 ], [ 103.065399932576923, 5.327528662862285 ], [ 103.063539457558662, 5.327871991882507 ], [ 103.06169957867121, 5.328311799196422 ], [ 103.059885338894702, 5.328846879117009 ], [ 103.058101710934295, 5.329475764780527 ], [ 103.056353583590223, 5.33019673216978 ], [ 103.054645748357999, 5.33100780484263 ], [ 103.052982886295325, 5.331906759352778 ], [ 103.051369555191499, 5.332891131347919 ], [ 103.049810177074974, 5.33395822232847 ], [ 103.048309026092753, 5.335105107048381 ], [ 103.046870216795327, 5.336328641537696 ], [ 103.045497692859001, 5.337625471724677 ], [ 103.044195216276449, 5.338992042633994 ], [ 103.042966357045458, 5.340424608135638 ], [ 103.04181448338376, 5.341919241217724 ], [ 103.040742752496996, 5.343471844755116 ], [ 103.03975410192507, 5.345078162744112 ], [ 103.038851241490406, 5.346733791972536 ], [ 103.038036645870775, 5.34843419409311 ], [ 103.0373125478161, 5.350174708066914 ], [ 103.036680932028816, 5.351950562942847 ], [ 103.036143529723915, 5.353756890938074 ], [ 103.035701813883776, 5.355588740783405 ], [ 103.035356995220781, 5.357441091297154 ], [ 103.035110018858902, 5.359308865150169 ], [ 103.034961561743216, 5.361186942784247 ], [ 103.034912030784355, 5.363070176445812 ], [ 103.034961561743216, 5.364953404296452 ], [ 103.035110018858902, 5.366831464561369 ], [ 103.035356995220781, 5.368699209677334 ], [ 103.035701813883776, 5.370551520400958 ], [ 103.036143529723915, 5.372383319839051 ], [ 103.036680932028816, 5.374189587362214 ], [ 103.0373125478161, 5.375965372363778 ], [ 103.038036645870775, 5.377705807826481 ], [ 103.038851241490406, 5.379406123659408 ], [ 103.03975410192507, 5.381061659769002 ], [ 103.040742752496996, 5.382667878828244 ], [ 103.04181448338376, 5.38422037870884 ], [ 103.042966357045458, 5.385714904542762 ], [ 103.044195216276449, 5.387147360379935 ], [ 103.045497692859001, 5.388513820409965 ], [ 103.046870216795327, 5.389810539717657 ], [ 103.048309026092753, 5.391033964542502 ], [ 103.049810177074974, 5.392180742014275 ], [ 103.051369555191499, 5.393247729338042 ], [ 103.052982886295325, 5.39423200240343 ], [ 103.054645748357999, 5.395130863794786 ], [ 103.056353583590223, 5.395941850180002 ], [ 103.058101710934295, 5.396662739058178 ], [ 103.059885338894702, 5.39729155484734 ], [ 103.06169957867121, 5.397826574295863 ], [ 103.063539457558662, 5.398266331202567 ], [ 103.065399932576923, 5.398609620432688 ], [ 103.067275904293297, 5.398855501218812 ], [ 103.069162230799691, 5.399003299737582 ], [ 103.071053741806281, 5.399052610955369 ], [ 103.072945252812872, 5.399003299737582 ], [ 103.074831579319266, 5.398855501218812 ], [ 103.076707551035639, 5.398609620432688 ], [ 103.078568026053901, 5.398266331202567 ], [ 103.080407904941339, 5.397826574295863 ], [ 103.082222144717861, 5.39729155484734 ], [ 103.084005772678253, 5.396662739058178 ], [ 103.08575390002234, 5.395941850180002 ], [ 103.08746173525455, 5.395130863794786 ], [ 103.089124597317237, 5.39423200240343 ], [ 103.090737928421063, 5.393247729338042 ], [ 103.092297306537588, 5.392180742014275 ], [ 103.09379845751981, 5.391033964542502 ], [ 103.095237266817236, 5.389810539717657 ], [ 103.096609790753547, 5.388513820409965 ], [ 103.097912267336113, 5.387147360379935 ], [ 103.099141126567105, 5.385714904542762 ], [ 103.100293000228802, 5.38422037870884 ], [ 103.101364731115552, 5.382667878828244 ], [ 103.102353381687493, 5.381061659769002 ], [ 103.103256242122157, 5.379406123659408 ], [ 103.104070837741773, 5.377705807826481 ], [ 103.104794935796463, 5.375965372363778 ], [ 103.105426551583733, 5.374189587362214 ], [ 103.105963953888633, 5.372383319839051 ], [ 103.106405669728787, 5.370551520400958 ], [ 103.106750488391782, 5.368699209677334 ], [ 103.106997464753647, 5.366831464561369 ], [ 103.107145921869332, 5.364953404296452 ], [ 103.107195452828208, 5.363070176445812 ] ] ] } },
{ "type": "Feature", "properties": { "state": "Terengganu", "parlimen": "P.031 Kuala Nerus", "code_parlimen": "P.031", "dun": "N.15 Manir", "code_dun": "N.15", "voters_total": 9338 }, "geometry": { "type": "Polygon", "coordinates": [ [ [ 103.073272677478343, 5.286320262183776 ], [ 103.073217439021377, 5.28421975922183 ], [ 103.073051875055299, 5.282125006499484 ], [ 103.07277643937941, 5.280041745678563 ], [ 103.072391886943748, 5.277975686979479 ], [ 103.071899271779799, 5.27593249352831 ], [ 103.07129994411153, 5.273917765832284 ], [ 103.070595546654388, 5.271937026426354 ], [ 103.069788010112831, 5.269995704732952 ], [ 103.068879547888429, 5.268099122176382 ], [ 103.06787265001293, 5.266252477592859 ], [ 103.066770076323493, 5.264460832976043 ], [ 103.06557484889791, 5.262729099597332 ], [ 103.064290243771509, 5.261062024538964 ], [ 103.062919781957618, 5.2594641776769 ], [ 103.061467219796839, 5.257939939149209 ], [ 103.059936538661063, 5.256493487344363 ], [ 103.058331934040908, 5.255128787442543 ], [ 103.056657804046068, 5.253849580541272 ], [ 103.054918737350533, 5.252659373395348 ], [ 103.05311950061521, 5.251561428799169 ], [ 103.051265025422964, 5.25055875663804 ], [ 103.049360394761337, 5.249654105632872 ], [ 103.047410829090623, 5.248849955801065 ], [ 103.045421672034806, 5.248148511654263 ], [ 103.043398375735109, 5.247551696151656 ], [ 103.041346485906033, 5.247061145425493 ], [ 103.039271626634999, 5.246678204293285 ], [ 103.037179484967041, 5.246403922569024 ], [ 103.035075795317056, 5.246239052183481 ], [ 103.032966323752106, 5.24618404512177 ], [ 103.030856852187171, 5.246239052183481 ], [ 103.028753162537186, 5.246403922569024 ], [ 103.026661020869227, 5.246678204293285 ], [ 103.024586161598208, 5.247061145425493 ], [ 103.022534271769118, 5.247551696151656 ], [ 103.020510975469421, 5.248148511654263 ], [ 103.018521818413603, 5.248849955801065 ], [ 103.01657225274289, 5.249654105632872 ], [ 103.014667622081262, 5.25055875663804 ], [ 103.012813146889016, 5.251561428799169 ], [ 103.011013910153707, 5.252659373395348 ], [ 103.009274843458158, 5.253849580541272 ], [ 103.007600713463333, 5.255128787442543 ], [ 103.005996108843178, 5.256493487344363 ], [ 103.004465427707402, 5.257939939149209 ], [ 103.003012865546623, 5.2594641776769 ], [ 103.001642403732731, 5.261062024538964 ], [ 103.000357798606316, 5.262729099597332 ], [ 102.999162571180733, 5.264460832976043 ], [ 102.998059997491296, 5.266252477592859 ], [ 102.997053099615812, 5.268099122176382 ], [ 102.996144637391396, 5.269995704732952 ], [ 102.995337100849838, 5.271937026426354 ], [ 102.994632703392696, 5.273917765832284 ], [ 102.994033375724413, 5.27593249352831 ], [ 102.993540760560492, 5.277975686979479 ], [ 102.99315620812483, 5.280041745678563 ], [ 102.992880772448927, 5.282125006499484 ], [ 102.992715208482863, 5.28421975922183 ], [ 102.992659970025898, 5.286320262183776 ], [ 102.992715208482863, 5.28842075802067 ], [ 102.992880772448927, 5.290515489445919 ], [ 102.99315620812483, 5.29259871503104 ], [ 102.993540760560492, 5.294664724941661 ], [ 102.994033375724413, 5.296707856586257 ], [ 102.994632703392696, 5.298722510134749 ], [ 102.995337100849838, 5.300703163864577 ], [ 102.996144637391396, 5.302644389291977 ], [ 102.997053099615812, 5.304540866047357 ], [ 102.998059997491296, 5.306387396453712 ], [ 102.999162571180733, 5.308178919768308 ], [ 103.000357798606316, 5.309910526048759 ], [ 103.001642403732731, 5.311577469605326 ], [ 103.003012865546623, 5.313175182002837 ], [ 103.004465427707402, 5.314699284576447 ], [ 103.005996108843178, 5.316145600427223 ], [ 103.007600713463333, 5.317510165864503 ], [ 103.009274843458158, 5.318789241263985 ], [ 103.011013910153707, 5.319979321311675 ], [ 103.012813146889016, 5.321077144605646 ], [ 103.014667622081262, 5.32207970258962 ], [ 103.01657225274289, 5.322984247793636 ], [ 103.018521818413603, 5.323788301359481 ], [ 103.020510975469421, 5.324489659830192 ], [ 103.022534271769118, 5.325086401185304 ], [ 103.024586161598208, 5.325576890104906 ], [ 103.026661020869227, 5.325959782448664 ], [ 103.028753162537186, 5.326234028937151 ], [ 103.030856852187171, 5.326398878025598 ], [ 103.032966323752106, 5.326453877962255 ], [ 103.035075795317056, 5.326398878025598 ], [ 103.037179484967041, 5.326234028937151 ], [ 103.039271626634999, 5.325959782448664 ], [ 103.041346485906033, 5.325576890104906 ], [ 103.043398375735109, 5.325086401185304 ], [ 103.045421672034806, 5.324489659830192 ], [ 103.047410829090623, 5.323788301359481 ], [ 103.049360394761337, 5.322984247793636 ], [ 103.051265025422964, 5.32207970258962 ], [ 103.05311950061521, 5.321077144605646 ], [ 103.054918737350533, 5.319979321311675 ], [ 103.056657804046068, 5.318789241263985 ], [ 103.058331934040908, 5.317510165864503 ], [ 103.059936538661063, 5.316145600427223 ], [ 103.061467219796839, 5.314699284576447 ], [ 103.062919781957618, 5.313175182002837 ], [ 103.064290243771509, 5.311577469605326 ], [ 103.06557484889791, 5.309910526048759 ], [ 103.066770076323493, 5.308178919768308 ], [ 103.06787265001293, 5.306387396453712 ], [ 103.068879547888429, 5.304540866047357 ], [ 103.069788010112831, 5.302644389291977 ], [ 103.070595546654388, 5.300703163864577 ], [ 103.07129994411153, 5.298722510134749 ], [ 103.071899271779799, 5.296707856586257 ], [ 103.072391886943748, 5.294664724941661 ], [ 103.07277643937941, 5.29259871503104 ], [ 103.073051875055299, 5.290515489445919 ], [ 103.073217439021377, 5.28842075802067 ], [ 103.073272677478343, 5.286320262183776 ] ] ] } },
{ "type": "Feature", "properties": { "state": "Terengganu", "parlimen": "P.031 Kuala Nerus", "code_parlimen": "P.031", "dun": "N.16 Bukit Payong", "code_dun": "N.16", "voters_total": 8500 }, "geometry": { "type": "Polygon", "coordinates": [ [ [ 103.095258143265085, 5.211391824775052 ], [ 103.095205441632814, 5.209387546780746 ], [ 103.095047481187493, 5.207388756007056 ], [ 103.094784694887721, 5.205400931081416 ], [ 103.09441780301249, 5.203429520625954 ], [ 103.093947811186922, 5.201479928321589 ], [ 103.093376007625949, 5.199557498095039 ], [ 103.092703959603355, 5.197667499468868 ], [ 103.091933509156121, 5.19581511311504 ], [ 103.091066768035304, 5.194005416651637 ], [ 103.090106111918104, 5.192243370721468 ], [ 103.089054173896159, 5.190533805391078 ], [ 103.087913837258455, 5.188881406907213 ], [ 103.086688227588482, 5.187290704847257 ], [ 103.085380704197092, 5.18576605969883 ], [ 103.08399485091509, 5.184311650902799 ], [ 103.082534466269991, 5.182931465392178 ], [ 103.08100355307451, 5.181629286658902 ], [ 103.079406307455386, 5.180408684377997 ], [ 103.077747107351826, 5.179273004618035 ], [ 103.076030500515941, 5.178225360664494 ], [ 103.0742611920478, 5.177268624481411 ], [ 103.072444031498904, 5.176405418834668 ], [ 103.070583999579995, 5.175638110098615 ], [ 103.068686194509311, 5.174968801765823 ], [ 103.066755818038601, 5.174399328677706 ], [ 103.064798161195611, 5.173931251991893 ], [ 103.062818589781685, 5.173565854900348 ], [ 103.060822529664449, 5.173304139109696 ], [ 103.058815451905943, 5.173146822093686 ], [ 103.056802857766783, 5.17309433512528 ], [ 103.054790263627638, 5.173146822093686 ], [ 103.052783185869131, 5.173304139109696 ], [ 103.050787125751896, 5.173565854900348 ], [ 103.048807554337969, 5.173931251991893 ], [ 103.04684989749498, 5.174399328677706 ], [ 103.044919521024269, 5.174968801765823 ], [ 103.043021715953586, 5.175638110098615 ], [ 103.041161684034677, 5.176405418834668 ], [ 103.039344523485781, 5.177268624481411 ], [ 103.03757521501764, 5.178225360664494 ], [ 103.035858608181755, 5.179273004618035 ], [ 103.034199408078194, 5.180408684377997 ], [ 103.032602162459071, 5.181629286658902 ], [ 103.03107124926359, 5.182931465392178 ], [ 103.02961086461849, 5.184311650902799 ], [ 103.028225011336488, 5.18576605969883 ], [ 103.026917487945099, 5.187290704847257 ], [ 103.025691878275126, 5.188881406907213 ], [ 103.024551541637422, 5.190533805391078 ], [ 103.023499603615477, 5.192243370721468 ], [ 103.022538947498276, 5.194005416651637 ], [ 103.02167220637746, 5.19581511311504 ], [ 103.020901755930225, 5.197667499468868 ], [ 103.020229707907632, 5.199557498095039 ], [ 103.019657904346658, 5.201479928321589 ], [ 103.01918791252109, 5.203429520625954 ], [ 103.018821020645859, 5.205400931081416 ], [ 103.018558234346088, 5.207388756007056 ], [ 103.018400273900767, 5.209387546780746 ], [ 103.018347572268496, 5.211391824775052 ], [ 103.018400273900767, 5.213396096374623 ], [ 103.018558234346088, 5.215394868034159 ], [ 103.018821020645859, 5.217382661335633 ], [ 103.01918791252109, 5.219354028003419 ], [ 103.019657904346658, 5.221303564836327 ], [ 103.020229707907632, 5.223225928515406 ], [ 103.020901755930225, 5.225115850247202 ], [ 103.02167220637746, 5.226968150202218 ], [ 103.022538947498276, 5.228777751708989 ], [ 103.023499603615477, 5.230539695165045 ], [ 103.024551541637422, 5.232249151626588 ], [ 103.025691878275126, 5.233901436039656 ], [ 103.026917487945099, 5.235492020076657 ], [ 103.028225011336488, 5.237016544543033 ], [ 103.02961086461849, 5.238470831320162 ], [ 103.03107124926359, 5.239850894811882 ], [ 103.032602162459071, 5.241152952863133 ], [ 103.034199408078194, 5.242373437121083 ], [ 103.035858608181755, 5.243509002810274 ], [ 103.03757521501764, 5.244556537894979 ], [ 103.039344523485781, 5.245513171603975 ], [ 103.041161684034677, 5.246376282294113 ], [ 103.043021715953586, 5.247143504631378 ], [ 103.044919521024269, 5.247812736069807 ], [ 103.04684989749498, 5.24838214261048 ], [ 103.048807554337969, 5.248850163824849 ], [ 103.050787125751896, 5.249215517128731 ], [ 103.052783185869131, 5.249477201295242 ], [ 103.054790263627638, 5.249634499197085 ], [ 103.056802857766783, 5.249686979770757 ], [ 103.058815451905943, 5.249634499197085 ], [ 103.060822529664449, 5.249477201295242 ], [ 103.062818589781685, 5.249215517128731 ], [ 103.064798161195611, 5.248850163824849 ], [ 103.066755818038601, 5.24838214261048 ], [ 103.068686194509311, 5.247812736069807 ], [ 103.070583999579995, 5.247143504631378 ], [ 103.072444031498904, 5.246376282294113 ], [ 103.0742611920478, 5.245513171603975 ], [ 103.076030500515941, 5.244556537894979 ], [ 103.077747107351826, 5.243509002810274 ], [ 103.079406307455386, 5.242373437121083 ], [ 103.08100355307451, 5.241152952863133 ], [ 103.082534466269991, 5.239850894811882 ], [ 103.08399485091509, 5.238470831320162 ], [ 103.085380704197092, 5.237016544543033 ], [ 103.086688227588482, 5.235492020076657 ], [ 103.087913837258455, 5.233901436039656 ], [ 103.089054173896159, 5.232249151626588 ], [ 103.090106111918104, 5.230539695165045 ], [ 103.091066768035304, 5.228777751708989 ], [ 103.091933509156121, 5.226968150202218 ], [ 103.092703959603355, 5.225115850247202 ], [ 103.093376007625949, 5.223225928515406 ], [ 103.093947811186922, 5.221303564836327 ], [ 103.09441780301249, 5.219354028003419 ], [ 103.094784694887721, 5.217382661335633 ], [ 103.095047481187493, 5.215394868034159 ], [ 103.095205441632814, 5.213396096374623 ], [ 103.095258143265085, 5.211391824775052 ] ] ] } },
{ "type": "Feature", "properties": { "state": "Terengganu", "parlimen": "P.032 Kuala Trengganu", "code_parlimen": "P.032", "dun": "N.17 Bandar", "code_dun": "N.17", "voters_total": 13630 }, "geometry": { "type": "Polygon", "coordinates": [ [ [ 103.228246456037013, 5.365605424023723 ], [ 103.228179719674515, 5.363068026960421 ], [ 103.227979693506782, 5.360537574220277 ], [ 103.227646925791589, 5.358021001732725 ], [ 103.227182328622135, 5.355525207466958 ], [ 103.226587175426985, 5.353057032522659 ], [ 103.225863097479674, 5.350623242375562 ], [ 103.225012079427501, 5.348230508329655 ], [ 103.224036453851809, 5.345885389226497 ], [ 103.222938894874488, 5.343594313462186 ], [ 103.221722410828406, 5.341363561361 ], [ 103.220390336011761, 5.339199247954515 ], [ 103.218946321549055, 5.337107306213026 ], [ 103.217394325383552, 5.335093470775575 ], [ 103.215738601428853, 5.3331632622234 ], [ 103.21398368790922, 5.331321971939516 ], [ 103.212134394920682, 5.329574647596651 ], [ 103.210195791246718, 5.327926079312823 ], [ 103.208173190465274, 5.326380786513068 ], [ 103.206072136384478, 5.324943005533112 ], [ 103.203898387847588, 5.323616677999221 ], [ 103.20165790294817, 5.32240544001612 ], [ 103.199356822699642, 5.321312612192755 ], [ 103.197001454203004, 5.320341190533163 ], [ 103.194598253359615, 5.319493838217787 ], [ 103.192153807175899, 5.318772878297509 ], [ 103.189674815708955, 5.318180287320793 ], [ 103.187168073702097, 5.317717689911131 ], [ 103.184640451960902, 5.317386354310198 ], [ 103.182098878520861, 5.317187188898317 ], [ 103.179550319658134, 5.317120739702505 ], [ 103.177001760795406, 5.317187188898317 ], [ 103.174460187355379, 5.317386354310198 ], [ 103.171932565614171, 5.317717689911131 ], [ 103.169425823607313, 5.318180287320793 ], [ 103.166946832140368, 5.318772878297509 ], [ 103.164502385956652, 5.319493838217787 ], [ 103.162099185113263, 5.320341190533163 ], [ 103.159743816616626, 5.321312612192755 ], [ 103.157442736368097, 5.32240544001612 ], [ 103.155202251468694, 5.323616677999221 ], [ 103.153028502931789, 5.324943005533112 ], [ 103.150927448850993, 5.326380786513068 ], [ 103.148904848069563, 5.327926079312823 ], [ 103.146966244395585, 5.329574647596651 ], [ 103.145116951407047, 5.331321971939516 ], [ 103.143362037887428, 5.3331632622234 ], [ 103.141706313932715, 5.335093470775575 ], [ 103.140154317767212, 5.337107306213026 ], [ 103.138710303304507, 5.339199247954515 ], [ 103.137378228487862, 5.341363561361 ], [ 103.136161744441779, 5.343594313462186 ], [ 103.135064185464458, 5.345885389226497 ], [ 103.134088559888781, 5.348230508329655 ], [ 103.133237541836593, 5.350623242375562 ], [ 103.132513463889282, 5.353057032522659 ], [ 103.131918310694118, 5.355525207466958 ], [ 103.131453713524692, 5.358021001732725 ], [ 103.131120945809485, 5.360537574220277 ], [ 103.130920919641753, 5.363068026960421 ], [ 103.130854183279254, 5.365605424023723 ], [ 103.130920919641753, 5.368142810532928 ], [ 103.131120945809485, 5.370673231726447 ], [ 103.131453713524692, 5.373189752020461 ], [ 103.131918310694118, 5.375685474017601 ], [ 103.132513463889282, 5.37815355741004 ], [ 103.133237541836593, 5.380587237725027 ], [ 103.134088559888781, 5.382979844861968 ], [ 103.135064185464458, 5.385324821369728 ], [ 103.136161744441779, 5.387615740414535 ], [ 103.137378228487862, 5.389846323389128 ], [ 103.138710303304507, 5.392010457114947 ], [ 103.140154317767212, 5.39410221059032 ], [ 103.141706313932715, 5.396115851238861 ], [ 103.143362037887428, 5.398045860613506 ], [ 103.145116951407047, 5.399886949513446 ], [ 103.146966244395585, 5.401634072472392 ], [ 103.148904848069563, 5.403282441578703 ], [ 103.150927448850993, 5.404827539589572 ], [ 103.153028502931789, 5.40626513230345 ], [ 103.155202251468694, 5.407591280156727 ], [ 103.157442736368097, 5.408802349013298 ], [ 103.159743816616626, 5.409895020117211 ], [ 103.162099185113263, 5.410866299181468 ], [ 103.164502385956652, 5.411713524587941 ], [ 103.166946832140368, 5.412434374676161 ], [ 103.169425823607313, 5.413026874101055 ], [ 103.171932565614171, 5.413489399242128 ], [ 103.174460187355379, 5.41382068264956 ], [ 103.177001760795406, 5.414019816514817 ], [ 103.179550319658134, 5.414086255156557 ], [ 103.182098878520861, 5.414019816514817 ], [ 103.184640451960902, 5.41382068264956 ], [ 103.187168073702097, 5.413489399242128 ], [ 103.189674815708955, 5.413026874101055 ], [ 103.192153807175899, 5.412434374676161 ], [ 103.194598253359615, 5.411713524587941 ], [ 103.197001454203004, 5.410866299181468 ], [ 103.199356822699642, 5.409895020117211 ], [ 103.20165790294817, 5.408802349013298 ], [ 103.203898387847588, 5.407591280156727 ], [ 103.206072136384478, 5.40626513230345 ], [ 103.208173190465274, 5.404827539589572 ], [ 103.210195791246718, 5.403282441578703 ], [ 103.212134394920682, 5.401634072472392 ], [ 103.21398368790922, 5.399886949513446 ], [ 103.215738601428853, 5.398045860613506 ], [ 103.217394325383552, 5.396115851238861 ], [ 103.218946321549055, 5.39410221059032 ], [ 103.220390336011761, 5.392010457114947 ], [ 103.221722410828406, 5.389846323389128 ], [ 103.222938894874488, 5.387615740414535 ], [ 103.224036453851809, 5.385324821369728 ], [ 103.225012079427501, 5.382979844861968 ], [ 103.225863097479674, 5.380587237725027 ], [ 103.226587175426985, 5.37815355741004 ], [ 103.227182328622135, 5.375685474017601 ], [ 103.227646925791589, 5.373189752020461 ], [ 103.227979693506782, 5.370673231726447 ], [ 103.228179719674515, 5.368142810532928 ], [ 103.228246456037013, 5.365605424023723 ] ] ] } },
{ "type": "Feature", "properties": { "state": "Terengganu", "parlimen": "P.032 Kuala Trengganu", "code_parlimen": "P.032", "dun": "N.18 Ladang", "code_dun": "N.18", "voters_total": 10625 }, "geometry": { "type": "Polygon", "coordinates": [ [ [ 103.158482742124548, 5.297870013106698 ], [ 103.158423819908407, 5.295629472731232 ], [ 103.15824721476163, 5.29339506543339 ], [ 103.157953410746728, 5.291172915671291 ], [ 103.157543213160025, 5.288969114371165 ], [ 103.157017746324598, 5.2867897022306 ], [ 103.156378450508541, 5.284640653158853 ], [ 103.155627077977215, 5.282527857899545 ], [ 103.154765688190551, 5.28045710788069 ], [ 103.153796642158028, 5.27843407933636 ], [ 103.152722595967504, 5.276464317743522 ], [ 103.151546493504924, 5.274553222616834 ], [ 103.150271558385356, 5.272706032703089 ], [ 103.148901285117361, 5.270927811615996 ], [ 103.147439429524752, 5.269223433950565 ], [ 103.145889998452034, 5.267597571915554 ], [ 103.144257238782131, 5.266054682520393 ], [ 103.142545625795776, 5.264598995351856 ], [ 103.140759850905212, 5.263234500974224 ], [ 103.138904808795289, 5.261964939984561 ], [ 103.136985584007448, 5.260793792753277 ], [ 103.13500743700348, 5.25972426987834 ], [ 103.13297578974678, 5.258759303378997 ], [ 103.1308962108413, 5.257901538653625 ], [ 103.128774400268256, 5.257153327223474 ], [ 103.12661617376294, 5.256516720282478 ], [ 103.124427446874165, 5.255993463070708 ], [ 103.12221421875023, 5.255584990087116 ], [ 103.119982555695557, 5.25529242115451 ], [ 103.11773857454348, 5.255116558347741 ], [ 103.115488425890362, 5.25505788379349 ], [ 103.113238277237244, 5.255116558347741 ], [ 103.110994296085167, 5.25529242115451 ], [ 103.108762633030494, 5.255584990087116 ], [ 103.106549404906559, 5.255993463070708 ], [ 103.104360678017784, 5.256516720282478 ], [ 103.102202451512468, 5.257153327223474 ], [ 103.100080640939424, 5.257901538653625 ], [ 103.098001062033944, 5.258759303378997 ], [ 103.095969414777244, 5.25972426987834 ], [ 103.093991267773276, 5.260793792753277 ], [ 103.092072042985436, 5.261964939984561 ], [ 103.090217000875512, 5.263234500974224 ], [ 103.088431225984934, 5.264598995351856 ], [ 103.086719612998593, 5.266054682520393 ], [ 103.08508685332869, 5.267597571915554 ], [ 103.083537422255972, 5.269223433950565 ], [ 103.082075566663363, 5.270927811615996 ], [ 103.080705293395368, 5.272706032703089 ], [ 103.079430358275815, 5.274553222616834 ], [ 103.078254255813221, 5.276464317743522 ], [ 103.077180209622696, 5.27843407933636 ], [ 103.076211163590173, 5.28045710788069 ], [ 103.075349773803509, 5.282527857899545 ], [ 103.074598401272183, 5.284640653158853 ], [ 103.073959105456126, 5.2867897022306 ], [ 103.073433638620699, 5.288969114371165 ], [ 103.073023441033996, 5.291172915671291 ], [ 103.072729637019094, 5.29339506543339 ], [ 103.072553031872317, 5.295629472731232 ], [ 103.072494109656176, 5.297870013106698 ], [ 103.072553031872317, 5.30011054535759 ], [ 103.072729637019094, 5.302344928370752 ], [ 103.073023441033996, 5.304567037954112 ], [ 103.073433638620699, 5.306770783621655 ], [ 103.073959105456126, 5.308950125285327 ], [ 103.074598401272183, 5.31109908980802 ], [ 103.075349773803509, 5.313211787372443 ], [ 103.076211163590173, 5.315282427620954 ], [ 103.077180209622696, 5.317305335522163 ], [ 103.078254255813221, 5.319274966920879 ], [ 103.079430358275815, 5.321185923728882 ], [ 103.080705293395368, 5.323032968714813 ], [ 103.082075566663363, 5.324811039852849 ], [ 103.083537422255972, 5.326515264190839 ], [ 103.08508685332869, 5.328140971199927 ], [ 103.086719612998593, 5.329683705569167 ], [ 103.088431225984934, 5.331139239410273 ], [ 103.090217000875512, 5.332503583838862 ], [ 103.092072042985436, 5.333772999900761 ], [ 103.093991267773276, 5.334944008813374 ], [ 103.095969414777244, 5.336013401494226 ], [ 103.098001062033944, 5.336978247350474 ], [ 103.100080640939424, 5.337835902305526 ], [ 103.102202451512468, 5.338584016040845 ], [ 103.104360678017784, 5.339220538432826 ], [ 103.106549404906559, 5.339743725167715 ], [ 103.108762633030494, 5.340152142518749 ], [ 103.110994296085167, 5.340444671272628 ], [ 103.113238277237244, 5.340620509794731 ], [ 103.115488425890362, 5.34067917622442 ], [ 103.11773857454348, 5.340620509794731 ], [ 103.119982555695557, 5.340444671272628 ], [ 103.12221421875023, 5.340152142518749 ], [ 103.124427446874165, 5.339743725167715 ], [ 103.12661617376294, 5.339220538432826 ], [ 103.128774400268256, 5.338584016040845 ], [ 103.1308962108413, 5.337835902305526 ], [ 103.13297578974678, 5.336978247350474 ], [ 103.13500743700348, 5.336013401494226 ], [ 103.136985584007448, 5.334944008813374 ], [ 103.138904808795289, 5.333772999900761 ], [ 103.140759850905212, 5.332503583838862 ], [ 103.142545625795776, 5.331139239410273 ], [ 103.144257238782131, 5.329683705569167 ], [ 103.145889998452034, 5.328140971199927 ], [ 103.147439429524752, 5.326515264190839 ], [ 103.148901285117361, 5.324811039852849 ], [ 103.150271558385356, 5.323032968714813 ], [ 103.151546493504924, 5.321185923728882 ], [ 103.152722595967504, 5.319274966920879 ], [ 103.153796642158028, 5.317305335522163 ], [ 103.154765688190551, 5.315282427620954 ], [ 103.155627077977215, 5.313211787372443 ], [ 103.156378450508541, 5.31109908980802 ], [ 103.157017746324598, 5.308950125285327 ], [ 103.157543213160025, 5.306770783621655 ], [ 103.157953410746728, 5.304567037954112 ], [ 103.15824721476163, 5.302344928370752 ], [ 103.158423819908407, 5.30011054535759 ], [ 103.158482742124548, 5.297870013106698 ] ] ] } },
{ "type": "Feature", "properties": { "state": "Terengganu", "parlimen": "P.032 Kuala Trengganu", "code_parlimen": "P.032", "dun": "N.19 Wakaf Mempelam", "code_dun": "N.19", "voters_total": 9473 }, "geometry": { "type": "Polygon", "coordinates": [ [ [ 103.178872972407419, 5.217783515161864 ], [ 103.178817336090503, 5.215667650516251 ], [ 103.178650579635075, 5.213557578205325 ], [ 103.178373160108961, 5.211459081880988 ], [ 103.177985837899783, 5.209377913523405 ], [ 103.177489674630834, 5.207319777673511 ], [ 103.176886030251111, 5.205290315795018 ], [ 103.176176559307933, 5.203295090808763 ], [ 103.175363206411802, 5.201339571841655 ], [ 103.174448200906511, 5.199429119232368 ], [ 103.173434050758516, 5.197568969834589 ], [ 103.172323535682906, 5.195764222658408 ], [ 103.171119699524297, 5.194019824889181 ], [ 103.169825841913919, 5.192340558322086 ], [ 103.168445509225549, 5.19073102624993 ], [ 103.166982484855168, 5.18919564083988 ], [ 103.165440778850837, 5.187738611034026 ], [ 103.163824616921573, 5.186363931006881 ], [ 103.162138428854888, 5.185075369211535 ], [ 103.160386836375068, 5.183876458044622 ], [ 103.158574640475337, 5.182770484158366 ], [ 103.156706808258704, 5.181760479446452 ], [ 103.154788459323456, 5.18084921272843 ], [ 103.152824851730642, 5.180039182155466 ], [ 103.150821367592215, 5.179332608358434 ], [ 103.148783498318934, 5.178731428356993 ], [ 103.146716829568817, 5.178237290246577 ], [ 103.144627025937268, 5.177851548677791 ], [ 103.142519815430788, 5.177575261140676 ], [ 103.140400973766859, 5.177409185064015 ], [ 103.138276308543254, 5.177353775737732 ], [ 103.13615164331965, 5.177409185064015 ], [ 103.134032801655735, 5.177575261140676 ], [ 103.131925591149255, 5.177851548677791 ], [ 103.129835787517706, 5.178237290246577 ], [ 103.127769118767588, 5.178731428356993 ], [ 103.125731249494308, 5.179332608358434 ], [ 103.123727765355881, 5.180039182155466 ], [ 103.121764157763067, 5.18084921272843 ], [ 103.119845808827804, 5.181760479446452 ], [ 103.117977976611172, 5.182770484158366 ], [ 103.116165780711455, 5.183876458044622 ], [ 103.114414188231635, 5.185075369211535 ], [ 103.11272800016495, 5.186363931006881 ], [ 103.111111838235686, 5.187738611034026 ], [ 103.109570132231354, 5.18919564083988 ], [ 103.10810710786096, 5.19073102624993 ], [ 103.106726775172604, 5.192340558322086 ], [ 103.105432917562226, 5.194019824889181 ], [ 103.104229081403616, 5.195764222658408 ], [ 103.103118566328007, 5.197568969834589 ], [ 103.102104416180012, 5.199429119232368 ], [ 103.101189410674721, 5.201339571841655 ], [ 103.10037605777859, 5.203295090808763 ], [ 103.099666586835411, 5.205290315795018 ], [ 103.099062942455689, 5.207319777673511 ], [ 103.09856677918674, 5.209377913523405 ], [ 103.098179456977562, 5.211459081880988 ], [ 103.097902037451448, 5.213557578205325 ], [ 103.097735280996019, 5.215667650516251 ], [ 103.09767964467909, 5.217783515161864 ], [ 103.097735280996019, 5.219899372672094 ], [ 103.097902037451448, 5.222009423655022 ], [ 103.098179456977562, 5.224107884692415 ], [ 103.09856677918674, 5.226189004190724 ], [ 103.099062942455689, 5.228247078144328 ], [ 103.099666586835411, 5.230276465767656 ], [ 103.10037605777859, 5.232271604953462 ], [ 103.101189410674721, 5.234227027514841 ], [ 103.102104416180012, 5.236137374169394 ], [ 103.103118566328007, 5.237997409224286 ], [ 103.104229081403616, 5.23980203492217 ], [ 103.105432917562226, 5.241546305408653 ], [ 103.106726775172604, 5.2432254402831 ], [ 103.10810710786096, 5.244834837695532 ], [ 103.109570132231354, 5.246370086954179 ], [ 103.111111838235686, 5.247826980608629 ], [ 103.11272800016495, 5.249201525976075 ], [ 103.114414188231635, 5.250489956078774 ], [ 103.116165780711455, 5.251688739962967 ], [ 103.117977976611172, 5.252794592370952 ], [ 103.119845808827804, 5.253804482739992 ], [ 103.121764157763067, 5.254715643503305 ], [ 103.123727765355881, 5.255525577670578 ], [ 103.125731249494308, 5.256232065667172 ], [ 103.127769118767588, 5.256833171413501 ], [ 103.129835787517706, 5.257327247627651 ], [ 103.131925591149255, 5.257712940337177 ], [ 103.134032801655735, 5.257989192587373 ], [ 103.13615164331965, 5.258155247336024 ], [ 103.138276308543254, 5.258210649526923 ], [ 103.140400973766859, 5.258155247336024 ], [ 103.142519815430788, 5.257989192587373 ], [ 103.144627025937268, 5.257712940337177 ], [ 103.146716829568817, 5.257327247627651 ], [ 103.148783498318934, 5.256833171413501 ], [ 103.150821367592215, 5.256232065667172 ], [ 103.152824851730642, 5.255525577670578 ], [ 103.154788459323456, 5.254715643503305 ], [ 103.156706808258704, 5.253804482739992 ], [ 103.158574640475337, 5.252794592370952 ], [ 103.160386836375068, 5.251688739962967 ], [ 103.162138428854888, 5.250489956078774 ], [ 103.163824616921573, 5.249201525976075 ], [ 103.165440778850837, 5.247826980608629 ], [ 103.166982484855168, 5.246370086954179 ], [ 103.168445509225549, 5.244834837695532 ], [ 103.169825841913919, 5.2432254402831 ], [ 103.171119699524297, 5.241546305408653 ], [ 103.172323535682906, 5.23980203492217 ], [ 103.173434050758516, 5.237997409224286 ], [ 103.174448200906511, 5.236137374169394 ], [ 103.175363206411802, 5.234227027514841 ], [ 103.176176559307933, 5.232271604953462 ], [ 103.176886030251111, 5.230276465767656 ], [ 103.177489674630834, 5.228247078144328 ], [ 103.177985837899783, 5.226189004190724 ], [ 103.178373160108961, 5.224107884692415 ], [ 103.178650579635075, 5.222009423655022 ], [ 103.178817336090503, 5.219899372672094 ], [ 103.178872972407419, 5.217783515161864 ] ] ] } },
{ "type": "Feature", "properties": { "state": "Terengganu", "parlimen": "P.032 Kuala Trengganu", "code_parlimen": "P.032", "dun": "N.20 Batu Burok", "code_dun": "N.20", "voters_total": 10228 }, "geometry": { "type": "Polygon", "coordinates": [ [ [ 103.239774386264969, 5.275285145751931 ], [ 103.239716575333986, 5.273086782341357 ], [ 103.2395433009968, 5.270894436739228 ], [ 103.239255038186315, 5.268714118111203 ], [ 103.23885257701086, 5.266551802720238 ], [ 103.238337020588517, 5.26441341754431 ], [ 103.237709782023671, 5.26230482402848 ], [ 103.236972580533561, 5.260231802015998 ], [ 103.236127436736254, 5.258200033902471 ], [ 103.235176667112157, 5.256215089056497 ], [ 103.234122877654713, 5.254282408549718 ], [ 103.232968956727589, 5.252407290237948 ], [ 103.231718067147852, 5.250594874234523 ], [ 103.230373637516834, 5.248850128815644 ], [ 103.228939352822763, 5.247177836796404 ], [ 103.22741914434026, 5.245582582415047 ], [ 103.225817178855138, 5.2440687387613 ], [ 103.224137847243384, 5.242640455783357 ], [ 103.222385752436253, 5.241301648906559 ], [ 103.22056569680386, 5.240055988294996 ], [ 103.218682668992102, 5.238906888785337 ], [ 103.21674183024939, 5.237857500520905 ], [ 103.214748500279782, 5.236910700311425 ], [ 103.212708142662166, 5.236069083742398 ], [ 103.210626349874971, 5.235334958055589 ], [ 103.208508827967506, 5.234710335820409 ], [ 103.206361380920157, 5.234196929413478 ], [ 103.204189894735947, 5.233796146321497 ], [ 103.202000321307651, 5.233509085280429 ], [ 103.199798662103817, 5.23333653326161 ], [ 103.197590951719235, 5.233278963313021 ], [ 103.195383241334667, 5.23333653326161 ], [ 103.193181582130833, 5.233509085280429 ], [ 103.190992008702523, 5.233796146321497 ], [ 103.188820522518327, 5.234196929413478 ], [ 103.186673075470964, 5.234710335820409 ], [ 103.184555553563513, 5.235334958055589 ], [ 103.182473760776318, 5.236069083742398 ], [ 103.180433403158702, 5.236910700311425 ], [ 103.178440073189094, 5.237857500520905 ], [ 103.176499234446382, 5.238906888785337 ], [ 103.174616206634624, 5.240055988294996 ], [ 103.172796151002217, 5.241301648906559 ], [ 103.1710440561951, 5.242640455783357 ], [ 103.169364724583346, 5.2440687387613 ], [ 103.16776275909821, 5.245582582415047 ], [ 103.166242550615706, 5.247177836796404 ], [ 103.16480826592165, 5.248850128815644 ], [ 103.163463836290632, 5.250594874234523 ], [ 103.162212946710895, 5.252407290237948 ], [ 103.161059025783757, 5.254282408549718 ], [ 103.160005236326327, 5.256215089056497 ], [ 103.15905446670223, 5.258200033902471 ], [ 103.158209322904924, 5.260231802015998 ], [ 103.157472121414813, 5.26230482402848 ], [ 103.156844882849953, 5.26441341754431 ], [ 103.156329326427624, 5.266551802720238 ], [ 103.155926865252155, 5.268714118111203 ], [ 103.155638602441684, 5.270894436739228 ], [ 103.155465328104498, 5.273086782341357 ], [ 103.155407517173515, 5.275285145751931 ], [ 103.155465328104498, 5.277483501374484 ], [ 103.155638602441684, 5.27967582369784 ], [ 103.155926865252155, 5.281856103811422 ], [ 103.156329326427624, 5.284018365874204 ], [ 103.156844882849953, 5.286156683492518 ], [ 103.157472121414813, 5.288265195961466 ], [ 103.158209322904924, 5.290338124325761 ], [ 103.15905446670223, 5.292369787215851 ], [ 103.160005236326327, 5.294354616415954 ], [ 103.161059025783757, 5.296287172121481 ], [ 103.162212946710895, 5.298162157843968 ], [ 103.163463836290632, 5.299974434922775 ], [ 103.16480826592165, 5.301719036603761 ], [ 103.166242550615706, 5.303391181646669 ], [ 103.16776275909821, 5.304986287423555 ], [ 103.169364724583346, 5.306499982472832 ], [ 103.1710440561951, 5.307928118474454 ], [ 103.172796151002217, 5.309266781613361 ], [ 103.174616206634624, 5.31051230330033 ], [ 103.176499234446382, 5.311661270220744 ], [ 103.178440073189094, 5.312710533683963 ], [ 103.180433403158702, 5.313657218247596 ], [ 103.182473760776318, 5.314498729593214 ], [ 103.184555553563513, 5.315232761631885 ], [ 103.186673075470964, 5.315857302820209 ], [ 103.188820522518327, 5.316370641669538 ], [ 103.190992008702523, 5.316771371433374 ], [ 103.193181582130833, 5.317058393959999 ], [ 103.195383241334667, 5.317230922700059 ], [ 103.197590951719235, 5.317288484860614 ], [ 103.199798662103817, 5.317230922700059 ], [ 103.202000321307651, 5.317058393959999 ], [ 103.204189894735947, 5.316771371433374 ], [ 103.206361380920157, 5.316370641669538 ], [ 103.208508827967506, 5.315857302820209 ], [ 103.210626349874971, 5.315232761631885 ], [ 103.212708142662166, 5.314498729593214 ], [ 103.214748500279782, 5.313657218247596 ], [ 103.21674183024939, 5.312710533683963 ], [ 103.218682668992102, 5.311661270220744 ], [ 103.22056569680386, 5.31051230330033 ], [ 103.222385752436253, 5.309266781613361 ], [ 103.224137847243384, 5.307928118474454 ], [ 103.225817178855138, 5.306499982472832 ], [ 103.22741914434026, 5.304986287423555 ], [ 103.228939352822763, 5.303391181646669 ], [ 103.230373637516834, 5.301719036603761 ], [ 103.231718067147852, 5.299974434922775 ], [ 103.232968956727589, 5.298162157843968 ], [ 103.234122877654713, 5.296287172121481 ], [ 103.235176667112157, 5.294354616415954 ], [ 103.236127436736254, 5.292369787215851 ], [ 103.236972580533561, 5.290338124325761 ], [ 103.237709782023671, 5.288265195961466 ], [ 103.238337020588517, 5.286156683492518 ], [ 103.23885257701086, 5.284018365874204 ], [ 103.239255038186315, 5.281856103811422 ], [ 103.2395433009968, 5.27967582369784 ], [ 103.239716575333986, 5.277483501374484 ], [ 103.239774386264969, 5.275285145751931 ] ] ] } },
{ "type": "Feature", "properties": { "state": "Terengganu", "parlimen": "P.033 Dungun", "code_parlimen": "P.033", "dun": "N.21 Marang", "code_dun": "N.21", "voters_total": 8497 }, "geometry": { "type": "Polygon", "coordinates": [ [ [ 103.227673392674319, 5.135638967167306 ], [ 103.227620700343152, 5.133634803047684 ], [ 103.227462767775663, 5.131636125930365 ], [ 103.227200027854025, 5.129648414130083 ], [ 103.226833200730155, 5.127677115956955 ], [ 103.226363291851627, 5.12572763478154 ], [ 103.225791589206068, 5.123805314222588 ], [ 103.225119659790664, 5.121915423498033 ], [ 103.22434934531725, 5.120063142979438 ], [ 103.223482757164248, 5.118253549989581 ], [ 103.222522270589565, 5.116491604881914 ], [ 103.22147051822013, 5.114782137440447 ], [ 103.220330382836067, 5.113129833636989 ], [ 103.21910498946923, 5.111539222782555 ], [ 103.21779769683765, 5.110014665107651 ], [ 103.216412088139563, 5.108560339806015 ], [ 103.214951961232117, 5.107180233574498 ], [ 103.213421318221663, 5.105878129680322 ], [ 103.211824354494269, 5.104657597586079 ], [ 103.210165447216554, 5.103521983160842 ], [ 103.208449143338044, 5.102474399504104 ], [ 103.206680147128338, 5.10151771840805 ], [ 103.204863307283148, 5.100654562481354 ], [ 103.203003603634144, 5.099887297956372 ], [ 103.201106133499792, 5.099218028199256 ], [ 103.199176097713803, 5.098648587941027 ], [ 103.197218786370172, 5.098180538245312 ], [ 103.195239564323188, 5.097815162226748 ], [ 103.193243856482951, 5.097553461531531 ], [ 103.191237132945901, 5.097396153590153 ], [ 103.189224894001768, 5.097343669649507 ], [ 103.187212655057621, 5.097396153590153 ], [ 103.185205931520571, 5.097553461531531 ], [ 103.183210223680319, 5.097815162226748 ], [ 103.18123100163335, 5.098180538245312 ], [ 103.179273690289705, 5.098648587941027 ], [ 103.177343654503744, 5.099218028199256 ], [ 103.175446184369378, 5.099887297956372 ], [ 103.173586480720388, 5.100654562481354 ], [ 103.171769640875169, 5.10151771840805 ], [ 103.170000644665492, 5.102474399504104 ], [ 103.168284340786954, 5.103521983160842 ], [ 103.166625433509253, 5.104657597586079 ], [ 103.165028469781859, 5.105878129680322 ], [ 103.163497826771405, 5.107180233574498 ], [ 103.162037699863959, 5.108560339806015 ], [ 103.160652091165858, 5.110014665107651 ], [ 103.159344798534292, 5.111539222782555 ], [ 103.158119405167454, 5.113129833636989 ], [ 103.156979269783378, 5.114782137440447 ], [ 103.155927517413957, 5.116491604881914 ], [ 103.154967030839273, 5.118253549989581 ], [ 103.154100442686271, 5.120063142979438 ], [ 103.153330128212843, 5.121915423498033 ], [ 103.152658198797454, 5.123805314222588 ], [ 103.152086496151881, 5.12572763478154 ], [ 103.151616587273381, 5.127677115956955 ], [ 103.151249760149483, 5.129648414130083 ], [ 103.150987020227845, 5.131636125930365 ], [ 103.15082908766037, 5.133634803047684 ], [ 103.150776395329189, 5.135638967167306 ], [ 103.15082908766037, 5.137643124986337 ], [ 103.150987020227845, 5.139641783270994 ], [ 103.151249760149483, 5.141629463912833 ], [ 103.151616587273381, 5.143600718943124 ], [ 103.152086496151881, 5.145550145464002 ], [ 103.152658198797454, 5.147472400455499 ], [ 103.153330128212843, 5.149362215418085 ], [ 103.154100442686271, 5.151214410810228 ], [ 103.154967030839273, 5.153023910241842 ], [ 103.155927517413957, 5.154785754384493 ], [ 103.156979269783378, 5.156495114560404 ], [ 103.158119405167454, 5.158147305972934 ], [ 103.159344798534292, 5.159737800542497 ], [ 103.160652091165858, 5.161262239312618 ], [ 103.162037699863959, 5.162716444392264 ], [ 103.163497826771405, 5.164096430401817 ], [ 103.165028469781859, 5.16539841539121 ], [ 103.166625433509253, 5.166618831200584 ], [ 103.168284340786954, 5.167754333234916 ], [ 103.170000644665492, 5.16880180962611 ], [ 103.171769640875169, 5.169758389757174 ], [ 103.173586480720388, 5.170621452125641 ], [ 103.175446184369378, 5.171388631524196 ], [ 103.177343654503744, 5.172057825519367 ], [ 103.179273690289705, 5.172627200210182 ], [ 103.18123100163335, 5.173095195251347 ], [ 103.183210223680319, 5.173460528127098 ], [ 103.185205931520571, 5.173722197663885 ], [ 103.187212655057621, 5.1738794867726 ], [ 103.189224894001768, 5.173931964412682 ], [ 103.191237132945901, 5.1738794867726 ], [ 103.193243856482951, 5.173722197663885 ], [ 103.195239564323188, 5.173460528127098 ], [ 103.197218786370172, 5.173095195251347 ], [ 103.199176097713803, 5.172627200210182 ], [ 103.201106133499792, 5.172057825519367 ], [ 103.203003603634144, 5.171388631524196 ], [ 103.204863307283148, 5.170621452125641 ], [ 103.206680147128338, 5.169758389757174 ], [ 103.208449143338044, 5.16880180962611 ], [ 103.210165447216554, 5.167754333234916 ], [ 103.211824354494269, 5.166618831200584 ], [ 103.213421318221663, 5.16539841539121 ], [ 103.214951961232117, 5.164096430401817 ], [ 103.216412088139563, 5.162716444392264 ], [ 103.21779769683765, 5.161262239312618 ], [ 103.21910498946923, 5.159737800542497 ], [ 103.220330382836067, 5.158147305972934 ], [ 103.22147051822013, 5.156495114560404 ], [ 103.222522270589565, 5.154785754384493 ], [ 103.223482757164248, 5.153023910241842 ], [ 103.22434934531725, 5.151214410810228 ], [ 103.225119659790664, 5.149362215418085 ], [ 103.225791589206068, 5.147472400455499 ], [ 103.226363291851627, 5.145550145464002 ], [ 103.226833200730155, 5.143600718943124 ], [ 103.227200027854025, 5.141629463912833 ], [ 103.227462767775663, 5.139641783270994 ], [ 103.227620700343152, 5.137643124986337 ], [ 103.227673392674319, 5.135638967167306 ] ] ] } },
{ "type": "Feature", "properties": { "state": "Terengganu", "parlimen": "P.033 Dungun", "code_parlimen": "P.033", "dun": "N.22 Merchang", "code_dun": "N.22", "voters_total": 7341 }, "geometry": { "type": "Polygon", "coordinates": [ [ [ 103.33441668586633, 4.956955888924035 ], [ 103.33436770886226, 4.955092525302082 ], [ 103.334220912092675, 4.953234263797914 ], [ 103.333976697917294, 4.951386197843574 ], [ 103.33363573571016, 4.949553392967949 ], [ 103.333198960025044, 4.947740872911304 ], [ 103.332667568033685, 4.945953605853887 ], [ 103.332043016244654, 4.94419649079643 ], [ 103.331327016510926, 4.942474344129767 ], [ 103.33052153133805, 4.940791886430675 ], [ 103.32962876850489, 4.93915372951979 ], [ 103.328651175012297, 4.937564363817451 ], [ 103.327591430376103, 4.936028146031992 ], [ 103.326452439282662, 4.934549287214211 ], [ 103.325237323627434, 4.933131841211079 ], [ 103.323949413957934, 4.93177969354997 ], [ 103.32259224034506, 4.930496550784326 ], [ 103.321169522707365, 4.929285930329733 ], [ 103.319685160614966, 4.928151150818496 ], [ 103.318143222601222, 4.927095322999005 ], [ 103.316547935010988, 4.926121341205178 ], [ 103.314903670416726, 4.925231875419009 ], [ 103.313214935633368, 4.924429363948398 ], [ 103.311486359365588, 4.923716006740205 ], [ 103.309722679520775, 4.923093759346822 ], [ 103.307928730222756, 4.922564327563072 ], [ 103.306109428561939, 4.922129162747846 ], [ 103.304269761117652, 4.92178945784367 ], [ 103.302414770290497, 4.921546144104882 ], [ 103.300549540481441, 4.921399888543543 ], [ 103.298679184155674, 4.92135109210007 ], [ 103.296808827829906, 4.921399888543543 ], [ 103.294943598020836, 4.921546144104882 ], [ 103.293088607193681, 4.92178945784367 ], [ 103.291248939749394, 4.922129162747846 ], [ 103.289429638088578, 4.922564327563072 ], [ 103.287635688790559, 4.923093759346822 ], [ 103.285872008945759, 4.923716006740205 ], [ 103.284143432677965, 4.924429363948398 ], [ 103.282454697894607, 4.925231875419009 ], [ 103.280810433300346, 4.926121341205178 ], [ 103.279215145710111, 4.927095322999005 ], [ 103.277673207696367, 4.928151150818496 ], [ 103.276188845603969, 4.929285930329733 ], [ 103.274766127966274, 4.930496550784326 ], [ 103.2734089543534, 4.93177969354997 ], [ 103.272121044683914, 4.933131841211079 ], [ 103.270905929028672, 4.934549287214211 ], [ 103.269766937935245, 4.936028146031992 ], [ 103.268707193299036, 4.937564363817451 ], [ 103.267729599806444, 4.93915372951979 ], [ 103.266836836973283, 4.940791886430675 ], [ 103.266031351800407, 4.942474344129767 ], [ 103.265315352066693, 4.94419649079643 ], [ 103.264690800277648, 4.945953605853887 ], [ 103.264159408286304, 4.947740872911304 ], [ 103.263722632601173, 4.949553392967949 ], [ 103.26338167039404, 4.951386197843574 ], [ 103.263137456218658, 4.953234263797914 ], [ 103.262990659449073, 4.955092525302082 ], [ 103.262941682445017, 4.956955888924035 ], [ 103.262990659449073, 4.958819247290044 ], [ 103.263137456218658, 4.960677493084027 ], [ 103.26338167039404, 4.962525533046035 ], [ 103.263722632601173, 4.964358301931966 ], [ 103.264159408286304, 4.966170776395857 ], [ 103.264690800277648, 4.967957988756981 ], [ 103.265315352066693, 4.969715040613891 ], [ 103.266031351800407, 4.97143711626817 ], [ 103.266836836973283, 4.973119495921094 ], [ 103.267729599806444, 4.974757568607087 ], [ 103.268707193299036, 4.976346844828616 ], [ 103.269766937935245, 4.977882968857722 ], [ 103.270905929028672, 4.979361730670787 ], [ 103.272121044683914, 4.980779077483678 ], [ 103.2734089543534, 4.982131124855765 ], [ 103.274766127966274, 4.983414167332388 ], [ 103.276188845603969, 4.984624688596739 ], [ 103.277673207696367, 4.985759371103285 ], [ 103.279215145710111, 4.986815105166411 ], [ 103.280810433300346, 4.987788997479441 ], [ 103.282454697894607, 4.988678379040743 ], [ 103.284143432677965, 4.989480812465187 ], [ 103.285872008945759, 4.990194098661021 ], [ 103.287635688790559, 4.990816282853868 ], [ 103.289429638088578, 4.991345659941339 ], [ 103.291248939749394, 4.991780779163836 ], [ 103.293088607193681, 4.992120448078318 ], [ 103.294943598020836, 4.992363735824786 ], [ 103.296808827829906, 4.992509975675929 ], [ 103.298679184155674, 4.992558766863484 ], [ 103.300549540481441, 4.992509975675929 ], [ 103.302414770290497, 4.992363735824786 ], [ 103.304269761117652, 4.992120448078318 ], [ 103.306109428561939, 4.991780779163836 ], [ 103.307928730222756, 4.991345659941339 ], [ 103.309722679520775, 4.990816282853868 ], [ 103.311486359365588, 4.990194098661021 ], [ 103.313214935633368, 4.989480812465187 ], [ 103.314903670416726, 4.988678379040743 ], [ 103.316547935010988, 4.987788997479441 ], [ 103.318143222601222, 4.986815105166411 ], [ 103.319685160614966, 4.985759371103285 ], [ 103.321169522707365, 4.984624688596739 ], [ 103.32259224034506, 4.983414167332388 ], [ 103.323949413957934, 4.982131124855765 ], [ 103.325237323627434, 4.980779077483678 ], [ 103.326452439282662, 4.979361730670787 ], [ 103.327591430376103, 4.977882968857722 ], [ 103.328651175012297, 4.976346844828616 ], [ 103.32962876850489, 4.974757568607087 ], [ 103.33052153133805, 4.973119495921094 ], [ 103.331327016510926, 4.97143711626817 ], [ 103.332043016244654, 4.969715040613891 ], [ 103.332667568033685, 4.967957988756981 ], [ 103.333198960025044, 4.966170776395857 ], [ 103.33363573571016, 4.964358301931966 ], [ 103.333976697917294, 4.962525533046035 ], [ 103.334220912092675, 4.960677493084027 ], [ 103.33436770886226, 4.958819247290044 ], [ 103.33441668586633, 4.956955888924035 ] ] ] } },
{ "type": "Feature", "properties": { "state": "Terengganu", "parlimen": "P.033 Dungun", "code_parlimen": "P.033", "dun": "N.23 Sura", "code_dun": "N.23", "voters_total": 9785 }, "geometry": { "type": "Polygon", "coordinates": [ [ [ 103.439858794771041, 4.762337531873474 ], [ 103.439802249665561, 4.760185612954555 ], [ 103.439632769335319, 4.75803958559321 ], [ 103.439350818314111, 4.755905331986832 ], [ 103.438957169410131, 4.753788702115767 ], [ 103.438452901587596, 4.751695497707312 ], [ 103.437839397009597, 4.749631456331496 ], [ 103.437118337249544, 4.747602235671996 ], [ 103.436291698682126, 4.745613398015762 ], [ 103.435361747066139, 4.743670395003397 ], [ 103.434331031334395, 4.741778552682511 ], [ 103.433202376607014, 4.739943056904832 ], [ 103.431978876448184, 4.738168939107349 ], [ 103.430663884386789, 4.736461062516295 ], [ 103.429261004724665, 4.734824108811994 ], [ 103.42777408265745, 4.733262565291162 ], [ 103.426207193735181, 4.731780712561841 ], [ 103.424564632691457, 4.730382612804819 ], [ 103.422850901671978, 4.729072098633739 ], [ 103.42107069789428, 4.727852762584539 ], [ 103.419228900773248, 4.726727947263006 ], [ 103.417330558546709, 4.72570073617763 ], [ 103.415380874438782, 4.724773945282815 ], [ 103.413385192398096, 4.723950115255739 ], [ 103.411348982450377, 4.723231504528147 ], [ 103.409277825705573, 4.722620083092108 ], [ 103.407177399060373, 4.722117527096825 ], [ 103.405053459638182, 4.721725214251299 ], [ 103.402911829009369, 4.721444220045591 ], [ 103.400758377234567, 4.721275314800923 ], [ 103.398599006775427, 4.721218961556786 ], [ 103.396439636316302, 4.721275314800923 ], [ 103.394286184541485, 4.721444220045591 ], [ 103.392144553912672, 4.721725214251299 ], [ 103.390020614490481, 4.722117527096825 ], [ 103.387920187845282, 4.722620083092108 ], [ 103.385849031100477, 4.723231504528147 ], [ 103.383812821152759, 4.723950115255739 ], [ 103.381817139112087, 4.724773945282815 ], [ 103.379867455004145, 4.72570073617763 ], [ 103.37796911277762, 4.726727947263006 ], [ 103.376127315656575, 4.727852762584539 ], [ 103.37434711187889, 4.729072098633739 ], [ 103.372633380859398, 4.730382612804819 ], [ 103.370990819815688, 4.731780712561841 ], [ 103.369423930893404, 4.733262565291162 ], [ 103.367937008826189, 4.734824108811994 ], [ 103.366534129164066, 4.736461062516295 ], [ 103.36521913710267, 4.738168939107349 ], [ 103.363995636943841, 4.739943056904832 ], [ 103.36286698221646, 4.741778552682511 ], [ 103.361836266484715, 4.743670395003397 ], [ 103.360906314868728, 4.745613398015762 ], [ 103.360079676301311, 4.747602235671996 ], [ 103.359358616541257, 4.749631456331496 ], [ 103.358745111963259, 4.751695497707312 ], [ 103.358240844140738, 4.753788702115767 ], [ 103.357847195236744, 4.755905331986832 ], [ 103.35756524421555, 4.75803958559321 ], [ 103.357395763885307, 4.760185612954555 ], [ 103.357339218779813, 4.762337531873474 ], [ 103.357395763885307, 4.764489444059081 ], [ 103.35756524421555, 4.766635451294347 ], [ 103.357847195236744, 4.76876967160234 ], [ 103.358240844140738, 4.77088625536755 ], [ 103.358745111963259, 4.772979401367802 ], [ 103.359358616541257, 4.775043372673061 ], [ 103.360079676301311, 4.777072512367305 ], [ 103.360906314868728, 4.779061259050655 ], [ 103.361836266484715, 4.781004162079256 ], [ 103.36286698221646, 4.78289589650093 ], [ 103.363995636943841, 4.784731277646102 ], [ 103.36521913710267, 4.786505275333727 ], [ 103.366534129164066, 4.788213027653539 ], [ 103.367937008826189, 4.789849854286742 ], [ 103.369423930893404, 4.791411269328838 ], [ 103.370990819815688, 4.792892993579411 ], [ 103.372633380859398, 4.794290966265348 ], [ 103.37434711187889, 4.795601356165196 ], [ 103.376127315656575, 4.796820572104566 ], [ 103.37796911277762, 4.797945272793616 ], [ 103.379867455004145, 4.798972375979794 ], [ 103.381817139112087, 4.799899066890884 ], [ 103.383812821152759, 4.800722805945113 ], [ 103.385849031100477, 4.801441335707462 ], [ 103.387920187845282, 4.802052687072955 ], [ 103.390020614490481, 4.802555184660074 ], [ 103.392144553912672, 4.802947451399758 ], [ 103.394286184541485, 4.803228412307094 ], [ 103.396439636316302, 4.803397297425682 ], [ 103.398599006775427, 4.803453643936548 ], [ 103.400758377234567, 4.803397297425682 ], [ 103.402911829009369, 4.803228412307094 ], [ 103.405053459638182, 4.802947451399758 ], [ 103.407177399060373, 4.802555184660074 ], [ 103.409277825705573, 4.802052687072955 ], [ 103.411348982450377, 4.801441335707462 ], [ 103.413385192398096, 4.800722805945113 ], [ 103.415380874438782, 4.799899066890884 ], [ 103.417330558546709, 4.798972375979794 ], [ 103.419228900773248, 4.797945272793616 ], [ 103.42107069789428, 4.796820572104566 ], [ 103.422850901671978, 4.795601356165196 ], [ 103.424564632691457, 4.794290966265348 ], [ 103.426207193735181, 4.792892993579411 ], [ 103.42777408265745, 4.791411269328838 ], [ 103.429261004724665, 4.789849854286742 ], [ 103.430663884386789, 4.788213027653539 ], [ 103.431978876448184, 4.786505275333727 ], [ 103.433202376607014, 4.784731277646102 ], [ 103.434331031334395, 4.78289589650093 ], [ 103.435361747066139, 4.781004162079256 ], [ 103.436291698682126, 4.779061259050655 ], [ 103.437118337249544, 4.777072512367305 ], [ 103.437839397009597, 4.775043372673061 ], [ 103.438452901587596, 4.772979401367802 ], [ 103.438957169410131, 4.77088625536755 ], [ 103.439350818314111, 4.76876967160234 ], [ 103.439632769335319, 4.766635451294347 ], [ 103.439802249665561, 4.764489444059081 ], [ 103.439858794771041, 4.762337531873474 ] ] ] } },
{ "type": "Feature", "properties": { "state": "Terengganu", "parlimen": "P.033 Dungun", "code_parlimen": "P.033", "dun": "N.24 Jerangau", "code_dun": "N.24", "voters_total": 5441 }, "geometry": { "type": "Polygon", "coordinates": [ [ [ 103.23420340921453, 4.813761341688902 ], [ 103.234161244033757, 4.812156796195614 ], [ 103.234034864063304, 4.810556644882655 ], [ 103.233824615701835, 4.808965273701205 ], [ 103.233531075225542, 4.807387044567108 ], [ 103.233155047208456, 4.805826283404193 ], [ 103.232697562317242, 4.804287268286122 ], [ 103.232159874486143, 4.802774217708913 ], [ 103.2315434574802, 4.801291279026599 ], [ 103.230850000855497, 4.799842517081507 ], [ 103.230081405328505, 4.798431903060551 ], [ 103.229239777566121, 4.797063303607858 ], [ 103.228327424411546, 4.795740470223974 ], [ 103.227346846561332, 4.794467028980208 ], [ 103.22630073171122, 4.793246470576912 ], [ 103.22519194718933, 4.792082140772516 ], [ 103.224023532096936, 4.790977231209865 ], [ 103.2227986889786, 4.789934770664914 ], [ 103.221520775044169, 4.788957616741847 ], [ 103.220193292966897, 4.788048448037371 ], [ 103.218819881282897, 4.787209756795775 ], [ 103.217404304418153, 4.78644384207483 ], [ 103.215950442370428, 4.785752803441385 ], [ 103.214462280074542, 4.785138535213926 ], [ 103.212943896479914, 4.784602721267806 ], [ 103.211399453370433, 4.784146830417678 ], [ 103.209833183957301, 4.783772112389441 ], [ 103.208249381276133, 4.783479594393228 ], [ 103.206652386419947, 4.783270078306312 ], [ 103.205046576640683, 4.783144138474096 ], [ 103.203436353351293, 4.783102120135107 ], [ 103.201826130061917, 4.783144138474096 ], [ 103.200220320282639, 4.783270078306312 ], [ 103.198623325426468, 4.783479594393228 ], [ 103.1970395227453, 4.783772112389441 ], [ 103.195473253332153, 4.784146830417678 ], [ 103.193928810222687, 4.784602721267806 ], [ 103.192410426628044, 4.785138535213926 ], [ 103.190922264332158, 4.785752803441385 ], [ 103.189468402284433, 4.78644384207483 ], [ 103.188052825419689, 4.787209756795775 ], [ 103.186679413735689, 4.788048448037371 ], [ 103.185351931658445, 4.788957616741847 ], [ 103.184074017723987, 4.789934770664914 ], [ 103.182849174605664, 4.790977231209865 ], [ 103.181680759513256, 4.792082140772516 ], [ 103.180571974991366, 4.793246470576912 ], [ 103.179525860141254, 4.794467028980208 ], [ 103.178545282291054, 4.795740470223974 ], [ 103.177632929136479, 4.797063303607858 ], [ 103.176791301374081, 4.798431903060551 ], [ 103.176022705847089, 4.799842517081507 ], [ 103.175329249222401, 4.801291279026599 ], [ 103.174712832216443, 4.802774217708913 ], [ 103.174175144385359, 4.804287268286122 ], [ 103.17371765949413, 4.805826283404193 ], [ 103.173341631477044, 4.807387044567108 ], [ 103.173048091000751, 4.808965273701205 ], [ 103.172837842639296, 4.810556644882655 ], [ 103.172711462668829, 4.812156796195614 ], [ 103.172669297488071, 4.813761341688902 ], [ 103.172711462668829, 4.815365883398069 ], [ 103.172837842639296, 4.816966023400098 ], [ 103.173048091000751, 4.818557375867749 ], [ 103.173341631477044, 4.820135579090211 ], [ 103.17371765949413, 4.821696307427537 ], [ 103.174175144385359, 4.823235283165723 ], [ 103.174712832216443, 4.824748288240199 ], [ 103.175329249222401, 4.826231175795465 ], [ 103.176022705847089, 4.827679881549367 ], [ 103.176791301374081, 4.829090434930619 ], [ 103.177632929136479, 4.830458969959471 ], [ 103.178545282291054, 4.831781735841248 ], [ 103.179525860141254, 4.833055107244167 ], [ 103.180571974991366, 4.834275594233095 ], [ 103.181680759513256, 4.83543985183203 ], [ 103.182849174605664, 4.836544689189219 ], [ 103.184074017723987, 4.837587078319802 ], [ 103.185351931658445, 4.838564162402036 ], [ 103.186679413735689, 4.839473263604392 ], [ 103.188052825419689, 4.840311890422173 ], [ 103.189468402284433, 4.841077744503426 ], [ 103.190922264332158, 4.841768726945667 ], [ 103.192410426628044, 4.842382944046092 ], [ 103.193928810222687, 4.842918712489479 ], [ 103.195473253332153, 4.843374563959747 ], [ 103.1970395227453, 4.843749249162383 ], [ 103.198623325426468, 4.844041741246974 ], [ 103.200220320282639, 4.844251238620104 ], [ 103.201826130061917, 4.844377167141388 ], [ 103.203436353351293, 4.844419181696257 ], [ 103.205046576640683, 4.844377167141388 ], [ 103.206652386419947, 4.844251238620104 ], [ 103.208249381276133, 4.844041741246974 ], [ 103.209833183957301, 4.843749249162383 ], [ 103.211399453370433, 4.843374563959747 ], [ 103.212943896479914, 4.842918712489479 ], [ 103.214462280074542, 4.842382944046092 ], [ 103.215950442370428, 4.841768726945667 ], [ 103.217404304418153, 4.841077744503426 ], [ 103.218819881282897, 4.840311890422173 ], [ 103.220193292966897, 4.839473263604392 ], [ 103.221520775044169, 4.838564162402036 ], [ 103.2227986889786, 4.837587078319802 ], [ 103.224023532096936, 4.836544689189219 ], [ 103.22519194718933, 4.83543985183203 ], [ 103.22630073171122, 4.834275594233095 ], [ 103.227346846561332, 4.833055107244167 ], [ 103.228327424411546, 4.831781735841248 ], [ 103.229239777566121, 4.830458969959471 ], [ 103.230081405328505, 4.829090434930619 ], [ 103.230850000855497, 4.827679881549367 ], [ 103.2315434574802, 4.826231175795465 ], [ 103.232159874486143, 4.824748288240199 ], [ 103.232697562317242, 4.823235283165723 ], [ 103.233155047208456, 4.821696307427537 ], [ 103.233531075225542, 4.820135579090211 ], [ 103.233824615701835, 4.818557375867749 ], [ 103.234034864063304, 4.816966023400098 ], [ 103.234161244033757, 4.815365883398069 ], [ 103.23420340921453, 4.813761341688902 ] ] ] } },
{ "type": "Feature", "properties": { "state": "Terengganu", "parlimen": "P.034 Kemaman", "code_parlimen": "P.034", "dun": "N.25 Paka", "code_dun": "N.25", "voters_total": 7635 }, "geometry": { "type": "Polygon", "coordinates": [ [ [ 103.14567755395754, 4.621713177379405 ], [ 103.145627605840104, 4.619811935389767 ], [ 103.145477898392059, 4.617915899495245 ], [ 103.145228841951152, 4.616030266663055 ], [ 103.144881119163784, 4.614160205387249 ], [ 103.144435683113912, 4.612310841521009 ], [ 103.143893754710817, 4.610487244225453 ], [ 103.143256819342554, 4.608694412073372 ], [ 103.142526622804709, 4.606937259346048 ], [ 103.141705166515251, 4.605220602560828 ], [ 103.140794702028757, 4.60354914726619 ], [ 103.13979772486509, 4.601927475140779 ], [ 103.138716967669339, 4.600360031431672 ], [ 103.137555392721922, 4.598851112766329 ], [ 103.136316183818977, 4.597404855371782 ], [ 103.13500273754596, 4.596025223733296 ], [ 103.133618653967872, 4.594715999723651 ], [ 103.132167726761537, 4.593480772233042 ], [ 103.13065393281758, 4.592322927327742 ], [ 103.129081421340004, 4.591245638964867 ], [ 103.127454502473441, 4.590251860288638 ], [ 103.125777635489428, 4.589344315531897 ], [ 103.124055416563806, 4.588525492545369 ], [ 103.12229256617897, 4.587797635975023 ], [ 103.120493916185239, 4.587162741106231 ], [ 103.118664396557264, 4.586622548391857 ], [ 103.116809021881167, 4.586178538678991 ], [ 103.114932877609959, 4.585831929147778 ], [ 103.113041106124697, 4.58558366997323 ], [ 103.111138892639502, 4.585434441719269 ], [ 103.109231450989327, 4.585384653472311 ], [ 103.107324009339152, 4.585434441719269 ], [ 103.105421795853957, 4.58558366997323 ], [ 103.103530024368681, 4.585831929147778 ], [ 103.101653880097487, 4.586178538678991 ], [ 103.09979850542139, 4.586622548391857 ], [ 103.097968985793415, 4.587162741106231 ], [ 103.096170335799684, 4.587797635975023 ], [ 103.094407485414848, 4.588525492545369 ], [ 103.092685266489227, 4.589344315531897 ], [ 103.091008399505228, 4.590251860288638 ], [ 103.089381480638664, 4.591245638964867 ], [ 103.087808969161088, 4.592322927327742 ], [ 103.086295175217131, 4.593480772233042 ], [ 103.084844248010796, 4.594715999723651 ], [ 103.08346016443268, 4.596025223733296 ], [ 103.082146718159677, 4.597404855371782 ], [ 103.080907509256718, 4.598851112766329 ], [ 103.079745934309301, 4.600360031431672 ], [ 103.078665177113578, 4.601927475140779 ], [ 103.077668199949898, 4.60354914726619 ], [ 103.076757735463403, 4.605220602560828 ], [ 103.075936279173931, 4.606937259346048 ], [ 103.0752060826361, 4.608694412073372 ], [ 103.074569147267837, 4.610487244225453 ], [ 103.074027218864757, 4.612310841521009 ], [ 103.07358178281487, 4.614160205387249 ], [ 103.073234060027502, 4.616030266663055 ], [ 103.072985003586595, 4.617915899495245 ], [ 103.072835296138564, 4.619811935389767 ], [ 103.072785348021114, 4.621713177379405 ], [ 103.072835296138564, 4.623614414268973 ], [ 103.072985003586595, 4.625510434919211 ], [ 103.073234060027502, 4.627396042529907 ], [ 103.07358178281487, 4.629266068883337 ], [ 103.074027218864757, 4.631115388508952 ], [ 103.074569147267837, 4.632938932730324 ], [ 103.0752060826361, 4.634731703556173 ], [ 103.075936279173931, 4.636488787377097 ], [ 103.076757735463403, 4.638205368430715 ], [ 103.077668199949898, 4.639876741998278 ], [ 103.078665177113578, 4.641498327296568 ], [ 103.079745934309301, 4.64306568002979 ], [ 103.080907509256718, 4.644574504567252 ], [ 103.082146718159677, 4.646020665713202 ], [ 103.08346016443268, 4.647400200036893 ], [ 103.084844248010796, 4.648709326731729 ], [ 103.086295175217131, 4.649944457973741 ], [ 103.087808969161088, 4.651102208751174 ], [ 103.089381480638664, 4.652179406138162 ], [ 103.091008399505228, 4.653173097987297 ], [ 103.092685266489227, 4.654080561016988 ], [ 103.094407485414848, 4.654899308271927 ], [ 103.096170335799684, 4.655627095935887 ], [ 103.097968985793415, 4.656261929478458 ], [ 103.09979850542139, 4.65680206911866 ], [ 103.101653880097487, 4.657246034590915 ], [ 103.103530024368681, 4.657592609199752 ], [ 103.105421795853957, 4.657840843152831 ], [ 103.107324009339152, 4.657990056162508 ], [ 103.109231450989327, 4.658039839309422 ], [ 103.111138892639502, 4.657990056162508 ], [ 103.113041106124697, 4.657840843152831 ], [ 103.114932877609959, 4.657592609199752 ], [ 103.116809021881167, 4.657246034590915 ], [ 103.118664396557264, 4.65680206911866 ], [ 103.120493916185239, 4.656261929478458 ], [ 103.12229256617897, 4.655627095935887 ], [ 103.124055416563806, 4.654899308271927 ], [ 103.125777635489428, 4.654080561016988 ], [ 103.127454502473441, 4.653173097987297 ], [ 103.129081421340004, 4.652179406138162 ], [ 103.13065393281758, 4.651102208751174 ], [ 103.132167726761537, 4.649944457973741 ], [ 103.133618653967872, 4.648709326731729 ], [ 103.13500273754596, 4.647400200036893 ], [ 103.136316183818977, 4.646020665713202 ], [ 103.137555392721922, 4.644574504567252 ], [ 103.138716967669339, 4.64306568002979 ], [ 103.13979772486509, 4.641498327296568 ], [ 103.140794702028757, 4.639876741998278 ], [ 103.141705166515251, 4.638205368430715 ], [ 103.142526622804709, 4.636488787377097 ], [ 103.143256819342554, 4.634731703556173 ], [ 103.143893754710817, 4.632938932730324 ], [ 103.144435683113912, 4.631115388508952 ], [ 103.144881119163784, 4.629266068883337 ], [ 103.145228841951152, 4.627396042529907 ], [ 103.145477898392059, 4.625510434919211 ], [ 103.145627605840104, 4.623614414268973 ], [ 103.14567755395754, 4.621713177379405 ] ] ] } },
{ "type": "Feature", "properties": { "state": "Terengganu", "parlimen": "P.034 Kemaman", "code_parlimen": "P.034", "dun": "N.26 Kemasek", "code_dun": "N.26", "voters_total": 8072 }, "geometry": { "type": "Polygon", "coordinates": [ [ [ 103.414321562062113, 4.425595394390985 ], [ 103.414270204407742, 4.423639969875474 ], [ 103.414116272212425, 4.421689899901095 ], [ 103.413860187393567, 4.419750529539705 ], [ 103.413502651861876, 4.41782717457767 ], [ 103.413044645597395, 4.415925106944445 ], [ 103.412487423963455, 4.414049540260963 ], [ 103.411832514265839, 4.412205615547387 ], [ 103.411081711566467, 4.410398387129497 ], [ 103.410237073763383, 4.408632808782261 ], [ 103.409300915950098, 4.406913720148786 ], [ 103.408275804070087, 4.405245833471665 ], [ 103.407164547883781, 4.403633720673395 ], [ 103.405970193267123, 4.402081800821015 ], [ 103.404696013863102, 4.400594328009677 ], [ 103.40334550210892, 4.399175379698169 ], [ 103.401922359663374, 4.397828845528535 ], [ 103.400430487261033, 4.396558416660459 ], [ 103.398873974020432, 4.39536757564963 ], [ 103.397257086236166, 4.394259586897936 ], [ 103.395584255685293, 4.393237487701822 ], [ 103.393860067480034, 4.392304079923072 ], [ 103.392089247500451, 4.391461922305269 ], [ 103.390276649440992, 4.390713323456726 ], [ 103.38842724150696, 4.390060335519413 ], [ 103.386546092796948, 4.389504748541094 ], [ 103.384638359408825, 4.389048085566102 ], [ 103.382709270307174, 4.388691598458496 ], [ 103.380764112991145, 4.388436264468738 ], [ 103.378808219001769, 4.388282783553609 ], [ 103.376846949308472, 4.388231576456525 ], [ 103.374885679615176, 4.388282783553609 ], [ 103.372929785625786, 4.388436264468738 ], [ 103.370984628309756, 4.388691598458496 ], [ 103.369055539208105, 4.389048085566102 ], [ 103.367147805819997, 4.389504748541094 ], [ 103.36526665710997, 4.390060335519413 ], [ 103.363417249175953, 4.390713323456726 ], [ 103.36160465111648, 4.391461922305269 ], [ 103.359833831136882, 4.392304079923072 ], [ 103.358109642931637, 4.393237487701822 ], [ 103.356436812380764, 4.394259586897936 ], [ 103.354819924596498, 4.39536757564963 ], [ 103.353263411355897, 4.396558416660459 ], [ 103.351771538953543, 4.397828845528535 ], [ 103.350348396508025, 4.399175379698169 ], [ 103.348997884753814, 4.400594328009677 ], [ 103.347723705349807, 4.402081800821015 ], [ 103.346529350733149, 4.403633720673395 ], [ 103.345418094546829, 4.405245833471665 ], [ 103.344392982666832, 4.406913720148786 ], [ 103.343456824853533, 4.408632808782261 ], [ 103.342612187050463, 4.410398387129497 ], [ 103.341861384351091, 4.412205615547387 ], [ 103.341206474653475, 4.414049540260963 ], [ 103.340649253019549, 4.415925106944445 ], [ 103.340191246755055, 4.41782717457767 ], [ 103.339833711223378, 4.419750529539705 ], [ 103.339577626404505, 4.421689899901095 ], [ 103.339423694209174, 4.423639969875474 ], [ 103.339372336554817, 4.425595394390985 ], [ 103.339423694209174, 4.427550813741466 ], [ 103.339577626404505, 4.429500868277357 ], [ 103.339833711223378, 4.431440213095966 ], [ 103.340191246755055, 4.433363532690755 ], [ 103.340649253019549, 4.43526555551976 ], [ 103.341206474653475, 4.437141068452938 ], [ 103.341861384351091, 4.438984931059032 ], [ 103.342612187050463, 4.440792089692729 ], [ 103.343456824853533, 4.442557591343611 ], [ 103.344392982666832, 4.444276597208888 ], [ 103.345418094546829, 4.445944395952769 ], [ 103.346529350733149, 4.44755641661621 ], [ 103.347723705349807, 4.449108241141603 ], [ 103.348997884753814, 4.450595616478227 ], [ 103.350348396508025, 4.452014466235235 ], [ 103.351771538953543, 4.453360901850358 ], [ 103.353263411355897, 4.454631233243719 ], [ 103.354819924596498, 4.455821978927575 ], [ 103.356436812380764, 4.456929875544451 ], [ 103.358109642931637, 4.45795188680735 ], [ 103.359833831136882, 4.458885211817915 ], [ 103.36160465111648, 4.459727292739389 ], [ 103.363417249175953, 4.460475821803752 ], [ 103.36526665710997, 4.461128747633597 ], [ 103.367147805819997, 4.461684280861624 ], [ 103.369055539208105, 4.462140899032422 ], [ 103.370984628309756, 4.462497350772794 ], [ 103.372929785625786, 4.462752659219759 ], [ 103.374885679615176, 4.462906124696412 ], [ 103.376846949308472, 4.462957326628478 ], [ 103.378808219001769, 4.462906124696412 ], [ 103.380764112991145, 4.462752659219759 ], [ 103.382709270307174, 4.462497350772794 ], [ 103.384638359408825, 4.462140899032422 ], [ 103.386546092796948, 4.461684280861624 ], [ 103.38842724150696, 4.461128747633597 ], [ 103.390276649440992, 4.460475821803752 ], [ 103.392089247500451, 4.459727292739389 ], [ 103.393860067480034, 4.458885211817915 ], [ 103.395584255685293, 4.45795188680735 ], [ 103.397257086236166, 4.456929875544451 ], [ 103.398873974020432, 4.455821978927575 ], [ 103.400430487261033, 4.454631233243719 ], [ 103.401922359663374, 4.453360901850358 ], [ 103.40334550210892, 4.452014466235235 ], [ 103.404696013863102, 4.450595616478227 ], [ 103.405970193267123, 4.449108241141603 ], [ 103.407164547883781, 4.44755641661621 ], [ 103.408275804070087, 4.445944395952769 ], [ 103.409300915950098, 4.444276597208888 ], [ 103.410237073763383, 4.442557591343611 ], [ 103.411081711566467, 4.440792089692729 ], [ 103.411832514265839, 4.438984931059032 ], [ 103.412487423963455, 4.437141068452938 ], [ 103.413044645597395, 4.43526555551976 ], [ 103.413502651861876, 4.433363532690755 ], [ 103.413860187393567, 4.431440213095966 ], [ 103.414116272212425, 4.429500868277357 ], [ 103.414270204407742, 4.427550813741466 ], [ 103.414321562062113, 4.425595394390985 ] ] ] } },
{ "type": "Feature", "properties": { "state": "Terengganu", "parlimen": "P.034 Kemaman", "code_parlimen": "P.034", "dun": "N.27 Bukit Bandi", "code_dun": "N.27", "voters_total": 10142 }, "geometry": { "type": "Polygon", "coordinates": [ [ [ 103.210107553329109, 4.226092583596858 ], [ 103.210049985956758, 4.223900148670353 ], [ 103.209877441627867, 4.221713716885038 ], [ 103.209590393274439, 4.219539281177663 ], [ 103.209189627676068, 4.217382801654262 ], [ 103.208676243303387, 4.215250189252381 ], [ 103.2080516473073, 4.213147289537667 ], [ 103.207317551662001, 4.211079866679164 ], [ 103.206475968472631, 4.209053587647057 ], [ 103.205529204460206, 4.207074006676608 ], [ 103.204479854639104, 4.205146550040519 ], [ 103.203330795204224, 4.203276501171739 ], [ 103.202085175647596, 4.201468986177526 ], [ 103.200746410125845, 4.199728959784331 ], [ 103.199318168102238, 4.198061191752268 ], [ 103.197804364288857, 4.1964702537965 ], [ 103.196209147916761, 4.194960507051204 ], [ 103.194536891363114, 4.193536090110718 ], [ 103.192792178166897, 4.192200907680705 ], [ 103.190979790465718, 4.190958619870417 ], [ 103.18910469588829, 4.189812632155536 ], [ 103.187172033938495, 4.18876608603908 ], [ 103.185187101908426, 4.187821850436078 ], [ 103.18315534035878, 4.186982513805702 ], [ 103.181082318206748, 4.186250377052417 ], [ 103.178973717461972, 4.185627447215649 ], [ 103.176835317652504, 4.185115431965358 ], [ 103.174672979983612, 4.184715734918569 ], [ 103.17249263127249, 4.184429451789804 ], [ 103.170300247703452, 4.184257367385917 ], [ 103.168101838447456, 4.184199953453688 ], [ 103.165903429191459, 4.184257367385917 ], [ 103.163711045622421, 4.184429451789804 ], [ 103.161530696911313, 4.184715734918569 ], [ 103.159368359242407, 4.185115431965358 ], [ 103.157229959432954, 4.185627447215649 ], [ 103.155121358688163, 4.186250377052417 ], [ 103.153048336536145, 4.186982513805702 ], [ 103.1510165749865, 4.187821850436078 ], [ 103.149031642956416, 4.18876608603908 ], [ 103.147098981006636, 4.189812632155536 ], [ 103.145223886429207, 4.190958619870417 ], [ 103.143411498728014, 4.192200907680705 ], [ 103.141666785531811, 4.193536090110718 ], [ 103.139994528978164, 4.194960507051204 ], [ 103.138399312606055, 4.1964702537965 ], [ 103.136885508792673, 4.198061191752268 ], [ 103.135457266769066, 4.199728959784331 ], [ 103.134118501247315, 4.201468986177526 ], [ 103.132872881690702, 4.203276501171739 ], [ 103.131723822255822, 4.205146550040519 ], [ 103.130674472434691, 4.207074006676608 ], [ 103.129727708422294, 4.209053587647057 ], [ 103.128886125232924, 4.211079866679164 ], [ 103.128152029587625, 4.213147289537667 ], [ 103.127527433591524, 4.215250189252381 ], [ 103.127014049218857, 4.217382801654262 ], [ 103.126613283620486, 4.219539281177663 ], [ 103.126326235267058, 4.221713716885038 ], [ 103.126153690938153, 4.223900148670353 ], [ 103.126096123565802, 4.226092583596858 ], [ 103.126153690938153, 4.228285012324196 ], [ 103.126326235267058, 4.230471425579866 ], [ 103.126613283620486, 4.232645830630167 ], [ 103.127014049218857, 4.234802267704956 ], [ 103.127527433591524, 4.236934826331762 ], [ 103.128152029587625, 4.239037661534076 ], [ 103.128886125232924, 4.241105009849716 ], [ 103.129727708422294, 4.243131205125159 ], [ 103.130674472434691, 4.245110694042824 ], [ 103.131723822255822, 4.247038051338563 ], [ 103.132872881690702, 4.248907994667798 ], [ 103.134118501247315, 4.250715399079608 ], [ 103.135457266769066, 4.252455311059103 ], [ 103.136885508792673, 4.254122962099691 ], [ 103.138399312606055, 4.255713781767997 ], [ 103.139994528978164, 4.257223410225857 ], [ 103.141666785531811, 4.258647710174868 ], [ 103.143411498728014, 4.259982778191194 ], [ 103.145223886429207, 4.261224955419093 ], [ 103.147098981006636, 4.262370837594454 ], [ 103.149031642956416, 4.263417284370572 ], [ 103.1510165749865, 4.264361427920829 ], [ 103.153048336536145, 4.265200680794578 ], [ 103.155121358688163, 4.265932743005 ], [ 103.157229959432954, 4.266555608329408 ], [ 103.159368359242407, 4.267067569804635 ], [ 103.161530696911313, 4.267467224402838 ], [ 103.163711045622421, 4.267753476874542 ], [ 103.165903429191459, 4.267925542748797 ], [ 103.168101838447456, 4.267982950481845 ], [ 103.170300247703452, 4.267925542748797 ], [ 103.17249263127249, 4.267753476874542 ], [ 103.174672979983612, 4.267467224402838 ], [ 103.176835317652504, 4.267067569804635 ], [ 103.178973717461972, 4.266555608329408 ], [ 103.181082318206748, 4.265932743005 ], [ 103.18315534035878, 4.265200680794578 ], [ 103.185187101908426, 4.264361427920829 ], [ 103.187172033938495, 4.263417284370572 ], [ 103.18910469588829, 4.262370837594454 ], [ 103.190979790465718, 4.261224955419093 ], [ 103.192792178166897, 4.259982778191194 ], [ 103.194536891363114, 4.258647710174868 ], [ 103.196209147916761, 4.257223410225857 ], [ 103.197804364288857, 4.255713781767997 ], [ 103.199318168102238, 4.254122962099691 ], [ 103.200746410125845, 4.252455311059103 ], [ 103.202085175647596, 4.250715399079608 ], [ 103.203330795204224, 4.248907994667798 ], [ 103.204479854639104, 4.247038051338563 ], [ 103.205529204460206, 4.245110694042824 ], [ 103.206475968472631, 4.243131205125159 ], [ 103.207317551662001, 4.241105009849716 ], [ 103.2080516473073, 4.239037661534076 ], [ 103.208676243303387, 4.236934826331762 ], [ 103.209189627676068, 4.234802267704956 ], [ 103.209590393274439, 4.232645830630167 ], [ 103.209877441627867, 4.230471425579866 ], [ 103.210049985956758, 4.228285012324196 ], [ 103.210107553329109, 4.226092583596858 ] ] ] } },
{ "type": "Feature", "properties": { "state": "Terengganu", "parlimen": "P.034 Kemaman", "code_parlimen": "P.034", "dun": "N.28 Chukai", "code_dun": "N.28", "voters_total": 10618 }, "geometry": { "type": "Polygon", "coordinates": [ [ [ 103.466225449805535, 4.223010417822508 ], [ 103.466166547002231, 4.220767114452117 ], [ 103.465990000040904, 4.218529953364932 ], [ 103.465696292824418, 4.216305066546936 ], [ 103.465286230383867, 4.214098552393178 ], [ 103.464760936671951, 4.21191645899087 ], [ 103.464121851482147, 4.209764767540044 ], [ 103.463370726502561, 4.207649375956865 ], [ 103.462509620514567, 4.205576082704733 ], [ 103.461540893749813, 4.203550570897566 ], [ 103.460467201421025, 4.201578392718836 ], [ 103.459291486444258, 4.199664954198987 ], [ 103.458016971372516, 4.197815500393276 ], [ 103.456647149563025, 4.19603510100045 ], [ 103.455185775602175, 4.194328636461836 ], [ 103.453636855014395, 4.19270078457911 ], [ 103.452004633283352, 4.19115600768722 ], [ 103.450293584215345, 4.189698540417965 ], [ 103.44850839767696, 4.188332378087676 ], [ 103.446653966740399, 4.187061265740841 ], [ 103.444735374271957, 4.185888687879953 ], [ 103.44275787900024, 4.18481785890955 ], [ 103.440726901102337, 4.183851714320909 ], [ 103.438648007347481, 4.182992902641424 ], [ 103.436526895838938, 4.182243778171018 ], [ 103.434369380395964, 4.181606394525209 ], [ 103.432181374618381, 4.181082499002896 ], [ 103.429968875677943, 4.180673527794154 ], [ 103.427737947880459, 4.180380602041288 ], [ 103.425494706043963, 4.180204524763838 ], [ 103.423245298738394, 4.18014577865623 ], [ 103.420995891432838, 4.180204524763838 ], [ 103.418752649596343, 4.180380602041288 ], [ 103.416521721798858, 4.180673527794154 ], [ 103.414309222858421, 4.181082499002896 ], [ 103.412121217080838, 4.181606394525209 ], [ 103.409963701637849, 4.182243778171018 ], [ 103.40784259012932, 4.182992902641424 ], [ 103.40576369637445, 4.183851714320909 ], [ 103.403732718476562, 4.18481785890955 ], [ 103.40175522320483, 4.185888687879953 ], [ 103.399836630736402, 4.187061265740841 ], [ 103.397982199799841, 4.188332378087676 ], [ 103.396197013261443, 4.189698540417965 ], [ 103.39448596419345, 4.19115600768722 ], [ 103.392853742462407, 4.19270078457911 ], [ 103.391304821874613, 4.194328636461836 ], [ 103.389843447913762, 4.19603510100045 ], [ 103.388473626104286, 4.197815500393276 ], [ 103.387199111032544, 4.199664954198987 ], [ 103.386023396055776, 4.201578392718836 ], [ 103.384949703726988, 4.203550570897566 ], [ 103.383980976962235, 4.205576082704733 ], [ 103.383119870974241, 4.207649375956865 ], [ 103.382368745994654, 4.209764767540044 ], [ 103.381729660804851, 4.21191645899087 ], [ 103.38120436709292, 4.214098552393178 ], [ 103.380794304652383, 4.216305066546936 ], [ 103.380500597435898, 4.218529953364932 ], [ 103.380324050474556, 4.220767114452117 ], [ 103.380265147671267, 4.223010417822508 ], [ 103.380324050474556, 4.22525371470748 ], [ 103.380500597435898, 4.227490856409413 ], [ 103.380794304652383, 4.229715711154734 ], [ 103.38120436709292, 4.231922180899806 ], [ 103.381729660804851, 4.234104218043929 ], [ 103.382368745994654, 4.236255842003461 ], [ 103.383119870974241, 4.238371155601716 ], [ 103.383980976962235, 4.240444361229682 ], [ 103.384949703726988, 4.24246977673347 ], [ 103.386023396055776, 4.244441850984765 ], [ 103.387199111032544, 4.246355179091734 ], [ 103.388473626104286, 4.248204517208826 ], [ 103.389843447913762, 4.249984796904836 ], [ 103.391304821874613, 4.251691139049828 ], [ 103.392853742462407, 4.253318867183125 ], [ 103.39448596419345, 4.254863520325586 ], [ 103.396197013261443, 4.256320865201232 ], [ 103.397982199799841, 4.257686907834717 ], [ 103.399836630736402, 4.258957904492959 ], [ 103.40175522320483, 4.26013037194098 ], [ 103.403732718476562, 4.261201096983959 ], [ 103.40576369637445, 4.262167145269274 ], [ 103.40784259012932, 4.263025869324617 ], [ 103.409963701637849, 4.263774915810112 ], [ 103.412121217080838, 4.264412231964677 ], [ 103.414309222858421, 4.26493607122883 ], [ 103.416521721798858, 4.265344998028888 ], [ 103.418752649596343, 4.265637891709116 ], [ 103.420995891432838, 4.265813949601314 ], [ 103.423245298738394, 4.265872689223479 ], [ 103.425494706043963, 4.265813949601314 ], [ 103.427737947880459, 4.265637891709116 ], [ 103.429968875677943, 4.265344998028888 ], [ 103.432181374618381, 4.26493607122883 ], [ 103.434369380395964, 4.264412231964677 ], [ 103.436526895838938, 4.263774915810112 ], [ 103.438648007347481, 4.263025869324617 ], [ 103.440726901102337, 4.262167145269274 ], [ 103.44275787900024, 4.261201096983959 ], [ 103.444735374271957, 4.26013037194098 ], [ 103.446653966740399, 4.258957904492959 ], [ 103.44850839767696, 4.257686907834717 ], [ 103.450293584215345, 4.256320865201232 ], [ 103.452004633283352, 4.254863520325586 ], [ 103.453636855014395, 4.253318867183125 ], [ 103.455185775602175, 4.251691139049828 ], [ 103.456647149563025, 4.249984796904836 ], [ 103.458016971372516, 4.248204517208826 ], [ 103.459291486444258, 4.246355179091734 ], [ 103.460467201421025, 4.244441850984765 ], [ 103.461540893749813, 4.24246977673347 ], [ 103.462509620514567, 4.240444361229682 ], [ 103.463370726502561, 4.238371155601716 ], [ 103.464121851482147, 4.236255842003461 ], [ 103.464760936671951, 4.234104218043929 ], [ 103.465286230383867, 4.231922180899806 ], [ 103.465696292824418, 4.229715711154734 ], [ 103.465990000040904, 4.227490856409413 ], [ 103.466166547002231, 4.22525371470748 ], [ 103.466225449805535, 4.223010417822508 ] ] ] } }
]
}
