<?xml version="1.0" encoding="UTF-8"?>
<kml xmlns="http://www.opengis.net/kml/2.2">
  <Document id="root_doc">
    <Schema id="KDH_SE_01" name="KDH_SE_01">
      <SimpleField name="state" type="string"/>
      <SimpleField name="parlimen" type="string"/>
      <SimpleField name="code_parlimen" type="string"/>
      <SimpleField name="dun" type="string"/>
      <SimpleField name="code_dun" type="string"/>
      <SimpleField name="voters_total" type="int"/>
    </Schema>
    <Schema id="KDH_SE-01.schema">
      <SimpleField name="state" type="string"/>
      <SimpleField name="parlimen" type="string"/>
      <SimpleField name="code_parlimen" type="string"/>
      <SimpleField name="dun" type="string"/>
      <SimpleField name="code_dun" type="string"/>
      <SimpleField name="voters_total" type="int"/>
    </Schema>
    <Schema id="KDH_SE-01.schema">
      <SimpleField name="state" type="string"/>
      <SimpleField name="parlimen" type="string"/>
      <SimpleField name="code_parlimen" type="string"/>
      <SimpleField name="dun" type="string"/>
      <SimpleField name="code_dun" type="string"/>
      <SimpleField name="voters_total" type="int"/>
    </Schema>
    <Schema id="KDH_SE-01.schema">
      <SimpleField name="state" type="string"/>
      <SimpleField name="parlimen" type="string"/>
      <SimpleField name="code_parlimen" type="string"/>
      <SimpleField name="dun" type="string"/>
      <SimpleField name="code_dun" type="string"/>
      <SimpleField name="voters_total" type="int"/>
    </Schema>
    <Schema id="KDH_SE-01.schema">
      <SimpleField name="state" type="string"/>
      <SimpleField name="parlimen" type="string"/>
      <SimpleField name="code_parlimen" type="string"/>
      <SimpleField name="dun" type="string"/>
      <SimpleField name="code_dun" type="string"/>
      <SimpleField name="voters_total" type="int"/>
    </Schema>
    <Folder>
      <name>KDH_SE_01</name>
      <Placemark id="KDH_SE_01.1">
        <name>Kedah</name>
        <description>P.003 Jitra-Padang Terap</description>
        <Style>
          <LineStyle>
            <color>ff0000ff</color>
          </LineStyle>
          <PolyStyle>
            <fill>0</fill>
          </PolyStyle>
        </Style>
        <ExtendedData>
          <SchemaData schemaUrl="#KDH_SE_01">
            <SimpleData name="state">P.003</SimpleData>
            <SimpleData name="parlimen">N.01 Jitra</SimpleData>
            <SimpleData name="code_parlimen">N.01</SimpleData>
            <SimpleData name="dun">10700</SimpleData>
          </SchemaData>
        </ExtendedData>
        <Polygon>
          <outerBoundaryIs>
            <LinearRing>
              <coordinates>
                100.492552056887,6.40924965639013,0
                100.492486501953,6.40676185513827,0
                100.492290016833,6.40428086069706,0
                100.491963140079,6.40181347345329,0
                100.491506767638,6.39936645659464,0
                100.490922150394,6.39694651756947,0
                100.490210890743,6.3945602896983,0
                100.489374938199,6.39221431398759,0
                100.488416584048,6.38991502119541,0
                100.487338455073,6.38766871419869,0
                100.486143506351,6.38548155070998,0
                100.484835013153,6.38335952639141,0
                100.483416561967,6.38130845841238,0
                100.481892040671,6.37933396949565,0
                100.480265627871,6.37744147249625,0
                100.478541781451,6.37563615555511,0
                100.476725226354,6.37392296786854,0
                100.474820941633,6.37230660611243,0
                100.472834146798,6.37079150155872,0
                100.470770287517,6.36938180791929,0
                100.468635020684,6.36808138995105,0
                100.466434198917,6.36689381285317,0
                100.464173854516,6.36582233248606,0
                100.461860182927,6.36486988643856,0
                100.459499525764,6.36403908596822,0
                100.457098353424,6.36333220883677,0
                100.454663247353,6.36275119306048,0
                100.452200882008,6.36229763159256,0
                100.449718006561,6.36197276795235,0
                100.447221426401,6.36177749281324,0
                100.444717984481,6.36171234155869,0
                100.44221454256,6.36177749281324,0
                100.4397179624,6.36197276795235,0
                100.437235086953,6.36229763159256,0
                100.434772721608,6.36275119306048,0
                100.432337615537,6.36333220883677,0
                100.429936443197,6.36403908596822,0
                100.427575786034,6.36486988643856,0
                100.425262114446,6.36582233248606,0
                100.423001770045,6.36689381285317,0
                100.420800948278,6.36808138995105,0
                100.418665681445,6.36938180791929,0
                100.416601822163,6.37079150155872,0
                100.414615027329,6.37230660611243,0
                100.412710742607,6.37392296786854,0
                100.410894187511,6.37563615555511,0
                100.409170341091,6.37744147249625,0
                100.40754392829,6.37933396949565,0
                100.406019406994,6.38130845841238,0
                100.404600955809,6.38335952639141,0
                100.403292462611,6.38548155070997,0
                100.402097513888,6.38766871419869,0
                100.401019384914,6.38991502119541,0
                100.400061030763,6.39221431398759,0
                100.399225078218,6.3945602896983,0
                100.398513818567,6.39694651756947,0
                100.397929201323,6.39936645659464,0
                100.397472828882,6.40181347345329,0
                100.397145952128,6.40428086069706,0
                100.396949467009,6.40676185513827,0
                100.396883912075,6.40924965639013,0
                100.396949467009,6.41173744550787,0
                100.397145952128,6.41421840367968,0
                100.397472828882,6.41668573091616,0
                100.397929201323,6.41913266468707,0
                100.398513818567,6.42155249845439,0
                100.399225078218,6.42393860005079,0
                100.400061030763,6.42628442985336,0
                100.401019384914,6.42858355870259,0
                100.402097513888,6.43082968551774,0
                100.403292462611,6.43301665456042,0
                100.404600955809,6.4351384722988,0
                100.406019406994,6.43718932382691,0
                100.40754392829,6.43916358879344,0
                100.409170341091,6.44105585679698,0
                100.410894187511,6.44286094220556,0
                100.412710742607,6.44457389835959,0
                100.414615027329,6.44619003111986,0
                100.416601822163,6.44770491172339,0
                100.418665681445,6.44911438891194,0
                100.420800948278,6.45041460030009,0
                100.423001770045,6.45160198295198,0
                100.425262114446,6.45267328313759,0
                100.427575786034,6.4536255652422,0
                100.429936443197,6.45445621980445,0
                100.432337615537,6.4551629706612,0
                100.434772721608,6.45574388117968,0
                100.437235086953,6.45619735955991,0
                100.4397179624,6.45652216319285,0
                100.44221454256,6.45671740206261,0
                100.444717984481,6.45678254118306,0
                100.447221426401,6.45671740206261,0
                100.449718006561,6.45652216319285,0
                100.452200882008,6.45619735955991,0
                100.454663247353,6.45574388117968,0
                100.457098353424,6.4551629706612,0
                100.459499525764,6.45445621980445,0
                100.461860182927,6.4536255652422,0
                100.464173854516,6.45267328313759,0
                100.466434198917,6.45160198295198,0
                100.468635020684,6.45041460030009,0
                100.470770287517,6.44911438891194,0
                100.472834146798,6.44770491172339,0
                100.474820941633,6.44619003111986,0
                100.476725226354,6.44457389835959,0
                100.478541781451,6.44286094220556,0
                100.480265627871,6.44105585679698,0
                100.481892040671,6.43916358879344,0
                100.483416561967,6.43718932382691,0
                100.484835013153,6.4351384722988,0
                100.486143506351,6.43301665456042,0
                100.487338455073,6.43082968551774,0
                100.488416584048,6.42858355870259,0
                100.489374938199,6.42628442985336,0
                100.490210890743,6.42393860005079,0
                100.490922150394,6.42155249845439,0
                100.491506767638,6.41913266468707,0
                100.491963140079,6.41668573091616,0
                100.492290016833,6.41421840367968,0
                100.492486501953,6.41173744550787,0
                100.492552056887,6.40924965639013,0
              </coordinates>
            </LinearRing>
          </outerBoundaryIs>
        </Polygon>
      </Placemark>
      <Placemark id="KDH_SE_01.2">
        <name>Kedah</name>
        <description>P.003 Jitra-Padang Terap</description>
        <Style>
          <LineStyle>
            <color>ff0000ff</color>
          </LineStyle>
          <PolyStyle>
            <fill>0</fill>
          </PolyStyle>
        </Style>
        <ExtendedData>
          <SchemaData schemaUrl="#KDH_SE_01">
            <SimpleData name="state">P.003</SimpleData>
            <SimpleData name="parlimen">N.02 Padang Terap</SimpleData>
            <SimpleData name="code_parlimen">N.02</SimpleData>
            <SimpleData name="dun">11876</SimpleData>
          </SchemaData>
        </ExtendedData>
        <Polygon>
          <outerBoundaryIs>
            <LinearRing>
              <coordinates>
                100.728156687243,6.26357342071689,0
                100.728087623742,6.26095172952479,0
                100.727880622538,6.25833721109893,0
                100.727536251006,6.2557370318195,0
                100.727055453046,6.25315831886961,0
                100.72643954649,6.2506081406972,0
                100.725690219497,6.24809348763661,0
                100.724809525918,6.24562125274346,0
                100.723799879674,6.24319821289489,0
                100.722664048136,6.24083101020749,0
                100.721405144538,6.23852613382365,0
                100.720026619447,6.23628990211644,0
                100.718532251306,6.23412844536184,0
                100.716926136073,6.23204768892609,0
                100.715212675999,6.23005333701404,0
                100.713396567558,6.22815085702351,0
                100.711482788578,6.22634546454835,0
                100.709476584594,6.22464210907173,0
                100.707383454471,6.22304546038865,0
                100.705209135333,6.22155989579534,0
                100.702959586839,6.22018948808061,0
                100.700640974843,6.21893799435209,0
                100.698259654502,6.21780884572837,0
                100.695822152847,6.21680513792518,0
                100.693335150902,6.21592962276158,0
                100.690805465366,6.21518470060947,0
                100.688240029932,6.2145724138074,0
                100.685645876279,6.21409444105659,0
                100.683030114803,6.2137520928146,0
                100.680399915123,6.21354630769959,0
                100.677762486434,6.21347764991462,0
                100.675125057746,6.21354630769959,0
                100.672494858066,6.2137520928146,0
                100.66987909659,6.21409444105659,0
                100.667284942937,6.2145724138074,0
                100.664719507503,6.21518470060947,0
                100.662189821967,6.21592962276158,0
                100.659702820022,6.21680513792518,0
                100.657265318367,6.21780884572837,0
                100.654883998026,6.21893799435209,0
                100.65256538603,6.22018948808061,0
                100.650315837536,6.22155989579534,0
                100.648141518398,6.22304546038865,0
                100.646048388275,6.22464210907173,0
                100.644042184291,6.22634546454835,0
                100.642128405311,6.22815085702351,0
                100.64031229687,6.23005333701404,0
                100.638598836796,6.23204768892609,0
                100.636992721563,6.23412844536184,0
                100.635498353422,6.23628990211644,0
                100.634119828331,6.23852613382365,0
                100.632860924733,6.24083101020749,0
                100.631725093195,6.24319821289489,0
                100.630715446951,6.24562125274346,0
                100.629834753372,6.24809348763661,0
                100.629085426379,6.2506081406972,0
                100.628469519823,6.25315831886961,0
                100.627988721863,6.2557370318195,0
                100.627644350331,6.25833721109893,0
                100.627437349127,6.26095172952479,0
                100.627368285626,6.26357342071689,0
                100.627437349127,6.26619509874242,0
                100.627644350331,6.26880957781281,0
                100.627988721863,6.27140969197909,0
                100.628469519823,6.2739883147715,0
                100.629085426379,6.27653837872993,0
                100.629834753372,6.27905289477136,0
                100.630715446951,6.28152497134141,0
                100.631725093195,6.28394783329754,0
                100.632860924733,6.28631484047219,0
                100.634119828331,6.28861950586505,0
                100.635498353422,6.29085551341473,0
                100.636992721563,6.29301673530115,0
                100.638598836796,6.29509724873133,0
                100.64031229687,6.29709135216286,0
                100.642128405311,6.29899358092033,0
                100.644042184291,6.30079872216241,0
                100.646048388275,6.30250182915854,0
                100.648141518398,6.30409823483609,0
                100.650315837536,6.30558356456126,0
                100.65256538603,6.30695374811852,0
                100.654883998026,6.30820503085616,0
                100.657265318367,6.30933398396721,0
                100.659702820022,6.31033751387802,0
                100.662189821967,6.3112128707186,0
                100.664719507503,6.31195765585163,0
                100.667284942937,6.31256982843977,0
                100.66987909659,6.31304771103318,0
                100.672494858066,6.31338999416204,0
                100.675125057746,6.31359573992163,0
                100.677762486434,6.31366438454003,0
                100.680399915123,6.31359573992163,0
                100.683030114803,6.31338999416204,0
                100.685645876279,6.31304771103318,0
                100.688240029932,6.31256982843977,0
                100.690805465366,6.31195765585163,0
                100.693335150902,6.3112128707186,0
                100.695822152847,6.31033751387802,0
                100.698259654502,6.30933398396721,0
                100.700640974843,6.30820503085616,0
                100.702959586839,6.30695374811852,0
                100.705209135333,6.30558356456126,0
                100.707383454471,6.30409823483609,0
                100.709476584594,6.30250182915854,0
                100.711482788578,6.30079872216241,0
                100.713396567558,6.29899358092033,0
                100.715212675999,6.29709135216286,0
                100.716926136073,6.29509724873133,0
                100.718532251306,6.29301673530115,0
                100.720026619447,6.29085551341473,0
                100.721405144538,6.28861950586505,0
                100.722664048136,6.28631484047219,0
                100.723799879674,6.28394783329754,0
                100.724809525918,6.28152497134141,0
                100.725690219497,6.27905289477136,0
                100.72643954649,6.27653837872993,0
                100.727055453046,6.2739883147715,0
                100.727536251006,6.27140969197909,0
                100.727880622538,6.26880957781281,0
                100.728087623742,6.26619509874242,0
                100.728156687243,6.26357342071689,0
              </coordinates>
            </LinearRing>
          </outerBoundaryIs>
        </Polygon>
      </Placemark>
      <Placemark id="KDH_SE_01.3">
        <name>Kedah</name>
        <description>P.004 Kubang Pasu Barat</description>
        <Style>
          <LineStyle>
            <color>ff0000ff</color>
          </LineStyle>
          <PolyStyle>
            <fill>0</fill>
          </PolyStyle>
        </Style>
        <ExtendedData>
          <SchemaData schemaUrl="#KDH_SE_01">
            <SimpleData name="state">P.004</SimpleData>
            <SimpleData name="parlimen">N.03 Jerlun-Kodiang</SimpleData>
            <SimpleData name="code_parlimen">N.03</SimpleData>
            <SimpleData name="dun">9735</SimpleData>
          </SchemaData>
        </ExtendedData>
        <Polygon>
          <outerBoundaryIs>
            <LinearRing>
              <coordinates>
                100.300846951433,6.27752199982829,0
                100.300784422435,6.27514842624425,0
                100.300597006827,6.27278134769232,0
                100.300285218304,6.27042725230694,0
                100.299849911455,6.2680925927234,0
                100.299292279427,6.26578376838899,0
                100.298613850649,6.2635071080192,0
                100.297816484649,6.26126885224681,0
                100.296902366951,6.2590751365117,0
                100.295874003088,6.25693197423803,0
                100.294734211734,6.25484524034534,0
                100.293486116978,6.25282065513845,0
                100.292133139761,6.25086376862083,0
                100.290678988499,6.24897994527401,0
                100.28912764892,6.24717434934531,0
                100.287483373137,6.24545193068408,0
                100.285750667997,6.24381741116533,0
                100.283934282724,6.24227527173815,0
                100.282039195903,6.24082974013462,0
                100.280070601836,6.23948477927268,0
                100.278033896303,6.23824407638522,0
                100.275934661771,6.23711103290502,0
                100.273778652097,6.23608875513351,0
                100.271571776752,6.23518004571884,0
                100.26932008463,6.23438739596695,0
                100.267029747462,6.23371297900651,0
                100.264707042902,6.2331586438269,0
                100.262358337323,6.23272591020509,0
                100.259990068363,6.23241596453599,0
                100.257608727283,6.23222965657735,0
                100.255220841173,6.23216749711818,0
                100.252832955062,6.23222965657735,0
                100.250451613982,6.23241596453599,0
                100.248083345022,6.23272591020509,0
                100.245734639443,6.2331586438269,0
                100.243411934883,6.23371297900651,0
                100.241121597715,6.23438739596695,0
                100.238869905593,6.23518004571884,0
                100.236663030249,6.23608875513351,0
                100.234507020574,6.23711103290502,0
                100.232407786042,6.23824407638522,0
                100.230371080509,6.23948477927268,0
                100.228402486442,6.24082974013462,0
                100.226507399621,6.24227527173815,0
                100.224691014348,6.24381741116533,0
                100.222958309208,6.24545193068408,0
                100.221314033426,6.24717434934531,0
                100.219762693847,6.24897994527401,0
                100.218308542584,6.25086376862083,0
                100.216955565367,6.25282065513845,0
                100.215707470611,6.25484524034534,0
                100.214567679257,6.25693197423803,0
                100.213539315394,6.2590751365117,0
                100.212625197696,6.26126885224681,0
                100.211827831696,6.2635071080192,0
                100.211149402919,6.26578376838899,0
                100.21059177089,6.2680925927234,0
                100.210156464041,6.27042725230694,0
                100.209844675518,6.27278134769232,0
                100.20965725991,6.27514842624425,0
                100.209594730912,6.27752199982829,0
                100.20965725991,6.27989556259574,0
                100.209844675518,6.28226260881653,0
                100.210156464041,6.28461665071036,0
                100.21059177089,6.28695123622804,0
                100.211149402919,6.28925996673375,0
                100.211827831696,6.29153651454004,0
                100.212625197696,6.29377464024735,0
                100.213539315394,6.29596820984087,0
                100.214567679257,6.29811121149756,0
                100.215707470611,6.30019777205766,0
                100.216955565367,6.30222217311539,0
                100.218308542584,6.30417886668489,0
                100.219762693847,6.3060624903986,0
                100.221314033426,6.3078678821964,0
                100.222958309208,6.30959009446546,0
                100.224691014348,6.31122440759207,0
                100.226507399621,6.31276634288836,0
                100.228402486442,6.31421167485881,0
                100.230371080509,6.31555644277266,0
                100.232407786042,6.31679696151101,0
                100.234507020574,6.31792983165866,0
                100.236663030249,6.31895194881324,0
                100.238869905593,6.31986051208636,0
                100.241121597715,6.32065303177325,0
                100.243411934883,6.3213273361702,0
                100.245734639443,6.32188157752117,0
                100.248083345022,6.32231423707716,0
                100.250451613982,6.32262412925474,0
                100.252832955062,6.32281040488224,0
                100.255220841173,6.32287255352487,0
                100.257608727283,6.32281040488224,0
                100.259990068363,6.32262412925474,0
                100.262358337323,6.32231423707716,0
                100.264707042902,6.32188157752117,0
                100.267029747462,6.3213273361702,0
                100.26932008463,6.32065303177325,0
                100.271571776752,6.31986051208636,0
                100.273778652097,6.31895194881324,0
                100.275934661771,6.31792983165866,0
                100.278033896303,6.31679696151101,0
                100.280070601836,6.31555644277266,0
                100.282039195903,6.31421167485881,0
                100.283934282724,6.31276634288836,0
                100.285750667997,6.31122440759207,0
                100.287483373137,6.30959009446546,0
                100.28912764892,6.3078678821964,0
                100.290678988499,6.3060624903986,0
                100.292133139761,6.30417886668489,0
                100.293486116978,6.30222217311539,0
                100.294734211734,6.30019777205766,0
                100.295874003088,6.29811121149756,0
                100.296902366951,6.29596820984087,0
                100.297816484649,6.29377464024735,0
                100.298613850649,6.29153651454004,0
                100.299292279427,6.28925996673375,0
                100.299849911455,6.28695123622804,0
                100.300285218304,6.28461665071036,0
                100.300597006827,6.28226260881653,0
                100.300784422435,6.27989556259574,0
                100.300846951433,6.27752199982829,0
              </coordinates>
            </LinearRing>
          </outerBoundaryIs>
        </Polygon>
      </Placemark>
      <Placemark id="KDH_SE_01.4">
        <name>Kedah</name>
        <description>P.004 Kubang Pasu Barat</description>
        <Style>
          <LineStyle>
            <color>ff0000ff</color>
          </LineStyle>
          <PolyStyle>
            <fill>0</fill>
          </PolyStyle>
        </Style>
        <ExtendedData>
          <SchemaData schemaUrl="#KDH_SE_01">
            <SimpleData name="state">P.004</SimpleData>
            <SimpleData name="parlimen">N.04 Tunjang</SimpleData>
            <SimpleData name="code_parlimen">N.04</SimpleData>
            <SimpleData name="dun">9568</SimpleData>
          </SchemaData>
        </ExtendedData>
        <Polygon>
          <outerBoundaryIs>
            <LinearRing>
              <coordinates>
                100.387679376291,6.3028071800727,0
                100.387617385942,6.300454167895,0
                100.387431584808,6.29810759453472,0
                100.387122482157,6.29577389192121,0
                100.386690925216,6.29345945679152,0
                100.386138096854,6.29117063315502,0
                100.385465512335,6.28891369490146,0
                100.384675015167,6.28669482860052,0
                100.383768772047,6.28452011653971,0
                100.382749266924,6.28239552004747,0
                100.381619294191,6.28032686314702,0
                100.380381951025,6.27831981658598,0
                100.379040628898,6.27637988228555,0
                100.37759900428,6.27451237825196,0
                100.376061028564,6.27272242399161,0
                100.374430917235,6.27101492647001,0
                100.372713138315,6.26939456665321,0
                100.370912400115,6.26786578666841,0
                100.369033638335,6.2664327776193,0
                100.367082002529,6.26509946808963,0
                100.365062841997,6.26386951336638,0
                100.362981691116,6.26274628541245,0
                100.360844254176,6.26173286361623,0
                100.358656389744,6.26083202634363,0
                100.356424094604,6.2600462433157,0
                100.354153487322,6.25937766883296,0
                100.351850791474,6.25882813586485,0
                100.349522318589,6.25839915102081,0
                100.347174450851,6.25809189041663,0
                100.344813623601,6.25790719644757,0
                100.342446307703,6.2578455754771,0
                100.340078991804,6.25790719644757,0
                100.337718164554,6.25809189041663,0
                100.335370296816,6.25839915102081,0
                100.333041823932,6.25882813586485,0
                100.330739128084,6.25937766883296,0
                100.328468520801,6.2600462433157,0
                100.326236225661,6.26083202634363,0
                100.324048361229,6.26173286361623,0
                100.321910924289,6.26274628541245,0
                100.319829773408,6.26386951336638,0
                100.317810612876,6.26509946808963,0
                100.31585897707,6.2664327776193,0
                100.31398021529,6.26786578666841,0
                100.312179477091,6.26939456665321,0
                100.31046169817,6.27101492647001,0
                100.308831586841,6.27272242399161,0
                100.307293611125,6.27451237825196,0
                100.305851986507,6.27637988228555,0
                100.30451066438,6.27831981658598,0
                100.303273321214,6.28032686314702,0
                100.302143348481,6.28239552004747,0
                100.301123843359,6.28452011653971,0
                100.300217600238,6.28669482860052,0
                100.29942710307,6.28891369490146,0
                100.298754518551,6.29117063315502,0
                100.298201690189,6.29345945679152,0
                100.297770133249,6.29577389192121,0
                100.297461030597,6.29810759453472,0
                100.297275229463,6.300454167895,0
                100.297213239114,6.3028071800727,0
                100.297275229463,6.30516018157727,0
                100.297461030597,6.30750672303508,0
                100.297770133249,6.30984037286633,0
                100.298201690189,6.31215473491225,0
                100.298754518551,6.31444346596423,0
                100.29942710307,6.31670029314682,0
                100.300217600238,6.31891903110732,0
                100.301123843359,6.32109359896432,0
                100.302143348481,6.32321803696933,0
                100.303273321214,6.32528652283554,0
                100.30451066438,6.32729338768919,0
                100.305851986507,6.32923313159994,0
                100.307293611125,6.3311004386475,0
                100.308831586841,6.33289019148368,0
                100.31046169817,6.33459748534982,0
                100.312179477091,6.33621764151118,0
                100.31398021529,6.33774622007183,0
                100.31585897707,6.33917903213494,0
                100.317810612876,6.34051215127496,0
                100.319829773408,6.34174192429087,0
                100.321910924289,6.34286498121059,0
                100.324048361229,6.34387824451962,0
                100.326236225661,6.34477893758848,0
                100.328468520801,6.34556459227601,0
                100.330739128084,6.34623305568785,0
                100.333041823932,6.34678249607146,0
                100.335370296816,6.34721140783178,0
                100.337718164554,6.34751861565373,0
                100.340078991804,6.34770327772034,0
                100.342446307703,6.34776488801767,0
                100.344813623601,6.34770327772034,0
                100.347174450851,6.34751861565373,0
                100.349522318589,6.34721140783178,0
                100.351850791474,6.34678249607146,0
                100.354153487322,6.34623305568785,0
                100.356424094604,6.34556459227601,0
                100.358656389744,6.34477893758848,0
                100.360844254176,6.34387824451962,0
                100.362981691116,6.34286498121059,0
                100.365062841997,6.34174192429087,0
                100.367082002529,6.34051215127496,0
                100.369033638335,6.33917903213494,0
                100.370912400115,6.33774622007183,0
                100.372713138315,6.33621764151118,0
                100.374430917235,6.33459748534982,0
                100.376061028564,6.33289019148368,0
                100.37759900428,6.3311004386475,0
                100.379040628898,6.32923313159994,0
                100.380381951025,6.32729338768919,0
                100.381619294191,6.32528652283554,0
                100.382749266924,6.32321803696933,0
                100.383768772047,6.32109359896432,0
                100.384675015167,6.31891903110732,0
                100.385465512335,6.31670029314682,0
                100.386138096854,6.31444346596423,0
                100.386690925216,6.31215473491225,0
                100.387122482157,6.30984037286633,0
                100.387431584808,6.30750672303508,0
                100.387617385942,6.30516018157727,0
                100.387679376291,6.3028071800727,0
              </coordinates>
            </LinearRing>
          </outerBoundaryIs>
        </Polygon>
      </Placemark>
      <Placemark id="KDH_SE_01.5">
        <name>Kedah</name>
        <description>P.005 Kota Star Utara</description>
        <Style>
          <LineStyle>
            <color>ff0000ff</color>
          </LineStyle>
          <PolyStyle>
            <fill>0</fill>
          </PolyStyle>
        </Style>
        <ExtendedData>
          <SchemaData schemaUrl="#KDH_SE_01">
            <SimpleData name="state">P.005</SimpleData>
            <SimpleData name="parlimen">N.05 Langgar-Limbong</SimpleData>
            <SimpleData name="code_parlimen">N.05</SimpleData>
            <SimpleData name="dun">10152</SimpleData>
          </SchemaData>
        </ExtendedData>
        <Polygon>
          <outerBoundaryIs>
            <LinearRing>
              <coordinates>
                100.516371222057,6.09600141130763,0
                100.516307367882,6.09357670206602,0
                100.516115980377,6.09115862787445,0
                100.515797584121,6.08875381664491,0
                100.515353051817,6.08636886002443,0
                100.514783601896,6.0840102953252,0
                100.514090795182,6.08168458760284,0
                100.513276530609,6.07939811193181,0
                100.51234304002,6.07715713592652,0
                100.511292882048,6.07496780255625,0
                100.510128935102,6.072836113301,0
                100.508854389482,6.07076791169457,0
                100.507472738626,6.06876886729979,0
                100.505987769545,6.06684446016039,0
                100.504403552436,6.06499996577175,0
                100.502724429526,6.06324044061204,0
                100.500955003177,6.06157070827355,0
                100.499100123262,6.05999534623227,0
                100.497164873877,6.05851867329187,0
                100.495154559408,6.05714473773712,0
                100.493074689987,6.05587730622866,0
                100.49093096639,6.05471985347026,0
                100.488729264415,6.05367555267655,0
                100.486475618775,6.05274726686766,0
                100.484176206556,6.05193754101471,0
                100.481837330285,6.05124859505761,0
                100.479465400662,6.05068231781453,0
                100.47706691898,6.05024026179973,0
                100.47464845931,6.049923638964,0
                100.472216650482,6.04973331736952,0
                100.469778157916,6.04966981880809,0
                100.46733966535,6.04973331736952,0
                100.464907856522,6.049923638964,0
                100.462489396853,6.05024026179973,0
                100.46009091517,6.05068231781453,0
                100.457718985547,6.05124859505761,0
                100.455380109276,6.05193754101471,0
                100.453080697057,6.05274726686766,0
                100.450827051417,6.05367555267655,0
                100.448625349442,6.05471985347026,0
                100.446481625845,6.05587730622866,0
                100.444401756424,6.05714473773712,0
                100.442391441955,6.05851867329187,0
                100.44045619257,6.05999534623227,0
                100.438601312655,6.06157070827355,0
                100.436831886306,6.06324044061204,0
                100.435152763396,6.06499996577175,0
                100.433568546287,6.06684446016039,0
                100.432083577206,6.06876886729979,0
                100.43070192635,6.07076791169457,0
                100.42942738073,6.072836113301,0
                100.428263433784,6.07496780255625,0
                100.427213275812,6.07715713592652,0
                100.426279785223,6.07939811193181,0
                100.42546552065,6.08168458760284,0
                100.424772713936,6.0840102953252,0
                100.424203264016,6.08636886002443,0
                100.423758731711,6.08875381664491,0
                100.423440335455,6.09115862787445,0
                100.42324894795,6.09357670206602,0
                100.423185093775,6.09600141130763,0
                100.42324894795,6.09842610959052,0
                100.423440335455,6.10084415102596,0
                100.423758731711,6.10324890806085,0
                100.424203264016,6.10563378964194,0
                100.424772713936,6.10799225927921,0
                100.42546552065,6.11031785295852,0
                100.426279785223,6.1126041968549,0
                100.427213275812,6.1148450247977,0
                100.428263433784,6.11703419543986,0
                100.42942738073,6.11916570908422,0
                100.43070192635,6.12123372412105,0
                100.432083577206,6.12323257303159,0
                100.433568546287,6.12515677791389,0
                100.435152763396,6.12700106548855,0
                100.436831886306,6.12876038154328,0
                100.438601312655,6.13042990477678,0
                100.44045619257,6.13200506000412,0
                100.442391441955,6.13348153068743,0
                100.444401756424,6.13485527075799,0
                100.446481625845,6.13612251569689,0
                100.448625349442,6.13727979284446,0
                100.450827051417,6.1383239309101,0
                100.453080697057,6.13925206865655,0
                100.455380109276,6.14006166273491,0
                100.457718985547,6.14075049464901,0
                100.46009091517,6.14131667683017,0
                100.462489396853,6.14175865780563,0
                100.464907856522,6.14207522644675,0
                100.46733966535,6.14226551528512,0
                100.469778157916,6.14232900288784,0
                100.472216650482,6.14226551528512,0
                100.47464845931,6.14207522644675,0
                100.47706691898,6.14175865780563,0
                100.479465400662,6.14131667683017,0
                100.481837330285,6.14075049464901,0
                100.484176206556,6.14006166273491,0
                100.486475618775,6.13925206865655,0
                100.488729264415,6.1383239309101,0
                100.49093096639,6.13727979284446,0
                100.493074689987,6.13612251569689,0
                100.495154559408,6.13485527075799,0
                100.497164873877,6.13348153068743,0
                100.499100123262,6.13200506000412,0
                100.500955003177,6.13042990477678,0
                100.502724429526,6.12876038154328,0
                100.504403552436,6.12700106548855,0
                100.505987769545,6.12515677791389,0
                100.507472738626,6.12323257303159,0
                100.508854389482,6.12123372412105,0
                100.510128935102,6.11916570908422,0
                100.511292882048,6.11703419543986,0
                100.51234304002,6.1148450247977,0
                100.513276530609,6.1126041968549,0
                100.514090795182,6.11031785295852,0
                100.514783601896,6.10799225927921,0
                100.515353051817,6.10563378964194,0
                100.515797584121,6.10324890806085,0
                100.516115980377,6.10084415102596,0
                100.516307367882,6.09842610959052,0
                100.516371222057,6.09600141130763,0
              </coordinates>
            </LinearRing>
          </outerBoundaryIs>
        </Polygon>
      </Placemark>
      <Placemark id="KDH_SE_01.6">
        <name>Kedah</name>
        <description>P.005 Kota Star Utara</description>
        <Style>
          <LineStyle>
            <color>ff0000ff</color>
          </LineStyle>
          <PolyStyle>
            <fill>0</fill>
          </PolyStyle>
        </Style>
        <ExtendedData>
          <SchemaData schemaUrl="#KDH_SE_01">
            <SimpleData name="state">P.005</SimpleData>
            <SimpleData name="parlimen">N.06 Pokok Sena</SimpleData>
            <SimpleData name="code_parlimen">N.06</SimpleData>
            <SimpleData name="dun">9901</SimpleData>
          </SchemaData>
        </ExtendedData>
        <Polygon>
          <outerBoundaryIs>
            <LinearRing>
              <coordinates>
                100.591494490279,6.14903615327941,0
                100.591431430416,6.14664184388897,0
                100.591242423669,6.14425408640318,0
                100.590927988092,6.14187942563571,0
                100.590488985533,6.13952437058945,0
                100.589926619265,6.13719537661327,0
                100.589242430697,6.134898827705,0
                100.58843829514,6.13264101900904,0
                100.587516416676,6.13042813955666,0
                100.586479322109,6.12826625529642,0
                100.585329854042,6.12616129246128,0
                100.584071163089,6.12411902131789,0
                100.582706699233,6.12214504034302,0
                100.581240202374,6.12024476087016,0
                100.57967569208,6.11842339224889,0
                100.578017456564,6.11668592755746,0
                100.576270040934,6.115037129908,0
                100.574438234735,6.113481519382,0
                100.57252705882,6.11202336063186,0
                100.57054175159,6.11066665118277,0
                100.568487754634,6.10941511046684,0
                100.566370697815,6.10827216961989,0
                100.564196383838,6.10724096206873,0
                100.561970772346,6.10632431493508,0
                100.559699963588,6.10552474127945,0
                100.55739018169,6.10484443320654,0
                100.555047757605,6.10428525585113,0
                100.552679111755,6.10384874226091,0
                100.550290736432,6.1035360891903,0
                100.547889178009,6.10334815381704,0
                100.545481018989,6.1032854513903,0
                100.543072859969,6.10334815381704,0
                100.540671301545,6.1035360891903,0
                100.538282926223,6.10384874226091,0
                100.535914280373,6.10428525585113,0
                100.533571856288,6.10484443320654,0
                100.53126207439,6.10552474127945,0
                100.528991265631,6.10632431493508,0
                100.52676565414,6.10724096206873,0
                100.524591340163,6.10827216961989,0
                100.522474283344,6.10941511046684,0
                100.520420286388,6.11066665118277,0
                100.518434979158,6.11202336063186,0
                100.516523803243,6.113481519382,0
                100.514691997044,6.115037129908,0
                100.512944581414,6.11668592755746,0
                100.511286345897,6.11842339224889,0
                100.509721835603,6.12024476087016,0
                100.508255338745,6.12214504034302,0
                100.506890874889,6.12411902131789,0
                100.505632183935,6.12616129246128,0
                100.504482715869,6.12826625529642,0
                100.503445621302,6.13042813955666,0
                100.502523742837,6.13264101900904,0
                100.501719607281,6.134898827705,0
                100.501035418713,6.13719537661327,0
                100.500473052445,6.13952437058945,0
                100.500034049885,6.14187942563571,0
                100.499719614309,6.14425408640318,0
                100.499530607562,6.14664184388897,0
                100.499467547699,6.14903615327941,0
                100.499530607562,6.15143045189052,0
                100.499719614309,6.15381817715637,0
                100.500034049885,6.15619278461634,0
                100.500473052445,6.15854776585159,0
                100.501035418713,6.16087666632191,0
                100.501719607281,6.16317310305395,0
                100.502523742837,6.16543078213235,0
                100.503445621302,6.16764351594596,0
                100.504482715869,6.16980524014184,0
                100.505632183935,6.17191003024077,0
                100.506890874889,6.1739521178686,0
                100.508255338745,6.17592590655922,0
                100.509721835603,6.17782598708582,0
                100.511286345897,6.17964715227853,0
                100.512944581414,6.18138441128793,0
                100.514691997044,6.18303300325537,0
                100.516523803243,6.18458841035285,0
                100.518434979158,6.18604637015674,0
                100.520420286388,6.18740288732162,0
                100.522474283344,6.18865424452204,0
                100.524591340163,6.18979701263283,0
                100.52676565414,6.19082806011967,0
                100.528991265631,6.19174456161459,0
                100.53126207439,6.19254400565272,0
                100.533571856288,6.19322420154946,0
                100.535914280373,6.19378328539905,0
                100.538282926223,6.19421972517829,0
                100.540671301545,6.19453232494142,0
                100.543072859969,6.19472022809479,0
                100.545481018989,6.19478291974218,0
                100.547889178009,6.19472022809479,0
                100.550290736432,6.19453232494142,0
                100.552679111755,6.19421972517829,0
                100.555047757605,6.19378328539905,0
                100.55739018169,6.19322420154946,0
                100.559699963588,6.19254400565272,0
                100.561970772346,6.19174456161459,0
                100.564196383838,6.19082806011967,0
                100.566370697815,6.18979701263283,0
                100.568487754634,6.18865424452204,0
                100.57054175159,6.18740288732162,0
                100.57252705882,6.18604637015674,0
                100.574438234735,6.18458841035285,0
                100.576270040934,6.18303300325537,0
                100.578017456564,6.18138441128793,0
                100.57967569208,6.17964715227853,0
                100.581240202374,6.17782598708582,0
                100.582706699233,6.17592590655922,0
                100.584071163089,6.1739521178686,0
                100.585329854042,6.17191003024077,0
                100.586479322109,6.16980524014184,0
                100.587516416676,6.16764351594596,0
                100.58843829514,6.16543078213235,0
                100.589242430697,6.16317310305395,0
                100.589926619265,6.16087666632191,0
                100.590488985533,6.15854776585159,0
                100.590927988092,6.15619278461634,0
                100.591242423669,6.15381817715637,0
                100.591431430416,6.15143045189052,0
                100.591494490279,6.14903615327941,0
              </coordinates>
            </LinearRing>
          </outerBoundaryIs>
        </Polygon>
      </Placemark>
      <Placemark id="KDH_SE_01.7">
        <name>Kedah</name>
        <description>P.006 Alor Star</description>
        <Style>
          <LineStyle>
            <color>ff0000ff</color>
          </LineStyle>
          <PolyStyle>
            <fill>0</fill>
          </PolyStyle>
        </Style>
        <ExtendedData>
          <SchemaData schemaUrl="#KDH_SE_01">
            <SimpleData name="state">P.006</SimpleData>
            <SimpleData name="parlimen">N.07 Alor Star Pekan</SimpleData>
            <SimpleData name="code_parlimen">N.07</SimpleData>
            <SimpleData name="dun">12367</SimpleData>
          </SchemaData>
        </ExtendedData>
        <Polygon>
          <outerBoundaryIs>
            <LinearRing>
              <coordinates>
                100.391810255898,6.05862063317159,0
                100.391739779179,6.05594426223127,0
                100.391528542196,6.05327521382878,0
                100.391177123932,6.05062080380883,0
                100.390686487603,6.04798830799962,0
                100.390057978007,6.04538494226732,0
                100.389293317847,6.04281784273364,0
                100.388394603001,6.0402940462109,0
                100.387364296786,6.03782047090837,0
                100.386205223198,6.03540389746262,0
                100.384920559178,6.0330509503442,0
                100.383513825902,6.03076807969146,0
                100.381988879126,6.02856154362168,0
                100.380349898624,6.02643739106779,0
                100.378601376728,6.02440144518801,0
                100.376748106014,6.02245928739409,0
                100.374795166169,6.02061624204183,0
                100.372747910066,6.01887736182605,0
                100.37061194909,6.01724741392026,0
                100.368393137763,6.015730866899,0
                100.366097557692,6.01433187847891,0
                100.363731500902,6.01305428411219,0
                100.361301452591,6.01190158646387,0
                100.358814073353,6.01087694580181,0
                100.35627618092,6.00998317132596,0
                100.353694731479,6.00922271346051,0
                100.351076800605,6.00859765713041,0
                100.348429563863,6.0081097160407,0
                100.345760277146,6.0077602279742,0
                100.343076256782,6.00755015112072,0
                100.340384859486,6.0074800614479,0
                100.337693462189,6.00755015112072,0
                100.335009441826,6.0077602279742,0
                100.332340155109,6.0081097160407,0
                100.329692918367,6.00859765713041,0
                100.327074987493,6.00922271346051,0
                100.324493538052,6.00998317132596,0
                100.321955645619,6.01087694580181,0
                100.31946826638,6.01190158646387,0
                100.317038218069,6.01305428411219,0
                100.31467216128,6.01433187847891,0
                100.312376581209,6.015730866899,0
                100.310157769882,6.01724741392026,0
                100.308021808906,6.01887736182605,0
                100.305974552802,6.02061624204183,0
                100.304021612958,6.02245928739409,0
                100.302168342244,6.02440144518801,0
                100.300419820348,6.02643739106779,0
                100.298780839846,6.02856154362168,0
                100.29725589307,6.03076807969146,0
                100.295849159793,6.0330509503442,0
                100.294564495774,6.03540389746262,0
                100.293405422186,6.03782047090837,0
                100.292375115971,6.0402940462109,0
                100.291476401125,6.04281784273364,0
                100.290711740964,6.04538494226732,0
                100.290083231369,6.04798830799962,0
                100.289592595039,6.05062080380883,0
                100.289241176776,6.05327521382878,0
                100.289029939792,6.05594426223127,0
                100.288959463074,6.05862063317159,0
                100.289029939792,6.06129699084281,0
                100.289241176776,6.06396599958333,0
                100.289592595039,6.06662034398303,0
                100.290083231369,6.06925274893263,0
                100.290711740964,6.07185599956144,0
                100.291476401125,6.07442296100885,0
                100.292375115971,6.07694659797546,0
                100.293405422186,6.07941999400013,0
                100.294564495774,6.08183637041048,0
                100.295849159793,6.08418910489473,0
                100.29725589307,6.08647174964419,0
                100.298780839846,6.08867804901663,0
                100.300419820348,6.09080195667245,0
                100.302168342244,6.09283765213654,0
                100.304021612958,6.09477955674079,0
                100.305974552802,6.09662234890338,0
                100.308021808906,6.0983609787035,0
                100.310157769882,6.09999068171125,0
                100.312376581209,6.10150699203522,0
                100.31467216128,6.10290575455211,0
                100.317038218069,6.10418313628474,0
                100.31946826638,6.10533563689773,0
                100.321955645619,6.106360098282,0
                100.324493538052,6.1072537132018,0
                100.327074987493,6.10801403298108,0
                100.329692918367,6.10863897420775,0
                100.332340155109,6.10912682443791,0
                100.335009441826,6.1094762468842,0
                100.337693462189,6.10968628407574,0
                100.340384859486,6.10975636047945,0
                100.343076256782,6.10968628407574,0
                100.345760277146,6.1094762468842,0
                100.348429563863,6.10912682443791,0
                100.351076800605,6.10863897420775,0
                100.353694731479,6.10801403298108,0
                100.35627618092,6.1072537132018,0
                100.358814073353,6.106360098282,0
                100.361301452591,6.10533563689773,0
                100.363731500902,6.10418313628474,0
                100.366097557692,6.10290575455211,0
                100.368393137763,6.10150699203522,0
                100.37061194909,6.09999068171125,0
                100.372747910066,6.0983609787035,0
                100.374795166169,6.09662234890338,0
                100.376748106014,6.09477955674079,0
                100.378601376728,6.09283765213654,0
                100.380349898624,6.09080195667245,0
                100.381988879126,6.08867804901663,0
                100.383513825902,6.08647174964419,0
                100.384920559178,6.08418910489473,0
                100.386205223198,6.08183637041048,0
                100.387364296786,6.07941999400013,0
                100.388394603001,6.07694659797546,0
                100.389293317847,6.07442296100885,0
                100.390057978007,6.07185599956144,0
                100.390686487603,6.06925274893263,0
                100.391177123932,6.06662034398303,0
                100.391528542196,6.06396599958333,0
                100.391739779179,6.06129699084281,0
                100.391810255898,6.05862063317159,0
              </coordinates>
            </LinearRing>
          </outerBoundaryIs>
        </Polygon>
      </Placemark>
      <Placemark id="KDH_SE_01.8">
        <name>Kedah</name>
        <description>P.006 Alor Star</description>
        <Style>
          <LineStyle>
            <color>ff0000ff</color>
          </LineStyle>
          <PolyStyle>
            <fill>0</fill>
          </PolyStyle>
        </Style>
        <ExtendedData>
          <SchemaData schemaUrl="#KDH_SE_01">
            <SimpleData name="state">P.006</SimpleData>
            <SimpleData name="parlimen">N.08 Alor Star Luar</SimpleData>
            <SimpleData name="code_parlimen">N.08</SimpleData>
            <SimpleData name="dun">13173</SimpleData>
          </SchemaData>
        </ExtendedData>
        <Polygon>
          <outerBoundaryIs>
            <LinearRing>
              <coordinates>
                100.462436174444,6.17481583032464,0
                100.462363437367,6.17205422162215,0
                100.462145425506,6.1693001679618,0
                100.461782736415,6.16656121819624,0
                100.461276364199,6.16384487989475,0
                100.46062769679,6.16115859876224,0
                100.45983851214,6.15850973822656,0
                100.45891097335,6.15590555924996,0
                100.457847622738,6.15335320042063,0
                100.456651374875,6.15085965837836,0
                100.455325508593,6.14843176862839,0
                100.453873657999,6.1460761867962,0
                100.452299802516,6.14379937037442,0
                100.45060825597,6.14160756101232,0
                100.448803654775,6.13950676739634,0
                100.446890945216,6.1375027487688,0
                100.444875369897,6.13560099913004,0
                100.44276245337,6.13380673216757,0
                100.440557986993,6.13212486695332,0
                100.438268013054,6.13056001444887,0
                100.435898808213,6.12911646485519,0
                100.433456866296,6.12779817584215,0
                100.430948880496,6.12660876168988,0
                100.428381725028,6.12555148337214,0
                100.425762436285,6.12462923960866,0
                100.423098193558,6.12384455891142,0
                100.420396299349,6.12319959264641,0
                100.417664159363,6.12269610913036,0
                100.414909262205,6.12233548877834,0
                100.412139158859,6.12211872031577,0
                100.409361441983,6.12204639806527,0
                100.406583725107,6.12211872031577,0
                100.403813621761,6.12233548877834,0
                100.401058724603,6.12269610913036,0
                100.398326584617,6.12319959264641,0
                100.395624690408,6.12384455891142,0
                100.392960447681,6.12462923960866,0
                100.390341158938,6.12555148337214,0
                100.38777400347,6.12660876168988,0
                100.38526601767,6.12779817584215,0
                100.382824075753,6.12911646485519,0
                100.380454870912,6.13056001444887,0
                100.378164896973,6.13212486695332,0
                100.375960430596,6.13380673216757,0
                100.373847514069,6.13560099913004,0
                100.37183193875,6.1375027487688,0
                100.369919229191,6.13950676739634,0
                100.368114627996,6.14160756101232,0
                100.36642308145,6.14379937037442,0
                100.364849225967,6.1460761867962,0
                100.363397375373,6.14843176862839,0
                100.362071509091,6.15085965837836,0
                100.360875261228,6.15335320042063,0
                100.359811910616,6.15590555924996,0
                100.358884371826,6.15850973822656,0
                100.358095187176,6.16115859876224,0
                100.357446519767,6.16384487989475,0
                100.356940147551,6.16656121819624,0
                100.35657745846,6.1693001679618,0
                100.356359446598,6.17205422162215,0
                100.356286709522,6.17481583032464,0
                100.356359446598,6.17757742462634,0
                100.35657745846,6.18033143524205,0
                100.356940147551,6.18307031379078,0
                100.357446519767,6.18578655348346,0
                100.358095187176,6.18847270969557,0
                100.358884371826,6.19112142036796,0
                100.359811910616,6.19372542618027,0
                100.360875261228,6.19627759044156,0
                100.362071509091,6.19877091864376,0
                100.363397375373,6.20119857762451,0
                100.364849225967,6.20355391428669,0
                100.36642308145,6.20583047382379,0
                100.368114627996,6.20802201740104,0
                100.369919229191,6.210122539244,0
                100.37183193875,6.21212628308793,0
                100.373847514069,6.2140277579431,0
                100.375960430596,6.21582175313259,0
                100.378164896973,6.21750335256202,0
                100.380454870912,6.21906794818187,0
                100.382824075753,6.2205112526056,0
                100.38526601767,6.22182931084953,0
                100.38777400347,6.22301851116182,0
                100.390341158938,6.22407559491161,0
                100.392960447681,6.2249976655109,0
                100.395624690408,6.22578219634494,0
                100.398326584617,6.22642703768964,0
                100.401058724603,6.22693042259695,0
                100.403813621761,6.22729097173217,0
                100.406583725107,6.22750769715013,0
                100.409361441983,6.22758000499984,0
                100.412139158859,6.22750769715013,0
                100.414909262205,6.22729097173217,0
                100.417664159363,6.22693042259695,0
                100.420396299349,6.22642703768964,0
                100.423098193558,6.22578219634494,0
                100.425762436285,6.2249976655109,0
                100.428381725028,6.22407559491161,0
                100.430948880496,6.22301851116182,0
                100.433456866296,6.22182931084953,0
                100.435898808213,6.2205112526056,0
                100.438268013054,6.21906794818187,0
                100.440557986993,6.21750335256202,0
                100.44276245337,6.21582175313259,0
                100.444875369897,6.2140277579431,0
                100.446890945216,6.21212628308793,0
                100.448803654775,6.210122539244,0
                100.45060825597,6.20802201740104,0
                100.452299802516,6.20583047382379,0
                100.453873657999,6.20355391428669,0
                100.455325508593,6.20119857762451,0
                100.456651374875,6.19877091864376,0
                100.457847622738,6.19627759044156,0
                100.45891097335,6.19372542618027,0
                100.45983851214,6.19112142036796,0
                100.46062769679,6.18847270969557,0
                100.461276364199,6.18578655348346,0
                100.461782736415,6.18307031379078,0
                100.462145425506,6.18033143524205,0
                100.462363437367,6.17757742462634,0
                100.462436174444,6.17481583032464,0
              </coordinates>
            </LinearRing>
          </outerBoundaryIs>
        </Polygon>
      </Placemark>
      <Placemark id="KDH_SE_01.9">
        <name>Kedah</name>
        <description>P.007 Kuala Kedah</description>
        <Style>
          <LineStyle>
            <color>ff0000ff</color>
          </LineStyle>
          <PolyStyle>
            <fill>0</fill>
          </PolyStyle>
        </Style>
        <ExtendedData>
          <SchemaData schemaUrl="#KDH_SE_01">
            <SimpleData name="state">P.007</SimpleData>
            <SimpleData name="parlimen">N.09 Langkawi</SimpleData>
            <SimpleData name="code_parlimen">N.09</SimpleData>
            <SimpleData name="dun">14022</SimpleData>
          </SchemaData>
        </ExtendedData>
        <Polygon>
          <outerBoundaryIs>
            <LinearRing>
              <coordinates>
                99.896118577316,6.32534811780489,0
                99.8960435328839,6.32249972500585,0
                99.8958186052791,6.31965912382826,0
                99.8954444110125,6.31683410036197,0
                99.8949219757247,6.31403239812522,0
                99.8942527313744,6.31126169683649,0
                99.8934385123139,6.30852959136002,0
                99.892481550261,6.30584357088248,0
                99.8913844681823,6.30321099837824,0
                99.8901502731033,6.30063909041932,0
                99.8887823478671,6.29813489738571,0
                99.8872844418616,6.2957052841302,0
                99.8856606607431,6.293356911151,0
                99.8839154551827,6.29109621632371,0
                99.8820536086677,6.28892939724307,0
                99.8800802243898,6.2868623942227,0
                99.8780007112582,6.284900874,0
                99.8758207690739,6.28305021419055,0
                99.8735463729068,6.28131548853513,0
                99.8711837567188,6.27970145297976,0
                99.8687393962766,6.27821253262708,0
                99.8662199914023,6.27685280959507,0
                99.8636324476095,6.27562601181632,0
                99.8609838571758,6.27453550280894,0
                99.8582814797037,6.27358427244704,0
                99.8555327222218,6.27277492875631,0
                99.8527451188834,6.27210969075725,0
                99.8499263103154,6.27159038237574,0
                99.8470840226763,6.27121842743786,0
                99.8442260464789,6.27099484576243,0
                99.8413602152372,6.27092025036236,0
                99.8384943839955,6.27099484576243,0
                99.835636407798,6.27121842743786,0
                99.8327941201589,6.27159038237574,0
                99.829975311591,6.27210969075725,0
                99.8271877082526,6.27277492875631,0
                99.8244389507707,6.27358427244704,0
                99.8217365732985,6.27453550280894,0
                99.8190879828649,6.27562601181632,0
                99.8165004390721,6.27685280959507,0
                99.8139810341978,6.27821253262708,0
                99.8115366737556,6.27970145297976,0
                99.8091740575675,6.28131548853513,0
                99.8068996614005,6.28305021419055,0
                99.8047197192161,6.284900874,0
                99.8026402060846,6.2868623942227,0
                99.8006668218067,6.28892939724307,0
                99.7988049752916,6.29109621632371,0
                99.7970597697313,6.293356911151,0
                99.7954359886127,6.2957052841302,0
                99.7939380826073,6.29813489738571,0
                99.7925701573711,6.30063909041932,0
                99.7913359622921,6.30321099837824,0
                99.7902388802133,6.30584357088248,0
                99.7892819181605,6.30852959136002,0
                99.7884676990999,6.31126169683649,0
                99.7877984547496,6.31403239812522,0
                99.7872760194618,6.31683410036197,0
                99.7869018251953,6.31965912382826,0
                99.7866768975905,6.32249972500585,0
                99.7866018531583,6.32534811780489,0
                99.7866768975905,6.32819649490732,0
                99.7869018251953,6.33103704916704,0
                99.7872760194618,6.33386199500826,0
                99.7877984547496,6.33666358976322,0
                99.7884676990999,6.33943415489102,0
                99.7892819181605,6.34216609701924,0
                99.7902388802133,6.34485192875087,0
                99.7913359622921,6.3474842891795,0
                99.7925701573711,6.35005596405666,0
                99.7939380826073,6.35255990555604,0
                99.7954359886127,6.35498925158072,0
                99.7970597697313,6.35733734456033,0
                99.7988049752916,6.359597749687,0
                99.8006668218067,6.36176427254004,0
                99.8026402060846,6.3638309760513,0
                99.8047197192161,6.36579219676491,0
                99.8068996614005,6.36764256034678,0
                99.8091740575675,6.36937699630164,0
                99.8115366737556,6.3709907518575,0
                99.8139810341978,6.37247940497945,0
                99.8165004390721,6.37383887647735,0
                99.8190879828649,6.37506544117443,0
                99.8217365732985,6.37615573810631,0
                99.8244389507707,6.37710677972242,0
                99.8271877082526,6.377915960065,0
                99.829975311591,6.37858106190322,0
                99.8327941201589,6.379100262803,0
                99.835636407798,6.37947214011587,0
                99.8384943839955,6.37969567487349,0
                99.8413602152372,6.37977025457694,0
                99.8442260464789,6.37969567487349,0
                99.8470840226763,6.37947214011587,0
                99.8499263103154,6.379100262803,0
                99.8527451188834,6.37858106190322,0
                99.8555327222218,6.377915960065,0
                99.8582814797037,6.37710677972242,0
                99.8609838571758,6.37615573810631,0
                99.8636324476095,6.37506544117443,0
                99.8662199914023,6.37383887647735,0
                99.8687393962766,6.37247940497945,0
                99.8711837567188,6.3709907518575,0
                99.8735463729068,6.36937699630164,0
                99.8758207690739,6.36764256034678,0
                99.8780007112582,6.36579219676491,0
                99.8800802243898,6.3638309760513,0
                99.8820536086677,6.36176427254004,0
                99.8839154551827,6.359597749687,0
                99.8856606607431,6.35733734456033,0
                99.8872844418616,6.35498925158072,0
                99.8887823478671,6.35255990555604,0
                99.8901502731033,6.35005596405666,0
                99.8913844681823,6.3474842891795,0
                99.892481550261,6.34485192875087,0
                99.8934385123139,6.34216609701924,0
                99.8942527313744,6.33943415489102,0
                99.8949219757247,6.33666358976322,0
                99.8954444110125,6.33386199500826,0
                99.8958186052791,6.33103704916704,0
                99.8960435328839,6.32819649490732,0
                99.896118577316,6.32534811780489,0
              </coordinates>
            </LinearRing>
          </outerBoundaryIs>
        </Polygon>
      </Placemark>
      <Placemark id="KDH_SE_01.10">
        <name>Kedah</name>
        <description>P.007 Kuala Kedah</description>
        <Style>
          <LineStyle>
            <color>ff0000ff</color>
          </LineStyle>
          <PolyStyle>
            <fill>0</fill>
          </PolyStyle>
        </Style>
        <ExtendedData>
          <SchemaData schemaUrl="#KDH_SE_01">
            <SimpleData name="state">P.007</SimpleData>
            <SimpleData name="parlimen">N.10 Kota Star Barat</SimpleData>
            <SimpleData name="code_parlimen">N.10</SimpleData>
            <SimpleData name="dun">11924</SimpleData>
          </SchemaData>
        </ExtendedData>
        <Polygon>
          <outerBoundaryIs>
            <LinearRing>
              <coordinates>
                100.357908997082,6.15666190979926,0
                100.357839794152,6.15403439247865,0
                100.357632375045,6.15141406406155,0
                100.357287308281,6.14880810685091,0
                100.356805539664,6.14622366386334,0
                100.356188389689,6.14366781924768,0
                100.35543754992,6.14114757886363,0
                100.354555078358,6.13866985107407,0
                100.353543393796,6.13624142780347,0
                100.35240526919,6.13386896591465,0
                100.351143824061,6.13155896895479,0
                100.349762515943,6.12931776932101,0
                100.348265130905,6.12715151089422,0
                100.346655773175,6.12506613218929,0
                100.344938853891,6.12306735006761,0
                100.34311907901,6.12116064405675,0
                100.341201436407,6.11935124132055,0
                100.339191182209,6.11764410232073,0
                100.337093826381,6.11604390720958,0
                100.334915117631,6.11455504299096,0
                100.332661027648,6.1131815914853,0
                100.330337734735,6.11192731813123,0
                100.327951606878,6.11079566165495,0
                100.325509184286,6.10978972463569,0
                100.323017161471,6.10891226499321,0
                100.320482368893,6.10816568842072,0
                100.317911754243,6.1075520417842,0
                100.315312363397,6.10707300750599,0
                100.312691321105,6.1067298989485,0
                100.310055811461,6.10652365681037,0
                100.307413058214,6.10645484654529,0
                100.304770304967,6.10652365681037,0
                100.302134795323,6.1067298989485,0
                100.29951375303,6.10707300750599,0
                100.296914362185,6.1075520417842,0
                100.294343747535,6.10816568842072,0
                100.291808954957,6.10891226499321,0
                100.289316932142,6.10978972463569,0
                100.28687450955,6.11079566165495,0
                100.284488381693,6.11192731813123,0
                100.28216508878,6.1131815914853,0
                100.279910998797,6.11455504299096,0
                100.277732290047,6.11604390720958,0
                100.275634934219,6.11764410232073,0
                100.273624680021,6.11935124132055,0
                100.271707037418,6.12116064405675,0
                100.269887262537,6.12306735006761,0
                100.268170343253,6.12506613218929,0
                100.266560985523,6.12715151089422,0
                100.265063600485,6.12931776932101,0
                100.263682292367,6.13155896895479,0
                100.262420847238,6.13386896591465,0
                100.261282722632,6.13624142780347,0
                100.26027103807,6.13866985107407,0
                100.259388566508,6.14114757886363,0
                100.258637726739,6.14366781924768,0
                100.258020576764,6.14622366386334,0
                100.257538808147,6.14880810685091,0
                100.257193741383,6.15141406406155,0
                100.256986322276,6.15403439247865,0
                100.256917119346,6.15666190979926,0
                100.256986322276,6.1592894141222,0
                100.257193741383,6.16190970368873,0
                100.257538808147,6.16451559662157,0
                100.258020576764,6.1670999506083,0
                100.258637726739,6.16965568247521,0
                100.259388566508,6.17217578759793,0
                100.26027103807,6.1746533590955,0
                100.261282722632,6.17708160675585,0
                100.262420847238,6.17945387564015,0
                100.263682292367,6.18176366431582,0
                100.265063600485,6.18400464266778,0
                100.266560985523,6.18617066923952,0
                100.268170343253,6.1882558080564,0
                100.269887262537,6.19025434488531,0
                100.271707037418,6.19216080288617,0
                100.273624680021,6.19396995761237,0
                100.275634934219,6.19567685131944,0
                100.277732290047,6.19727680654261,0
                100.279910998797,6.19876543890621,0
                100.28216508878,6.20013866913011,0
                100.284488381693,6.20139273420007,0
                100.28687450955,6.20252419767192,0
                100.289316932142,6.203529959081,0
                100.291808954957,6.20440726243158,0
                100.294343747535,6.2051537037428,0
                100.296914362185,6.20576723763067,0
                100.29951375303,6.20624618290808,0
                100.302134795323,6.20658922718779,0
                100.304770304967,6.20679543047537,0
                100.307413058214,6.2068642277428,0
                100.310055811461,6.20679543047537,0
                100.312691321105,6.20658922718779,0
                100.315312363397,6.20624618290808,0
                100.317911754243,6.20576723763067,0
                100.320482368893,6.2051537037428,0
                100.323017161471,6.20440726243158,0
                100.325509184286,6.203529959081,0
                100.327951606878,6.20252419767192,0
                100.330337734735,6.20139273420007,0
                100.332661027648,6.20013866913011,0
                100.334915117631,6.19876543890621,0
                100.337093826381,6.19727680654261,0
                100.339191182209,6.19567685131944,0
                100.341201436407,6.19396995761237,0
                100.34311907901,6.19216080288617,0
                100.344938853891,6.19025434488531,0
                100.346655773175,6.1882558080564,0
                100.348265130905,6.18617066923952,0
                100.349762515943,6.18400464266778,0
                100.351143824061,6.18176366431582,0
                100.35240526919,6.17945387564015,0
                100.353543393796,6.17708160675585,0
                100.354555078358,6.1746533590955,0
                100.35543754992,6.17217578759793,0
                100.356188389689,6.16965568247521,0
                100.356805539664,6.1670999506083,0
                100.357287308281,6.16451559662157,0
                100.357632375045,6.16190970368873,0
                100.357839794152,6.1592894141222,0
                100.357908997082,6.15666190979926,0
              </coordinates>
            </LinearRing>
          </outerBoundaryIs>
        </Polygon>
      </Placemark>
      <Placemark id="KDH_SE_01.11">
        <name>Kedah</name>
        <description>P.008 Kota Star Selatan</description>
        <Style>
          <LineStyle>
            <color>ff0000ff</color>
          </LineStyle>
          <PolyStyle>
            <fill>0</fill>
          </PolyStyle>
        </Style>
        <ExtendedData>
          <SchemaData schemaUrl="#KDH_SE_01">
            <SimpleData name="state">P.008</SimpleData>
            <SimpleData name="parlimen">N.11 Kangkong-Bukit Raya</SimpleData>
            <SimpleData name="code_parlimen">N.11</SimpleData>
            <SimpleData name="dun">11057</SimpleData>
          </SchemaData>
        </ExtendedData>
        <Polygon>
          <outerBoundaryIs>
            <LinearRing>
              <coordinates>
                100.47682203507,6.01081958858168,0
                100.476755395505,6.00828871170744,0
                100.476555659467,6.00576476007265,0
                100.476223374417,6.0032546518026,0
                100.475759451125,6.00076526717319,0
                100.475165161174,5.99830342974991,0
                100.47444213347,5.99587588768114,0
                100.473592349782,5.99348929519732,0
                100.472618139309,5.99115019436652,0
                100.471522172293,5.9888649971567,0
                100.470307452704,5.98663996785366,0
                100.468977310004,5.9844812058833,0
                100.467535390022,5.98239462908495,0
                100.465985644959,5.98038595748192,0
                100.46433232256,5.97846069759402,0
                100.462579954466,5.97662412733476,0
                100.460733343796,5.97488128153498,0
                100.458797551982,5.9732369381328,0
                100.456777884895,5.97169560506755,0
                100.454679878301,5.97026150791392,0
                100.452509282692,5.96893857829031,0
                100.450272047518,5.96773044307317,0
                100.447974304886,5.96664041444716,0
                100.445622352749,5.96567148081821,0
                100.443222637644,5.96482629861483,0
                100.440781737023,5.96410718499997,0
                100.438306341225,5.96351611151352,0
                100.435803235138,5.96305469866311,0
                100.433279279602,5.96272421147782,0
                100.430741392604,5.96252555603731,0
                100.428196530314,5.96245927698573,0
                100.425651668025,5.96252555603731,0
                100.423113781027,5.96272421147782,0
                100.420589825491,5.96305469866311,0
                100.418086719404,5.96351611151352,0
                100.415611323606,5.96410718499997,0
                100.413170422985,5.96482629861483,0
                100.41077070788,5.96567148081821,0
                100.408418755742,5.96664041444716,0
                100.406121013111,5.96773044307317,0
                100.403883777937,5.96893857829031,0
                100.401713182327,5.97026150791392,0
                100.399615175734,5.97169560506755,0
                100.397595508647,5.9732369381328,0
                100.395659716833,5.97488128153498,0
                100.393813106163,5.97662412733476,0
                100.392060738069,5.97846069759402,0
                100.39040741567,5.98038595748192,0
                100.388857670607,5.98239462908495,0
                100.387415750625,5.9844812058833,0
                100.386085607925,5.98663996785366,0
                100.384870888336,5.9888649971567,0
                100.38377492132,5.99115019436652,0
                100.382800710846,5.99348929519732,0
                100.381950927159,5.99587588768114,0
                100.381227899455,5.99830342974991,0
                100.380633609504,6.00076526717319,0
                100.380169686212,6.0032546518026,0
                100.379837401162,6.00576476007265,0
                100.379637665124,6.00828871170744,0
                100.379571025559,6.01081958858168,0
                100.379637665124,6.01335045368458,0
                100.379837401162,6.01587437013433,0
                100.380169686212,6.01838442019112,0
                100.380633609504,6.02087372421687,0
                100.381227899455,6.02333545952919,0
                100.381950927159,6.02576287909844,0
                100.382800710846,6.0281493300363,0
                100.38377492132,6.03048827182556,0
                100.384870888336,6.03277329424073,0
                100.386085607925,6.03499813491105,0
                100.387415750625,6.03715669647739,0
                100.388857670607,6.03924306329604,0
                100.39040741567,6.0412515176443,0
                100.392060738069,6.04317655538264,0
                100.393813106163,6.04501290103148,0
                100.395659716833,6.04675552222082,0
                100.397595508647,6.04839964347346,0
                100.399615175734,6.04994075928398,0
                100.401713182327,6.05137464645796,0
                100.403883777937,6.0526973756776,0
                100.406121013111,6.0539053222621,0
                100.408418755742,6.05499517609351,0
                100.41077070788,6.05596395068097,0
                100.413170422985,6.05680899133847,0
                100.415611323606,6.05752798245387,0
                100.418086719404,6.05811895382941,0
                100.420589825491,6.0585802860762,0
                100.423113781027,6.05891071504827,0
                100.425651668025,6.05910933530375,0
                100.428196530314,6.05917560258401,0
                100.430741392604,6.05910933530375,0
                100.433279279602,6.05891071504827,0
                100.435803235138,6.0585802860762,0
                100.438306341225,6.05811895382941,0
                100.440781737023,6.05752798245387,0
                100.443222637644,6.05680899133847,0
                100.445622352749,6.05596395068097,0
                100.447974304886,6.05499517609351,0
                100.450272047518,6.0539053222621,0
                100.452509282692,6.0526973756776,0
                100.454679878301,6.05137464645796,0
                100.456777884895,6.04994075928398,0
                100.458797551982,6.04839964347346,0
                100.460733343796,6.04675552222082,0
                100.462579954466,6.04501290103148,0
                100.46433232256,6.04317655538264,0
                100.465985644959,6.0412515176443,0
                100.467535390022,6.03924306329604,0
                100.468977310004,6.03715669647739,0
                100.470307452704,6.03499813491105,0
                100.471522172293,6.03277329424073,0
                100.472618139309,6.03048827182556,0
                100.473592349782,6.0281493300363,0
                100.47444213347,6.02576287909844,0
                100.475165161174,6.02333545952919,0
                100.475759451125,6.02087372421687,0
                100.476223374417,6.01838442019112,0
                100.476555659467,6.01587437013433,0
                100.476755395505,6.01335045368458,0
                100.47682203507,6.01081958858168,0
              </coordinates>
            </LinearRing>
          </outerBoundaryIs>
        </Polygon>
      </Placemark>
      <Placemark id="KDH_SE_01.12">
        <name>Kedah</name>
        <description>P.008 Kota Star Selatan</description>
        <Style>
          <LineStyle>
            <color>ff0000ff</color>
          </LineStyle>
          <PolyStyle>
            <fill>0</fill>
          </PolyStyle>
        </Style>
        <ExtendedData>
          <SchemaData schemaUrl="#KDH_SE_01">
            <SimpleData name="state">P.008</SimpleData>
            <SimpleData name="parlimen">N.12 Padang</SimpleData>
            <SimpleData name="code_parlimen">N.12</SimpleData>
            <SimpleData name="dun">10012</SimpleData>
          </SchemaData>
        </ExtendedData>
        <Polygon>
          <outerBoundaryIs>
            <LinearRing>
              <coordinates>
                100.612328759482,5.95777958180244,0
                100.612265347122,5.95537103621852,0
                100.612075283852,5.95296908177206,0
                100.611759090621,5.9505803021871,0
                100.611317634094,5.94821124516092,0
                100.610752124271,5.94586840441497,0
                100.610064111177,5.94355820189254,0
                100.609255480607,5.94128697015257,0
                100.608328448961,5.93906093500748,0
                100.607285557169,5.93688619845289,0
                100.606129663724,5.93476872193598,0
                100.60486393685,5.93271431000853,0
                100.603491845817,5.93072859440942,0
                100.60201715143,5.92881701862029,0
                100.600443895725,5.92698482293698,0
                100.598776390886,5.92523703009736,0
                100.597019207428,5.92357843150554,0
                100.595177161669,5.92201357408995,0
                100.593255302527,5.92054674783149,0
                100.591258897685,5.91918197399613,0
                100.589193419151,5.91792299410421,0
                100.587064528257,5.91677325966683,0
                100.584878060146,5.91573592271747,0
                100.582640007773,5.91481382716501,0
                100.580356505486,5.91400950099178,0
                100.578033812205,5.91332514931821,0
                100.575678294272,5.91276264835314,0
                100.573296407997,5.9123235402464,0
                100.570894681964,5.91200902885775,0
                100.568479699139,5.91181997645411,0
                100.56605807882,5.91175690134371,0
                100.563636458502,5.91181997645411,0
                100.561221475676,5.91200902885775,0
                100.558819749644,5.9123235402464,0
                100.556437863369,5.91276264835314,0
                100.554082345435,5.91332514931821,0
                100.551759652155,5.91400950099178,0
                100.549476149868,5.91481382716501,0
                100.547238097495,5.91573592271747,0
                100.545051629383,5.91677325966683,0
                100.542922738489,5.91792299410421,0
                100.540857259955,5.91918197399613,0
                100.538860855114,5.92054674783149,0
                100.536938995972,5.92201357408995,0
                100.535096950213,5.92357843150554,0
                100.533339766754,5.92523703009736,0
                100.531672261915,5.92698482293698,0
                100.53009900621,5.92881701862029,0
                100.528624311824,5.93072859440942,0
                100.527252220791,5.93271431000853,0
                100.525986493917,5.93476872193598,0
                100.524830600472,5.93688619845289,0
                100.52378770868,5.93906093500748,0
                100.522860677034,5.94128697015257,0
                100.522052046464,5.94355820189254,0
                100.521364033369,5.94586840441497,0
                100.520798523547,5.94821124516092,0
                100.520357067019,5.9505803021871,0
                100.520040873789,5.95296908177206,0
                100.519850810518,5.95537103621852,0
                100.519787398159,5.95777958180244,0
                100.519850810518,5.96018811682024,0
                100.520040873789,5.96259003968405,0
                100.520357067019,5.96497876701589,0
                100.520798523547,5.96734775169095,0
                100.521364033369,5.9696905007805,0
                100.522052046464,5.97200059334543,0
                100.522860677034,5.97427169803154,0
                100.52378770868,5.97649759041844,0
                100.524830600472,5.97867217007462,0
                100.525986493917,5.98078947727186,0
                100.527252220791,5.98284370931351,0
                100.528624311824,5.98482923643157,0
                100.53009900621,5.98674061720938,0
                100.531672261915,5.98857261348778,0
                100.533339766754,5.99032020471354,0
                100.535096950213,5.99197860169153,0
                100.536938995972,5.9935432597022,0
                100.538860855114,5.9950098909494,0
                100.540857259955,5.99637447630373,0
                100.542922738489,5.9976332763099,0
                100.545051629383,5.99878284142766,0
                100.547238097495,5.99982002147863,0
                100.549476149868,6.00074197427295,0
                100.551759652155,6.00154617339239,0
                100.554082345435,6.00223041510853,0
                100.556437863369,6.00279282441723,0
                100.558819749644,6.0032318601729,0
                100.561221475676,6.00354631930844,0
                100.563636458502,6.00373534012945,0
                100.56605807882,6.00379840467373,0
                100.568479699139,6.00373534012945,0
                100.570894681964,6.00354631930844,0
                100.573296407997,6.0032318601729,0
                100.575678294272,6.00279282441723,0
                100.578033812205,6.00223041510853,0
                100.580356505486,6.00154617339239,0
                100.582640007773,6.00074197427295,0
                100.584878060146,5.99982002147863,0
                100.587064528257,5.99878284142766,0
                100.589193419151,5.9976332763099,0
                100.591258897685,5.99637447630373,0
                100.593255302527,5.9950098909494,0
                100.595177161669,5.9935432597022,0
                100.597019207428,5.99197860169153,0
                100.598776390886,5.99032020471354,0
                100.600443895725,5.98857261348778,0
                100.60201715143,5.98674061720938,0
                100.603491845817,5.98482923643157,0
                100.60486393685,5.98284370931351,0
                100.606129663724,5.98078947727186,0
                100.607285557169,5.97867217007462,0
                100.608328448961,5.97649759041844,0
                100.609255480607,5.97427169803154,0
                100.610064111177,5.97200059334543,0
                100.610752124271,5.9696905007805,0
                100.611317634094,5.96734775169095,0
                100.611759090621,5.96497876701589,0
                100.612075283852,5.96259003968405,0
                100.612265347122,5.96018811682024,0
                100.612328759482,5.95777958180244,0
              </coordinates>
            </LinearRing>
          </outerBoundaryIs>
        </Polygon>
      </Placemark>
      <Placemark id="KDH_SE_01.13">
        <name>Kedah</name>
        <description>P.009 Kedah Tengah</description>
        <Style>
          <LineStyle>
            <color>ff0000ff</color>
          </LineStyle>
          <PolyStyle>
            <fill>0</fill>
          </PolyStyle>
        </Style>
        <ExtendedData>
          <SchemaData schemaUrl="#KDH_SE_01">
            <SimpleData name="state">P.009</SimpleData>
            <SimpleData name="parlimen">N.13 Sik-Gurun</SimpleData>
            <SimpleData name="code_parlimen">N.13</SimpleData>
            <SimpleData name="dun">11342</SimpleData>
          </SchemaData>
        </ExtendedData>
        <Polygon>
          <outerBoundaryIs>
            <LinearRing>
              <coordinates>
                100.878803806196,5.97319811130292,0
                100.878736313261,5.97063464789413,0
                100.878534019449,5.96807819881442,0
                100.878197479233,5.96553577126529,0
                100.877727615047,5.96301433411239,0
                100.877125714755,5.96052079878152,0
                100.876393428125,5.95806200031117,0
                100.875532762303,5.95564467861327,0
                100.874546076315,5.95327545999396,0
                100.873436074598,5.95096083898473,0
                100.87220579959,5.94870716053401,0
                100.870858623389,5.94652060260807,0
                100.869398238512,5.94440715924903,0
                100.867828647771,5.94237262413633,0
                100.866154153306,5.94042257469712,0
                100.86437934479,5.93856235680898,0
                100.86250908685,5.9367970701371,0
                100.860548505732,5.93513155414627,0
                100.858502975254,5.93357037482598,0
                100.856378102071,5.93211781216532,0
                100.854179710315,5.93077784841194,0
                100.851913825623,5.92955415714751,0
                100.849586658628,5.92845009320956,0
                100.847204587934,5.92746868348764,0
                100.84477414263,5.92661261861889,0
                100.842301984398,5.92588424560603,0
                100.839794889252,5.92528556137797,0
                100.837259728966,5.92481820731086,0
                100.834703452237,5.92448346472461,0
                100.832133065642,5.92428225136721,0
                100.829555614433,5.92421511889664,0
                100.826978163224,5.92428225136721,0
                100.824407776629,5.92448346472461,0
                100.821851499901,5.92481820731086,0
                100.819316339614,5.92528556137797,0
                100.816809244468,5.92588424560603,0
                100.814337086236,5.92661261861889,0
                100.811906640932,5.92746868348764,0
                100.809524570238,5.92845009320956,0
                100.807197403243,5.92955415714751,0
                100.804931518552,5.93077784841194,0
                100.802733126795,5.93211781216532,0
                100.800608253613,5.93357037482598,0
                100.798562723134,5.93513155414627,0
                100.796602142017,5.9367970701371,0
                100.794731884076,5.93856235680898,0
                100.79295707556,5.94042257469712,0
                100.791282581096,5.94237262413633,0
                100.789712990355,5.94440715924903,0
                100.788252605477,5.94652060260807,0
                100.786905429276,5.94870716053401,0
                100.785675154268,5.95096083898473,0
                100.784565152551,5.95327545999396,0
                100.783578466563,5.95564467861327,0
                100.782717800741,5.95806200031117,0
                100.781985514111,5.96052079878152,0
                100.78138361382,5.96301433411239,0
                100.780913749633,5.96553577126529,0
                100.780577209418,5.96807819881442,0
                100.780374915605,5.97063464789413,0
                100.78030742267,5.97319811130292,0
                100.780374915605,5.97576156271144,0
                100.780577209418,5.9783179759218,0
                100.780913749633,5.98086034412548,0
                100.78138361382,5.98338169910708,0
                100.781985514111,5.98587513034103,0
                100.782717800741,5.9883338039294,0
                100.783578466563,5.99075098132844,0
                100.784565152551,5.99312003781303,0
                100.785675154268,5.99543448062804,0
                100.786905429276,5.99768796677738,0
                100.788252605477,5.99987432040164,0
                100.789712990355,6.00198754969714,0
                100.791282581096,6.00402186332972,0
                100.79295707556,6.00597168629882,0
                100.794731884076,6.00783167520811,0
                100.796602142017,6.00959673290116,0
                100.798562723134,6.01126202242189,0
                100.800608253613,6.0128229802621,0
                100.802733126795,6.01427532885924,0
                100.804931518552,6.01561508831102,0
                100.807197403243,6.01683858727414,0
                100.809524570238,6.01794247301793,0
                100.811906640932,6.01892372060519,0
                100.814337086236,6.01977964117515,0
                100.816809244468,6.02050788930609,0
                100.819316339614,6.02110646943731,0
                100.821851499901,6.02157374133314,0
                100.824407776629,6.02190842457399,0
                100.826978163224,6.02210960206207,0
                100.829555614433,6.02217672253237,0
                100.832133065642,6.02210960206207,0
                100.834703452237,6.02190842457399,0
                100.837259728966,6.02157374133314,0
                100.839794889252,6.02110646943731,0
                100.842301984398,6.02050788930609,0
                100.84477414263,6.01977964117515,0
                100.847204587934,6.01892372060519,0
                100.849586658628,6.01794247301793,0
                100.851913825623,6.01683858727414,0
                100.854179710315,6.01561508831102,0
                100.856378102071,6.01427532885924,0
                100.858502975254,6.0128229802621,0
                100.860548505732,6.01126202242189,0
                100.86250908685,6.00959673290116,0
                100.86437934479,6.00783167520811,0
                100.866154153306,6.00597168629882,0
                100.867828647771,6.00402186332972,0
                100.869398238512,6.00198754969714,0
                100.870858623389,5.99987432040164,0
                100.87220579959,5.99768796677738,0
                100.873436074598,5.99543448062804,0
                100.874546076315,5.99312003781303,0
                100.875532762303,5.99075098132844,0
                100.876393428125,5.9883338039294,0
                100.877125714755,5.98587513034103,0
                100.877727615047,5.98338169910708,0
                100.878197479233,5.98086034412548,0
                100.878534019449,5.9783179759218,0
                100.878736313261,5.97576156271144,0
                100.878803806196,5.97319811130292,0
              </coordinates>
            </LinearRing>
          </outerBoundaryIs>
        </Polygon>
      </Placemark>
      <Placemark id="KDH_SE_01.14">
        <name>Kedah</name>
        <description>P.009 Kedah Tengah</description>
        <Style>
          <LineStyle>
            <color>ff0000ff</color>
          </LineStyle>
          <PolyStyle>
            <fill>0</fill>
          </PolyStyle>
        </Style>
        <ExtendedData>
          <SchemaData schemaUrl="#KDH_SE_01">
            <SimpleData name="state">P.009</SimpleData>
            <SimpleData name="parlimen">N.14 Kota</SimpleData>
            <SimpleData name="code_parlimen">N.14</SimpleData>
            <SimpleData name="dun">11330</SimpleData>
          </SchemaData>
        </ExtendedData>
        <Polygon>
          <outerBoundaryIs>
            <LinearRing>
              <coordinates>
                100.468908455472,5.68111822474274,0
                100.468840998251,5.67855478478661,0
                100.468638811482,5.67599835968382,0
                100.468302449345,5.6734559565629,0
                100.467832833786,5.67093454421055,0
                100.467231251989,5.66844103396798,0
                100.466499352846,5.66598226078382,0
                100.465639142443,5.6635649644755,0
                100.464652978557,5.66119577125033,0
                100.463543564195,5.65888117553741,0
                100.462313940183,5.65662752217982,0
                100.460967476837,5.65444098903613,0
                100.459507864718,5.6523275700392,0
                100.457939104522,5.65029305875839,0
                100.456265496111,5.64834303251073,0
                100.45449162673,5.64648283706444,0
                100.452622358431,5.64471757197685,0
                100.45066281475,5.64305207660727,0
                100.448618366658,5.64149091684288,0
                100.446494617847,5.64003837257433,0
                100.444297389363,5.63869842595555,0
                100.442032703658,5.63747475047993,0
                100.439706768077,5.63637070090282,0
                100.437325957849,5.63538930403836,0
                100.434896798608,5.63453325045563,0
                100.432425948512,5.63380488709723,0
                100.429920179989,5.63320621084034,0
                100.427386361175,5.63273886301821,0
                100.424831437093,5.63240412491699,0
                100.422262410611,5.63220291426039,0
                100.419686323253,5.6321357826917,0
                100.417110235896,5.63220291426039,0
                100.414541209414,5.63240412491699,0
                100.411986285332,5.63273886301821,0
                100.409452466518,5.63320621084034,0
                100.406946697995,5.63380488709723,0
                100.404475847899,5.63453325045563,0
                100.402046688658,5.63538930403836,0
                100.39966587843,5.63637070090282,0
                100.397339942849,5.63747475047993,0
                100.395075257144,5.63869842595555,0
                100.39287802866,5.64003837257433,0
                100.390754279849,5.64149091684288,0
                100.388709831757,5.64305207660727,0
                100.386750288076,5.64471757197685,0
                100.384881019777,5.64648283706444,0
                100.383107150396,5.64834303251073,0
                100.381433541985,5.65029305875839,0
                100.379864781789,5.6523275700392,0
                100.37840516967,5.65444098903613,0
                100.377058706324,5.65662752217982,0
                100.375829082312,5.65888117553741,0
                100.37471966795,5.66119577125033,0
                100.373733504064,5.6635649644755,0
                100.372873293661,5.66598226078382,0
                100.372141394518,5.66844103396798,0
                100.371539812721,5.67093454421055,0
                100.371070197162,5.6734559565629,0
                100.370733835025,5.67599835968382,0
                100.370531648256,5.67855478478661,0
                100.370464191035,5.68111822474274,0
                100.370531648256,5.68368165328955,0
                100.370733835025,5.6862380442894,0
                100.371070197162,5.68878039098741,0
                100.371539812721,5.69130172521503,0
                100.372141394518,5.69379513648706,0
                100.372873293661,5.69625379093912,0
                100.373733504064,5.69867095005473,0
                100.37471966795,5.70103998912963,0
                100.375829082312,5.70335441542365,0
                100.377058706324,5.70560788594992,0
                100.37840516967,5.70779422485296,0
                100.379864781789,5.70990744032809,0
                100.381433541985,5.71194174103575,0
                100.383107150396,5.71389155196601,0
                100.384881019777,5.71575152970972,0
                100.386750288076,5.71751657709473,0
                100.388709831757,5.71918185714692,0
                100.390754279849,5.72074280633821,0
                100.39287802866,5.722195147085,0
                100.395075257144,5.72353489946317,0
                100.397339942849,5.72475839210752,0
                100.39966587843,5.7258622722658,0
                100.402046688658,5.72684351498007,0
                100.404475847899,5.72769943137013,0
                100.406946697995,5.72842767599653,0
                100.409452466518,5.7290262532829,0
                100.411986285332,5.72949352298035,0
                100.414541209414,5.72982820465869,0
                100.417110235896,5.73002938121239,0
                100.419686323253,5.73009650137176,0
                100.422262410611,5.73002938121239,0
                100.424831437093,5.72982820465869,0
                100.427386361175,5.72949352298035,0
                100.429920179989,5.7290262532829,0
                100.432425948512,5.72842767599653,0
                100.434896798608,5.72769943137013,0
                100.437325957849,5.72684351498007,0
                100.439706768077,5.7258622722658,0
                100.442032703658,5.72475839210752,0
                100.444297389363,5.72353489946317,0
                100.446494617847,5.722195147085,0
                100.448618366658,5.72074280633821,0
                100.45066281475,5.71918185714692,0
                100.452622358431,5.71751657709473,0
                100.45449162673,5.71575152970972,0
                100.456265496111,5.71389155196601,0
                100.457939104522,5.71194174103575,0
                100.459507864718,5.70990744032809,0
                100.460967476837,5.70779422485296,0
                100.462313940183,5.70560788594992,0
                100.463543564195,5.70335441542365,0
                100.464652978557,5.70103998912963,0
                100.465639142443,5.69867095005473,0
                100.466499352846,5.69625379093912,0
                100.467231251989,5.69379513648706,0
                100.467832833786,5.69130172521503,0
                100.468302449345,5.68878039098741,0
                100.468638811482,5.6862380442894,0
                100.468840998251,5.68368165328955,0
                100.468908455472,5.68111822474274,0
              </coordinates>
            </LinearRing>
          </outerBoundaryIs>
        </Polygon>
      </Placemark>
      <Placemark id="KDH_SE_01.15">
        <name>Kedah</name>
        <description>P.010 Jerai</description>
        <Style>
          <LineStyle>
            <color>ff0000ff</color>
          </LineStyle>
          <PolyStyle>
            <fill>0</fill>
          </PolyStyle>
        </Style>
        <ExtendedData>
          <SchemaData schemaUrl="#KDH_SE_01">
            <SimpleData name="state">P.010</SimpleData>
            <SimpleData name="parlimen">N.15 Sala</SimpleData>
            <SimpleData name="code_parlimen">N.15</SimpleData>
            <SimpleData name="dun">13098</SimpleData>
          </SchemaData>
        </ExtendedData>
        <Polygon>
          <outerBoundaryIs>
            <LinearRing>
              <coordinates>
                100.454965612196,5.90004982382775,0
                100.454893082478,5.89729469118542,0
                100.454675692124,5.89454709654176,0
                100.454314036985,5.8918145710369,0
                100.453809108333,5.88910460461727,0
                100.453162290142,5.88642462550289,0
                100.452375355296,5.88378197982285,0
                100.451450460729,5.88118391147457,0
                100.450390141512,5.87863754226236,0
                100.449197303907,5.87614985236944,0
                100.447875217399,5.87372766121744,0
                100.446427505734,5.87137760876562,0
                100.444858136991,5.86910613730136,0
                100.443171412699,5.86691947377172,0
                100.441371956052,5.86482361270498,0
                100.439464699237,5.86282429976869,0
                100.437454869911,5.86092701600961,0
                100.435347976877,5.85913696281892,0
                100.433149794982,5.85745904766397,0
                100.430866349291,5.85589787062565,0
                100.428503898569,5.8544577117788,0
                100.426068918129,5.85314251944984,0
                100.423568082083,5.85195589938445,0
                100.42100824505,5.85090110485473,0
                100.418396423364,5.84998102773313,0
                100.415739775847,5.849198190558,0
                100.413045584186,5.84855473961205,0
                100.410321232972,5.84805243903336,0
                100.407574189464,5.84769266597468,0
                100.404811983115,5.84747640682466,0
                100.402042184942,5.84740425450124,0
                100.399272386769,5.84747640682466,0
                100.39651018042,5.84769266597468,0
                100.393763136911,5.84805243903336,0
                100.391038785698,5.84855473961205,0
                100.388344594036,5.849198190558,0
                100.38568794652,5.84998102773313,0
                100.383076124834,5.85090110485473,0
                100.3805162878,5.85195589938445,0
                100.378015451755,5.85314251944984,0
                100.375580471315,5.8544577117788,0
                100.373218020593,5.85589787062565,0
                100.370934574901,5.85745904766397,0
                100.368736393007,5.85913696281892,0
                100.366629499973,5.86092701600961,0
                100.364619670647,5.86282429976869,0
                100.362712413832,5.86482361270498,0
                100.360912957185,5.86691947377172,0
                100.359226232893,5.86910613730136,0
                100.357656864149,5.87137760876562,0
                100.356209152485,5.87372766121744,0
                100.354887065976,5.87614985236944,0
                100.353694228371,5.87863754226236,0
                100.352633909154,5.88118391147457,0
                100.351709014587,5.88378197982285,0
                100.350922079742,5.88642462550289,0
                100.350275261551,5.88910460461727,0
                100.349770332899,5.8918145710369,0
                100.34940867776,5.89454709654176,0
                100.349191287406,5.89729469118542,0
                100.349118757688,5.90004982382775,0
                100.349191287406,5.90280494277919,0
                100.34940867776,5.90555249650013,0
                100.349770332899,5.90828495429881,0
                100.350275261551,5.91099482697063,0
                100.350922079742,5.91367468732268,0
                100.351709014587,5.91631719052704,0
                100.352633909154,5.91891509424729,0
                100.353694228371,5.92146127848283,0
                100.354887065976,5.92394876507707,0
                100.356209152485,5.92637073683579,0
                100.357656864149,5.92872055620342,0
                100.359226232893,5.93099178344634,0
                100.360912957185,5.93317819429319,0
                100.362712413832,5.93527379698414,0
                100.364619670647,5.93727284868248,0
                100.366629499973,5.93916987120363,0
                100.368736393007,5.94095966601857,0
                100.370934574901,5.94263732849079,0
                100.373218020593,5.94419826130779,0
                100.375580471315,5.94563818707055,0
                100.378015451755,5.94695316000629,0
                100.3805162878,5.9481395767731,0
                100.383076124834,5.94919418632625,0
                100.38568794652,5.9501140988199,0
                100.388344594036,5.95089679351944,0
                100.391038785698,5.95154012570312,0
                100.393763136911,5.95204233253406,0
                100.39651018042,5.95240203788662,0
                100.399272386769,5.95261825611396,0
                100.402042184942,5.95269039474648,0
                100.404811983115,5.95261825611396,0
                100.407574189464,5.95240203788662,0
                100.410321232972,5.95204233253406,0
                100.413045584186,5.95154012570312,0
                100.415739775847,5.95089679351944,0
                100.418396423364,5.9501140988199,0
                100.42100824505,5.94919418632625,0
                100.423568082083,5.9481395767731,0
                100.426068918129,5.94695316000629,0
                100.428503898569,5.94563818707055,0
                100.430866349291,5.94419826130779,0
                100.433149794982,5.94263732849079,0
                100.435347976877,5.94095966601857,0
                100.437454869911,5.93916987120363,0
                100.439464699237,5.93727284868248,0
                100.441371956052,5.93527379698414,0
                100.443171412699,5.93317819429319,0
                100.444858136991,5.93099178344634,0
                100.446427505734,5.92872055620342,0
                100.447875217399,5.92637073683579,0
                100.449197303907,5.92394876507707,0
                100.450390141512,5.92146127848283,0
                100.451450460729,5.91891509424729,0
                100.452375355296,5.91631719052704,0
                100.453162290142,5.91367468732268,0
                100.453809108333,5.91099482697063,0
                100.454314036985,5.90828495429881,0
                100.454675692124,5.90555249650013,0
                100.454893082478,5.90280494277919,0
                100.454965612196,5.90004982382775,0
              </coordinates>
            </LinearRing>
          </outerBoundaryIs>
        </Polygon>
      </Placemark>
      <Placemark id="KDH_SE_01.16">
        <name>Kedah</name>
        <description>P.010 Jerai</description>
        <Style>
          <LineStyle>
            <color>ff0000ff</color>
          </LineStyle>
          <PolyStyle>
            <fill>0</fill>
          </PolyStyle>
        </Style>
        <ExtendedData>
          <SchemaData schemaUrl="#KDH_SE_01">
            <SimpleData name="state">P.010</SimpleData>
            <SimpleData name="parlimen">N.16 Yen-Merbok</SimpleData>
            <SimpleData name="code_parlimen">N.16</SimpleData>
            <SimpleData name="dun">11722</SimpleData>
          </SchemaData>
        </ExtendedData>
        <Polygon>
          <outerBoundaryIs>
            <LinearRing>
              <coordinates>
                100.48737373708,5.79148872331522,0
                100.487305122825,5.78888181924613,0
                100.487099468126,5.78628204854434,0
                100.48675733667,5.78369653715353,0
                100.486279666214,5.78113237203,0
                100.48566776602,5.77859658171505,0
                100.484923313265,5.77609611706639,0
                100.48404834844,5.77363783220152,0
                100.483045269764,5.7712284657054,0
                100.481916826607,5.76887462215378,0
                100.480666111951,5.7665827540033,0
                100.479296553919,5.76435914389754,0
                100.477811906375,5.76220988743809,0
                100.476216238634,5.76014087646779,0
                100.474513924311,5.75815778291187,0
                100.47270962933,5.75626604322174,0
                100.47080829914,5.75447084346384,0
                100.468815145153,5.75277710509478,0
                100.466735630466,5.75118947146176,0
                100.464575454885,5.74971229506529,0
                100.462340539301,5.74834962561952,0
                100.460037009461,5.74710519894267,0
                100.457671179182,5.74598242670832,0
                100.455249533039,5.74498438708573,0
                100.452778708596,5.74411381629486,0
                100.450265478212,5.74337310109939,0
                100.447716730475,5.74276427225838,0
                100.445139451327,5.74228899895459,0
                100.44254070491,5.74194858421468,0
                100.439927614209,5.74174396133412,0
                100.437307341521,5.74167569131648,0
                100.434687068834,5.74174396133412,0
                100.432073978132,5.74194858421468,0
                100.429475231716,5.74228899895459,0
                100.426897952568,5.74276427225838,0
                100.424349204831,5.74337310109939,0
                100.421835974447,5.74411381629486,0
                100.419365150004,5.74498438708573,0
                100.416943503861,5.74598242670832,0
                100.414577673582,5.74710519894267,0
                100.412274143742,5.74834962561952,0
                100.410039228158,5.74971229506529,0
                100.407879052577,5.75118947146176,0
                100.40579953789,5.75277710509478,0
                100.403806383903,5.75447084346384,0
                100.401905053712,5.75626604322174,0
                100.400100758732,5.75815778291187,0
                100.398398444408,5.76014087646779,0
                100.396802776667,5.76220988743809,0
                100.395318129123,5.76435914389754,0
                100.393948571092,5.7665827540033,0
                100.392697856436,5.76887462215378,0
                100.391569413278,5.7712284657054,0
                100.390566334603,5.77363783220152,0
                100.389691369778,5.77609611706639,0
                100.388946917022,5.77859658171505,0
                100.388335016828,5.78113237203,0
                100.387857346373,5.78369653715353,0
                100.387515214916,5.78628204854434,0
                100.387309560218,5.78888181924613,0
                100.387240945963,5.79148872331522,0
                100.387309560218,5.79409561535403,0
                100.387515214916,5.7966953500968,0
                100.387857346373,5.79928080199381,0
                100.388335016828,5.80184488474058,0
                100.388946917022,5.80438057069836,0
                100.389691369778,5.80688091015282,0
                100.390566334603,5.80933905035807,0
                100.391569413278,5.81174825431411,0
                100.392697856436,5.81410191922598,0
                100.393948571092,5.8163935945943,0
                100.395318129123,5.81861699988762,0
                100.396802776667,5.82076604174832,0
                100.398398444408,5.82283483068478,0
                100.400100758732,5.82481769720437,0
                100.401905053712,5.82670920734318,0
                100.403806383903,5.82850417754978,0
                100.40579953789,5.83019768888253,0
                100.407879052577,5.83178510048174,0
                100.410039228158,5.83326206227951,0
                100.412274143742,5.8346245269129,0
                100.414577673582,5.83586876080765,0
                100.416943503861,5.83699135440233,0
                100.419365150004,5.83798923148491,0
                100.421835974447,5.83885965761624,0
                100.424349204831,5.83960024761757,0
                100.426897952568,5.84020897210145,0
                100.429475231716,5.84068416302854,0
                100.432073978132,5.84102451827469,0
                100.434687068834,5.84122910519624,0
                100.437307341521,5.84129736318361,0
                100.439927614209,5.84122910519624,0
                100.44254070491,5.84102451827469,0
                100.445139451327,5.84068416302854,0
                100.447716730475,5.84020897210145,0
                100.450265478212,5.83960024761757,0
                100.452778708596,5.83885965761624,0
                100.455249533039,5.83798923148491,0
                100.457671179182,5.83699135440233,0
                100.460037009461,5.83586876080765,0
                100.462340539301,5.8346245269129,0
                100.464575454885,5.83326206227951,0
                100.466735630466,5.83178510048174,0
                100.468815145153,5.83019768888253,0
                100.47080829914,5.82850417754978,0
                100.47270962933,5.82670920734318,0
                100.474513924311,5.82481769720437,0
                100.476216238634,5.82283483068478,0
                100.477811906375,5.82076604174832,0
                100.479296553919,5.81861699988762,0
                100.480666111951,5.8163935945943,0
                100.481916826607,5.81410191922598,0
                100.483045269764,5.81174825431411,0
                100.48404834844,5.80933905035807,0
                100.484923313265,5.80688091015282,0
                100.48566776602,5.80438057069836,0
                100.486279666214,5.80184488474058,0
                100.48675733667,5.79928080199381,0
                100.487099468126,5.7966953500968,0
                100.487305122825,5.79409561535403,0
                100.48737373708,5.79148872331522,0
              </coordinates>
            </LinearRing>
          </outerBoundaryIs>
        </Polygon>
      </Placemark>
      <Placemark id="KDH_SE_01.17">
        <name>Kedah</name>
        <description>P.011 Baling</description>
        <Style>
          <LineStyle>
            <color>ff0000ff</color>
          </LineStyle>
          <PolyStyle>
            <fill>0</fill>
          </PolyStyle>
        </Style>
        <ExtendedData>
          <SchemaData schemaUrl="#KDH_SE_01">
            <SimpleData name="state">P.011</SimpleData>
            <SimpleData name="parlimen">N.17 Baling Timor</SimpleData>
            <SimpleData name="code_parlimen">N.17</SimpleData>
            <SimpleData name="dun">12530</SimpleData>
          </SchemaData>
        </ExtendedData>
        <Polygon>
          <outerBoundaryIs>
            <LinearRing>
              <coordinates>
                101.006937351703,5.8523010944208,0
                101.006866412055,5.84960613163691,0
                101.006653787551,5.84691854262523,0
                101.006300060981,5.8442456940457,0
                101.005806201884,5.84159491225983,0
                101.005173563894,5.83897346324675,0
                101.004403881028,5.83638853268338,0
                101.003499262933,5.83384720624395,0
                101.002462189104,5.83135645017241,0
                101.001295502088,5.82892309218135,0
                101.000002399694,5.82655380272973,0
                100.998586426225,5.82425507673095,0
                100.997051462766,5.82203321574133,0
                100.995401716545,5.81989431067803,0
                100.993641709402,5.81784422511392,0
                100.991776265395,5.81588857919512,0
                100.989810497575,5.8140327342257,0
                100.987749793976,5.81228177796158,0
                100.985599802842,5.81064051065433,0
                100.983366417151,5.80911343188314,0
                100.981055758457,5.80770472821105,0
                100.978674160114,5.80641826169962,0
                100.976228149919,5.8052575593135,0
                100.973724432216,5.80422580324403,0
                100.97116986952,5.8033258221785,0
                100.96857146371,5.80256008353917,0
                100.965936336836,5.80193068671333,0
                100.963271711598,5.80143935729308,0
                100.960584891548,5.80108744234058,0
                100.957883241074,5.80087590669191,0
                100.955174165211,5.80080533030972,0
                100.952465089347,5.80087590669191,0
                100.949763438873,5.80108744234058,0
                100.947076618823,5.80143935729308,0
                100.944411993585,5.80193068671333,0
                100.941776866711,5.80256008353917,0
                100.939178460902,5.8033258221785,0
                100.936623898205,5.80422580324403,0
                100.934120180502,5.8052575593135,0
                100.931674170307,5.80641826169962,0
                100.929292571965,5.80770472821105,0
                100.92698191327,5.80911343188314,0
                100.924748527579,5.81064051065433,0
                100.922598536445,5.81228177796158,0
                100.920537832846,5.8140327342257,0
                100.918572065026,5.81588857919512,0
                100.916706621019,5.81784422511392,0
                100.914946613876,5.81989431067803,0
                100.913296867655,5.82203321574133,0
                100.911761904197,5.82425507673095,0
                100.910345930728,5.82655380272973,0
                100.909052828333,5.82892309218135,0
                100.907886141318,5.83135645017241,0
                100.906849067488,5.83384720624395,0
                100.905944449393,5.83638853268338,0
                100.905174766527,5.83897346324675,0
                100.904542128537,5.84159491225983,0
                100.90404826944,5.8442456940457,0
                100.90369454287,5.84691854262523,0
                100.903481918366,5.84960613163691,0
                100.903410978718,5.8523010944208,0
                100.903481918366,5.85499604421201,0
                100.90369454287,5.85768359438799,0
                100.90404826944,5.86035637871431,0
                100.904542128537,5.86300707153338,0
                100.905174766527,5.86562840784089,0
                100.905944449393,5.86821320319468,0
                100.906849067488,5.87075437340194,0
                100.907886141318,5.87324495393043,0
                100.909052828333,5.87567811899084,0
                100.910345930728,5.87804720023799,0
                100.911761904197,5.88034570503963,0
                100.913296867655,5.88256733426293,0
                100.914946613876,5.88470599952998,0
                100.916706621019,5.8867558398952,0
                100.918572065026,5.88871123789891,0
                100.920537832846,5.89056683495324,0
                100.922598536445,5.8923175460185,0
                100.924748527579,5.89395857352955,0
                100.92698191327,5.89548542053447,0
                100.929292571965,5.89689390300949,0
                100.931674170307,5.89818016131653,0
                100.934120180502,5.89934067077206,0
                100.936623898205,5.90037225129856,0
                100.939178460902,5.901272076132,0
                100.941776866711,5.90203767956185,0
                100.944411993585,5.90266696368216,0
                100.947076618823,5.90315820413568,0
                100.949763438873,5.903510054835,0
                100.952465089347,5.90372155164801,0
                100.955174165211,5.90379211503752,0
                100.957883241074,5.90372155164801,0
                100.960584891548,5.903510054835,0
                100.963271711598,5.90315820413568,0
                100.965936336836,5.90266696368216,0
                100.96857146371,5.90203767956185,0
                100.97116986952,5.901272076132,0
                100.973724432216,5.90037225129856,0
                100.976228149919,5.89934067077206,0
                100.978674160114,5.89818016131653,0
                100.981055758457,5.89689390300949,0
                100.983366417151,5.89548542053447,0
                100.985599802842,5.89395857352955,0
                100.987749793976,5.8923175460185,0
                100.989810497575,5.89056683495324,0
                100.991776265395,5.88871123789891,0
                100.993641709402,5.8867558398952,0
                100.995401716545,5.88470599952998,0
                100.997051462766,5.88256733426293,0
                100.998586426225,5.88034570503963,0
                101.000002399694,5.87804720023799,0
                101.001295502088,5.87567811899084,0
                101.002462189104,5.87324495393043,0
                101.003499262933,5.87075437340194,0
                101.004403881028,5.86821320319468,0
                101.005173563894,5.86562840784089,0
                101.005806201884,5.86300707153338,0
                101.006300060981,5.86035637871431,0
                101.006653787551,5.85768359438799,0
                101.006866412055,5.85499604421201,0
                101.006937351703,5.8523010944208,0
              </coordinates>
            </LinearRing>
          </outerBoundaryIs>
        </Polygon>
      </Placemark>
      <Placemark id="KDH_SE_01.18">
        <name>Kedah</name>
        <description>P.011 Baling</description>
        <Style>
          <LineStyle>
            <color>ff0000ff</color>
          </LineStyle>
          <PolyStyle>
            <fill>0</fill>
          </PolyStyle>
        </Style>
        <ExtendedData>
          <SchemaData schemaUrl="#KDH_SE_01">
            <SimpleData name="state">P.011</SimpleData>
            <SimpleData name="parlimen">N.18 Baling Barat</SimpleData>
            <SimpleData name="code_parlimen">N.18</SimpleData>
            <SimpleData name="dun">10513</SimpleData>
          </SchemaData>
        </ExtendedData>
        <Polygon>
          <outerBoundaryIs>
            <LinearRing>
              <coordinates>
                100.819626782959,5.60366264597643,0
                100.81956180339,5.6011930296758,0
                100.819367042788,5.5987301720251,0
                100.819043034977,5.59628082367859,0
                100.818590668041,5.5938516983462,0
                100.818011181886,5.59144945438925,0
                100.817306164843,5.589080676567,0
                100.816477549315,5.58675185798424,0
                100.81552760648,5.58446938228908,0
                100.814458940064,5.58223950617007,0
                100.813274479209,5.58006834220077,0
                100.811977470438,5.57796184207856,0
                100.810571468764,5.57592578030383,0
                100.809060327938,5.57396573834461,0
                100.807448189893,5.57208708932973,0
                100.805739473388,5.57029498331279,0
                100.803938861894,5.56859433314749,0
                100.802051290764,5.56698980101284,0
                100.800081933698,5.56548578562565,0
                100.798036188567,5.56408641017518,0
                100.795919662617,5.56279551101309,0
                100.793738157098,5.56161662713013,0
                100.791497651365,5.56055299044803,0
                100.789204286488,5.55960751695363,0
                100.786864348421,5.55878279869948,0
                100.784484250773,5.558081096693,0
                100.782070517224,5.55750433469362,0
                100.779629763651,5.55705409393508,0
                100.77716867999,5.5567316087874,0
                100.7746940119,5.55653776337036,0
                100.772212542274,5.55647308912797,0
                100.769731072649,5.55653776337036,0
                100.767256404558,5.5567316087874,0
                100.764795320897,5.55705409393508,0
                100.762354567325,5.55750433469362,0
                100.759940833776,5.558081096693,0
                100.757560736127,5.55878279869948,0
                100.755220798061,5.55960751695363,0
                100.752927433184,5.56055299044803,0
                100.750686927451,5.56161662713013,0
                100.748505421932,5.56279551101309,0
                100.746388895982,5.56408641017518,0
                100.744343150851,5.56548578562565,0
                100.742373793785,5.56698980101284,0
                100.740486222655,5.56859433314749,0
                100.738685611161,5.57029498331279,0
                100.736976894655,5.57208708932973,0
                100.73536475661,5.57396573834461,0
                100.733853615785,5.57592578030383,0
                100.73244761411,5.57796184207856,0
                100.73115060534,5.58006834220077,0
                100.729966144484,5.58223950617007,0
                100.728897478069,5.58446938228908,0
                100.727947535234,5.58675185798424,0
                100.727118919706,5.589080676567,0
                100.726413902663,5.59144945438925,0
                100.725834416508,5.5938516983462,0
                100.725382049572,5.59628082367859,0
                100.725058041761,5.5987301720251,0
                100.724863281158,5.6011930296758,0
                100.724798301589,5.60366264597643,0
                100.724863281158,5.60613225183294,0
                100.725058041761,5.60859507826571,0
                100.725382049572,5.61104437496254,0
                100.725834416508,5.61347342877935,0
                100.726413902663,5.61587558213839,0
                100.727118919706,5.61824425127296,0
                100.727947535234,5.62057294426912,0
                100.728897478069,5.62285527885474,0
                100.729966144484,5.62508499988722,0
                100.73115060534,5.6272559964922,0
                100.73244761411,5.62936231880601,0
                100.733853615785,5.63139819427631,0
                100.73536475661,5.63335804347629,0
                100.736976894655,5.63523649538903,0
                100.738685611161,5.63702840212043,0
                100.740486222655,5.63872885300021,0
                100.742373793785,5.64033318803274,0
                100.744343150851,5.64183701066071,0
                100.746388895982,5.64323619980681,0
                100.748505421932,5.64452692116052,0
                100.750686927451,5.64570563767922,0
                100.752927433184,5.64676911927486,0
                100.755220798061,5.64771445165977,0
                100.757560736127,5.64853904432737,0
                100.759940833776,5.64924063764623,0
                100.762354567325,5.64981730904774,0
                100.764795320897,5.65026747829074,0
                100.767256404558,5.65058991178875,0
                100.769731072649,5.65078372598789,0
                100.772212542274,5.65084838978616,0
                100.7746940119,5.65078372598789,0
                100.77716867999,5.65058991178875,0
                100.779629763651,5.65026747829074,0
                100.782070517224,5.64981730904774,0
                100.784484250773,5.64924063764623,0
                100.786864348421,5.64853904432737,0
                100.789204286488,5.64771445165977,0
                100.791497651365,5.64676911927486,0
                100.793738157098,5.64570563767922,0
                100.795919662617,5.64452692116052,0
                100.798036188567,5.64323619980681,0
                100.800081933698,5.64183701066071,0
                100.802051290764,5.64033318803274,0
                100.803938861894,5.63872885300021,0
                100.805739473388,5.63702840212043,0
                100.807448189893,5.63523649538903,0
                100.809060327938,5.63335804347629,0
                100.810571468764,5.63139819427631,0
                100.811977470438,5.62936231880601,0
                100.813274479209,5.6272559964922,0
                100.814458940064,5.62508499988722,0
                100.81552760648,5.62285527885474,0
                100.816477549315,5.62057294426912,0
                100.817306164843,5.61824425127296,0
                100.818011181886,5.61587558213839,0
                100.818590668041,5.61347342877935,0
                100.819043034977,5.61104437496254,0
                100.819367042788,5.60859507826571,0
                100.81956180339,5.60613225183294,0
                100.819626782959,5.60366264597643,0
              </coordinates>
            </LinearRing>
          </outerBoundaryIs>
        </Polygon>
      </Placemark>
      <Placemark id="KDH_SE_01.19">
        <name>Kedah</name>
        <description>P.012 Sungei Patani</description>
        <Style>
          <LineStyle>
            <color>ff0000ff</color>
          </LineStyle>
          <PolyStyle>
            <fill>0</fill>
          </PolyStyle>
        </Style>
        <ExtendedData>
          <SchemaData schemaUrl="#KDH_SE_01">
            <SimpleData name="state">P.012</SimpleData>
            <SimpleData name="parlimen">N.19 Pekan Sungei Patani</SimpleData>
            <SimpleData name="code_parlimen">N.19</SimpleData>
            <SimpleData name="dun">9002</SimpleData>
          </SchemaData>
        </ExtendedData>
        <Polygon>
          <outerBoundaryIs>
            <LinearRing>
              <coordinates>
                100.555339086098,5.60555897954894,0
                100.555278957234,5.60327372713518,0
                100.555098735451,5.60099472953376,0
                100.554798914725,5.59872823343204,0
                100.554380316843,5.59648045132333,0
                100.553844089153,5.59425754447682,0
                100.553191701418,5.59206560604719,0
                100.552424941787,5.58991064437006,0
                100.551545911895,5.58779856648932,0
                100.550557021103,5.58573516196149,0
                100.54946097989,5.5837260869815,0
                100.548260792429,5.58177684887331,0
                100.546959748352,5.57989279098844,0
                100.545561413729,5.57807907805326,0
                100.544069621299,5.57634068200567,0
                100.54248845996,5.57468236836004,0
                100.540822263567,5.57310868313763,0
                100.539075599047,5.57162394039869,0
                100.537253253887,5.57023221041029,0
                100.535360223008,5.56893730848249,0
                100.533401695076,5.56774278450346,0
                100.53138303828,5.56665191320244,0
                100.529309785618,5.5656676851671,0
                100.527187619732,5.56479279864025,0
                100.52502235733,5.56402965211821,0
                100.522819933247,5.56338033777135,0
                100.520586384173,5.56284663570485,0
                100.518327832112,5.5624300090754,0
                100.516050467597,5.56213160007737,0
                100.513760532727,5.56195222680943,0
                100.511464304054,5.56189238103026,0
                100.509168075381,5.56195222680943,0
                100.506878140511,5.56213160007737,0
                100.504600775996,5.5624300090754,0
                100.502342223935,5.56284663570485,0
                100.500108674862,5.56338033777135,0
                100.497906250778,5.56402965211821,0
                100.495740988376,5.56479279864025,0
                100.49361882249,5.5656676851671,0
                100.491545569828,5.56665191320244,0
                100.489526913032,5.56774278450346,0
                100.4875683851,5.56893730848249,0
                100.485675354221,5.57023221041029,0
                100.483853009061,5.57162394039869,0
                100.482106344541,5.57310868313763,0
                100.480440148148,5.57468236836004,0
                100.478858986809,5.57634068200567,0
                100.477367194379,5.57807907805326,0
                100.475968859756,5.57989279098844,0
                100.474667815679,5.58177684887331,0
                100.473467628219,5.5837260869815,0
                100.472371587006,5.58573516196149,0
                100.471382696213,5.58779856648932,0
                100.470503666321,5.58991064437006,0
                100.46973690669,5.59206560604719,0
                100.469084518955,5.59425754447682,0
                100.468548291265,5.59648045132333,0
                100.468129693383,5.59872823343204,0
                100.467829872657,5.60099472953376,0
                100.467649650874,5.60327372713518,0
                100.46758952201,5.60555897954894,0
                100.467649650874,5.6078442230167,0
                100.467829872657,5.61012319387811,0
                100.468129693383,5.61238964573882,0
                100.468548291265,5.61463736659019,0
                100.469084518955,5.6168601958342,0
                100.46973690669,5.61905204116641,0
                100.470503666321,5.6212068952712,0
                100.471382696213,5.62331885228322,0
                100.472371587006,5.62538212397025,0
                100.473467628219,5.62739105559281,0
                100.474667815679,5.62934014139754,0
                100.475968859756,5.63122403970163,0
                100.477367194379,5.6330375875271,0
                100.478858986809,5.63477581474503,0
                100.480440148148,5.63643395769077,0
                100.482106344541,5.63800747221332,0
                100.483853009061,5.6394920461226,0
                100.485675354221,5.64088361100132,0
                100.4875683851,5.64217835334837,0
                100.489526913032,5.64337272502398,0
                100.491545569828,5.64446345296759,0
                100.49361882249,5.64544754816218,0
                100.495740988376,5.64632231382036,0
                100.497906250778,5.64708535277008,0
                100.500108674862,5.64773457401955,0
                100.502342223935,5.6482681984836,0
                100.504600775996,5.64868476385574,0
                100.506878140511,5.64898312861278,0
                100.509168075381,5.64916247514072,0
                100.511464304054,5.6492223119739,0
                100.513760532727,5.64916247514072,0
                100.516050467597,5.64898312861278,0
                100.518327832112,5.64868476385574,0
                100.520586384173,5.6482681984836,0
                100.522819933247,5.64773457401955,0
                100.52502235733,5.64708535277008,0
                100.527187619732,5.64632231382036,0
                100.529309785618,5.64544754816218,0
                100.53138303828,5.64446345296759,0
                100.533401695076,5.64337272502398,0
                100.535360223008,5.64217835334837,0
                100.537253253887,5.64088361100132,0
                100.539075599047,5.6394920461226,0
                100.540822263567,5.63800747221332,0
                100.54248845996,5.63643395769077,0
                100.544069621299,5.63477581474503,0
                100.545561413729,5.6330375875271,0
                100.546959748352,5.63122403970163,0
                100.548260792429,5.62934014139754,0
                100.54946097989,5.62739105559281,0
                100.550557021103,5.62538212397025,0
                100.551545911895,5.62331885228322,0
                100.552424941787,5.6212068952712,0
                100.553191701418,5.61905204116641,0
                100.553844089153,5.6168601958342,0
                100.554380316843,5.61463736659019,0
                100.554798914725,5.61238964573882,0
                100.555098735451,5.61012319387811,0
                100.555278957234,5.6078442230167,0
                100.555339086098,5.60555897954894,0
              </coordinates>
            </LinearRing>
          </outerBoundaryIs>
        </Polygon>
      </Placemark>
      <Placemark id="KDH_SE_01.20">
        <name>Kedah</name>
        <description>P.012 Sungei Patani</description>
        <Style>
          <LineStyle>
            <color>ff0000ff</color>
          </LineStyle>
          <PolyStyle>
            <fill>0</fill>
          </PolyStyle>
        </Style>
        <ExtendedData>
          <SchemaData schemaUrl="#KDH_SE_01">
            <SimpleData name="state">P.012</SimpleData>
            <SimpleData name="parlimen">N.20 Sungei Patani Luar</SimpleData>
            <SimpleData name="code_parlimen">N.20</SimpleData>
            <SimpleData name="dun">11029</SimpleData>
          </SchemaData>
        </ExtendedData>
        <Polygon>
          <outerBoundaryIs>
            <LinearRing>
              <coordinates>
                100.606569713023,5.68503898428598,0
                100.606503157889,5.68250984182405,0
                100.60630367491,5.67998762050256,0
                100.605971810855,5.677479233696,0
                100.60550847534,5.67499155694853,0
                100.604914938335,5.67253140912593,0
                100.604192826685,5.6701055337221,0
                100.603344119647,5.66772058037114,0
                100.602371143468,5.66538308661588,0
                100.601276565008,5.66309945998289,0
                100.600063384431,5.66087596041307,0
                100.59873492698,5.65871868309611,0
                100.597294833865,5.65663354175601,0
                100.595747052281,5.65462625243345,0
                100.59409582459,5.65270231780963,0
                100.592345676691,5.6508670121146,0
                100.59050140562,5.64912536666163,0
                100.588568066394,5.64748215604722,0
                100.586550958162,5.64594188505483,0
                100.584455609678,5.64450877629825,0
                100.582287764145,5.64318675863856,0
                100.580053363479,5.6419794564066,0
                100.577758532015,5.64089017946061,0
                100.575409559728,5.6399219141061,0
                100.573012884987,5.63907731490341,0
                100.570575076911,5.63835869738502,0
                100.568102817362,5.63776803170298,0
                100.565602882633,5.63730693722372,0
                100.56308212487,5.63697667808518,0
                100.560547453295,5.63677815972863,0
                100.558005815267,5.63671192641439,0
                100.555464177239,5.63677815972863,0
                100.552929505664,5.63697667808518,0
                100.550408747901,5.63730693722372,0
                100.547908813172,5.63776803170298,0
                100.545436553623,5.63835869738502,0
                100.542998745547,5.63907731490341,0
                100.540602070806,5.6399219141061,0
                100.538253098519,5.64089017946061,0
                100.535958267055,5.6419794564066,0
                100.533723866389,5.64318675863856,0
                100.531556020857,5.64450877629825,0
                100.529460672372,5.64594188505483,0
                100.52744356414,5.64748215604722,0
                100.525510224914,5.64912536666163,0
                100.523665953843,5.6508670121146,0
                100.521915805945,5.65270231780963,0
                100.520264578253,5.65462625243345,0
                100.518716796669,5.65663354175601,0
                100.517276703554,5.65871868309611,0
                100.515948246103,5.66087596041307,0
                100.514735065526,5.66309945998289,0
                100.513640487067,5.66538308661588,0
                100.512667510888,5.66772058037114,0
                100.511818803849,5.6701055337221,0
                100.511096692199,5.67253140912593,0
                100.510503155195,5.67499155694853,0
                100.510039819679,5.677479233696,0
                100.509707955624,5.67998762050256,0
                100.509508472645,5.68250984182405,0
                100.509441917511,5.68503898428598,0
                100.509508472645,5.68756811563412,0
                100.509707955624,5.69009030373608,0
                100.510039819679,5.69259863558128,0
                100.510503155195,5.69508623622776,0
                100.511096692199,5.69754628764349,0
                100.511818803849,5.69997204739084,0
                100.512667510888,5.70235686710288,0
                100.513640487067,5.70469421070093,0
                100.514735065526,5.70697767230358,0
                100.515948246103,5.70920099377807,0
                100.517276703554,5.71135808188593,0
                100.518716796669,5.71344302497619,0
                100.520264578253,5.71545010918021,0
                100.521915805945,5.71737383406416,0
                100.523665953843,5.71920892769589,0
                100.525510224914,5.72095036108558,0
                100.52744356414,5.72259336196011,0
                100.529460672372,5.724133427834,0
                100.531556020857,5.72556633834079,0
                100.533723866389,5.72688816679144,0
                100.535958267055,5.7280952909281,0
                100.538253098519,5.72918440284383,0
                100.540602070806,5.7301525180412,0
                100.542998745547,5.73099698360503,0
                100.545436553623,5.73171548546699,0
                100.547908813172,5.73230605474221,0
                100.550408747901,5.73276707312053,0
                100.552929505664,5.73309727729773,0
                100.555464177239,5.73329576243477,0
                100.558005815267,5.73336198463525,0
                100.560547453295,5.73329576243477,0
                100.56308212487,5.73309727729773,0
                100.565602882633,5.73276707312053,0
                100.568102817362,5.73230605474221,0
                100.570575076911,5.73171548546699,0
                100.573012884987,5.73099698360503,0
                100.575409559728,5.7301525180412,0
                100.577758532015,5.72918440284383,0
                100.580053363479,5.7280952909281,0
                100.582287764145,5.72688816679144,0
                100.584455609678,5.72556633834079,0
                100.586550958162,5.724133427834,0
                100.588568066394,5.72259336196011,0
                100.59050140562,5.72095036108558,0
                100.592345676691,5.71920892769589,0
                100.59409582459,5.71737383406416,0
                100.595747052281,5.71545010918021,0
                100.597294833865,5.71344302497619,0
                100.59873492698,5.71135808188593,0
                100.600063384431,5.70920099377807,0
                100.601276565008,5.70697767230358,0
                100.602371143468,5.70469421070093,0
                100.603344119647,5.70235686710288,0
                100.604192826685,5.69997204739084,0
                100.604914938335,5.69754628764349,0
                100.60550847534,5.69508623622776,0
                100.605971810855,5.69259863558128,0
                100.60630367491,5.69009030373608,0
                100.606503157889,5.68756811563412,0
                100.606569713023,5.68503898428598,0
              </coordinates>
            </LinearRing>
          </outerBoundaryIs>
        </Polygon>
      </Placemark>
      <Placemark id="KDH_SE_01.21">
        <name>Kedah</name>
        <description>P.013 Kulim Utara</description>
        <Style>
          <LineStyle>
            <color>ff0000ff</color>
          </LineStyle>
          <PolyStyle>
            <fill>0</fill>
          </PolyStyle>
        </Style>
        <ExtendedData>
          <SchemaData schemaUrl="#KDH_SE_01">
            <SimpleData name="state">P.013</SimpleData>
            <SimpleData name="parlimen">N.21 Sidam</SimpleData>
            <SimpleData name="code_parlimen">N.21</SimpleData>
            <SimpleData name="dun">10085</SimpleData>
          </SchemaData>
        </ExtendedData>
        <Polygon>
          <outerBoundaryIs>
            <LinearRing>
              <coordinates>
                100.636631328547,5.54016042355201,0
                100.63656768543,5.53774133909821,0
                100.636376930518,5.53532887532488,0
                100.636059586659,5.53292964475331,0
                100.63561652367,5.53055022371294,0
                100.635048955955,5.5281971343137,0
                100.634358439178,5.52587682656633,0
                100.633546865998,5.52359566069932,0
                100.63261646088,5.52135988972131,0
                100.631569774,5.5191756422766,0
                100.630409674254,5.51704890584085,0
                100.629139341395,5.51498551030326,0
                100.627762257317,5.51299111198002,0
                100.626282196512,5.51107117810322,0
                100.624703215723,5.50923097182759,0
                100.623029642827,5.50747553779636,0
                100.621266064971,5.50580968830589,0
                100.619417315999,5.5042379901071,0
                100.617488463204,5.50276475187985,0
                100.615484793438,5.50139401241479,0
                100.613411798619,5.5001295295353,0
                100.611275160682,5.4989747697896,0
                100.609080736004,5.49793289894175,0
                100.60683453935,5.49700677328744,0
                100.604542727389,5.49619893181856,0
                100.602211581818,5.49551158925815,0
                100.599847492145,5.49494662998459,0
                100.597456938176,5.49450560286226,0
                100.595046472252,5.49418971699223,0
                100.592622701295,5.49399983839532,0
                100.59019226869,5.49393648763622,0
                100.587761836085,5.49399983839532,0
                100.585338065128,5.49418971699223,0
                100.582927599204,5.49450560286226,0
                100.580537045235,5.49494662998459,0
                100.578172955562,5.49551158925815,0
                100.575841809991,5.49619893181856,0
                100.57354999803,5.49700677328744,0
                100.571303801376,5.49793289894175,0
                100.569109376698,5.4989747697896,0
                100.566972738761,5.5001295295353,0
                100.564899743942,5.50139401241479,0
                100.562896074176,5.50276475187985,0
                100.560967221381,5.5042379901071,0
                100.559118472409,5.50580968830589,0
                100.557354894553,5.50747553779636,0
                100.555681321657,5.50923097182759,0
                100.554102340868,5.51107117810322,0
                100.552622280063,5.51299111198002,0
                100.551245195985,5.51498551030326,0
                100.549974863126,5.51704890584085,0
                100.54881476338,5.5191756422766,0
                100.5477680765,5.52135988972131,0
                100.546837671382,5.52359566069932,0
                100.546026098202,5.52587682656633,0
                100.545335581425,5.5281971343137,0
                100.54476801371,5.53055022371294,0
                100.544324950721,5.53292964475331,0
                100.544007606862,5.53532887532488,0
                100.54381685195,5.53774133909821,0
                100.543753208833,5.54016042355201,0
                100.54381685195,5.542579498099,0
                100.544007606862,5.54499193226044,0
                100.544324950721,5.54739111383947,0
                100.54476801371,5.54977046704344,0
                100.545335581425,5.55212347050563,0
                100.546026098202,5.55444367515687,0
                100.546837671382,5.55672472189818,0
                100.5477680765,5.5589603590261,0
                100.54881476338,5.56114445936285,0
                100.549974863126,5.56327103704446,0
                100.551245195985,5.56533426392112,0
                100.552622280063,5.56732848552453,0
                100.554102340868,5.56924823655873,0
                100.555681321657,5.57108825587229,0
                100.557354894553,5.57284350087038,0
                100.559118472409,5.57450916132771,0
                100.560967221381,5.57608067256445,0
                100.562896074176,5.57755372794915,0
                100.564899743942,5.57892429069438,0
                100.566972738761,5.58018860491298,0
                100.569109376698,5.58134320590461,0
                100.571303801376,5.58238492964453,0
                100.57354999803,5.58331092144882,0
                100.575841809991,5.58411864379205,0
                100.578172955562,5.58480588325637,0
                100.580537045235,5.58537075659291,0
                100.582927599204,5.58581171587889,0
                100.585338065128,5.58612755275641,0
                100.587761836085,5.58631740174145,0
                100.59019226869,5.58638074259374,0
                100.592622701295,5.58631740174145,0
                100.595046472252,5.58612755275641,0
                100.597456938176,5.58581171587889,0
                100.599847492145,5.58537075659291,0
                100.602211581818,5.58480588325637,0
                100.604542727389,5.58411864379205,0
                100.60683453935,5.58331092144882,0
                100.609080736004,5.58238492964453,0
                100.611275160682,5.58134320590461,0
                100.613411798619,5.58018860491298,0
                100.615484793438,5.57892429069438,0
                100.617488463204,5.57755372794915,0
                100.619417315999,5.57608067256445,0
                100.621266064971,5.57450916132771,0
                100.623029642827,5.57284350087038,0
                100.624703215723,5.57108825587229,0
                100.626282196512,5.56924823655873,0
                100.627762257317,5.56732848552453,0
                100.629139341395,5.56533426392112,0
                100.630409674254,5.56327103704446,0
                100.631569774,5.56114445936285,0
                100.63261646088,5.5589603590261,0
                100.633546865998,5.55672472189818,0
                100.634358439178,5.55444367515687,0
                100.635048955955,5.55212347050563,0
                100.63561652367,5.54977046704344,0
                100.636059586659,5.54739111383947,0
                100.636376930518,5.54499193226044,0
                100.63656768543,5.542579498099,0
                100.636631328547,5.54016042355201,0
              </coordinates>
            </LinearRing>
          </outerBoundaryIs>
        </Polygon>
      </Placemark>
      <Placemark id="KDH_SE_01.22">
        <name>Kedah</name>
        <description>P.013 Kulim Utara</description>
        <Style>
          <LineStyle>
            <color>ff0000ff</color>
          </LineStyle>
          <PolyStyle>
            <fill>0</fill>
          </PolyStyle>
        </Style>
        <ExtendedData>
          <SchemaData schemaUrl="#KDH_SE_01">
            <SimpleData name="state">P.013</SimpleData>
            <SimpleData name="parlimen">N.22 Lunas</SimpleData>
            <SimpleData name="code_parlimen">N.22</SimpleData>
            <SimpleData name="dun">9623</SimpleData>
          </SchemaData>
        </ExtendedData>
        <Polygon>
          <outerBoundaryIs>
            <LinearRing>
              <coordinates>
                100.75829328155,5.45978869583619,0
                100.758231113286,5.45742535179238,0
                100.758044778895,5.45506847623502,0
                100.757734789104,5.45272452931449,0
                100.757301993576,5.45039993581932,0
                100.756747578572,5.44810106756413,0
                100.756073063705,5.44583422592207,0
                100.755280297774,5.44360562454938,0
                100.754371453694,5.4414213723498,0
                100.753349022546,5.43928745672544,0
                100.75221580674,5.43720972715992,0
                100.750974912344,5.4351938791792,0
                100.749629740561,5.43324543873374,0
                100.748183978415,5.43136974704516,0
                100.746641588639,5.42957194595888,0
                100.745006798817,5.4278569638429,0
                100.743284089793,5.42622950207172,0
                100.741478183393,5.42469402213217,0
                100.739594029481,5.42325473338698,0
                100.737636792393,5.42191558152923,0
                100.735611836778,5.42068023775993,0
                100.7335247129,5.41955208871812,0
                100.731381141419,5.41853422719126,0
                100.729186997717,5.41762944363147,0
                100.726948295789,5.41684021850107,0
                100.724671171761,5.41616871546809,0
                100.722361867071,5.41561677547092,0
                100.720026711364,5.41518591166816,0
                100.717672105139,5.41487730528754,0
                100.715304502208,5.41469180238546,0
                100.712930392006,5.41462991152592,0
                100.710556281804,5.41469180238546,0
                100.708188678872,5.41487730528754,0
                100.705834072647,5.41518591166816,0
                100.70349891694,5.41561677547092,0
                100.701189612251,5.41616871546809,0
                100.698912488223,5.41684021850107,0
                100.696673786295,5.41762944363147,0
                100.694479642593,5.41853422719126,0
                100.692336071112,5.41955208871812,0
                100.690248947234,5.42068023775993,0
                100.688223991619,5.42191558152923,0
                100.68626675453,5.42325473338698,0
                100.684382600619,5.42469402213217,0
                100.682576694219,5.42622950207172,0
                100.680853985195,5.4278569638429,0
                100.679219195372,5.42957194595888,0
                100.677676805597,5.43136974704516,0
                100.676231043451,5.43324543873374,0
                100.674885871668,5.4351938791792,0
                100.673644977272,5.43720972715992,0
                100.672511761466,5.43928745672544,0
                100.671489330317,5.4414213723498,0
                100.670580486238,5.44360562454938,0
                100.669787720307,5.44583422592207,0
                100.66911320544,5.44810106756413,0
                100.668558790436,5.45039993581932,0
                100.668125994907,5.45272452931449,0
                100.667816005117,5.45506847623502,0
                100.667629670725,5.45742535179238,0
                100.667567502462,5.45978869583619,0
                100.667629670725,5.4621520305625,0
                100.667816005117,5.46450887826939,0
                100.668125994907,5.46685277911165,0
                100.668558790436,5.46917730880559,0
                100.66911320544,5.47147609623561,0
                100.669787720307,5.47374284091408,0
                100.670580486238,5.47597133024713,0
                100.671489330317,5.47815545655855,0
                100.672511761466,5.48028923382549,0
                100.673644977272,5.4823668140802,0
                100.674885871668,5.4843825034326,0
                100.676231043451,5.48633077767019,0
                100.677676805597,5.48820629739235,0
                100.679219195372,5.49000392263781,0
                100.680853985195,5.49171872696506,0
                100.682576694219,5.49334601094753,0
                100.684382600619,5.49488131504625,0
                100.68626675453,5.49632043182506,0
                100.688223991619,5.49765941747498,0
                100.690248947234,5.498894602616,0
                100.692336071112,5.50002260234703,0
                100.694479642593,5.50104032551652,0
                100.696673786295,5.50194498318818,0
                100.698912488223,5.502734096279,0
                100.701189612251,5.50340550234844,0
                100.70349891694,5.50395736152047,0
                100.705834072647,5.50438816152203,0
                100.708188678872,5.5046967218244,0
                100.710556281804,5.50488219687603,0
                100.712930392006,5.50494407841807,0
                100.715304502208,5.50488219687603,0
                100.717672105139,5.5046967218244,0
                100.720026711364,5.50438816152203,0
                100.722361867071,5.50395736152047,0
                100.724671171761,5.50340550234844,0
                100.726948295789,5.502734096279,0
                100.729186997717,5.50194498318818,0
                100.731381141419,5.50104032551652,0
                100.7335247129,5.50002260234703,0
                100.735611836778,5.498894602616,0
                100.737636792393,5.49765941747498,0
                100.739594029481,5.49632043182506,0
                100.741478183393,5.49488131504625,0
                100.743284089793,5.49334601094753,0
                100.745006798817,5.49171872696506,0
                100.746641588639,5.49000392263781,0
                100.748183978415,5.48820629739235,0
                100.749629740561,5.48633077767019,0
                100.750974912344,5.4843825034326,0
                100.75221580674,5.4823668140802,0
                100.753349022546,5.48028923382549,0
                100.754371453694,5.47815545655855,0
                100.755280297774,5.47597133024713,0
                100.756073063705,5.47374284091408,0
                100.756747578572,5.47147609623561,0
                100.757301993576,5.46917730880559,0
                100.757734789104,5.46685277911165,0
                100.758044778895,5.46450887826939,0
                100.758231113286,5.4621520305625,0
                100.75829328155,5.45978869583619,0
              </coordinates>
            </LinearRing>
          </outerBoundaryIs>
        </Polygon>
      </Placemark>
      <Placemark id="KDH_SE_01.23">
        <name>Kedah</name>
        <description>P.014 Kulim-Bandar Bahru</description>
        <Style>
          <LineStyle>
            <color>ff0000ff</color>
          </LineStyle>
          <PolyStyle>
            <fill>0</fill>
          </PolyStyle>
        </Style>
        <ExtendedData>
          <SchemaData schemaUrl="#KDH_SE_01">
            <SimpleData name="state">P.014</SimpleData>
            <SimpleData name="parlimen">N.23 Kulim</SimpleData>
            <SimpleData name="code_parlimen">N.23</SimpleData>
            <SimpleData name="dun">12363</SimpleData>
          </SchemaData>
        </ExtendedData>
        <Polygon>
          <outerBoundaryIs>
            <LinearRing>
              <coordinates>
                100.725364183164,5.34375998990014,0
                100.725293717844,5.3410807173348,0
                100.725082515024,5.33840877680414,0
                100.724731153598,5.3357514920609,0
                100.724240596621,5.33311614678129,0
                100.723612188676,5.33050996459813,0
                100.722847652187,5.32794008929759,0
                100.721949082694,5.32541356523396,0
                100.720918943114,5.32293731801595,0
                100.719760056987,5.32051813551768,0
                100.718475600741,5.31816264926638,0
                100.717069094981,5.31587731625798,0
                100.71554439484,5.3136684012505,0
                100.713905679417,5.31154195958377,0
                100.712157440316,5.30950382057282,0
                100.710304469339,5.30755957152047,0
                100.70835184535,5.30571454239294,0
                100.706304920357,5.30397379120099,0
                100.704169304839,5.30234209012613,0
                100.701950852368,5.30082391243071,0
                100.69965564357,5.29942342018727,0
                100.697289969452,5.29814445286153,0
                100.694860314162,5.2969905167796,0
                100.692373337216,5.29596477550925,0
                100.689835855246,5.29507004118106,0
                100.687254823314,5.2943087667735,0
                100.684637315847,5.29368303938337,0
                100.681990507253,5.29319457449975,0
                100.679321652249,5.29284471129753,0
                100.676638065983,5.29263440896328,0
                100.673947103976,5.29256424406359,0
                100.67125614197,5.29263440896328,0
                100.668572555703,5.29284471129753,0
                100.6659037007,5.29319457449975,0
                100.663256892105,5.29368303938337,0
                100.660639384639,5.2943087667735,0
                100.658058352706,5.29507004118106,0
                100.655520870736,5.29596477550925,0
                100.653033893791,5.2969905167796,0
                100.650604238501,5.29814445286153,0
                100.648238564382,5.29942342018727,0
                100.645943355584,5.30082391243071,0
                100.643724903114,5.30234209012613,0
                100.641589287595,5.30397379120099,0
                100.639542362602,5.30571454239294,0
                100.637589738614,5.30755957152047,0
                100.635736767637,5.30950382057282,0
                100.633988528535,5.31154195958377,0
                100.632349813112,5.3136684012505,0
                100.630825112972,5.31587731625798,0
                100.629418607211,5.31816264926638,0
                100.628134150965,5.32051813551768,0
                100.626975264839,5.32293731801595,0
                100.625945125259,5.32541356523396,0
                100.625046555766,5.32794008929759,0
                100.624282019276,5.33050996459813,0
                100.623653611332,5.33311614678129,0
                100.623163054355,5.3357514920609,0
                100.622811692928,5.33840877680414,0
                100.622600490108,5.3410807173348,0
                100.622530024788,5.34375998990014,0
                100.622600490108,5.34643925074634,0
                100.622811692928,5.34911115624802,0
                100.623163054355,5.35176838303619,0
                100.623653611332,5.35440364806961,0
                100.624282019276,5.35700972859467,0
                100.625046555766,5.35957948193898,0
                100.625945125259,5.36210586508445,0
                100.626975264839,5.36458195396627,0
                100.628134150965,5.3670009624451,0
                100.629418607211,5.36935626090031,0
                100.630825112972,5.37164139439348,0
                100.632349813112,5.37385010035257,0
                100.633988528535,5.37597632572807,0
                100.635736767637,5.37801424357472,0
                100.637589738614,5.37995826901282,0
                100.639542362602,5.38180307452608,0
                100.641589287595,5.38354360455376,0
                100.643724903114,5.38517508933744,0
                100.645943355584,5.38669305798451,0
                100.648238564382,5.38809335071277,0
                100.650604238501,5.3893721302425,0
                100.653033893791,5.39052589230506,0
                100.655520870736,5.39155147523929,0
                100.658058352706,5.3924460686494,0
                100.660639384639,5.39320722110079,0
                100.663256892105,5.3938328468329,0
                100.6659037007,5.39432123147038,0
                100.668572555703,5.39467103671756,0
                100.67125614197,5.39488130402284,0
                100.673947103976,5.3949514572034,0
                100.676638065983,5.39488130402284,0
                100.679321652249,5.39467103671756,0
                100.681990507253,5.39432123147038,0
                100.684637315847,5.3938328468329,0
                100.687254823314,5.39320722110079,0
                100.689835855246,5.3924460686494,0
                100.692373337216,5.39155147523929,0
                100.694860314162,5.39052589230506,0
                100.697289969452,5.3893721302425,0
                100.69965564357,5.38809335071277,0
                100.701950852368,5.38669305798451,0
                100.704169304839,5.38517508933744,0
                100.706304920357,5.38354360455376,0
                100.70835184535,5.38180307452608,0
                100.710304469339,5.37995826901282,0
                100.712157440316,5.37801424357472,0
                100.713905679417,5.37597632572807,0
                100.71554439484,5.37385010035257,0
                100.717069094981,5.37164139439348,0
                100.718475600741,5.36935626090031,0
                100.719760056987,5.3670009624451,0
                100.720918943114,5.36458195396627,0
                100.721949082694,5.36210586508445,0
                100.722847652187,5.35957948193898,0
                100.723612188676,5.35700972859467,0
                100.724240596621,5.35440364806961,0
                100.724731153598,5.35176838303619,0
                100.725082515024,5.34911115624802,0
                100.725293717844,5.34643925074634,0
                100.725364183164,5.34375998990014,0
              </coordinates>
            </LinearRing>
          </outerBoundaryIs>
        </Polygon>
      </Placemark>
      <Placemark id="KDH_SE_01.24">
        <name>Kedah</name>
        <description>P.014 Kulim-Bandar Bahru</description>
        <Style>
          <LineStyle>
            <color>ff0000ff</color>
          </LineStyle>
          <PolyStyle>
            <fill>0</fill>
          </PolyStyle>
        </Style>
        <ExtendedData>
          <SchemaData schemaUrl="#KDH_SE_01">
            <SimpleData name="state">P.014</SimpleData>
            <SimpleData name="parlimen">N.24 Bandar Bahru</SimpleData>
            <SimpleData name="code_parlimen">N.24</SimpleData>
            <SimpleData name="dun">10901</SimpleData>
          </SchemaData>
        </ExtendedData>
        <Polygon>
          <outerBoundaryIs>
            <LinearRing>
              <coordinates>
                100.663421356772,5.20727144713695,0
                100.663355188977,5.20475502452174,0
                100.663156866953,5.20224548921988,0
                100.662826934286,5.19974971982153,0
                100.662366295299,5.19727455726616,0
                100.661776212572,5.19482678608972,0
                100.661058303481,5.19241311582536,0
                100.660214535764,5.19004016260924,0
                100.659247222129,5.18771443104115,0
                100.658159013917,5.18544229635051,0
                100.656952893831,5.18322998691603,0
                100.655632167761,5.18108356718751,0
                100.654200455727,5.17900892105619,0
                100.652661681951,5.17701173571982,0
                100.651020064105,5.17509748608636,0
                100.649280101749,5.17327141975927,0
                100.647446564001,5.17153854264575,0
                100.645524476458,5.16990360522735,0
                100.64351910743,5.16837108953056,0
                100.641435953493,5.16694519683355,0
                100.639280724428,5.16562983614245,0
                100.637059327568,5.16442861346905,0
                100.634777851607,5.16334482193944,0
                100.632442549912,5.16238143276052,0
                100.630059823383,5.16154108706964,0
                100.627636202907,5.16082608868932,0
                100.62517833146,5.16023839780733,0
                100.622692945897,5.15977962559929,0
                100.620186858487,5.15945102980876,0
                100.61766693824,5.15925351129668,0
                100.615140092084,5.15918761157013,0
                100.612613245928,5.15925351129668,0
                100.610093325682,5.15945102980876,0
                100.607587238271,5.15977962559929,0
                100.605101852708,5.16023839780733,0
                100.602643981261,5.16082608868932,0
                100.600220360786,5.16154108706964,0
                100.597837634257,5.16238143276052,0
                100.595502332562,5.16334482193944,0
                100.593220856601,5.16442861346905,0
                100.59099945974,5.16562983614245,0
                100.588844230675,5.16694519683355,0
                100.586761076739,5.16837108953056,0
                100.584755707711,5.16990360522735,0
                100.582833620168,5.17153854264575,0
                100.581000082419,5.17327141975927,0
                100.579260120064,5.17509748608636,0
                100.577618502218,5.17701173571982,0
                100.576079728442,5.17900892105619,0
                100.574648016407,5.18108356718751,0
                100.573327290338,5.18322998691603,0
                100.572121170251,5.18544229635051,0
                100.571032962039,5.18771443104115,0
                100.570065648405,5.19004016260924,0
                100.569221880688,5.19241311582536,0
                100.568503971596,5.19482678608972,0
                100.567913888869,5.19727455726616,0
                100.567453249883,5.19974971982153,0
                100.567123317216,5.20224548921988,0
                100.566924995192,5.20475502452174,0
                100.566858827396,5.20727144713695,0
                100.566924995192,5.20978785967986,0
                100.567123317216,5.2122973648752,0
                100.567453249883,5.21479308446263,0
                100.567913888869,5.21726817804845,0
                100.568503971596,5.21971586185234,0
                100.569221880688,5.22212942729841,0
                100.570065648405,5.22450225939895,0
                100.571032962039,5.22682785488112,0
                100.572121170251,5.22909984000647,0
                100.573327290338,5.23131198803496,0
                100.574648016407,5.23345823628523,0
                100.576079728442,5.23553270274475,0
                100.577618502218,5.23752970218431,0
                100.579260120064,5.23944376173266,0
                100.581000082419,5.24126963586897,0
                100.582833620168,5.2430023207917,0
                100.584755707711,5.24463706812503,0
                100.586761076739,5.24616939792503,0
                100.588844230675,5.24759511095028,0
                100.59099945974,5.24891030016316,0
                100.593220856601,5.25011136143062,0
                100.595502332562,5.25119500339502,0
                100.597837634257,5.25215825648806,0
                100.600220360786,5.25299848106341,0
                100.602643981261,5.25371337462551,0
                100.605101852708,5.25430097813499,0
                100.607587238271,5.2547596813735,0
                100.610093325682,5.25508822735317,0
                100.612613245928,5.25528571575873,0
                100.615140092084,5.25535160541299,0
                100.61766693824,5.25528571575873,0
                100.620186858487,5.25508822735317,0
                100.622692945897,5.2547596813735,0
                100.62517833146,5.25430097813499,0
                100.627636202907,5.25371337462551,0
                100.630059823383,5.25299848106341,0
                100.632442549912,5.25215825648806,0
                100.634777851607,5.25119500339502,0
                100.637059327568,5.25011136143062,0
                100.639280724428,5.24891030016316,0
                100.641435953493,5.24759511095028,0
                100.64351910743,5.24616939792503,0
                100.645524476458,5.24463706812503,0
                100.647446564001,5.2430023207917,0
                100.649280101749,5.24126963586897,0
                100.651020064105,5.23944376173266,0
                100.652661681951,5.23752970218431,0
                100.654200455727,5.23553270274475,0
                100.655632167761,5.23345823628523,0
                100.656952893831,5.23131198803496,0
                100.658159013917,5.22909984000647,0
                100.659247222129,5.22682785488112,0
                100.660214535764,5.22450225939895,0
                100.661058303481,5.22212942729841,0
                100.661776212572,5.21971586185234,0
                100.662366295299,5.21726817804845,0
                100.662826934286,5.21479308446263,0
                100.663156866953,5.2122973648752,0
                100.663355188977,5.20978785967986,0
                100.663421356772,5.20727144713695,0
              </coordinates>
            </LinearRing>
          </outerBoundaryIs>
        </Polygon>
      </Placemark>
    </Folder>
    <Document id="KDH_SE-01">
      <name>KDH_SE-01</name>
      <Placemark id="KDH_SE-01.1">
        <name>P.003 Jitra-Padang Terap</name>
        <ExtendedData>
          <SchemaData schemaUrl="#KDH_SE-01.schema">
            <SimpleData name="state">Kedah</SimpleData>
            <SimpleData name="parlimen">P.003 Jitra-Padang Terap</SimpleData>
            <SimpleData name="code_parlimen">P.003</SimpleData>
            <SimpleData name="dun">N.01 Jitra</SimpleData>
            <SimpleData name="code_dun">N.01</SimpleData>
            <SimpleData name="voters_total">10700</SimpleData>
          </SchemaData>
        </ExtendedData>
        <Polygon>
          <outerBoundaryIs>
            <LinearRing>
              <coordinates>
                100.492552056887,6.40924965639013,0
                100.492486501953,6.40676185513827,0
                100.492290016833,6.40428086069706,0
                100.491963140079,6.40181347345329,0
                100.491506767638,6.39936645659464,0
                100.490922150394,6.39694651756947,0
                100.490210890743,6.3945602896983,0
                100.489374938199,6.39221431398759,0
                100.488416584048,6.38991502119541,0
                100.487338455073,6.38766871419869,0
                100.486143506351,6.38548155070998,0
                100.484835013153,6.38335952639141,0
                100.483416561967,6.38130845841238,0
                100.481892040671,6.37933396949565,0
                100.480265627871,6.37744147249625,0
                100.478541781451,6.37563615555511,0
                100.476725226354,6.37392296786854,0
                100.474820941633,6.37230660611243,0
                100.472834146798,6.37079150155872,0
                100.470770287517,6.36938180791929,0
                100.468635020684,6.36808138995105,0
                100.466434198917,6.36689381285317,0
                100.464173854516,6.36582233248606,0
                100.461860182927,6.36486988643856,0
                100.459499525764,6.36403908596822,0
                100.457098353424,6.36333220883677,0
                100.454663247353,6.36275119306048,0
                100.452200882008,6.36229763159256,0
                100.449718006561,6.36197276795235,0
                100.447221426401,6.36177749281324,0
                100.444717984481,6.36171234155869,0
                100.44221454256,6.36177749281324,0
                100.4397179624,6.36197276795235,0
                100.437235086953,6.36229763159256,0
                100.434772721608,6.36275119306048,0
                100.432337615537,6.36333220883677,0
                100.429936443197,6.36403908596822,0
                100.427575786034,6.36486988643856,0
                100.425262114446,6.36582233248606,0
                100.423001770045,6.36689381285317,0
                100.420800948278,6.36808138995105,0
                100.418665681445,6.36938180791929,0
                100.416601822163,6.37079150155872,0
                100.414615027329,6.37230660611243,0
                100.412710742607,6.37392296786854,0
                100.410894187511,6.37563615555511,0
                100.409170341091,6.37744147249625,0
                100.40754392829,6.37933396949565,0
                100.406019406994,6.38130845841238,0
                100.404600955809,6.38335952639141,0
                100.403292462611,6.38548155070997,0
                100.402097513888,6.38766871419869,0
                100.401019384914,6.38991502119541,0
                100.400061030763,6.39221431398759,0
                100.399225078218,6.3945602896983,0
                100.398513818567,6.39694651756947,0
                100.397929201323,6.39936645659464,0
                100.397472828882,6.40181347345329,0
                100.397145952128,6.40428086069706,0
                100.396949467009,6.40676185513827,0
                100.396883912075,6.40924965639013,0
                100.396949467009,6.41173744550787,0
                100.397145952128,6.41421840367968,0
                100.397472828882,6.41668573091616,0
                100.397929201323,6.41913266468707,0
                100.398513818567,6.42155249845439,0
                100.399225078218,6.42393860005079,0
                100.400061030763,6.42628442985336,0
                100.401019384914,6.42858355870259,0
                100.402097513888,6.43082968551774,0
                100.403292462611,6.43301665456042,0
                100.404600955809,6.4351384722988,0
                100.406019406994,6.43718932382691,0
                100.40754392829,6.43916358879344,0
                100.409170341091,6.44105585679698,0
                100.410894187511,6.44286094220556,0
                100.412710742607,6.44457389835959,0
                100.414615027329,6.44619003111986,0
                100.416601822163,6.44770491172339,0
                100.418665681445,6.44911438891194,0
                100.420800948278,6.45041460030009,0
                100.423001770045,6.45160198295198,0
                100.425262114446,6.45267328313759,0
                100.427575786034,6.4536255652422,0
                100.429936443197,6.45445621980445,0
                100.432337615537,6.4551629706612,0
                100.434772721608,6.45574388117968,0
                100.437235086953,6.45619735955991,0
                100.4397179624,6.45652216319285,0
                100.44221454256,6.45671740206261,0
                100.444717984481,6.45678254118306,0
                100.447221426401,6.45671740206261,0
                100.449718006561,6.45652216319285,0
                100.452200882008,6.45619735955991,0
                100.454663247353,6.45574388117968,0
                100.457098353424,6.4551629706612,0
                100.459499525764,6.45445621980445,0
                100.461860182927,6.4536255652422,0
                100.464173854516,6.45267328313759,0
                100.466434198917,6.45160198295198,0
                100.468635020684,6.45041460030009,0
                100.470770287517,6.44911438891194,0
                100.472834146798,6.44770491172339,0
                100.474820941633,6.44619003111986,0
                100.476725226354,6.44457389835959,0
                100.478541781451,6.44286094220556,0
                100.480265627871,6.44105585679698,0
                100.481892040671,6.43916358879344,0
                100.483416561967,6.43718932382691,0
                100.484835013153,6.4351384722988,0
                100.486143506351,6.43301665456042,0
                100.487338455073,6.43082968551774,0
                100.488416584048,6.42858355870259,0
                100.489374938199,6.42628442985336,0
                100.490210890743,6.42393860005079,0
                100.490922150394,6.42155249845439,0
                100.491506767638,6.41913266468707,0
                100.491963140079,6.41668573091616,0
                100.492290016833,6.41421840367968,0
                100.492486501953,6.41173744550787,0
                100.492552056887,6.40924965639013,0
              </coordinates>
            </LinearRing>
          </outerBoundaryIs>
        </Polygon>
      </Placemark>
      <Placemark id="KDH_SE-01.2">
        <name>P.003 Jitra-Padang Terap</name>
        <ExtendedData>
          <SchemaData schemaUrl="#KDH_SE-01.schema">
            <SimpleData name="state">Kedah</SimpleData>
            <SimpleData name="parlimen">P.003 Jitra-Padang Terap</SimpleData>
            <SimpleData name="code_parlimen">P.003</SimpleData>
            <SimpleData name="dun">N.02 Padang Terap</SimpleData>
            <SimpleData name="code_dun">N.02</SimpleData>
            <SimpleData name="voters_total">11876</SimpleData>
          </SchemaData>
        </ExtendedData>
        <Polygon>
          <outerBoundaryIs>
            <LinearRing>
              <coordinates>
                100.728156687243,6.26357342071689,0
                100.728087623742,6.26095172952479,0
                100.727880622538,6.25833721109893,0
                100.727536251006,6.2557370318195,0
                100.727055453046,6.25315831886961,0
                100.72643954649,6.2506081406972,0
                100.725690219497,6.24809348763661,0
                100.724809525918,6.24562125274346,0
                100.723799879674,6.24319821289489,0
                100.722664048136,6.24083101020749,0
                100.721405144538,6.23852613382365,0
                100.720026619447,6.23628990211644,0
                100.718532251306,6.23412844536184,0
                100.716926136073,6.23204768892609,0
                100.715212675999,6.23005333701404,0
                100.713396567558,6.22815085702351,0
                100.711482788578,6.22634546454835,0
                100.709476584594,6.22464210907173,0
                100.707383454471,6.22304546038865,0
                100.705209135333,6.22155989579534,0
                100.702959586839,6.22018948808061,0
                100.700640974843,6.21893799435209,0
                100.698259654502,6.21780884572837,0
                100.695822152847,6.21680513792518,0
                100.693335150902,6.21592962276158,0
                100.690805465366,6.21518470060947,0
                100.688240029932,6.2145724138074,0
                100.685645876279,6.21409444105659,0
                100.683030114803,6.2137520928146,0
                100.680399915123,6.21354630769959,0
                100.677762486434,6.21347764991462,0
                100.675125057746,6.21354630769959,0
                100.672494858066,6.2137520928146,0
                100.66987909659,6.21409444105659,0
                100.667284942937,6.2145724138074,0
                100.664719507503,6.21518470060947,0
                100.662189821967,6.21592962276158,0
                100.659702820022,6.21680513792518,0
                100.657265318367,6.21780884572837,0
                100.654883998026,6.21893799435209,0
                100.65256538603,6.22018948808061,0
                100.650315837536,6.22155989579534,0
                100.648141518398,6.22304546038865,0
                100.646048388275,6.22464210907173,0
                100.644042184291,6.22634546454835,0
                100.642128405311,6.22815085702351,0
                100.64031229687,6.23005333701404,0
                100.638598836796,6.23204768892609,0
                100.636992721563,6.23412844536184,0
                100.635498353422,6.23628990211644,0
                100.634119828331,6.23852613382365,0
                100.632860924733,6.24083101020749,0
                100.631725093195,6.24319821289489,0
                100.630715446951,6.24562125274346,0
                100.629834753372,6.24809348763661,0
                100.629085426379,6.2506081406972,0
                100.628469519823,6.25315831886961,0
                100.627988721863,6.2557370318195,0
                100.627644350331,6.25833721109893,0
                100.627437349127,6.26095172952479,0
                100.627368285626,6.26357342071689,0
                100.627437349127,6.26619509874242,0
                100.627644350331,6.26880957781281,0
                100.627988721863,6.27140969197909,0
                100.628469519823,6.2739883147715,0
                100.629085426379,6.27653837872993,0
                100.629834753372,6.27905289477136,0
                100.630715446951,6.28152497134141,0
                100.631725093195,6.28394783329754,0
                100.632860924733,6.28631484047219,0
                100.634119828331,6.28861950586505,0
                100.635498353422,6.29085551341473,0
                100.636992721563,6.29301673530115,0
                100.638598836796,6.29509724873133,0
                100.64031229687,6.29709135216286,0
                100.642128405311,6.29899358092033,0
                100.644042184291,6.30079872216241,0
                100.646048388275,6.30250182915854,0
                100.648141518398,6.30409823483609,0
                100.650315837536,6.30558356456126,0
                100.65256538603,6.30695374811852,0
                100.654883998026,6.30820503085616,0
                100.657265318367,6.30933398396721,0
                100.659702820022,6.31033751387802,0
                100.662189821967,6.3112128707186,0
                100.664719507503,6.31195765585163,0
                100.667284942937,6.31256982843977,0
                100.66987909659,6.31304771103318,0
                100.672494858066,6.31338999416204,0
                100.675125057746,6.31359573992163,0
                100.677762486434,6.31366438454003,0
                100.680399915123,6.31359573992163,0
                100.683030114803,6.31338999416204,0
                100.685645876279,6.31304771103318,0
                100.688240029932,6.31256982843977,0
                100.690805465366,6.31195765585163,0
                100.693335150902,6.3112128707186,0
                100.695822152847,6.31033751387802,0
                100.698259654502,6.30933398396721,0
                100.700640974843,6.30820503085616,0
                100.702959586839,6.30695374811852,0
                100.705209135333,6.30558356456126,0
                100.707383454471,6.30409823483609,0
                100.709476584594,6.30250182915854,0
                100.711482788578,6.30079872216241,0
                100.713396567558,6.29899358092033,0
                100.715212675999,6.29709135216286,0
                100.716926136073,6.29509724873133,0
                100.718532251306,6.29301673530115,0
                100.720026619447,6.29085551341473,0
                100.721405144538,6.28861950586505,0
                100.722664048136,6.28631484047219,0
                100.723799879674,6.28394783329754,0
                100.724809525918,6.28152497134141,0
                100.725690219497,6.27905289477136,0
                100.72643954649,6.27653837872993,0
                100.727055453046,6.2739883147715,0
                100.727536251006,6.27140969197909,0
                100.727880622538,6.26880957781281,0
                100.728087623742,6.26619509874242,0
                100.728156687243,6.26357342071689,0
              </coordinates>
            </LinearRing>
          </outerBoundaryIs>
        </Polygon>
      </Placemark>
      <Placemark id="KDH_SE-01.3">
        <name>P.004 Kubang Pasu Barat</name>
        <ExtendedData>
          <SchemaData schemaUrl="#KDH_SE-01.schema">
            <SimpleData name="state">Kedah</SimpleData>
            <SimpleData name="parlimen">P.004 Kubang Pasu Barat</SimpleData>
            <SimpleData name="code_parlimen">P.004</SimpleData>
            <SimpleData name="dun">N.03 Jerlun-Kodiang</SimpleData>
            <SimpleData name="code_dun">N.03</SimpleData>
            <SimpleData name="voters_total">9735</SimpleData>
          </SchemaData>
        </ExtendedData>
        <Polygon>
          <outerBoundaryIs>
            <LinearRing>
              <coordinates>
                100.300846951433,6.27752199982829,0
                100.300784422435,6.27514842624425,0
                100.300597006827,6.27278134769232,0
                100.300285218304,6.27042725230694,0
                100.299849911455,6.2680925927234,0
                100.299292279427,6.26578376838899,0
                100.298613850649,6.2635071080192,0
                100.297816484649,6.26126885224681,0
                100.296902366951,6.2590751365117,0
                100.295874003088,6.25693197423803,0
                100.294734211734,6.25484524034534,0
                100.293486116978,6.25282065513845,0
                100.292133139761,6.25086376862083,0
                100.290678988499,6.24897994527401,0
                100.28912764892,6.24717434934531,0
                100.287483373137,6.24545193068408,0
                100.285750667997,6.24381741116533,0
                100.283934282724,6.24227527173815,0
                100.282039195903,6.24082974013462,0
                100.280070601836,6.23948477927268,0
                100.278033896303,6.23824407638522,0
                100.275934661771,6.23711103290502,0
                100.273778652097,6.23608875513351,0
                100.271571776752,6.23518004571884,0
                100.26932008463,6.23438739596695,0
                100.267029747462,6.23371297900651,0
                100.264707042902,6.2331586438269,0
                100.262358337323,6.23272591020509,0
                100.259990068363,6.23241596453599,0
                100.257608727283,6.23222965657735,0
                100.255220841173,6.23216749711818,0
                100.252832955062,6.23222965657735,0
                100.250451613982,6.23241596453599,0
                100.248083345022,6.23272591020509,0
                100.245734639443,6.2331586438269,0
                100.243411934883,6.23371297900651,0
                100.241121597715,6.23438739596695,0
                100.238869905593,6.23518004571884,0
                100.236663030249,6.23608875513351,0
                100.234507020574,6.23711103290502,0
                100.232407786042,6.23824407638522,0
                100.230371080509,6.23948477927268,0
                100.228402486442,6.24082974013462,0
                100.226507399621,6.24227527173815,0
                100.224691014348,6.24381741116533,0
                100.222958309208,6.24545193068408,0
                100.221314033426,6.24717434934531,0
                100.219762693847,6.24897994527401,0
                100.218308542584,6.25086376862083,0
                100.216955565367,6.25282065513845,0
                100.215707470611,6.25484524034534,0
                100.214567679257,6.25693197423803,0
                100.213539315394,6.2590751365117,0
                100.212625197696,6.26126885224681,0
                100.211827831696,6.2635071080192,0
                100.211149402919,6.26578376838899,0
                100.21059177089,6.2680925927234,0
                100.210156464041,6.27042725230694,0
                100.209844675518,6.27278134769232,0
                100.20965725991,6.27514842624425,0
                100.209594730912,6.27752199982829,0
                100.20965725991,6.27989556259574,0
                100.209844675518,6.28226260881653,0
                100.210156464041,6.28461665071036,0
                100.21059177089,6.28695123622804,0
                100.211149402919,6.28925996673375,0
                100.211827831696,6.29153651454004,0
                100.212625197696,6.29377464024735,0
                100.213539315394,6.29596820984087,0
                100.214567679257,6.29811121149756,0
                100.215707470611,6.30019777205766,0
                100.216955565367,6.30222217311539,0
                100.218308542584,6.30417886668489,0
                100.219762693847,6.3060624903986,0
                100.221314033426,6.3078678821964,0
                100.222958309208,6.30959009446546,0
                100.224691014348,6.31122440759207,0
                100.226507399621,6.31276634288836,0
                100.228402486442,6.31421167485881,0
                100.230371080509,6.31555644277266,0
                100.232407786042,6.31679696151101,0
                100.234507020574,6.31792983165866,0
                100.236663030249,6.31895194881324,0
                100.238869905593,6.31986051208636,0
                100.241121597715,6.32065303177325,0
                100.243411934883,6.3213273361702,0
                100.245734639443,6.32188157752117,0
                100.248083345022,6.32231423707716,0
                100.250451613982,6.32262412925474,0
                100.252832955062,6.32281040488224,0
                100.255220841173,6.32287255352487,0
                100.257608727283,6.32281040488224,0
                100.259990068363,6.32262412925474,0
                100.262358337323,6.32231423707716,0
                100.264707042902,6.32188157752117,0
                100.267029747462,6.3213273361702,0
                100.26932008463,6.32065303177325,0
                100.271571776752,6.31986051208636,0
                100.273778652097,6.31895194881324,0
                100.275934661771,6.31792983165866,0
                100.278033896303,6.31679696151101,0
                100.280070601836,6.31555644277266,0
                100.282039195903,6.31421167485881,0
                100.283934282724,6.31276634288836,0
                100.285750667997,6.31122440759207,0
                100.287483373137,6.30959009446546,0
                100.28912764892,6.3078678821964,0
                100.290678988499,6.3060624903986,0
                100.292133139761,6.30417886668489,0
                100.293486116978,6.30222217311539,0
                100.294734211734,6.30019777205766,0
                100.295874003088,6.29811121149756,0
                100.296902366951,6.29596820984087,0
                100.297816484649,6.29377464024735,0
                100.298613850649,6.29153651454004,0
                100.299292279427,6.28925996673375,0
                100.299849911455,6.28695123622804,0
                100.300285218304,6.28461665071036,0
                100.300597006827,6.28226260881653,0
                100.300784422435,6.27989556259574,0
                100.300846951433,6.27752199982829,0
              </coordinates>
            </LinearRing>
          </outerBoundaryIs>
        </Polygon>
      </Placemark>
      <Placemark id="KDH_SE-01.4">
        <name>P.004 Kubang Pasu Barat</name>
        <ExtendedData>
          <SchemaData schemaUrl="#KDH_SE-01.schema">
            <SimpleData name="state">Kedah</SimpleData>
            <SimpleData name="parlimen">P.004 Kubang Pasu Barat</SimpleData>
            <SimpleData name="code_parlimen">P.004</SimpleData>
            <SimpleData name="dun">N.04 Tunjang</SimpleData>
            <SimpleData name="code_dun">N.04</SimpleData>
            <SimpleData name="voters_total">9568</SimpleData>
          </SchemaData>
        </ExtendedData>
        <Polygon>
          <outerBoundaryIs>
            <LinearRing>
              <coordinates>
                100.387679376291,6.3028071800727,0
                100.387617385942,6.300454167895,0
                100.387431584808,6.29810759453472,0
                100.387122482157,6.29577389192121,0
                100.386690925216,6.29345945679152,0
                100.386138096854,6.29117063315502,0
                100.385465512335,6.28891369490146,0
                100.384675015167,6.28669482860052,0
                100.383768772047,6.28452011653971,0
                100.382749266924,6.28239552004747,0
                100.381619294191,6.28032686314702,0
                100.380381951025,6.27831981658598,0
                100.379040628898,6.27637988228555,0
                100.37759900428,6.27451237825196,0
                100.376061028564,6.27272242399161,0
                100.374430917235,6.27101492647001,0
                100.372713138315,6.26939456665321,0
                100.370912400115,6.26786578666841,0
                100.369033638335,6.2664327776193,0
                100.367082002529,6.26509946808963,0
                100.365062841997,6.26386951336638,0
                100.362981691116,6.26274628541245,0
                100.360844254176,6.26173286361623,0
                100.358656389744,6.26083202634363,0
                100.356424094604,6.2600462433157,0
                100.354153487322,6.25937766883296,0
                100.351850791474,6.25882813586485,0
                100.349522318589,6.25839915102081,0
                100.347174450851,6.25809189041663,0
                100.344813623601,6.25790719644757,0
                100.342446307703,6.2578455754771,0
                100.340078991804,6.25790719644757,0
                100.337718164554,6.25809189041663,0
                100.335370296816,6.25839915102081,0
                100.333041823932,6.25882813586485,0
                100.330739128084,6.25937766883296,0
                100.328468520801,6.2600462433157,0
                100.326236225661,6.26083202634363,0
                100.324048361229,6.26173286361623,0
                100.321910924289,6.26274628541245,0
                100.319829773408,6.26386951336638,0
                100.317810612876,6.26509946808963,0
                100.31585897707,6.2664327776193,0
                100.31398021529,6.26786578666841,0
                100.312179477091,6.26939456665321,0
                100.31046169817,6.27101492647001,0
                100.308831586841,6.27272242399161,0
                100.307293611125,6.27451237825196,0
                100.305851986507,6.27637988228555,0
                100.30451066438,6.27831981658598,0
                100.303273321214,6.28032686314702,0
                100.302143348481,6.28239552004747,0
                100.301123843359,6.28452011653971,0
                100.300217600238,6.28669482860052,0
                100.29942710307,6.28891369490146,0
                100.298754518551,6.29117063315502,0
                100.298201690189,6.29345945679152,0
                100.297770133249,6.29577389192121,0
                100.297461030597,6.29810759453472,0
                100.297275229463,6.300454167895,0
                100.297213239114,6.3028071800727,0
                100.297275229463,6.30516018157727,0
                100.297461030597,6.30750672303508,0
                100.297770133249,6.30984037286633,0
                100.298201690189,6.31215473491225,0
                100.298754518551,6.31444346596423,0
                100.29942710307,6.31670029314682,0
                100.300217600238,6.31891903110732,0
                100.301123843359,6.32109359896432,0
                100.302143348481,6.32321803696933,0
                100.303273321214,6.32528652283554,0
                100.30451066438,6.32729338768919,0
                100.305851986507,6.32923313159994,0
                100.307293611125,6.3311004386475,0
                100.308831586841,6.33289019148368,0
                100.31046169817,6.33459748534982,0
                100.312179477091,6.33621764151118,0
                100.31398021529,6.33774622007183,0
                100.31585897707,6.33917903213494,0
                100.317810612876,6.34051215127496,0
                100.319829773408,6.34174192429087,0
                100.321910924289,6.34286498121059,0
                100.324048361229,6.34387824451962,0
                100.326236225661,6.34477893758848,0
                100.328468520801,6.34556459227601,0
                100.330739128084,6.34623305568785,0
                100.333041823932,6.34678249607146,0
                100.335370296816,6.34721140783178,0
                100.337718164554,6.34751861565373,0
                100.340078991804,6.34770327772034,0
                100.342446307703,6.34776488801767,0
                100.344813623601,6.34770327772034,0
                100.347174450851,6.34751861565373,0
                100.349522318589,6.34721140783178,0
                100.351850791474,6.34678249607146,0
                100.354153487322,6.34623305568785,0
                100.356424094604,6.34556459227601,0
                100.358656389744,6.34477893758848,0
                100.360844254176,6.34387824451962,0
                100.362981691116,6.34286498121059,0
                100.365062841997,6.34174192429087,0
                100.367082002529,6.34051215127496,0
                100.369033638335,6.33917903213494,0
                100.370912400115,6.33774622007183,0
                100.372713138315,6.33621764151118,0
                100.374430917235,6.33459748534982,0
                100.376061028564,6.33289019148368,0
                100.37759900428,6.3311004386475,0
                100.379040628898,6.32923313159994,0
                100.380381951025,6.32729338768919,0
                100.381619294191,6.32528652283554,0
                100.382749266924,6.32321803696933,0
                100.383768772047,6.32109359896432,0
                100.384675015167,6.31891903110732,0
                100.385465512335,6.31670029314682,0
                100.386138096854,6.31444346596423,0
                100.386690925216,6.31215473491225,0
                100.387122482157,6.30984037286633,0
                100.387431584808,6.30750672303508,0
                100.387617385942,6.30516018157727,0
                100.387679376291,6.3028071800727,0
              </coordinates>
            </LinearRing>
          </outerBoundaryIs>
        </Polygon>
      </Placemark>
      <Placemark id="KDH_SE-01.5">
        <name>P.005 Kota Star Utara</name>
        <ExtendedData>
          <SchemaData schemaUrl="#KDH_SE-01.schema">
            <SimpleData name="state">Kedah</SimpleData>
            <SimpleData name="parlimen">P.005 Kota Star Utara</SimpleData>
            <SimpleData name="code_parlimen">P.005</SimpleData>
            <SimpleData name="dun">N.05 Langgar-Limbong</SimpleData>
            <SimpleData name="code_dun">N.05</SimpleData>
            <SimpleData name="voters_total">10152</SimpleData>
          </SchemaData>
        </ExtendedData>
        <Polygon>
          <outerBoundaryIs>
            <LinearRing>
              <coordinates>
                100.516371222057,6.09600141130763,0
                100.516307367882,6.09357670206602,0
                100.516115980377,6.09115862787445,0
                100.515797584121,6.08875381664491,0
                100.515353051817,6.08636886002443,0
                100.514783601896,6.0840102953252,0
                100.514090795182,6.08168458760284,0
                100.513276530609,6.07939811193181,0
                100.51234304002,6.07715713592652,0
                100.511292882048,6.07496780255625,0
                100.510128935102,6.072836113301,0
                100.508854389482,6.07076791169457,0
                100.507472738626,6.06876886729979,0
                100.505987769545,6.06684446016039,0
                100.504403552436,6.06499996577175,0
                100.502724429526,6.06324044061204,0
                100.500955003177,6.06157070827355,0
                100.499100123262,6.05999534623227,0
                100.497164873877,6.05851867329187,0
                100.495154559408,6.05714473773712,0
                100.493074689987,6.05587730622866,0
                100.49093096639,6.05471985347026,0
                100.488729264415,6.05367555267655,0
                100.486475618775,6.05274726686766,0
                100.484176206556,6.05193754101471,0
                100.481837330285,6.05124859505761,0
                100.479465400662,6.05068231781453,0
                100.47706691898,6.05024026179973,0
                100.47464845931,6.049923638964,0
                100.472216650482,6.04973331736952,0
                100.469778157916,6.04966981880809,0
                100.46733966535,6.04973331736952,0
                100.464907856522,6.049923638964,0
                100.462489396853,6.05024026179973,0
                100.46009091517,6.05068231781453,0
                100.457718985547,6.05124859505761,0
                100.455380109276,6.05193754101471,0
                100.453080697057,6.05274726686766,0
                100.450827051417,6.05367555267655,0
                100.448625349442,6.05471985347026,0
                100.446481625845,6.05587730622866,0
                100.444401756424,6.05714473773712,0
                100.442391441955,6.05851867329187,0
                100.44045619257,6.05999534623227,0
                100.438601312655,6.06157070827355,0
                100.436831886306,6.06324044061204,0
                100.435152763396,6.06499996577175,0
                100.433568546287,6.06684446016039,0
                100.432083577206,6.06876886729979,0
                100.43070192635,6.07076791169457,0
                100.42942738073,6.072836113301,0
                100.428263433784,6.07496780255625,0
                100.427213275812,6.07715713592652,0
                100.426279785223,6.07939811193181,0
                100.42546552065,6.08168458760284,0
                100.424772713936,6.0840102953252,0
                100.424203264016,6.08636886002443,0
                100.423758731711,6.08875381664491,0
                100.423440335455,6.09115862787445,0
                100.42324894795,6.09357670206602,0
                100.423185093775,6.09600141130763,0
                100.42324894795,6.09842610959052,0
                100.423440335455,6.10084415102596,0
                100.423758731711,6.10324890806085,0
                100.424203264016,6.10563378964194,0
                100.424772713936,6.10799225927921,0
                100.42546552065,6.11031785295852,0
                100.426279785223,6.1126041968549,0
                100.427213275812,6.1148450247977,0
                100.428263433784,6.11703419543986,0
                100.42942738073,6.11916570908422,0
                100.43070192635,6.12123372412105,0
                100.432083577206,6.12323257303159,0
                100.433568546287,6.12515677791389,0
                100.435152763396,6.12700106548855,0
                100.436831886306,6.12876038154328,0
                100.438601312655,6.13042990477678,0
                100.44045619257,6.13200506000412,0
                100.442391441955,6.13348153068743,0
                100.444401756424,6.13485527075799,0
                100.446481625845,6.13612251569689,0
                100.448625349442,6.13727979284446,0
                100.450827051417,6.1383239309101,0
                100.453080697057,6.13925206865655,0
                100.455380109276,6.14006166273491,0
                100.457718985547,6.14075049464901,0
                100.46009091517,6.14131667683017,0
                100.462489396853,6.14175865780563,0
                100.464907856522,6.14207522644675,0
                100.46733966535,6.14226551528512,0
                100.469778157916,6.14232900288784,0
                100.472216650482,6.14226551528512,0
                100.47464845931,6.14207522644675,0
                100.47706691898,6.14175865780563,0
                100.479465400662,6.14131667683017,0
                100.481837330285,6.14075049464901,0
                100.484176206556,6.14006166273491,0
                100.486475618775,6.13925206865655,0
                100.488729264415,6.1383239309101,0
                100.49093096639,6.13727979284446,0
                100.493074689987,6.13612251569689,0
                100.495154559408,6.13485527075799,0
                100.497164873877,6.13348153068743,0
                100.499100123262,6.13200506000412,0
                100.500955003177,6.13042990477678,0
                100.502724429526,6.12876038154328,0
                100.504403552436,6.12700106548855,0
                100.505987769545,6.12515677791389,0
                100.507472738626,6.12323257303159,0
                100.508854389482,6.12123372412105,0
                100.510128935102,6.11916570908422,0
                100.511292882048,6.11703419543986,0
                100.51234304002,6.1148450247977,0
                100.513276530609,6.1126041968549,0
                100.514090795182,6.11031785295852,0
                100.514783601896,6.10799225927921,0
                100.515353051817,6.10563378964194,0
                100.515797584121,6.10324890806085,0
                100.516115980377,6.10084415102596,0
                100.516307367882,6.09842610959052,0
                100.516371222057,6.09600141130763,0
              </coordinates>
            </LinearRing>
          </outerBoundaryIs>
        </Polygon>
      </Placemark>
      <Placemark id="KDH_SE-01.6">
        <name>P.005 Kota Star Utara</name>
        <ExtendedData>
          <SchemaData schemaUrl="#KDH_SE-01.schema">
            <SimpleData name="state">Kedah</SimpleData>
            <SimpleData name="parlimen">P.005 Kota Star Utara</SimpleData>
            <SimpleData name="code_parlimen">P.005</SimpleData>
            <SimpleData name="dun">N.06 Pokok Sena</SimpleData>
            <SimpleData name="code_dun">N.06</SimpleData>
            <SimpleData name="voters_total">9901</SimpleData>
          </SchemaData>
        </ExtendedData>
        <Polygon>
          <outerBoundaryIs>
            <LinearRing>
              <coordinates>
                100.591494490279,6.14903615327941,0
                100.591431430416,6.14664184388897,0
                100.591242423669,6.14425408640318,0
                100.590927988092,6.14187942563571,0
                100.590488985533,6.13952437058945,0
                100.589926619265,6.13719537661327,0
                100.589242430697,6.134898827705,0
                100.58843829514,6.13264101900904,0
                100.587516416676,6.13042813955666,0
                100.586479322109,6.12826625529642,0
                100.585329854042,6.12616129246128,0
                100.584071163089,6.12411902131789,0
                100.582706699233,6.12214504034302,0
                100.581240202374,6.12024476087016,0
                100.57967569208,6.11842339224889,0
                100.578017456564,6.11668592755746,0
                100.576270040934,6.115037129908,0
                100.574438234735,6.113481519382,0
                100.57252705882,6.11202336063186,0
                100.57054175159,6.11066665118277,0
                100.568487754634,6.10941511046684,0
                100.566370697815,6.10827216961989,0
                100.564196383838,6.10724096206873,0
                100.561970772346,6.10632431493508,0
                100.559699963588,6.10552474127945,0
                100.55739018169,6.10484443320654,0
                100.555047757605,6.10428525585113,0
                100.552679111755,6.10384874226091,0
                100.550290736432,6.1035360891903,0
                100.547889178009,6.10334815381704,0
                100.545481018989,6.1032854513903,0
                100.543072859969,6.10334815381704,0
                100.540671301545,6.1035360891903,0
                100.538282926223,6.10384874226091,0
                100.535914280373,6.10428525585113,0
                100.533571856288,6.10484443320654,0
                100.53126207439,6.10552474127945,0
                100.528991265631,6.10632431493508,0
                100.52676565414,6.10724096206873,0
                100.524591340163,6.10827216961989,0
                100.522474283344,6.10941511046684,0
                100.520420286388,6.11066665118277,0
                100.518434979158,6.11202336063186,0
                100.516523803243,6.113481519382,0
                100.514691997044,6.115037129908,0
                100.512944581414,6.11668592755746,0
                100.511286345897,6.11842339224889,0
                100.509721835603,6.12024476087016,0
                100.508255338745,6.12214504034302,0
                100.506890874889,6.12411902131789,0
                100.505632183935,6.12616129246128,0
                100.504482715869,6.12826625529642,0
                100.503445621302,6.13042813955666,0
                100.502523742837,6.13264101900904,0
                100.501719607281,6.134898827705,0
                100.501035418713,6.13719537661327,0
                100.500473052445,6.13952437058945,0
                100.500034049885,6.14187942563571,0
                100.499719614309,6.14425408640318,0
                100.499530607562,6.14664184388897,0
                100.499467547699,6.14903615327941,0
                100.499530607562,6.15143045189052,0
                100.499719614309,6.15381817715637,0
                100.500034049885,6.15619278461634,0
                100.500473052445,6.15854776585159,0
                100.501035418713,6.16087666632191,0
                100.501719607281,6.16317310305395,0
                100.502523742837,6.16543078213235,0
                100.503445621302,6.16764351594596,0
                100.504482715869,6.16980524014184,0
                100.505632183935,6.17191003024077,0
                100.506890874889,6.1739521178686,0
                100.508255338745,6.17592590655922,0
                100.509721835603,6.17782598708582,0
                100.511286345897,6.17964715227853,0
                100.512944581414,6.18138441128793,0
                100.514691997044,6.18303300325537,0
                100.516523803243,6.18458841035285,0
                100.518434979158,6.18604637015674,0
                100.520420286388,6.18740288732162,0
                100.522474283344,6.18865424452204,0
                100.524591340163,6.18979701263283,0
                100.52676565414,6.19082806011967,0
                100.528991265631,6.19174456161459,0
                100.53126207439,6.19254400565272,0
                100.533571856288,6.19322420154946,0
                100.535914280373,6.19378328539905,0
                100.538282926223,6.19421972517829,0
                100.540671301545,6.19453232494142,0
                100.543072859969,6.19472022809479,0
                100.545481018989,6.19478291974218,0
                100.547889178009,6.19472022809479,0
                100.550290736432,6.19453232494142,0
                100.552679111755,6.19421972517829,0
                100.555047757605,6.19378328539905,0
                100.55739018169,6.19322420154946,0
                100.559699963588,6.19254400565272,0
                100.561970772346,6.19174456161459,0
                100.564196383838,6.19082806011967,0
                100.566370697815,6.18979701263283,0
                100.568487754634,6.18865424452204,0
                100.57054175159,6.18740288732162,0
                100.57252705882,6.18604637015674,0
                100.574438234735,6.18458841035285,0
                100.576270040934,6.18303300325537,0
                100.578017456564,6.18138441128793,0
                100.57967569208,6.17964715227853,0
                100.581240202374,6.17782598708582,0
                100.582706699233,6.17592590655922,0
                100.584071163089,6.1739521178686,0
                100.585329854042,6.17191003024077,0
                100.586479322109,6.16980524014184,0
                100.587516416676,6.16764351594596,0
                100.58843829514,6.16543078213235,0
                100.589242430697,6.16317310305395,0
                100.589926619265,6.16087666632191,0
                100.590488985533,6.15854776585159,0
                100.590927988092,6.15619278461634,0
                100.591242423669,6.15381817715637,0
                100.591431430416,6.15143045189052,0
                100.591494490279,6.14903615327941,0
              </coordinates>
            </LinearRing>
          </outerBoundaryIs>
        </Polygon>
      </Placemark>
      <Placemark id="KDH_SE-01.7">
        <name>P.006 Alor Star</name>
        <ExtendedData>
          <SchemaData schemaUrl="#KDH_SE-01.schema">
            <SimpleData name="state">Kedah</SimpleData>
            <SimpleData name="parlimen">P.006 Alor Star</SimpleData>
            <SimpleData name="code_parlimen">P.006</SimpleData>
            <SimpleData name="dun">N.07 Alor Star Pekan</SimpleData>
            <SimpleData name="code_dun">N.07</SimpleData>
            <SimpleData name="voters_total">12367</SimpleData>
          </SchemaData>
        </ExtendedData>
        <Polygon>
          <outerBoundaryIs>
            <LinearRing>
              <coordinates>
                100.391810255898,6.05862063317159,0
                100.391739779179,6.05594426223127,0
                100.391528542196,6.05327521382878,0
                100.391177123932,6.05062080380883,0
                100.390686487603,6.04798830799962,0
                100.390057978007,6.04538494226732,0
                100.389293317847,6.04281784273364,0
                100.388394603001,6.0402940462109,0
                100.387364296786,6.03782047090837,0
                100.386205223198,6.03540389746262,0
                100.384920559178,6.0330509503442,0
                100.383513825902,6.03076807969146,0
                100.381988879126,6.02856154362168,0
                100.380349898624,6.02643739106779,0
                100.378601376728,6.02440144518801,0
                100.376748106014,6.02245928739409,0
                100.374795166169,6.02061624204183,0
                100.372747910066,6.01887736182605,0
                100.37061194909,6.01724741392026,0
                100.368393137763,6.015730866899,0
                100.366097557692,6.01433187847891,0
                100.363731500902,6.01305428411219,0
                100.361301452591,6.01190158646387,0
                100.358814073353,6.01087694580181,0
                100.35627618092,6.00998317132596,0
                100.353694731479,6.00922271346051,0
                100.351076800605,6.00859765713041,0
                100.348429563863,6.0081097160407,0
                100.345760277146,6.0077602279742,0
                100.343076256782,6.00755015112072,0
                100.340384859486,6.0074800614479,0
                100.337693462189,6.00755015112072,0
                100.335009441826,6.0077602279742,0
                100.332340155109,6.0081097160407,0
                100.329692918367,6.00859765713041,0
                100.327074987493,6.00922271346051,0
                100.324493538052,6.00998317132596,0
                100.321955645619,6.01087694580181,0
                100.31946826638,6.01190158646387,0
                100.317038218069,6.01305428411219,0
                100.31467216128,6.01433187847891,0
                100.312376581209,6.015730866899,0
                100.310157769882,6.01724741392026,0
                100.308021808906,6.01887736182605,0
                100.305974552802,6.02061624204183,0
                100.304021612958,6.02245928739409,0
                100.302168342244,6.02440144518801,0
                100.300419820348,6.02643739106779,0
                100.298780839846,6.02856154362168,0
                100.29725589307,6.03076807969146,0
                100.295849159793,6.0330509503442,0
                100.294564495774,6.03540389746262,0
                100.293405422186,6.03782047090837,0
                100.292375115971,6.0402940462109,0
                100.291476401125,6.04281784273364,0
                100.290711740964,6.04538494226732,0
                100.290083231369,6.04798830799962,0
                100.289592595039,6.05062080380883,0
                100.289241176776,6.05327521382878,0
                100.289029939792,6.05594426223127,0
                100.288959463074,6.05862063317159,0
                100.289029939792,6.06129699084281,0
                100.289241176776,6.06396599958333,0
                100.289592595039,6.06662034398303,0
                100.290083231369,6.06925274893263,0
                100.290711740964,6.07185599956144,0
                100.291476401125,6.07442296100885,0
                100.292375115971,6.07694659797546,0
                100.293405422186,6.07941999400013,0
                100.294564495774,6.08183637041048,0
                100.295849159793,6.08418910489473,0
                100.29725589307,6.08647174964419,0
                100.298780839846,6.08867804901663,0
                100.300419820348,6.09080195667245,0
                100.302168342244,6.09283765213654,0
                100.304021612958,6.09477955674079,0
                100.305974552802,6.09662234890338,0
                100.308021808906,6.0983609787035,0
                100.310157769882,6.09999068171125,0
                100.312376581209,6.10150699203522,0
                100.31467216128,6.10290575455211,0
                100.317038218069,6.10418313628474,0
                100.31946826638,6.10533563689773,0
                100.321955645619,6.106360098282,0
                100.324493538052,6.1072537132018,0
                100.327074987493,6.10801403298108,0
                100.329692918367,6.10863897420775,0
                100.332340155109,6.10912682443791,0
                100.335009441826,6.1094762468842,0
                100.337693462189,6.10968628407574,0
                100.340384859486,6.10975636047945,0
                100.343076256782,6.10968628407574,0
                100.345760277146,6.1094762468842,0
                100.348429563863,6.10912682443791,0
                100.351076800605,6.10863897420775,0
                100.353694731479,6.10801403298108,0
                100.35627618092,6.1072537132018,0
                100.358814073353,6.106360098282,0
                100.361301452591,6.10533563689773,0
                100.363731500902,6.10418313628474,0
                100.366097557692,6.10290575455211,0
                100.368393137763,6.10150699203522,0
                100.37061194909,6.09999068171125,0
                100.372747910066,6.0983609787035,0
                100.374795166169,6.09662234890338,0
                100.376748106014,6.09477955674079,0
                100.378601376728,6.09283765213654,0
                100.380349898624,6.09080195667245,0
                100.381988879126,6.08867804901663,0
                100.383513825902,6.08647174964419,0
                100.384920559178,6.08418910489473,0
                100.386205223198,6.08183637041048,0
                100.387364296786,6.07941999400013,0
                100.388394603001,6.07694659797546,0
                100.389293317847,6.07442296100885,0
                100.390057978007,6.07185599956144,0
                100.390686487603,6.06925274893263,0
                100.391177123932,6.06662034398303,0
                100.391528542196,6.06396599958333,0
                100.391739779179,6.06129699084281,0
                100.391810255898,6.05862063317159,0
              </coordinates>
            </LinearRing>
          </outerBoundaryIs>
        </Polygon>
      </Placemark>
      <Placemark id="KDH_SE-01.8">
        <name>P.006 Alor Star</name>
        <ExtendedData>
          <SchemaData schemaUrl="#KDH_SE-01.schema">
            <SimpleData name="state">Kedah</SimpleData>
            <SimpleData name="parlimen">P.006 Alor Star</SimpleData>
            <SimpleData name="code_parlimen">P.006</SimpleData>
            <SimpleData name="dun">N.08 Alor Star Luar</SimpleData>
            <SimpleData name="code_dun">N.08</SimpleData>
            <SimpleData name="voters_total">13173</SimpleData>
          </SchemaData>
        </ExtendedData>
        <Polygon>
          <outerBoundaryIs>
            <LinearRing>
              <coordinates>
                100.462436174444,6.17481583032464,0
                100.462363437367,6.17205422162215,0
                100.462145425506,6.1693001679618,0
                100.461782736415,6.16656121819624,0
                100.461276364199,6.16384487989475,0
                100.46062769679,6.16115859876224,0
                100.45983851214,6.15850973822656,0
                100.45891097335,6.15590555924996,0
                100.457847622738,6.15335320042063,0
                100.456651374875,6.15085965837836,0
                100.455325508593,6.14843176862839,0
                100.453873657999,6.1460761867962,0
                100.452299802516,6.14379937037442,0
                100.45060825597,6.14160756101232,0
                100.448803654775,6.13950676739634,0
                100.446890945216,6.1375027487688,0
                100.444875369897,6.13560099913004,0
                100.44276245337,6.13380673216757,0
                100.440557986993,6.13212486695332,0
                100.438268013054,6.13056001444887,0
                100.435898808213,6.12911646485519,0
                100.433456866296,6.12779817584215,0
                100.430948880496,6.12660876168988,0
                100.428381725028,6.12555148337214,0
                100.425762436285,6.12462923960866,0
                100.423098193558,6.12384455891142,0
                100.420396299349,6.12319959264641,0
                100.417664159363,6.12269610913036,0
                100.414909262205,6.12233548877834,0
                100.412139158859,6.12211872031577,0
                100.409361441983,6.12204639806527,0
                100.406583725107,6.12211872031577,0
                100.403813621761,6.12233548877834,0
                100.401058724603,6.12269610913036,0
                100.398326584617,6.12319959264641,0
                100.395624690408,6.12384455891142,0
                100.392960447681,6.12462923960866,0
                100.390341158938,6.12555148337214,0
                100.38777400347,6.12660876168988,0
                100.38526601767,6.12779817584215,0
                100.382824075753,6.12911646485519,0
                100.380454870912,6.13056001444887,0
                100.378164896973,6.13212486695332,0
                100.375960430596,6.13380673216757,0
                100.373847514069,6.13560099913004,0
                100.37183193875,6.1375027487688,0
                100.369919229191,6.13950676739634,0
                100.368114627996,6.14160756101232,0
                100.36642308145,6.14379937037442,0
                100.364849225967,6.1460761867962,0
                100.363397375373,6.14843176862839,0
                100.362071509091,6.15085965837836,0
                100.360875261228,6.15335320042063,0
                100.359811910616,6.15590555924996,0
                100.358884371826,6.15850973822656,0
                100.358095187176,6.16115859876224,0
                100.357446519767,6.16384487989475,0
                100.356940147551,6.16656121819624,0
                100.35657745846,6.1693001679618,0
                100.356359446598,6.17205422162215,0
                100.356286709522,6.17481583032464,0
                100.356359446598,6.17757742462634,0
                100.35657745846,6.18033143524205,0
                100.356940147551,6.18307031379078,0
                100.357446519767,6.18578655348346,0
                100.358095187176,6.18847270969557,0
                100.358884371826,6.19112142036796,0
                100.359811910616,6.19372542618027,0
                100.360875261228,6.19627759044156,0
                100.362071509091,6.19877091864376,0
                100.363397375373,6.20119857762451,0
                100.364849225967,6.20355391428669,0
                100.36642308145,6.20583047382379,0
                100.368114627996,6.20802201740104,0
                100.369919229191,6.210122539244,0
                100.37183193875,6.21212628308793,0
                100.373847514069,6.2140277579431,0
                100.375960430596,6.21582175313259,0
                100.378164896973,6.21750335256202,0
                100.380454870912,6.21906794818187,0
                100.382824075753,6.2205112526056,0
                100.38526601767,6.22182931084953,0
                100.38777400347,6.22301851116182,0
                100.390341158938,6.22407559491161,0
                100.392960447681,6.2249976655109,0
                100.395624690408,6.22578219634494,0
                100.398326584617,6.22642703768964,0
                100.401058724603,6.22693042259695,0
                100.403813621761,6.22729097173217,0
                100.406583725107,6.22750769715013,0
                100.409361441983,6.22758000499984,0
                100.412139158859,6.22750769715013,0
                100.414909262205,6.22729097173217,0
                100.417664159363,6.22693042259695,0
                100.420396299349,6.22642703768964,0
                100.423098193558,6.22578219634494,0
                100.425762436285,6.2249976655109,0
                100.428381725028,6.22407559491161,0
                100.430948880496,6.22301851116182,0
                100.433456866296,6.22182931084953,0
                100.435898808213,6.2205112526056,0
                100.438268013054,6.21906794818187,0
                100.440557986993,6.21750335256202,0
                100.44276245337,6.21582175313259,0
                100.444875369897,6.2140277579431,0
                100.446890945216,6.21212628308793,0
                100.448803654775,6.210122539244,0
                100.45060825597,6.20802201740104,0
                100.452299802516,6.20583047382379,0
                100.453873657999,6.20355391428669,0
                100.455325508593,6.20119857762451,0
                100.456651374875,6.19877091864376,0
                100.457847622738,6.19627759044156,0
                100.45891097335,6.19372542618027,0
                100.45983851214,6.19112142036796,0
                100.46062769679,6.18847270969557,0
                100.461276364199,6.18578655348346,0
                100.461782736415,6.18307031379078,0
                100.462145425506,6.18033143524205,0
                100.462363437367,6.17757742462634,0
                100.462436174444,6.17481583032464,0
              </coordinates>
            </LinearRing>
          </outerBoundaryIs>
        </Polygon>
      </Placemark>
      <Placemark id="KDH_SE-01.9">
        <name>P.007 Kuala Kedah</name>
        <ExtendedData>
          <SchemaData schemaUrl="#KDH_SE-01.schema">
            <SimpleData name="state">Kedah</SimpleData>
            <SimpleData name="parlimen">P.007 Kuala Kedah</SimpleData>
            <SimpleData name="code_parlimen">P.007</SimpleData>
            <SimpleData name="dun">N.09 Langkawi</SimpleData>
            <SimpleData name="code_dun">N.09</SimpleData>
            <SimpleData name="voters_total">14022</SimpleData>
          </SchemaData>
        </ExtendedData>
        <Polygon>
          <outerBoundaryIs>
            <LinearRing>
              <coordinates>
                99.896118577316,6.32534811780489,0
                99.8960435328839,6.32249972500585,0
                99.8958186052791,6.31965912382826,0
                99.8954444110125,6.31683410036197,0
                99.8949219757247,6.31403239812522,0
                99.8942527313744,6.31126169683649,0
                99.8934385123139,6.30852959136002,0
                99.892481550261,6.30584357088248,0
                99.8913844681823,6.30321099837824,0
                99.8901502731033,6.30063909041932,0
                99.8887823478671,6.29813489738571,0
                99.8872844418616,6.2957052841302,0
                99.8856606607431,6.293356911151,0
                99.8839154551827,6.29109621632371,0
                99.8820536086677,6.28892939724307,0
                99.8800802243898,6.2868623942227,0
                99.8780007112582,6.284900874,0
                99.8758207690739,6.28305021419055,0
                99.8735463729068,6.28131548853513,0
                99.8711837567188,6.27970145297976,0
                99.8687393962766,6.27821253262708,0
                99.8662199914023,6.27685280959507,0
                99.8636324476095,6.27562601181632,0
                99.8609838571758,6.27453550280894,0
                99.8582814797037,6.27358427244704,0
                99.8555327222218,6.27277492875631,0
                99.8527451188834,6.27210969075725,0
                99.8499263103154,6.27159038237574,0
                99.8470840226763,6.27121842743786,0
                99.8442260464789,6.27099484576243,0
                99.8413602152372,6.27092025036236,0
                99.8384943839955,6.27099484576243,0
                99.835636407798,6.27121842743786,0
                99.8327941201589,6.27159038237574,0
                99.829975311591,6.27210969075725,0
                99.8271877082526,6.27277492875631,0
                99.8244389507707,6.27358427244704,0
                99.8217365732985,6.27453550280894,0
                99.8190879828649,6.27562601181632,0
                99.8165004390721,6.27685280959507,0
                99.8139810341978,6.27821253262708,0
                99.8115366737556,6.27970145297976,0
                99.8091740575675,6.28131548853513,0
                99.8068996614005,6.28305021419055,0
                99.8047197192161,6.284900874,0
                99.8026402060846,6.2868623942227,0
                99.8006668218067,6.28892939724307,0
                99.7988049752916,6.29109621632371,0
                99.7970597697313,6.293356911151,0
                99.7954359886127,6.2957052841302,0
                99.7939380826073,6.29813489738571,0
                99.7925701573711,6.30063909041932,0
                99.7913359622921,6.30321099837824,0
                99.7902388802133,6.30584357088248,0
                99.7892819181605,6.30852959136002,0
                99.7884676990999,6.31126169683649,0
                99.7877984547496,6.31403239812522,0
                99.7872760194618,6.31683410036197,0
                99.7869018251953,6.31965912382826,0
                99.7866768975905,6.32249972500585,0
                99.7866018531583,6.32534811780489,0
                99.7866768975905,6.32819649490732,0
                99.7869018251953,6.33103704916704,0
                99.7872760194618,6.33386199500826,0
                99.7877984547496,6.33666358976322,0
                99.7884676990999,6.33943415489102,0
                99.7892819181605,6.34216609701924,0
                99.7902388802133,6.34485192875087,0
                99.7913359622921,6.3474842891795,0
                99.7925701573711,6.35005596405666,0
                99.7939380826073,6.35255990555604,0
                99.7954359886127,6.35498925158072,0
                99.7970597697313,6.35733734456033,0
                99.7988049752916,6.359597749687,0
                99.8006668218067,6.36176427254004,0
                99.8026402060846,6.3638309760513,0
                99.8047197192161,6.36579219676491,0
                99.8068996614005,6.36764256034678,0
                99.8091740575675,6.36937699630164,0
                99.8115366737556,6.3709907518575,0
                99.8139810341978,6.37247940497945,0
                99.8165004390721,6.37383887647735,0
                99.8190879828649,6.37506544117443,0
                99.8217365732985,6.37615573810631,0
                99.8244389507707,6.37710677972242,0
                99.8271877082526,6.377915960065,0
                99.829975311591,6.37858106190322,0
                99.8327941201589,6.379100262803,0
                99.835636407798,6.37947214011587,0
                99.8384943839955,6.37969567487349,0
                99.8413602152372,6.37977025457694,0
                99.8442260464789,6.37969567487349,0
                99.8470840226763,6.37947214011587,0
                99.8499263103154,6.379100262803,0
                99.8527451188834,6.37858106190322,0
                99.8555327222218,6.377915960065,0
                99.8582814797037,6.37710677972242,0
                99.8609838571758,6.37615573810631,0
                99.8636324476095,6.37506544117443,0
                99.8662199914023,6.37383887647735,0
                99.8687393962766,6.37247940497945,0
                99.8711837567188,6.3709907518575,0
                99.8735463729068,6.36937699630164,0
                99.8758207690739,6.36764256034678,0
                99.8780007112582,6.36579219676491,0
                99.8800802243898,6.3638309760513,0
                99.8820536086677,6.36176427254004,0
                99.8839154551827,6.359597749687,0
                99.8856606607431,6.35733734456033,0
                99.8872844418616,6.35498925158072,0
                99.8887823478671,6.35255990555604,0
                99.8901502731033,6.35005596405666,0
                99.8913844681823,6.3474842891795,0
                99.892481550261,6.34485192875087,0
                99.8934385123139,6.34216609701924,0
                99.8942527313744,6.33943415489102,0
                99.8949219757247,6.33666358976322,0
                99.8954444110125,6.33386199500826,0
                99.8958186052791,6.33103704916704,0
                99.8960435328839,6.32819649490732,0
                99.896118577316,6.32534811780489,0
              </coordinates>
            </LinearRing>
          </outerBoundaryIs>
        </Polygon>
      </Placemark>
      <Placemark id="KDH_SE-01.10">
        <name>P.007 Kuala Kedah</name>
        <ExtendedData>
          <SchemaData schemaUrl="#KDH_SE-01.schema">
            <SimpleData name="state">Kedah</SimpleData>
            <SimpleData name="parlimen">P.007 Kuala Kedah</SimpleData>
            <SimpleData name="code_parlimen">P.007</SimpleData>
            <SimpleData name="dun">N.10 Kota Star Barat</SimpleData>
            <SimpleData name="code_dun">N.10</SimpleData>
            <SimpleData name="voters_total">11924</SimpleData>
          </SchemaData>
        </ExtendedData>
        <Polygon>
          <outerBoundaryIs>
            <LinearRing>
              <coordinates>
                100.357908997082,6.15666190979926,0
                100.357839794152,6.15403439247865,0
                100.357632375045,6.15141406406155,0
                100.357287308281,6.14880810685091,0
                100.356805539664,6.14622366386334,0
                100.356188389689,6.14366781924768,0
                100.35543754992,6.14114757886363,0
                100.354555078358,6.13866985107407,0
                100.353543393796,6.13624142780347,0
                100.35240526919,6.13386896591465,0
                100.351143824061,6.13155896895479,0
                100.349762515943,6.12931776932101,0
                100.348265130905,6.12715151089422,0
                100.346655773175,6.12506613218929,0
                100.344938853891,6.12306735006761,0
                100.34311907901,6.12116064405675,0
                100.341201436407,6.11935124132055,0
                100.339191182209,6.11764410232073,0
                100.337093826381,6.11604390720958,0
                100.334915117631,6.11455504299096,0
                100.332661027648,6.1131815914853,0
                100.330337734735,6.11192731813123,0
                100.327951606878,6.11079566165495,0
                100.325509184286,6.10978972463569,0
                100.323017161471,6.10891226499321,0
                100.320482368893,6.10816568842072,0
                100.317911754243,6.1075520417842,0
                100.315312363397,6.10707300750599,0
                100.312691321105,6.1067298989485,0
                100.310055811461,6.10652365681037,0
                100.307413058214,6.10645484654529,0
                100.304770304967,6.10652365681037,0
                100.302134795323,6.1067298989485,0
                100.29951375303,6.10707300750599,0
                100.296914362185,6.1075520417842,0
                100.294343747535,6.10816568842072,0
                100.291808954957,6.10891226499321,0
                100.289316932142,6.10978972463569,0
                100.28687450955,6.11079566165495,0
                100.284488381693,6.11192731813123,0
                100.28216508878,6.1131815914853,0
                100.279910998797,6.11455504299096,0
                100.277732290047,6.11604390720958,0
                100.275634934219,6.11764410232073,0
                100.273624680021,6.11935124132055,0
                100.271707037418,6.12116064405675,0
                100.269887262537,6.12306735006761,0
                100.268170343253,6.12506613218929,0
                100.266560985523,6.12715151089422,0
                100.265063600485,6.12931776932101,0
                100.263682292367,6.13155896895479,0
                100.262420847238,6.13386896591465,0
                100.261282722632,6.13624142780347,0
                100.26027103807,6.13866985107407,0
                100.259388566508,6.14114757886363,0
                100.258637726739,6.14366781924768,0
                100.258020576764,6.14622366386334,0
                100.257538808147,6.14880810685091,0
                100.257193741383,6.15141406406155,0
                100.256986322276,6.15403439247865,0
                100.256917119346,6.15666190979926,0
                100.256986322276,6.1592894141222,0
                100.257193741383,6.16190970368873,0
                100.257538808147,6.16451559662157,0
                100.258020576764,6.1670999506083,0
                100.258637726739,6.16965568247521,0
                100.259388566508,6.17217578759793,0
                100.26027103807,6.1746533590955,0
                100.261282722632,6.17708160675585,0
                100.262420847238,6.17945387564015,0
                100.263682292367,6.18176366431582,0
                100.265063600485,6.18400464266778,0
                100.266560985523,6.18617066923952,0
                100.268170343253,6.1882558080564,0
                100.269887262537,6.19025434488531,0
                100.271707037418,6.19216080288617,0
                100.273624680021,6.19396995761237,0
                100.275634934219,6.19567685131944,0
                100.277732290047,6.19727680654261,0
                100.279910998797,6.19876543890621,0
                100.28216508878,6.20013866913011,0
                100.284488381693,6.20139273420007,0
                100.28687450955,6.20252419767192,0
                100.289316932142,6.203529959081,0
                100.291808954957,6.20440726243158,0
                100.294343747535,6.2051537037428,0
                100.296914362185,6.20576723763067,0
                100.29951375303,6.20624618290808,0
                100.302134795323,6.20658922718779,0
                100.304770304967,6.20679543047537,0
                100.307413058214,6.2068642277428,0
                100.310055811461,6.20679543047537,0
                100.312691321105,6.20658922718779,0
                100.315312363397,6.20624618290808,0
                100.317911754243,6.20576723763067,0
                100.320482368893,6.2051537037428,0
                100.323017161471,6.20440726243158,0
                100.325509184286,6.203529959081,0
                100.327951606878,6.20252419767192,0
                100.330337734735,6.20139273420007,0
                100.332661027648,6.20013866913011,0
                100.334915117631,6.19876543890621,0
                100.337093826381,6.19727680654261,0
                100.339191182209,6.19567685131944,0
                100.341201436407,6.19396995761237,0
                100.34311907901,6.19216080288617,0
                100.344938853891,6.19025434488531,0
                100.346655773175,6.1882558080564,0
                100.348265130905,6.18617066923952,0
                100.349762515943,6.18400464266778,0
                100.351143824061,6.18176366431582,0
                100.35240526919,6.17945387564015,0
                100.353543393796,6.17708160675585,0
                100.354555078358,6.1746533590955,0
                100.35543754992,6.17217578759793,0
                100.356188389689,6.16965568247521,0
                100.356805539664,6.1670999506083,0
                100.357287308281,6.16451559662157,0
                100.357632375045,6.16190970368873,0
                100.357839794152,6.1592894141222,0
                100.357908997082,6.15666190979926,0
              </coordinates>
            </LinearRing>
          </outerBoundaryIs>
        </Polygon>
      </Placemark>
      <Placemark id="KDH_SE-01.11">
        <name>P.008 Kota Star Selatan</name>
        <ExtendedData>
          <SchemaData schemaUrl="#KDH_SE-01.schema">
            <SimpleData name="state">Kedah</SimpleData>
            <SimpleData name="parlimen">P.008 Kota Star Selatan</SimpleData>
            <SimpleData name="code_parlimen">P.008</SimpleData>
            <SimpleData name="dun">N.11 Kangkong-Bukit Raya</SimpleData>
            <SimpleData name="code_dun">N.11</SimpleData>
            <SimpleData name="voters_total">11057</SimpleData>
          </SchemaData>
        </ExtendedData>
        <Polygon>
          <outerBoundaryIs>
            <LinearRing>
              <coordinates>
                100.47682203507,6.01081958858168,0
                100.476755395505,6.00828871170744,0
                100.476555659467,6.00576476007265,0
                100.476223374417,6.0032546518026,0
                100.475759451125,6.00076526717319,0
                100.475165161174,5.99830342974991,0
                100.47444213347,5.99587588768114,0
                100.473592349782,5.99348929519732,0
                100.472618139309,5.99115019436652,0
                100.471522172293,5.9888649971567,0
                100.470307452704,5.98663996785366,0
                100.468977310004,5.9844812058833,0
                100.467535390022,5.98239462908495,0
                100.465985644959,5.98038595748192,0
                100.46433232256,5.97846069759402,0
                100.462579954466,5.97662412733476,0
                100.460733343796,5.97488128153498,0
                100.458797551982,5.9732369381328,0
                100.456777884895,5.97169560506755,0
                100.454679878301,5.97026150791392,0
                100.452509282692,5.96893857829031,0
                100.450272047518,5.96773044307317,0
                100.447974304886,5.96664041444716,0
                100.445622352749,5.96567148081821,0
                100.443222637644,5.96482629861483,0
                100.440781737023,5.96410718499997,0
                100.438306341225,5.96351611151352,0
                100.435803235138,5.96305469866311,0
                100.433279279602,5.96272421147782,0
                100.430741392604,5.96252555603731,0
                100.428196530314,5.96245927698573,0
                100.425651668025,5.96252555603731,0
                100.423113781027,5.96272421147782,0
                100.420589825491,5.96305469866311,0
                100.418086719404,5.96351611151352,0
                100.415611323606,5.96410718499997,0
                100.413170422985,5.96482629861483,0
                100.41077070788,5.96567148081821,0
                100.408418755742,5.96664041444716,0
                100.406121013111,5.96773044307317,0
                100.403883777937,5.96893857829031,0
                100.401713182327,5.97026150791392,0
                100.399615175734,5.97169560506755,0
                100.397595508647,5.9732369381328,0
                100.395659716833,5.97488128153498,0
                100.393813106163,5.97662412733476,0
                100.392060738069,5.97846069759402,0
                100.39040741567,5.98038595748192,0
                100.388857670607,5.98239462908495,0
                100.387415750625,5.9844812058833,0
                100.386085607925,5.98663996785366,0
                100.384870888336,5.9888649971567,0
                100.38377492132,5.99115019436652,0
                100.382800710846,5.99348929519732,0
                100.381950927159,5.99587588768114,0
                100.381227899455,5.99830342974991,0
                100.380633609504,6.00076526717319,0
                100.380169686212,6.0032546518026,0
                100.379837401162,6.00576476007265,0
                100.379637665124,6.00828871170744,0
                100.379571025559,6.01081958858168,0
                100.379637665124,6.01335045368458,0
                100.379837401162,6.01587437013433,0
                100.380169686212,6.01838442019112,0
                100.380633609504,6.02087372421687,0
                100.381227899455,6.02333545952919,0
                100.381950927159,6.02576287909844,0
                100.382800710846,6.0281493300363,0
                100.38377492132,6.03048827182556,0
                100.384870888336,6.03277329424073,0
                100.386085607925,6.03499813491105,0
                100.387415750625,6.03715669647739,0
                100.388857670607,6.03924306329604,0
                100.39040741567,6.0412515176443,0
                100.392060738069,6.04317655538264,0
                100.393813106163,6.04501290103148,0
                100.395659716833,6.04675552222082,0
                100.397595508647,6.04839964347346,0
                100.399615175734,6.04994075928398,0
                100.401713182327,6.05137464645796,0
                100.403883777937,6.0526973756776,0
                100.406121013111,6.0539053222621,0
                100.408418755742,6.05499517609351,0
                100.41077070788,6.05596395068097,0
                100.413170422985,6.05680899133847,0
                100.415611323606,6.05752798245387,0
                100.418086719404,6.05811895382941,0
                100.420589825491,6.0585802860762,0
                100.423113781027,6.05891071504827,0
                100.425651668025,6.05910933530375,0
                100.428196530314,6.05917560258401,0
                100.430741392604,6.05910933530375,0
                100.433279279602,6.05891071504827,0
                100.435803235138,6.0585802860762,0
                100.438306341225,6.05811895382941,0
                100.440781737023,6.05752798245387,0
                100.443222637644,6.05680899133847,0
                100.445622352749,6.05596395068097,0
                100.447974304886,6.05499517609351,0
                100.450272047518,6.0539053222621,0
                100.452509282692,6.0526973756776,0
                100.454679878301,6.05137464645796,0
                100.456777884895,6.04994075928398,0
                100.458797551982,6.04839964347346,0
                100.460733343796,6.04675552222082,0
                100.462579954466,6.04501290103148,0
                100.46433232256,6.04317655538264,0
                100.465985644959,6.0412515176443,0
                100.467535390022,6.03924306329604,0
                100.468977310004,6.03715669647739,0
                100.470307452704,6.03499813491105,0
                100.471522172293,6.03277329424073,0
                100.472618139309,6.03048827182556,0
                100.473592349782,6.0281493300363,0
                100.47444213347,6.02576287909844,0
                100.475165161174,6.02333545952919,0
                100.475759451125,6.02087372421687,0
                100.476223374417,6.01838442019112,0
                100.476555659467,6.01587437013433,0
                100.476755395505,6.01335045368458,0
                100.47682203507,6.01081958858168,0
              </coordinates>
            </LinearRing>
          </outerBoundaryIs>
        </Polygon>
      </Placemark>
      <Placemark id="KDH_SE-01.12">
        <name>P.008 Kota Star Selatan</name>
        <ExtendedData>
          <SchemaData schemaUrl="#KDH_SE-01.schema">
            <SimpleData name="state">Kedah</SimpleData>
            <SimpleData name="parlimen">P.008 Kota Star Selatan</SimpleData>
            <SimpleData name="code_parlimen">P.008</SimpleData>
            <SimpleData name="dun">N.12 Padang</SimpleData>
            <SimpleData name="code_dun">N.12</SimpleData>
            <SimpleData name="voters_total">10012</SimpleData>
          </SchemaData>
        </ExtendedData>
        <Polygon>
          <outerBoundaryIs>
            <LinearRing>
              <coordinates>
                100.612328759482,5.95777958180244,0
                100.612265347122,5.95537103621852,0
                100.612075283852,5.95296908177206,0
                100.611759090621,5.9505803021871,0
                100.611317634094,5.94821124516092,0
                100.610752124271,5.94586840441497,0
                100.610064111177,5.94355820189254,0
                100.609255480607,5.94128697015257,0
                100.608328448961,5.93906093500748,0
                100.607285557169,5.93688619845289,0
                100.606129663724,5.93476872193598,0
                100.60486393685,5.93271431000853,0
                100.603491845817,5.93072859440942,0
                100.60201715143,5.92881701862029,0
                100.600443895725,5.92698482293698,0
                100.598776390886,5.92523703009736,0
                100.597019207428,5.92357843150554,0
                100.595177161669,5.92201357408995,0
                100.593255302527,5.92054674783149,0
                100.591258897685,5.91918197399613,0
                100.589193419151,5.91792299410421,0
                100.587064528257,5.91677325966683,0
                100.584878060146,5.91573592271747,0
                100.582640007773,5.91481382716501,0
                100.580356505486,5.91400950099178,0
                100.578033812205,5.91332514931821,0
                100.575678294272,5.91276264835314,0
                100.573296407997,5.9123235402464,0
                100.570894681964,5.91200902885775,0
                100.568479699139,5.91181997645411,0
                100.56605807882,5.91175690134371,0
                100.563636458502,5.91181997645411,0
                100.561221475676,5.91200902885775,0
                100.558819749644,5.9123235402464,0
                100.556437863369,5.91276264835314,0
                100.554082345435,5.91332514931821,0
                100.551759652155,5.91400950099178,0
                100.549476149868,5.91481382716501,0
                100.547238097495,5.91573592271747,0
                100.545051629383,5.91677325966683,0
                100.542922738489,5.91792299410421,0
                100.540857259955,5.91918197399613,0
                100.538860855114,5.92054674783149,0
                100.536938995972,5.92201357408995,0
                100.535096950213,5.92357843150554,0
                100.533339766754,5.92523703009736,0
                100.531672261915,5.92698482293698,0
                100.53009900621,5.92881701862029,0
                100.528624311824,5.93072859440942,0
                100.527252220791,5.93271431000853,0
                100.525986493917,5.93476872193598,0
                100.524830600472,5.93688619845289,0
                100.52378770868,5.93906093500748,0
                100.522860677034,5.94128697015257,0
                100.522052046464,5.94355820189254,0
                100.521364033369,5.94586840441497,0
                100.520798523547,5.94821124516092,0
                100.520357067019,5.9505803021871,0
                100.520040873789,5.95296908177206,0
                100.519850810518,5.95537103621852,0
                100.519787398159,5.95777958180244,0
                100.519850810518,5.96018811682024,0
                100.520040873789,5.96259003968405,0
                100.520357067019,5.96497876701589,0
                100.520798523547,5.96734775169095,0
                100.521364033369,5.9696905007805,0
                100.522052046464,5.97200059334543,0
                100.522860677034,5.97427169803154,0
                100.52378770868,5.97649759041844,0
                100.524830600472,5.97867217007462,0
                100.525986493917,5.98078947727186,0
                100.527252220791,5.98284370931351,0
                100.528624311824,5.98482923643157,0
                100.53009900621,5.98674061720938,0
                100.531672261915,5.98857261348778,0
                100.533339766754,5.99032020471354,0
                100.535096950213,5.99197860169153,0
                100.536938995972,5.9935432597022,0
                100.538860855114,5.9950098909494,0
                100.540857259955,5.99637447630373,0
                100.542922738489,5.9976332763099,0
                100.545051629383,5.99878284142766,0
                100.547238097495,5.99982002147863,0
                100.549476149868,6.00074197427295,0
                100.551759652155,6.00154617339239,0
                100.554082345435,6.00223041510853,0
                100.556437863369,6.00279282441723,0
                100.558819749644,6.0032318601729,0
                100.561221475676,6.00354631930844,0
                100.563636458502,6.00373534012945,0
                100.56605807882,6.00379840467373,0
                100.568479699139,6.00373534012945,0
                100.570894681964,6.00354631930844,0
                100.573296407997,6.0032318601729,0
                100.575678294272,6.00279282441723,0
                100.578033812205,6.00223041510853,0
                100.580356505486,6.00154617339239,0
                100.582640007773,6.00074197427295,0
                100.584878060146,5.99982002147863,0
                100.587064528257,5.99878284142766,0
                100.589193419151,5.9976332763099,0
                100.591258897685,5.99637447630373,0
                100.593255302527,5.9950098909494,0
                100.595177161669,5.9935432597022,0
                100.597019207428,5.99197860169153,0
                100.598776390886,5.99032020471354,0
                100.600443895725,5.98857261348778,0
                100.60201715143,5.98674061720938,0
                100.603491845817,5.98482923643157,0
                100.60486393685,5.98284370931351,0
                100.606129663724,5.98078947727186,0
                100.607285557169,5.97867217007462,0
                100.608328448961,5.97649759041844,0
                100.609255480607,5.97427169803154,0
                100.610064111177,5.97200059334543,0
                100.610752124271,5.9696905007805,0
                100.611317634094,5.96734775169095,0
                100.611759090621,5.96497876701589,0
                100.612075283852,5.96259003968405,0
                100.612265347122,5.96018811682024,0
                100.612328759482,5.95777958180244,0
              </coordinates>
            </LinearRing>
          </outerBoundaryIs>
        </Polygon>
      </Placemark>
      <Placemark id="KDH_SE-01.13">
        <name>P.009 Kedah Tengah</name>
        <ExtendedData>
          <SchemaData schemaUrl="#KDH_SE-01.schema">
            <SimpleData name="state">Kedah</SimpleData>
            <SimpleData name="parlimen">P.009 Kedah Tengah</SimpleData>
            <SimpleData name="code_parlimen">P.009</SimpleData>
            <SimpleData name="dun">N.13 Sik-Gurun</SimpleData>
            <SimpleData name="code_dun">N.13</SimpleData>
            <SimpleData name="voters_total">11342</SimpleData>
          </SchemaData>
        </ExtendedData>
        <Polygon>
          <outerBoundaryIs>
            <LinearRing>
              <coordinates>
                100.878803806196,5.97319811130292,0
                100.878736313261,5.97063464789413,0
                100.878534019449,5.96807819881442,0
                100.878197479233,5.96553577126529,0
                100.877727615047,5.96301433411239,0
                100.877125714755,5.96052079878152,0
                100.876393428125,5.95806200031117,0
                100.875532762303,5.95564467861327,0
                100.874546076315,5.95327545999396,0
                100.873436074598,5.95096083898473,0
                100.87220579959,5.94870716053401,0
                100.870858623389,5.94652060260807,0
                100.869398238512,5.94440715924903,0
                100.867828647771,5.94237262413633,0
                100.866154153306,5.94042257469712,0
                100.86437934479,5.93856235680898,0
                100.86250908685,5.9367970701371,0
                100.860548505732,5.93513155414627,0
                100.858502975254,5.93357037482598,0
                100.856378102071,5.93211781216532,0
                100.854179710315,5.93077784841194,0
                100.851913825623,5.92955415714751,0
                100.849586658628,5.92845009320956,0
                100.847204587934,5.92746868348764,0
                100.84477414263,5.92661261861889,0
                100.842301984398,5.92588424560603,0
                100.839794889252,5.92528556137797,0
                100.837259728966,5.92481820731086,0
                100.834703452237,5.92448346472461,0
                100.832133065642,5.92428225136721,0
                100.829555614433,5.92421511889664,0
                100.826978163224,5.92428225136721,0
                100.824407776629,5.92448346472461,0
                100.821851499901,5.92481820731086,0
                100.819316339614,5.92528556137797,0
                100.816809244468,5.92588424560603,0
                100.814337086236,5.92661261861889,0
                100.811906640932,5.92746868348764,0
                100.809524570238,5.92845009320956,0
                100.807197403243,5.92955415714751,0
                100.804931518552,5.93077784841194,0
                100.802733126795,5.93211781216532,0
                100.800608253613,5.93357037482598,0
                100.798562723134,5.93513155414627,0
                100.796602142017,5.9367970701371,0
                100.794731884076,5.93856235680898,0
                100.79295707556,5.94042257469712,0
                100.791282581096,5.94237262413633,0
                100.789712990355,5.94440715924903,0
                100.788252605477,5.94652060260807,0
                100.786905429276,5.94870716053401,0
                100.785675154268,5.95096083898473,0
                100.784565152551,5.95327545999396,0
                100.783578466563,5.95564467861327,0
                100.782717800741,5.95806200031117,0
                100.781985514111,5.96052079878152,0
                100.78138361382,5.96301433411239,0
                100.780913749633,5.96553577126529,0
                100.780577209418,5.96807819881442,0
                100.780374915605,5.97063464789413,0
                100.78030742267,5.97319811130292,0
                100.780374915605,5.97576156271144,0
                100.780577209418,5.9783179759218,0
                100.780913749633,5.98086034412548,0
                100.78138361382,5.98338169910708,0
                100.781985514111,5.98587513034103,0
                100.782717800741,5.9883338039294,0
                100.783578466563,5.99075098132844,0
                100.784565152551,5.99312003781303,0
                100.785675154268,5.99543448062804,0
                100.786905429276,5.99768796677738,0
                100.788252605477,5.99987432040164,0
                100.789712990355,6.00198754969714,0
                100.791282581096,6.00402186332972,0
                100.79295707556,6.00597168629882,0
                100.794731884076,6.00783167520811,0
                100.796602142017,6.00959673290116,0
                100.798562723134,6.01126202242189,0
                100.800608253613,6.0128229802621,0
                100.802733126795,6.01427532885924,0
                100.804931518552,6.01561508831102,0
                100.807197403243,6.01683858727414,0
                100.809524570238,6.01794247301793,0
                100.811906640932,6.01892372060519,0
                100.814337086236,6.01977964117515,0
                100.816809244468,6.02050788930609,0
                100.819316339614,6.02110646943731,0
                100.821851499901,6.02157374133314,0
                100.824407776629,6.02190842457399,0
                100.826978163224,6.02210960206207,0
                100.829555614433,6.02217672253237,0
                100.832133065642,6.02210960206207,0
                100.834703452237,6.02190842457399,0
                100.837259728966,6.02157374133314,0
                100.839794889252,6.02110646943731,0
                100.842301984398,6.02050788930609,0
                100.84477414263,6.01977964117515,0
                100.847204587934,6.01892372060519,0
                100.849586658628,6.01794247301793,0
                100.851913825623,6.01683858727414,0
                100.854179710315,6.01561508831102,0
                100.856378102071,6.01427532885924,0
                100.858502975254,6.0128229802621,0
                100.860548505732,6.01126202242189,0
                100.86250908685,6.00959673290116,0
                100.86437934479,6.00783167520811,0
                100.866154153306,6.00597168629882,0
                100.867828647771,6.00402186332972,0
                100.869398238512,6.00198754969714,0
                100.870858623389,5.99987432040164,0
                100.87220579959,5.99768796677738,0
                100.873436074598,5.99543448062804,0
                100.874546076315,5.99312003781303,0
                100.875532762303,5.99075098132844,0
                100.876393428125,5.9883338039294,0
                100.877125714755,5.98587513034103,0
                100.877727615047,5.98338169910708,0
                100.878197479233,5.98086034412548,0
                100.878534019449,5.9783179759218,0
                100.878736313261,5.97576156271144,0
                100.878803806196,5.97319811130292,0
              </coordinates>
            </LinearRing>
          </outerBoundaryIs>
        </Polygon>
      </Placemark>
      <Placemark id="KDH_SE-01.14">
        <name>P.009 Kedah Tengah</name>
        <ExtendedData>
          <SchemaData schemaUrl="#KDH_SE-01.schema">
            <SimpleData name="state">Kedah</SimpleData>
            <SimpleData name="parlimen">P.009 Kedah Tengah</SimpleData>
            <SimpleData name="code_parlimen">P.009</SimpleData>
            <SimpleData name="dun">N.14 Kota</SimpleData>
            <SimpleData name="code_dun">N.14</SimpleData>
            <SimpleData name="voters_total">11330</SimpleData>
          </SchemaData>
        </ExtendedData>
        <Polygon>
          <outerBoundaryIs>
            <LinearRing>
              <coordinates>
                100.468908455472,5.68111822474274,0
                100.468840998251,5.67855478478661,0
                100.468638811482,5.67599835968382,0
                100.468302449345,5.6734559565629,0
                100.467832833786,5.67093454421055,0
                100.467231251989,5.66844103396798,0
                100.466499352846,5.66598226078382,0
                100.465639142443,5.6635649644755,0
                100.464652978557,5.66119577125033,0
                100.463543564195,5.65888117553741,0
                100.462313940183,5.65662752217982,0
                100.460967476837,5.65444098903613,0
                100.459507864718,5.6523275700392,0
                100.457939104522,5.65029305875839,0
                100.456265496111,5.64834303251073,0
                100.45449162673,5.64648283706444,0
                100.452622358431,5.64471757197685,0
                100.45066281475,5.64305207660727,0
                100.448618366658,5.64149091684288,0
                100.446494617847,5.64003837257433,0
                100.444297389363,5.63869842595555,0
                100.442032703658,5.63747475047993,0
                100.439706768077,5.63637070090282,0
                100.437325957849,5.63538930403836,0
                100.434896798608,5.63453325045563,0
                100.432425948512,5.63380488709723,0
                100.429920179989,5.63320621084034,0
                100.427386361175,5.63273886301821,0
                100.424831437093,5.63240412491699,0
                100.422262410611,5.63220291426039,0
                100.419686323253,5.6321357826917,0
                100.417110235896,5.63220291426039,0
                100.414541209414,5.63240412491699,0
                100.411986285332,5.63273886301821,0
                100.409452466518,5.63320621084034,0
                100.406946697995,5.63380488709723,0
                100.404475847899,5.63453325045563,0
                100.402046688658,5.63538930403836,0
                100.39966587843,5.63637070090282,0
                100.397339942849,5.63747475047993,0
                100.395075257144,5.63869842595555,0
                100.39287802866,5.64003837257433,0
                100.390754279849,5.64149091684288,0
                100.388709831757,5.64305207660727,0
                100.386750288076,5.64471757197685,0
                100.384881019777,5.64648283706444,0
                100.383107150396,5.64834303251073,0
                100.381433541985,5.65029305875839,0
                100.379864781789,5.6523275700392,0
                100.37840516967,5.65444098903613,0
                100.377058706324,5.65662752217982,0
                100.375829082312,5.65888117553741,0
                100.37471966795,5.66119577125033,0
                100.373733504064,5.6635649644755,0
                100.372873293661,5.66598226078382,0
                100.372141394518,5.66844103396798,0
                100.371539812721,5.67093454421055,0
                100.371070197162,5.6734559565629,0
                100.370733835025,5.67599835968382,0
                100.370531648256,5.67855478478661,0
                100.370464191035,5.68111822474274,0
                100.370531648256,5.68368165328955,0
                100.370733835025,5.6862380442894,0
                100.371070197162,5.68878039098741,0
                100.371539812721,5.69130172521503,0
                100.372141394518,5.69379513648706,0
                100.372873293661,5.69625379093912,0
                100.373733504064,5.69867095005473,0
                100.37471966795,5.70103998912963,0
                100.375829082312,5.70335441542365,0
                100.377058706324,5.70560788594992,0
                100.37840516967,5.70779422485296,0
                100.379864781789,5.70990744032809,0
                100.381433541985,5.71194174103575,0
                100.383107150396,5.71389155196601,0
                100.384881019777,5.71575152970972,0
                100.386750288076,5.71751657709473,0
                100.388709831757,5.71918185714692,0
                100.390754279849,5.72074280633821,0
                100.39287802866,5.722195147085,0
                100.395075257144,5.72353489946317,0
                100.397339942849,5.72475839210752,0
                100.39966587843,5.7258622722658,0
                100.402046688658,5.72684351498007,0
                100.404475847899,5.72769943137013,0
                100.406946697995,5.72842767599653,0
                100.409452466518,5.7290262532829,0
                100.411986285332,5.72949352298035,0
                100.414541209414,5.72982820465869,0
                100.417110235896,5.73002938121239,0
                100.419686323253,5.73009650137176,0
                100.422262410611,5.73002938121239,0
                100.424831437093,5.72982820465869,0
                100.427386361175,5.72949352298035,0
                100.429920179989,5.7290262532829,0
                100.432425948512,5.72842767599653,0
                100.434896798608,5.72769943137013,0
                100.437325957849,5.72684351498007,0
                100.439706768077,5.7258622722658,0
                100.442032703658,5.72475839210752,0
                100.444297389363,5.72353489946317,0
                100.446494617847,5.722195147085,0
                100.448618366658,5.72074280633821,0
                100.45066281475,5.71918185714692,0
                100.452622358431,5.71751657709473,0
                100.45449162673,5.71575152970972,0
                100.456265496111,5.71389155196601,0
                100.457939104522,5.71194174103575,0
                100.459507864718,5.70990744032809,0
                100.460967476837,5.70779422485296,0
                100.462313940183,5.70560788594992,0
                100.463543564195,5.70335441542365,0
                100.464652978557,5.70103998912963,0
                100.465639142443,5.69867095005473,0
                100.466499352846,5.69625379093912,0
                100.467231251989,5.69379513648706,0
                100.467832833786,5.69130172521503,0
                100.468302449345,5.68878039098741,0
                100.468638811482,5.6862380442894,0
                100.468840998251,5.68368165328955,0
                100.468908455472,5.68111822474274,0
              </coordinates>
            </LinearRing>
          </outerBoundaryIs>
        </Polygon>
      </Placemark>
      <Placemark id="KDH_SE-01.15">
        <name>P.010 Jerai</name>
        <ExtendedData>
          <SchemaData schemaUrl="#KDH_SE-01.schema">
            <SimpleData name="state">Kedah</SimpleData>
            <SimpleData name="parlimen">P.010 Jerai</SimpleData>
            <SimpleData name="code_parlimen">P.010</SimpleData>
            <SimpleData name="dun">N.15 Sala</SimpleData>
            <SimpleData name="code_dun">N.15</SimpleData>
            <SimpleData name="voters_total">13098</SimpleData>
          </SchemaData>
        </ExtendedData>
        <Polygon>
          <outerBoundaryIs>
            <LinearRing>
              <coordinates>
                100.454965612196,5.90004982382775,0
                100.454893082478,5.89729469118542,0
                100.454675692124,5.89454709654176,0
                100.454314036985,5.8918145710369,0
                100.453809108333,5.88910460461727,0
                100.453162290142,5.88642462550289,0
                100.452375355296,5.88378197982285,0
                100.451450460729,5.88118391147457,0
                100.450390141512,5.87863754226236,0
                100.449197303907,5.87614985236944,0
                100.447875217399,5.87372766121744,0
                100.446427505734,5.87137760876562,0
                100.444858136991,5.86910613730136,0
                100.443171412699,5.86691947377172,0
                100.441371956052,5.86482361270498,0
                100.439464699237,5.86282429976869,0
                100.437454869911,5.86092701600961,0
                100.435347976877,5.85913696281892,0
                100.433149794982,5.85745904766397,0
                100.430866349291,5.85589787062565,0
                100.428503898569,5.8544577117788,0
                100.426068918129,5.85314251944984,0
                100.423568082083,5.85195589938445,0
                100.42100824505,5.85090110485473,0
                100.418396423364,5.84998102773313,0
                100.415739775847,5.849198190558,0
                100.413045584186,5.84855473961205,0
                100.410321232972,5.84805243903336,0
                100.407574189464,5.84769266597468,0
                100.404811983115,5.84747640682466,0
                100.402042184942,5.84740425450124,0
                100.399272386769,5.84747640682466,0
                100.39651018042,5.84769266597468,0
                100.393763136911,5.84805243903336,0
                100.391038785698,5.84855473961205,0
                100.388344594036,5.849198190558,0
                100.38568794652,5.84998102773313,0
                100.383076124834,5.85090110485473,0
                100.3805162878,5.85195589938445,0
                100.378015451755,5.85314251944984,0
                100.375580471315,5.8544577117788,0
                100.373218020593,5.85589787062565,0
                100.370934574901,5.85745904766397,0
                100.368736393007,5.85913696281892,0
                100.366629499973,5.86092701600961,0
                100.364619670647,5.86282429976869,0
                100.362712413832,5.86482361270498,0
                100.360912957185,5.86691947377172,0
                100.359226232893,5.86910613730136,0
                100.357656864149,5.87137760876562,0
                100.356209152485,5.87372766121744,0
                100.354887065976,5.87614985236944,0
                100.353694228371,5.87863754226236,0
                100.352633909154,5.88118391147457,0
                100.351709014587,5.88378197982285,0
                100.350922079742,5.88642462550289,0
                100.350275261551,5.88910460461727,0
                100.349770332899,5.8918145710369,0
                100.34940867776,5.89454709654176,0
                100.349191287406,5.89729469118542,0
                100.349118757688,5.90004982382775,0
                100.349191287406,5.90280494277919,0
                100.34940867776,5.90555249650013,0
                100.349770332899,5.90828495429881,0
                100.350275261551,5.91099482697063,0
                100.350922079742,5.91367468732268,0
                100.351709014587,5.91631719052704,0
                100.352633909154,5.91891509424729,0
                100.353694228371,5.92146127848283,0
                100.354887065976,5.92394876507707,0
                100.356209152485,5.92637073683579,0
                100.357656864149,5.92872055620342,0
                100.359226232893,5.93099178344634,0
                100.360912957185,5.93317819429319,0
                100.362712413832,5.93527379698414,0
                100.364619670647,5.93727284868248,0
                100.366629499973,5.93916987120363,0
                100.368736393007,5.94095966601857,0
                100.370934574901,5.94263732849079,0
                100.373218020593,5.94419826130779,0
                100.375580471315,5.94563818707055,0
                100.378015451755,5.94695316000629,0
                100.3805162878,5.9481395767731,0
                100.383076124834,5.94919418632625,0
                100.38568794652,5.9501140988199,0
                100.388344594036,5.95089679351944,0
                100.391038785698,5.95154012570312,0
                100.393763136911,5.95204233253406,0
                100.39651018042,5.95240203788662,0
                100.399272386769,5.95261825611396,0
                100.402042184942,5.95269039474648,0
                100.404811983115,5.95261825611396,0
                100.407574189464,5.95240203788662,0
                100.410321232972,5.95204233253406,0
                100.413045584186,5.95154012570312,0
                100.415739775847,5.95089679351944,0
                100.418396423364,5.9501140988199,0
                100.42100824505,5.94919418632625,0
                100.423568082083,5.9481395767731,0
                100.426068918129,5.94695316000629,0
                100.428503898569,5.94563818707055,0
                100.430866349291,5.94419826130779,0
                100.433149794982,5.94263732849079,0
                100.435347976877,5.94095966601857,0
                100.437454869911,5.93916987120363,0
                100.439464699237,5.93727284868248,0
                100.441371956052,5.93527379698414,0
                100.443171412699,5.93317819429319,0
                100.444858136991,5.93099178344634,0
                100.446427505734,5.92872055620342,0
                100.447875217399,5.92637073683579,0
                100.449197303907,5.92394876507707,0
                100.450390141512,5.92146127848283,0
                100.451450460729,5.91891509424729,0
                100.452375355296,5.91631719052704,0
                100.453162290142,5.91367468732268,0
                100.453809108333,5.91099482697063,0
                100.454314036985,5.90828495429881,0
                100.454675692124,5.90555249650013,0
                100.454893082478,5.90280494277919,0
                100.454965612196,5.90004982382775,0
              </coordinates>
            </LinearRing>
          </outerBoundaryIs>
        </Polygon>
      </Placemark>
      <Placemark id="KDH_SE-01.16">
        <name>P.010 Jerai</name>
        <ExtendedData>
          <SchemaData schemaUrl="#KDH_SE-01.schema">
            <SimpleData name="state">Kedah</SimpleData>
            <SimpleData name="parlimen">P.010 Jerai</SimpleData>
            <SimpleData name="code_parlimen">P.010</SimpleData>
            <SimpleData name="dun">N.16 Yen-Merbok</SimpleData>
            <SimpleData name="code_dun">N.16</SimpleData>
            <SimpleData name="voters_total">11722</SimpleData>
          </SchemaData>
        </ExtendedData>
        <Polygon>
          <outerBoundaryIs>
            <LinearRing>
              <coordinates>
                100.48737373708,5.79148872331522,0
                100.487305122825,5.78888181924613,0
                100.487099468126,5.78628204854434,0
                100.48675733667,5.78369653715353,0
                100.486279666214,5.78113237203,0
                100.48566776602,5.77859658171505,0
                100.484923313265,5.77609611706639,0
                100.48404834844,5.77363783220152,0
                100.483045269764,5.7712284657054,0
                100.481916826607,5.76887462215378,0
                100.480666111951,5.7665827540033,0
                100.479296553919,5.76435914389754,0
                100.477811906375,5.76220988743809,0
                100.476216238634,5.76014087646779,0
                100.474513924311,5.75815778291187,0
                100.47270962933,5.75626604322174,0
                100.47080829914,5.75447084346384,0
                100.468815145153,5.75277710509478,0
                100.466735630466,5.75118947146176,0
                100.464575454885,5.74971229506529,0
                100.462340539301,5.74834962561952,0
                100.460037009461,5.74710519894267,0
                100.457671179182,5.74598242670832,0
                100.455249533039,5.74498438708573,0
                100.452778708596,5.74411381629486,0
                100.450265478212,5.74337310109939,0
                100.447716730475,5.74276427225838,0
                100.445139451327,5.74228899895459,0
                100.44254070491,5.74194858421468,0
                100.439927614209,5.74174396133412,0
                100.437307341521,5.74167569131648,0
                100.434687068834,5.74174396133412,0
                100.432073978132,5.74194858421468,0
                100.429475231716,5.74228899895459,0
                100.426897952568,5.74276427225838,0
                100.424349204831,5.74337310109939,0
                100.421835974447,5.74411381629486,0
                100.419365150004,5.74498438708573,0
                100.416943503861,5.74598242670832,0
                100.414577673582,5.74710519894267,0
                100.412274143742,5.74834962561952,0
                100.410039228158,5.74971229506529,0
                100.407879052577,5.75118947146176,0
                100.40579953789,5.75277710509478,0
                100.403806383903,5.75447084346384,0
                100.401905053712,5.75626604322174,0
                100.400100758732,5.75815778291187,0
                100.398398444408,5.76014087646779,0
                100.396802776667,5.76220988743809,0
                100.395318129123,5.76435914389754,0
                100.393948571092,5.7665827540033,0
                100.392697856436,5.76887462215378,0
                100.391569413278,5.7712284657054,0
                100.390566334603,5.77363783220152,0
                100.389691369778,5.77609611706639,0
                100.388946917022,5.77859658171505,0
                100.388335016828,5.78113237203,0
                100.387857346373,5.78369653715353,0
                100.387515214916,5.78628204854434,0
                100.387309560218,5.78888181924613,0
                100.387240945963,5.79148872331522,0
                100.387309560218,5.79409561535403,0
                100.387515214916,5.7966953500968,0
                100.387857346373,5.79928080199381,0
                100.388335016828,5.80184488474058,0
                100.388946917022,5.80438057069836,0
                100.389691369778,5.80688091015282,0
                100.390566334603,5.80933905035807,0
                100.391569413278,5.81174825431411,0
                100.392697856436,5.81410191922598,0
                100.393948571092,5.8163935945943,0
                100.395318129123,5.81861699988762,0
                100.396802776667,5.82076604174832,0
                100.398398444408,5.82283483068478,0
                100.400100758732,5.82481769720437,0
                100.401905053712,5.82670920734318,0
                100.403806383903,5.82850417754978,0
                100.40579953789,5.83019768888253,0
                100.407879052577,5.83178510048174,0
                100.410039228158,5.83326206227951,0
                100.412274143742,5.8346245269129,0
                100.414577673582,5.83586876080765,0
                100.416943503861,5.83699135440233,0
                100.419365150004,5.83798923148491,0
                100.421835974447,5.83885965761624,0
                100.424349204831,5.83960024761757,0
                100.426897952568,5.84020897210145,0
                100.429475231716,5.84068416302854,0
                100.432073978132,5.84102451827469,0
                100.434687068834,5.84122910519624,0
                100.437307341521,5.84129736318361,0
                100.439927614209,5.84122910519624,0
                100.44254070491,5.84102451827469,0
                100.445139451327,5.84068416302854,0
                100.447716730475,5.84020897210145,0
                100.450265478212,5.83960024761757,0
                100.452778708596,5.83885965761624,0
                100.455249533039,5.83798923148491,0
                100.457671179182,5.83699135440233,0
                100.460037009461,5.83586876080765,0
                100.462340539301,5.8346245269129,0
                100.464575454885,5.83326206227951,0
                100.466735630466,5.83178510048174,0
                100.468815145153,5.83019768888253,0
                100.47080829914,5.82850417754978,0
                100.47270962933,5.82670920734318,0
                100.474513924311,5.82481769720437,0
                100.476216238634,5.82283483068478,0
                100.477811906375,5.82076604174832,0
                100.479296553919,5.81861699988762,0
                100.480666111951,5.8163935945943,0
                100.481916826607,5.81410191922598,0
                100.483045269764,5.81174825431411,0
                100.48404834844,5.80933905035807,0
                100.484923313265,5.80688091015282,0
                100.48566776602,5.80438057069836,0
                100.486279666214,5.80184488474058,0
                100.48675733667,5.79928080199381,0
                100.487099468126,5.7966953500968,0
                100.487305122825,5.79409561535403,0
                100.48737373708,5.79148872331522,0
              </coordinates>
            </LinearRing>
          </outerBoundaryIs>
        </Polygon>
      </Placemark>
      <Placemark id="KDH_SE-01.17">
        <name>P.011 Baling</name>
        <ExtendedData>
          <SchemaData schemaUrl="#KDH_SE-01.schema">
            <SimpleData name="state">Kedah</SimpleData>
            <SimpleData name="parlimen">P.011 Baling</SimpleData>
            <SimpleData name="code_parlimen">P.011</SimpleData>
            <SimpleData name="dun">N.17 Baling Timor</SimpleData>
            <SimpleData name="code_dun">N.17</SimpleData>
            <SimpleData name="voters_total">12530</SimpleData>
          </SchemaData>
        </ExtendedData>
        <Polygon>
          <outerBoundaryIs>
            <LinearRing>
              <coordinates>
                101.006937351703,5.8523010944208,0
                101.006866412055,5.84960613163691,0
                101.006653787551,5.84691854262523,0
                101.006300060981,5.8442456940457,0
                101.005806201884,5.84159491225983,0
                101.005173563894,5.83897346324675,0
                101.004403881028,5.83638853268338,0
                101.003499262933,5.83384720624395,0
                101.002462189104,5.83135645017241,0
                101.001295502088,5.82892309218135,0
                101.000002399694,5.82655380272973,0
                100.998586426225,5.82425507673095,0
                100.997051462766,5.82203321574133,0
                100.995401716545,5.81989431067803,0
                100.993641709402,5.81784422511392,0
                100.991776265395,5.81588857919512,0
                100.989810497575,5.8140327342257,0
                100.987749793976,5.81228177796158,0
                100.985599802842,5.81064051065433,0
                100.983366417151,5.80911343188314,0
                100.981055758457,5.80770472821105,0
                100.978674160114,5.80641826169962,0
                100.976228149919,5.8052575593135,0
                100.973724432216,5.80422580324403,0
                100.97116986952,5.8033258221785,0
                100.96857146371,5.80256008353917,0
                100.965936336836,5.80193068671333,0
                100.963271711598,5.80143935729308,0
                100.960584891548,5.80108744234058,0
                100.957883241074,5.80087590669191,0
                100.955174165211,5.80080533030972,0
                100.952465089347,5.80087590669191,0
                100.949763438873,5.80108744234058,0
                100.947076618823,5.80143935729308,0
                100.944411993585,5.80193068671333,0
                100.941776866711,5.80256008353917,0
                100.939178460902,5.8033258221785,0
                100.936623898205,5.80422580324403,0
                100.934120180502,5.8052575593135,0
                100.931674170307,5.80641826169962,0
                100.929292571965,5.80770472821105,0
                100.92698191327,5.80911343188314,0
                100.924748527579,5.81064051065433,0
                100.922598536445,5.81228177796158,0
                100.920537832846,5.8140327342257,0
                100.918572065026,5.81588857919512,0
                100.916706621019,5.81784422511392,0
                100.914946613876,5.81989431067803,0
                100.913296867655,5.82203321574133,0
                100.911761904197,5.82425507673095,0
                100.910345930728,5.82655380272973,0
                100.909052828333,5.82892309218135,0
                100.907886141318,5.83135645017241,0
                100.906849067488,5.83384720624395,0
                100.905944449393,5.83638853268338,0
                100.905174766527,5.83897346324675,0
                100.904542128537,5.84159491225983,0
                100.90404826944,5.8442456940457,0
                100.90369454287,5.84691854262523,0
                100.903481918366,5.84960613163691,0
                100.903410978718,5.8523010944208,0
                100.903481918366,5.85499604421201,0
                100.90369454287,5.85768359438799,0
                100.90404826944,5.86035637871431,0
                100.904542128537,5.86300707153338,0
                100.905174766527,5.86562840784089,0
                100.905944449393,5.86821320319468,0
                100.906849067488,5.87075437340194,0
                100.907886141318,5.87324495393043,0
                100.909052828333,5.87567811899084,0
                100.910345930728,5.87804720023799,0
                100.911761904197,5.88034570503963,0
                100.913296867655,5.88256733426293,0
                100.914946613876,5.88470599952998,0
                100.916706621019,5.8867558398952,0
                100.918572065026,5.88871123789891,0
                100.920537832846,5.89056683495324,0
                100.922598536445,5.8923175460185,0
                100.924748527579,5.89395857352955,0
                100.92698191327,5.89548542053447,0
                100.929292571965,5.89689390300949,0
                100.931674170307,5.89818016131653,0
                100.934120180502,5.89934067077206,0
                100.936623898205,5.90037225129856,0
                100.939178460902,5.901272076132,0
                100.941776866711,5.90203767956185,0
                100.944411993585,5.90266696368216,0
                100.947076618823,5.90315820413568,0
                100.949763438873,5.903510054835,0
                100.952465089347,5.90372155164801,0
                100.955174165211,5.90379211503752,0
                100.957883241074,5.90372155164801,0
                100.960584891548,5.903510054835,0
                100.963271711598,5.90315820413568,0
                100.965936336836,5.90266696368216,0
                100.96857146371,5.90203767956185,0
                100.97116986952,5.901272076132,0
                100.973724432216,5.90037225129856,0
                100.976228149919,5.89934067077206,0
                100.978674160114,5.89818016131653,0
                100.981055758457,5.89689390300949,0
                100.983366417151,5.89548542053447,0
                100.985599802842,5.89395857352955,0
                100.987749793976,5.8923175460185,0
                100.989810497575,5.89056683495324,0
                100.991776265395,5.88871123789891,0
                100.993641709402,5.8867558398952,0
                100.995401716545,5.88470599952998,0
                100.997051462766,5.88256733426293,0
                100.998586426225,5.88034570503963,0
                101.000002399694,5.87804720023799,0
                101.001295502088,5.87567811899084,0
                101.002462189104,5.87324495393043,0
                101.003499262933,5.87075437340194,0
                101.004403881028,5.86821320319468,0
                101.005173563894,5.86562840784089,0
                101.005806201884,5.86300707153338,0
                101.006300060981,5.86035637871431,0
                101.006653787551,5.85768359438799,0
                101.006866412055,5.85499604421201,0
                101.006937351703,5.8523010944208,0
              </coordinates>
            </LinearRing>
          </outerBoundaryIs>
        </Polygon>
      </Placemark>
      <Placemark id="KDH_SE-01.18">
        <name>P.011 Baling</name>
        <ExtendedData>
          <SchemaData schemaUrl="#KDH_SE-01.schema">
            <SimpleData name="state">Kedah</SimpleData>
            <SimpleData name="parlimen">P.011 Baling</SimpleData>
            <SimpleData name="code_parlimen">P.011</SimpleData>
            <SimpleData name="dun">N.18 Baling Barat</SimpleData>
            <SimpleData name="code_dun">N.18</SimpleData>
            <SimpleData name="voters_total">10513</SimpleData>
          </SchemaData>
        </ExtendedData>
        <Polygon>
          <outerBoundaryIs>
            <LinearRing>
              <coordinates>
                100.819626782959,5.60366264597643,0
                100.81956180339,5.6011930296758,0
                100.819367042788,5.5987301720251,0
                100.819043034977,5.59628082367859,0
                100.818590668041,5.5938516983462,0
                100.818011181886,5.59144945438925,0
                100.817306164843,5.589080676567,0
                100.816477549315,5.58675185798424,0
                100.81552760648,5.58446938228908,0
                100.814458940064,5.58223950617007,0
                100.813274479209,5.58006834220077,0
                100.811977470438,5.57796184207856,0
                100.810571468764,5.57592578030383,0
                100.809060327938,5.57396573834461,0
                100.807448189893,5.57208708932973,0
                100.805739473388,5.57029498331279,0
                100.803938861894,5.56859433314749,0
                100.802051290764,5.56698980101284,0
                100.800081933698,5.56548578562565,0
                100.798036188567,5.56408641017518,0
                100.795919662617,5.56279551101309,0
                100.793738157098,5.56161662713013,0
                100.791497651365,5.56055299044803,0
                100.789204286488,5.55960751695363,0
                100.786864348421,5.55878279869948,0
                100.784484250773,5.558081096693,0
                100.782070517224,5.55750433469362,0
                100.779629763651,5.55705409393508,0
                100.77716867999,5.5567316087874,0
                100.7746940119,5.55653776337036,0
                100.772212542274,5.55647308912797,0
                100.769731072649,5.55653776337036,0
                100.767256404558,5.5567316087874,0
                100.764795320897,5.55705409393508,0
                100.762354567325,5.55750433469362,0
                100.759940833776,5.558081096693,0
                100.757560736127,5.55878279869948,0
                100.755220798061,5.55960751695363,0
                100.752927433184,5.56055299044803,0
                100.750686927451,5.56161662713013,0
                100.748505421932,5.56279551101309,0
                100.746388895982,5.56408641017518,0
                100.744343150851,5.56548578562565,0
                100.742373793785,5.56698980101284,0
                100.740486222655,5.56859433314749,0
                100.738685611161,5.57029498331279,0
                100.736976894655,5.57208708932973,0
                100.73536475661,5.57396573834461,0
                100.733853615785,5.57592578030383,0
                100.73244761411,5.57796184207856,0
                100.73115060534,5.58006834220077,0
                100.729966144484,5.58223950617007,0
                100.728897478069,5.58446938228908,0
                100.727947535234,5.58675185798424,0
                100.727118919706,5.589080676567,0
                100.726413902663,5.59144945438925,0
                100.725834416508,5.5938516983462,0
                100.725382049572,5.59628082367859,0
                100.725058041761,5.5987301720251,0
                100.724863281158,5.6011930296758,0
                100.724798301589,5.60366264597643,0
                100.724863281158,5.60613225183294,0
                100.725058041761,5.60859507826571,0
                100.725382049572,5.61104437496254,0
                100.725834416508,5.61347342877935,0
                100.726413902663,5.61587558213839,0
                100.727118919706,5.61824425127296,0
                100.727947535234,5.62057294426912,0
                100.728897478069,5.62285527885474,0
                100.729966144484,5.62508499988722,0
                100.73115060534,5.6272559964922,0
                100.73244761411,5.62936231880601,0
                100.733853615785,5.63139819427631,0
                100.73536475661,5.63335804347629,0
                100.736976894655,5.63523649538903,0
                100.738685611161,5.63702840212043,0
                100.740486222655,5.63872885300021,0
                100.742373793785,5.64033318803274,0
                100.744343150851,5.64183701066071,0
                100.746388895982,5.64323619980681,0
                100.748505421932,5.64452692116052,0
                100.750686927451,5.64570563767922,0
                100.752927433184,5.64676911927486,0
                100.755220798061,5.64771445165977,0
                100.757560736127,5.64853904432737,0
                100.759940833776,5.64924063764623,0
                100.762354567325,5.64981730904774,0
                100.764795320897,5.65026747829074,0
                100.767256404558,5.65058991178875,0
                100.769731072649,5.65078372598789,0
                100.772212542274,5.65084838978616,0
                100.7746940119,5.65078372598789,0
                100.77716867999,5.65058991178875,0
                100.779629763651,5.65026747829074,0
                100.782070517224,5.64981730904774,0
                100.784484250773,5.64924063764623,0
                100.786864348421,5.64853904432737,0
                100.789204286488,5.64771445165977,0
                100.791497651365,5.64676911927486,0
                100.793738157098,5.64570563767922,0
                100.795919662617,5.64452692116052,0
                100.798036188567,5.64323619980681,0
                100.800081933698,5.64183701066071,0
                100.802051290764,5.64033318803274,0
                100.803938861894,5.63872885300021,0
                100.805739473388,5.63702840212043,0
                100.807448189893,5.63523649538903,0
                100.809060327938,5.63335804347629,0
                100.810571468764,5.63139819427631,0
                100.811977470438,5.62936231880601,0
                100.813274479209,5.6272559964922,0
                100.814458940064,5.62508499988722,0
                100.81552760648,5.62285527885474,0
                100.816477549315,5.62057294426912,0
                100.817306164843,5.61824425127296,0
                100.818011181886,5.61587558213839,0
                100.818590668041,5.61347342877935,0
                100.819043034977,5.61104437496254,0
                100.819367042788,5.60859507826571,0
                100.81956180339,5.60613225183294,0
                100.819626782959,5.60366264597643,0
              </coordinates>
            </LinearRing>
          </outerBoundaryIs>
        </Polygon>
      </Placemark>
      <Placemark id="KDH_SE-01.19">
        <name>P.012 Sungei Patani</name>
        <ExtendedData>
          <SchemaData schemaUrl="#KDH_SE-01.schema">
            <SimpleData name="state">Kedah</SimpleData>
            <SimpleData name="parlimen">P.012 Sungei Patani</SimpleData>
            <SimpleData name="code_parlimen">P.012</SimpleData>
            <SimpleData name="dun">N.19 Pekan Sungei Patani</SimpleData>
            <SimpleData name="code_dun">N.19</SimpleData>
            <SimpleData name="voters_total">9002</SimpleData>
          </SchemaData>
        </ExtendedData>
        <Polygon>
          <outerBoundaryIs>
            <LinearRing>
              <coordinates>
                100.555339086098,5.60555897954894,0
                100.555278957234,5.60327372713518,0
                100.555098735451,5.60099472953376,0
                100.554798914725,5.59872823343204,0
                100.554380316843,5.59648045132333,0
                100.553844089153,5.59425754447682,0
                100.553191701418,5.59206560604719,0
                100.552424941787,5.58991064437006,0
                100.551545911895,5.58779856648932,0
                100.550557021103,5.58573516196149,0
                100.54946097989,5.5837260869815,0
                100.548260792429,5.58177684887331,0
                100.546959748352,5.57989279098844,0
                100.545561413729,5.57807907805326,0
                100.544069621299,5.57634068200567,0
                100.54248845996,5.57468236836004,0
                100.540822263567,5.57310868313763,0
                100.539075599047,5.57162394039869,0
                100.537253253887,5.57023221041029,0
                100.535360223008,5.56893730848249,0
                100.533401695076,5.56774278450346,0
                100.53138303828,5.56665191320244,0
                100.529309785618,5.5656676851671,0
                100.527187619732,5.56479279864025,0
                100.52502235733,5.56402965211821,0
                100.522819933247,5.56338033777135,0
                100.520586384173,5.56284663570485,0
                100.518327832112,5.5624300090754,0
                100.516050467597,5.56213160007737,0
                100.513760532727,5.56195222680943,0
                100.511464304054,5.56189238103026,0
                100.509168075381,5.56195222680943,0
                100.506878140511,5.56213160007737,0
                100.504600775996,5.5624300090754,0
                100.502342223935,5.56284663570485,0
                100.500108674862,5.56338033777135,0
                100.497906250778,5.56402965211821,0
                100.495740988376,5.56479279864025,0
                100.49361882249,5.5656676851671,0
                100.491545569828,5.56665191320244,0
                100.489526913032,5.56774278450346,0
                100.4875683851,5.56893730848249,0
                100.485675354221,5.57023221041029,0
                100.483853009061,5.57162394039869,0
                100.482106344541,5.57310868313763,0
                100.480440148148,5.57468236836004,0
                100.478858986809,5.57634068200567,0
                100.477367194379,5.57807907805326,0
                100.475968859756,5.57989279098844,0
                100.474667815679,5.58177684887331,0
                100.473467628219,5.5837260869815,0
                100.472371587006,5.58573516196149,0
                100.471382696213,5.58779856648932,0
                100.470503666321,5.58991064437006,0
                100.46973690669,5.59206560604719,0
                100.469084518955,5.59425754447682,0
                100.468548291265,5.59648045132333,0
                100.468129693383,5.59872823343204,0
                100.467829872657,5.60099472953376,0
                100.467649650874,5.60327372713518,0
                100.46758952201,5.60555897954894,0
                100.467649650874,5.6078442230167,0
                100.467829872657,5.61012319387811,0
                100.468129693383,5.61238964573882,0
                100.468548291265,5.61463736659019,0
                100.469084518955,5.6168601958342,0
                100.46973690669,5.61905204116641,0
                100.470503666321,5.6212068952712,0
                100.471382696213,5.62331885228322,0
                100.472371587006,5.62538212397025,0
                100.473467628219,5.62739105559281,0
                100.474667815679,5.62934014139754,0
                100.475968859756,5.63122403970163,0
                100.477367194379,5.6330375875271,0
                100.478858986809,5.63477581474503,0
                100.480440148148,5.63643395769077,0
                100.482106344541,5.63800747221332,0
                100.483853009061,5.6394920461226,0
                100.485675354221,5.64088361100132,0
                100.4875683851,5.64217835334837,0
                100.489526913032,5.64337272502398,0
                100.491545569828,5.64446345296759,0
                100.49361882249,5.64544754816218,0
                100.495740988376,5.64632231382036,0
                100.497906250778,5.64708535277008,0
                100.500108674862,5.64773457401955,0
                100.502342223935,5.6482681984836,0
                100.504600775996,5.64868476385574,0
                100.506878140511,5.64898312861278,0
                100.509168075381,5.64916247514072,0
                100.511464304054,5.6492223119739,0
                100.513760532727,5.64916247514072,0
                100.516050467597,5.64898312861278,0
                100.518327832112,5.64868476385574,0
                100.520586384173,5.6482681984836,0
                100.522819933247,5.64773457401955,0
                100.52502235733,5.64708535277008,0
                100.527187619732,5.64632231382036,0
                100.529309785618,5.64544754816218,0
                100.53138303828,5.64446345296759,0
                100.533401695076,5.64337272502398,0
                100.535360223008,5.64217835334837,0
                100.537253253887,5.64088361100132,0
                100.539075599047,5.6394920461226,0
                100.540822263567,5.63800747221332,0
                100.54248845996,5.63643395769077,0
                100.544069621299,5.63477581474503,0
                100.545561413729,5.6330375875271,0
                100.546959748352,5.63122403970163,0
                100.548260792429,5.62934014139754,0
                100.54946097989,5.62739105559281,0
                100.550557021103,5.62538212397025,0
                100.551545911895,5.62331885228322,0
                100.552424941787,5.6212068952712,0
                100.553191701418,5.61905204116641,0
                100.553844089153,5.6168601958342,0
                100.554380316843,5.61463736659019,0
                100.554798914725,5.61238964573882,0
                100.555098735451,5.61012319387811,0
                100.555278957234,5.6078442230167,0
                100.555339086098,5.60555897954894,0
              </coordinates>
            </LinearRing>
          </outerBoundaryIs>
        </Polygon>
      </Placemark>
      <Placemark id="KDH_SE-01.20">
        <name>P.012 Sungei Patani</name>
        <ExtendedData>
          <SchemaData schemaUrl="#KDH_SE-01.schema">
            <SimpleData name="state">Kedah</SimpleData>
            <SimpleData name="parlimen">P.012 Sungei Patani</SimpleData>
            <SimpleData name="code_parlimen">P.012</SimpleData>
            <SimpleData name="dun">N.20 Sungei Patani Luar</SimpleData>
            <SimpleData name="code_dun">N.20</SimpleData>
            <SimpleData name="voters_total">11029</SimpleData>
          </SchemaData>
        </ExtendedData>
        <Polygon>
          <outerBoundaryIs>
            <LinearRing>
              <coordinates>
                100.606569713023,5.68503898428598,0
                100.606503157889,5.68250984182405,0
                100.60630367491,5.67998762050256,0
                100.605971810855,5.677479233696,0
                100.60550847534,5.67499155694853,0
                100.604914938335,5.67253140912593,0
                100.604192826685,5.6701055337221,0
                100.603344119647,5.66772058037114,0
                100.602371143468,5.66538308661588,0
                100.601276565008,5.66309945998289,0
                100.600063384431,5.66087596041307,0
                100.59873492698,5.65871868309611,0
                100.597294833865,5.65663354175601,0
                100.595747052281,5.65462625243345,0
                100.59409582459,5.65270231780963,0
                100.592345676691,5.6508670121146,0
                100.59050140562,5.64912536666163,0
                100.588568066394,5.64748215604722,0
                100.586550958162,5.64594188505483,0
                100.584455609678,5.64450877629825,0
                100.582287764145,5.64318675863856,0
                100.580053363479,5.6419794564066,0
                100.577758532015,5.64089017946061,0
                100.575409559728,5.6399219141061,0
                100.573012884987,5.63907731490341,0
                100.570575076911,5.63835869738502,0
                100.568102817362,5.63776803170298,0
                100.565602882633,5.63730693722372,0
                100.56308212487,5.63697667808518,0
                100.560547453295,5.63677815972863,0
                100.558005815267,5.63671192641439,0
                100.555464177239,5.63677815972863,0
                100.552929505664,5.63697667808518,0
                100.550408747901,5.63730693722372,0
                100.547908813172,5.63776803170298,0
                100.545436553623,5.63835869738502,0
                100.542998745547,5.63907731490341,0
                100.540602070806,5.6399219141061,0
                100.538253098519,5.64089017946061,0
                100.535958267055,5.6419794564066,0
                100.533723866389,5.64318675863856,0
                100.531556020857,5.64450877629825,0
                100.529460672372,5.64594188505483,0
                100.52744356414,5.64748215604722,0
                100.525510224914,5.64912536666163,0
                100.523665953843,5.6508670121146,0
                100.521915805945,5.65270231780963,0
                100.520264578253,5.65462625243345,0
                100.518716796669,5.65663354175601,0
                100.517276703554,5.65871868309611,0
                100.515948246103,5.66087596041307,0
                100.514735065526,5.66309945998289,0
                100.513640487067,5.66538308661588,0
                100.512667510888,5.66772058037114,0
                100.511818803849,5.6701055337221,0
                100.511096692199,5.67253140912593,0
                100.510503155195,5.67499155694853,0
                100.510039819679,5.677479233696,0
                100.509707955624,5.67998762050256,0
                100.509508472645,5.68250984182405,0
                100.509441917511,5.68503898428598,0
                100.509508472645,5.68756811563412,0
                100.509707955624,5.69009030373608,0
                100.510039819679,5.69259863558128,0
                100.510503155195,5.69508623622776,0
                100.511096692199,5.69754628764349,0
                100.511818803849,5.69997204739084,0
                100.512667510888,5.70235686710288,0
                100.513640487067,5.70469421070093,0
                100.514735065526,5.70697767230358,0
                100.515948246103,5.70920099377807,0
                100.517276703554,5.71135808188593,0
                100.518716796669,5.71344302497619,0
                100.520264578253,5.71545010918021,0
                100.521915805945,5.71737383406416,0
                100.523665953843,5.71920892769589,0
                100.525510224914,5.72095036108558,0
                100.52744356414,5.72259336196011,0
                100.529460672372,5.724133427834,0
                100.531556020857,5.72556633834079,0
                100.533723866389,5.72688816679144,0
                100.535958267055,5.7280952909281,0
                100.538253098519,5.72918440284383,0
                100.540602070806,5.7301525180412,0
                100.542998745547,5.73099698360503,0
                100.545436553623,5.73171548546699,0
                100.547908813172,5.73230605474221,0
                100.550408747901,5.73276707312053,0
                100.552929505664,5.73309727729773,0
                100.555464177239,5.73329576243477,0
                100.558005815267,5.73336198463525,0
                100.560547453295,5.73329576243477,0
                100.56308212487,5.73309727729773,0
                100.565602882633,5.73276707312053,0
                100.568102817362,5.73230605474221,0
                100.570575076911,5.73171548546699,0
                100.573012884987,5.73099698360503,0
                100.575409559728,5.7301525180412,0
                100.577758532015,5.72918440284383,0
                100.580053363479,5.7280952909281,0
                100.582287764145,5.72688816679144,0
                100.584455609678,5.72556633834079,0
                100.586550958162,5.724133427834,0
                100.588568066394,5.72259336196011,0
                100.59050140562,5.72095036108558,0
                100.592345676691,5.71920892769589,0
                100.59409582459,5.71737383406416,0
                100.595747052281,5.71545010918021,0
                100.597294833865,5.71344302497619,0
                100.59873492698,5.71135808188593,0
                100.600063384431,5.70920099377807,0
                100.601276565008,5.70697767230358,0
                100.602371143468,5.70469421070093,0
                100.603344119647,5.70235686710288,0
                100.604192826685,5.69997204739084,0
                100.604914938335,5.69754628764349,0
                100.60550847534,5.69508623622776,0
                100.605971810855,5.69259863558128,0
                100.60630367491,5.69009030373608,0
                100.606503157889,5.68756811563412,0
                100.606569713023,5.68503898428598,0
              </coordinates>
            </LinearRing>
          </outerBoundaryIs>
        </Polygon>
      </Placemark>
      <Placemark id="KDH_SE-01.21">
        <name>P.013 Kulim Utara</name>
        <ExtendedData>
          <SchemaData schemaUrl="#KDH_SE-01.schema">
            <SimpleData name="state">Kedah</SimpleData>
            <SimpleData name="parlimen">P.013 Kulim Utara</SimpleData>
            <SimpleData name="code_parlimen">P.013</SimpleData>
            <SimpleData name="dun">N.21 Sidam</SimpleData>
            <SimpleData name="code_dun">N.21</SimpleData>
            <SimpleData name="voters_total">10085</SimpleData>
          </SchemaData>
        </ExtendedData>
        <Polygon>
          <outerBoundaryIs>
            <LinearRing>
              <coordinates>
                100.636631328547,5.54016042355201,0
                100.63656768543,5.53774133909821,0
                100.636376930518,5.53532887532488,0
                100.636059586659,5.53292964475331,0
                100.63561652367,5.53055022371294,0
                100.635048955955,5.5281971343137,0
                100.634358439178,5.52587682656633,0
                100.633546865998,5.52359566069932,0
                100.63261646088,5.52135988972131,0
                100.631569774,5.5191756422766,0
                100.630409674254,5.51704890584085,0
                100.629139341395,5.51498551030326,0
                100.627762257317,5.51299111198002,0
                100.626282196512,5.51107117810322,0
                100.624703215723,5.50923097182759,0
                100.623029642827,5.50747553779636,0
                100.621266064971,5.50580968830589,0
                100.619417315999,5.5042379901071,0
                100.617488463204,5.50276475187985,0
                100.615484793438,5.50139401241479,0
                100.613411798619,5.5001295295353,0
                100.611275160682,5.4989747697896,0
                100.609080736004,5.49793289894175,0
                100.60683453935,5.49700677328744,0
                100.604542727389,5.49619893181856,0
                100.602211581818,5.49551158925815,0
                100.599847492145,5.49494662998459,0
                100.597456938176,5.49450560286226,0
                100.595046472252,5.49418971699223,0
                100.592622701295,5.49399983839532,0
                100.59019226869,5.49393648763622,0
                100.587761836085,5.49399983839532,0
                100.585338065128,5.49418971699223,0
                100.582927599204,5.49450560286226,0
                100.580537045235,5.49494662998459,0
                100.578172955562,5.49551158925815,0
                100.575841809991,5.49619893181856,0
                100.57354999803,5.49700677328744,0
                100.571303801376,5.49793289894175,0
                100.569109376698,5.4989747697896,0
                100.566972738761,5.5001295295353,0
                100.564899743942,5.50139401241479,0
                100.562896074176,5.50276475187985,0
                100.560967221381,5.5042379901071,0
                100.559118472409,5.50580968830589,0
                100.557354894553,5.50747553779636,0
                100.555681321657,5.50923097182759,0
                100.554102340868,5.51107117810322,0
                100.552622280063,5.51299111198002,0
                100.551245195985,5.51498551030326,0
                100.549974863126,5.51704890584085,0
                100.54881476338,5.5191756422766,0
                100.5477680765,5.52135988972131,0
                100.546837671382,5.52359566069932,0
                100.546026098202,5.52587682656633,0
                100.545335581425,5.5281971343137,0
                100.54476801371,5.53055022371294,0
                100.544324950721,5.53292964475331,0
                100.544007606862,5.53532887532488,0
                100.54381685195,5.53774133909821,0
                100.543753208833,5.54016042355201,0
                100.54381685195,5.542579498099,0
                100.544007606862,5.54499193226044,0
                100.544324950721,5.54739111383947,0
                100.54476801371,5.54977046704344,0
                100.545335581425,5.55212347050563,0
                100.546026098202,5.55444367515687,0
                100.546837671382,5.55672472189818,0
                100.5477680765,5.5589603590261,0
                100.54881476338,5.56114445936285,0
                100.549974863126,5.56327103704446,0
                100.551245195985,5.56533426392112,0
                100.552622280063,5.56732848552453,0
                100.554102340868,5.56924823655873,0
                100.555681321657,5.57108825587229,0
                100.557354894553,5.57284350087038,0
                100.559118472409,5.57450916132771,0
                100.560967221381,5.57608067256445,0
                100.562896074176,5.57755372794915,0
                100.564899743942,5.57892429069438,0
                100.566972738761,5.58018860491298,0
                100.569109376698,5.58134320590461,0
                100.571303801376,5.58238492964453,0
                100.57354999803,5.58331092144882,0
                100.575841809991,5.58411864379205,0
                100.578172955562,5.58480588325637,0
                100.580537045235,5.58537075659291,0
                100.582927599204,5.58581171587889,0
                100.585338065128,5.58612755275641,0
                100.587761836085,5.58631740174145,0
                100.59019226869,5.58638074259374,0
                100.592622701295,5.58631740174145,0
                100.595046472252,5.58612755275641,0
                100.597456938176,5.58581171587889,0
                100.599847492145,5.58537075659291,0
                100.602211581818,5.58480588325637,0
                100.604542727389,5.58411864379205,0
                100.60683453935,5.58331092144882,0
                100.609080736004,5.58238492964453,0
                100.611275160682,5.58134320590461,0
                100.613411798619,5.58018860491298,0
                100.615484793438,5.57892429069438,0
                100.617488463204,5.57755372794915,0
                100.619417315999,5.57608067256445,0
                100.621266064971,5.57450916132771,0
                100.623029642827,5.57284350087038,0
                100.624703215723,5.57108825587229,0
                100.626282196512,5.56924823655873,0
                100.627762257317,5.56732848552453,0
                100.629139341395,5.56533426392112,0
                100.630409674254,5.56327103704446,0
                100.631569774,5.56114445936285,0
                100.63261646088,5.5589603590261,0
                100.633546865998,5.55672472189818,0
                100.634358439178,5.55444367515687,0
                100.635048955955,5.55212347050563,0
                100.63561652367,5.54977046704344,0
                100.636059586659,5.54739111383947,0
                100.636376930518,5.54499193226044,0
                100.63656768543,5.542579498099,0
                100.636631328547,5.54016042355201,0
              </coordinates>
            </LinearRing>
          </outerBoundaryIs>
        </Polygon>
      </Placemark>
      <Placemark id="KDH_SE-01.22">
        <name>P.013 Kulim Utara</name>
        <ExtendedData>
          <SchemaData schemaUrl="#KDH_SE-01.schema">
            <SimpleData name="state">Kedah</SimpleData>
            <SimpleData name="parlimen">P.013 Kulim Utara</SimpleData>
            <SimpleData name="code_parlimen">P.013</SimpleData>
            <SimpleData name="dun">N.22 Lunas</SimpleData>
            <SimpleData name="code_dun">N.22</SimpleData>
            <SimpleData name="voters_total">9623</SimpleData>
          </SchemaData>
        </ExtendedData>
        <Polygon>
          <outerBoundaryIs>
            <LinearRing>
              <coordinates>
                100.75829328155,5.45978869583619,0
                100.758231113286,5.45742535179238,0
                100.758044778895,5.45506847623502,0
                100.757734789104,5.45272452931449,0
                100.757301993576,5.45039993581932,0
                100.756747578572,5.44810106756413,0
                100.756073063705,5.44583422592207,0
                100.755280297774,5.44360562454938,0
                100.754371453694,5.4414213723498,0
                100.753349022546,5.43928745672544,0
                100.75221580674,5.43720972715992,0
                100.750974912344,5.4351938791792,0
                100.749629740561,5.43324543873374,0
                100.748183978415,5.43136974704516,0
                100.746641588639,5.42957194595888,0
                100.745006798817,5.4278569638429,0
                100.743284089793,5.42622950207172,0
                100.741478183393,5.42469402213217,0
                100.739594029481,5.42325473338698,0
                100.737636792393,5.42191558152923,0
                100.735611836778,5.42068023775993,0
                100.7335247129,5.41955208871812,0
                100.731381141419,5.41853422719126,0
                100.729186997717,5.41762944363147,0
                100.726948295789,5.41684021850107,0
                100.724671171761,5.41616871546809,0
                100.722361867071,5.41561677547092,0
                100.720026711364,5.41518591166816,0
                100.717672105139,5.41487730528754,0
                100.715304502208,5.41469180238546,0
                100.712930392006,5.41462991152592,0
                100.710556281804,5.41469180238546,0
                100.708188678872,5.41487730528754,0
                100.705834072647,5.41518591166816,0
                100.70349891694,5.41561677547092,0
                100.701189612251,5.41616871546809,0
                100.698912488223,5.41684021850107,0
                100.696673786295,5.41762944363147,0
                100.694479642593,5.41853422719126,0
                100.692336071112,5.41955208871812,0
                100.690248947234,5.42068023775993,0
                100.688223991619,5.42191558152923,0
                100.68626675453,5.42325473338698,0
                100.684382600619,5.42469402213217,0
                100.682576694219,5.42622950207172,0
                100.680853985195,5.4278569638429,0
                100.679219195372,5.42957194595888,0
                100.677676805597,5.43136974704516,0
                100.676231043451,5.43324543873374,0
                100.674885871668,5.4351938791792,0
                100.673644977272,5.43720972715992,0
                100.672511761466,5.43928745672544,0
                100.671489330317,5.4414213723498,0
                100.670580486238,5.44360562454938,0
                100.669787720307,5.44583422592207,0
                100.66911320544,5.44810106756413,0
                100.668558790436,5.45039993581932,0
                100.668125994907,5.45272452931449,0
                100.667816005117,5.45506847623502,0
                100.667629670725,5.45742535179238,0
                100.667567502462,5.45978869583619,0
                100.667629670725,5.4621520305625,0
                100.667816005117,5.46450887826939,0
                100.668125994907,5.46685277911165,0
                100.668558790436,5.46917730880559,0
                100.66911320544,5.47147609623561,0
                100.669787720307,5.47374284091408,0
                100.670580486238,5.47597133024713,0
                100.671489330317,5.47815545655855,0
                100.672511761466,5.48028923382549,0
                100.673644977272,5.4823668140802,0
                100.674885871668,5.4843825034326,0
                100.676231043451,5.48633077767019,0
                100.677676805597,5.48820629739235,0
                100.679219195372,5.49000392263781,0
                100.680853985195,5.49171872696506,0
                100.682576694219,5.49334601094753,0
                100.684382600619,5.49488131504625,0
                100.68626675453,5.49632043182506,0
                100.688223991619,5.49765941747498,0
                100.690248947234,5.498894602616,0
                100.692336071112,5.50002260234703,0
                100.694479642593,5.50104032551652,0
                100.696673786295,5.50194498318818,0
                100.698912488223,5.502734096279,0
                100.701189612251,5.50340550234844,0
                100.70349891694,5.50395736152047,0
                100.705834072647,5.50438816152203,0
                100.708188678872,5.5046967218244,0
                100.710556281804,5.50488219687603,0
                100.712930392006,5.50494407841807,0
                100.715304502208,5.50488219687603,0
                100.717672105139,5.5046967218244,0
                100.720026711364,5.50438816152203,0
                100.722361867071,5.50395736152047,0
                100.724671171761,5.50340550234844,0
                100.726948295789,5.502734096279,0
                100.729186997717,5.50194498318818,0
                100.731381141419,5.50104032551652,0
                100.7335247129,5.50002260234703,0
                100.735611836778,5.498894602616,0
                100.737636792393,5.49765941747498,0
                100.739594029481,5.49632043182506,0
                100.741478183393,5.49488131504625,0
                100.743284089793,5.49334601094753,0
                100.745006798817,5.49171872696506,0
                100.746641588639,5.49000392263781,0
                100.748183978415,5.48820629739235,0
                100.749629740561,5.48633077767019,0
                100.750974912344,5.4843825034326,0
                100.75221580674,5.4823668140802,0
                100.753349022546,5.48028923382549,0
                100.754371453694,5.47815545655855,0
                100.755280297774,5.47597133024713,0
                100.756073063705,5.47374284091408,0
                100.756747578572,5.47147609623561,0
                100.757301993576,5.46917730880559,0
                100.757734789104,5.46685277911165,0
                100.758044778895,5.46450887826939,0
                100.758231113286,5.4621520305625,0
                100.75829328155,5.45978869583619,0
              </coordinates>
            </LinearRing>
          </outerBoundaryIs>
        </Polygon>
      </Placemark>
      <Placemark id="KDH_SE-01.23">
        <name>P.014 Kulim-Bandar Bahru</name>
        <ExtendedData>
          <SchemaData schemaUrl="#KDH_SE-01.schema">
            <SimpleData name="state">Kedah</SimpleData>
            <SimpleData name="parlimen">P.014 Kulim-Bandar Bahru</SimpleData>
            <SimpleData name="code_parlimen">P.014</SimpleData>
            <SimpleData name="dun">N.23 Kulim</SimpleData>
            <SimpleData name="code_dun">N.23</SimpleData>
            <SimpleData name="voters_total">12363</SimpleData>
          </SchemaData>
        </ExtendedData>
        <Polygon>
          <outerBoundaryIs>
            <LinearRing>
              <coordinates>
                100.725364183164,5.34375998990014,0
                100.725293717844,5.3410807173348,0
                100.725082515024,5.33840877680414,0
                100.724731153598,5.3357514920609,0
                100.724240596621,5.33311614678129,0
                100.723612188676,5.33050996459813,0
                100.722847652187,5.32794008929759,0
                100.721949082694,5.32541356523396,0
                100.720918943114,5.32293731801595,0
                100.719760056987,5.32051813551768,0
                100.718475600741,5.31816264926638,0
                100.717069094981,5.31587731625798,0
                100.71554439484,5.3136684012505,0
                100.713905679417,5.31154195958377,0
                100.712157440316,5.30950382057282,0
                100.710304469339,5.30755957152047,0
                100.70835184535,5.30571454239294,0
                100.706304920357,5.30397379120099,0
                100.704169304839,5.30234209012613,0
                100.701950852368,5.30082391243071,0
                100.69965564357,5.29942342018727,0
                100.697289969452,5.29814445286153,0
                100.694860314162,5.2969905167796,0
                100.692373337216,5.29596477550925,0
                100.689835855246,5.29507004118106,0
                100.687254823314,5.2943087667735,0
                100.684637315847,5.29368303938337,0
                100.681990507253,5.29319457449975,0
                100.679321652249,5.29284471129753,0
                100.676638065983,5.29263440896328,0
                100.673947103976,5.29256424406359,0
                100.67125614197,5.29263440896328,0
                100.668572555703,5.29284471129753,0
                100.6659037007,5.29319457449975,0
                100.663256892105,5.29368303938337,0
                100.660639384639,5.2943087667735,0
                100.658058352706,5.29507004118106,0
                100.655520870736,5.29596477550925,0
                100.653033893791,5.2969905167796,0
                100.650604238501,5.29814445286153,0
                100.648238564382,5.29942342018727,0
                100.645943355584,5.30082391243071,0
                100.643724903114,5.30234209012613,0
                100.641589287595,5.30397379120099,0
                100.639542362602,5.30571454239294,0
                100.637589738614,5.30755957152047,0
                100.635736767637,5.30950382057282,0
                100.633988528535,5.31154195958377,0
                100.632349813112,5.3136684012505,0
                100.630825112972,5.31587731625798,0
                100.629418607211,5.31816264926638,0
                100.628134150965,5.32051813551768,0
                100.626975264839,5.32293731801595,0
                100.625945125259,5.32541356523396,0
                100.625046555766,5.32794008929759,0
                100.624282019276,5.33050996459813,0
                100.623653611332,5.33311614678129,0
                100.623163054355,5.3357514920609,0
                100.622811692928,5.33840877680414,0
                100.622600490108,5.3410807173348,0
                100.622530024788,5.34375998990014,0
                100.622600490108,5.34643925074634,0
                100.622811692928,5.34911115624802,0
                100.623163054355,5.35176838303619,0
                100.623653611332,5.35440364806961,0
                100.624282019276,5.35700972859467,0
                100.625046555766,5.35957948193898,0
                100.625945125259,5.36210586508445,0
                100.626975264839,5.36458195396627,0
                100.628134150965,5.3670009624451,0
                100.629418607211,5.36935626090031,0
                100.630825112972,5.37164139439348,0
                100.632349813112,5.37385010035257,0
                100.633988528535,5.37597632572807,0
                100.635736767637,5.37801424357472,0
                100.637589738614,5.37995826901282,0
                100.639542362602,5.38180307452608,0
                100.641589287595,5.38354360455376,0
                100.643724903114,5.38517508933744,0
                100.645943355584,5.38669305798451,0
                100.648238564382,5.38809335071277,0
                100.650604238501,5.3893721302425,0
                100.653033893791,5.39052589230506,0
                100.655520870736,5.39155147523929,0
                100.658058352706,5.3924460686494,0
                100.660639384639,5.39320722110079,0
                100.663256892105,5.3938328468329,0
                100.6659037007,5.39432123147038,0
                100.668572555703,5.39467103671756,0
                100.67125614197,5.39488130402284,0
                100.673947103976,5.3949514572034,0
                100.676638065983,5.39488130402284,0
                100.679321652249,5.39467103671756,0
                100.681990507253,5.39432123147038,0
                100.684637315847,5.3938328468329,0
                100.687254823314,5.39320722110079,0
                100.689835855246,5.3924460686494,0
                100.692373337216,5.39155147523929,0
                100.694860314162,5.39052589230506,0
                100.697289969452,5.3893721302425,0
                100.69965564357,5.38809335071277,0
                100.701950852368,5.38669305798451,0
                100.704169304839,5.38517508933744,0
                100.706304920357,5.38354360455376,0
                100.70835184535,5.38180307452608,0
                100.710304469339,5.37995826901282,0
                100.712157440316,5.37801424357472,0
                100.713905679417,5.37597632572807,0
                100.71554439484,5.37385010035257,0
                100.717069094981,5.37164139439348,0
                100.718475600741,5.36935626090031,0
                100.719760056987,5.3670009624451,0
                100.720918943114,5.36458195396627,0
                100.721949082694,5.36210586508445,0
                100.722847652187,5.35957948193898,0
                100.723612188676,5.35700972859467,0
                100.724240596621,5.35440364806961,0
                100.724731153598,5.35176838303619,0
                100.725082515024,5.34911115624802,0
                100.725293717844,5.34643925074634,0
                100.725364183164,5.34375998990014,0
              </coordinates>
            </LinearRing>
          </outerBoundaryIs>
        </Polygon>
      </Placemark>
      <Placemark id="KDH_SE-01.24">
        <name>P.014 Kulim-Bandar Bahru</name>
        <ExtendedData>
          <SchemaData schemaUrl="#KDH_SE-01.schema">
            <SimpleData name="state">Kedah</SimpleData>
            <SimpleData name="parlimen">P.014 Kulim-Bandar Bahru</SimpleData>
            <SimpleData name="code_parlimen">P.014</SimpleData>
            <SimpleData name="dun">N.24 Bandar Bahru</SimpleData>
            <SimpleData name="code_dun">N.24</SimpleData>
            <SimpleData name="voters_total">10901</SimpleData>
          </SchemaData>
        </ExtendedData>
        <Polygon>
          <outerBoundaryIs>
            <LinearRing>
              <coordinates>
                100.663421356772,5.20727144713695,0
                100.663355188977,5.20475502452174,0
                100.663156866953,5.20224548921988,0
                100.662826934286,5.19974971982153,0
                100.662366295299,5.19727455726616,0
                100.661776212572,5.19482678608972,0
                100.661058303481,5.19241311582536,0
                100.660214535764,5.19004016260924,0
                100.659247222129,5.18771443104115,0
                100.658159013917,5.18544229635051,0
                100.656952893831,5.18322998691603,0
                100.655632167761,5.18108356718751,0
                100.654200455727,5.17900892105619,0
                100.652661681951,5.17701173571982,0
                100.651020064105,5.17509748608636,0
                100.649280101749,5.17327141975927,0
                100.647446564001,5.17153854264575,0
                100.645524476458,5.16990360522735,0
                100.64351910743,5.16837108953056,0
                100.641435953493,5.16694519683355,0
                100.639280724428,5.16562983614245,0
                100.637059327568,5.16442861346905,0
                100.634777851607,5.16334482193944,0
                100.632442549912,5.16238143276052,0
                100.630059823383,5.16154108706964,0
                100.627636202907,5.16082608868932,0
                100.62517833146,5.16023839780733,0
                100.622692945897,5.15977962559929,0
                100.620186858487,5.15945102980876,0
                100.61766693824,5.15925351129668,0
                100.615140092084,5.15918761157013,0
                100.612613245928,5.15925351129668,0
                100.610093325682,5.15945102980876,0
                100.607587238271,5.15977962559929,0
                100.605101852708,5.16023839780733,0
                100.602643981261,5.16082608868932,0
                100.600220360786,5.16154108706964,0
                100.597837634257,5.16238143276052,0
                100.595502332562,5.16334482193944,0
                100.593220856601,5.16442861346905,0
                100.59099945974,5.16562983614245,0
                100.588844230675,5.16694519683355,0
                100.586761076739,5.16837108953056,0
                100.584755707711,5.16990360522735,0
                100.582833620168,5.17153854264575,0
                100.581000082419,5.17327141975927,0
                100.579260120064,5.17509748608636,0
                100.577618502218,5.17701173571982,0
                100.576079728442,5.17900892105619,0
                100.574648016407,5.18108356718751,0
                100.573327290338,5.18322998691603,0
                100.572121170251,5.18544229635051,0
                100.571032962039,5.18771443104115,0
                100.570065648405,5.19004016260924,0
                100.569221880688,5.19241311582536,0
                100.568503971596,5.19482678608972,0
                100.567913888869,5.19727455726616,0
                100.567453249883,5.19974971982153,0
                100.567123317216,5.20224548921988,0
                100.566924995192,5.20475502452174,0
                100.566858827396,5.20727144713695,0
                100.566924995192,5.20978785967986,0
                100.567123317216,5.2122973648752,0
                100.567453249883,5.21479308446263,0
                100.567913888869,5.21726817804845,0
                100.568503971596,5.21971586185234,0
                100.569221880688,5.22212942729841,0
                100.570065648405,5.22450225939895,0
                100.571032962039,5.22682785488112,0
                100.572121170251,5.22909984000647,0
                100.573327290338,5.23131198803496,0
                100.574648016407,5.23345823628523,0
                100.576079728442,5.23553270274475,0
                100.577618502218,5.23752970218431,0
                100.579260120064,5.23944376173266,0
                100.581000082419,5.24126963586897,0
                100.582833620168,5.2430023207917,0
                100.584755707711,5.24463706812503,0
                100.586761076739,5.24616939792503,0
                100.588844230675,5.24759511095028,0
                100.59099945974,5.24891030016316,0
                100.593220856601,5.25011136143062,0
                100.595502332562,5.25119500339502,0
                100.597837634257,5.25215825648806,0
                100.600220360786,5.25299848106341,0
                100.602643981261,5.25371337462551,0
                100.605101852708,5.25430097813499,0
                100.607587238271,5.2547596813735,0
                100.610093325682,5.25508822735317,0
                100.612613245928,5.25528571575873,0
                100.615140092084,5.25535160541299,0
                100.61766693824,5.25528571575873,0
                100.620186858487,5.25508822735317,0
                100.622692945897,5.2547596813735,0
                100.62517833146,5.25430097813499,0
                100.627636202907,5.25371337462551,0
                100.630059823383,5.25299848106341,0
                100.632442549912,5.25215825648806,0
                100.634777851607,5.25119500339502,0
                100.637059327568,5.25011136143062,0
                100.639280724428,5.24891030016316,0
                100.641435953493,5.24759511095028,0
                100.64351910743,5.24616939792503,0
                100.645524476458,5.24463706812503,0
                100.647446564001,5.2430023207917,0
                100.649280101749,5.24126963586897,0
                100.651020064105,5.23944376173266,0
                100.652661681951,5.23752970218431,0
                100.654200455727,5.23553270274475,0
                100.655632167761,5.23345823628523,0
                100.656952893831,5.23131198803496,0
                100.658159013917,5.22909984000647,0
                100.659247222129,5.22682785488112,0
                100.660214535764,5.22450225939895,0
                100.661058303481,5.22212942729841,0
                100.661776212572,5.21971586185234,0
                100.662366295299,5.21726817804845,0
                100.662826934286,5.21479308446263,0
                100.663156866953,5.2122973648752,0
                100.663355188977,5.20978785967986,0
                100.663421356772,5.20727144713695,0
              </coordinates>
            </LinearRing>
          </outerBoundaryIs>
        </Polygon>
      </Placemark>
    </Document>
  </Document>
</kml>
