<?xml version="1.0" encoding="UTF-8"?>
<kml xmlns="http://www.opengis.net/kml/2.2">
  <Document id="root_doc">
    <Schema id="PHG_SE_15" name="PHG_SE_15">
      <SimpleField name="state" type="string"/>
      <SimpleField name="parlimen" type="string"/>
      <SimpleField name="code_parlimen" type="string"/>
      <SimpleField name="dun" type="string"/>
      <SimpleField name="code_dun" type="string"/>
      <SimpleField name="voters_total" type="int"/>
    </Schema>
    <Schema id="PHG_SE-15.schema">
      <SimpleField name="state" type="string"/>
      <SimpleField name="parlimen" type="string"/>
      <SimpleField name="code_parlimen" type="string"/>
      <SimpleField name="dun" type="string"/>
      <SimpleField name="code_dun" type="string"/>
      <SimpleField name="voters_total" type="int"/>
    </Schema>
    <Schema id="PHG_SE-15.schema">
      <SimpleField name="state" type="string"/>
      <SimpleField name="parlimen" type="string"/>
      <SimpleField name="code_parlimen" type="string"/>
      <SimpleField name="dun" type="string"/>
      <SimpleField name="code_dun" type="string"/>
      <SimpleField name="voters_total" type="int"/>
    </Schema>
    <Schema id="PHG_SE-15.schema">
      <SimpleField name="state" type="string"/>
      <SimpleField name="parlimen" type="string"/>
      <SimpleField name="code_parlimen" type="string"/>
      <SimpleField name="dun" type="string"/>
      <SimpleField name="code_dun" type="string"/>
      <SimpleField name="voters_total" type="int"/>
    </Schema>
    <Folder>
      <name>PHG_SE_15</name>
      <Placemark id="PHG_SE_15.1">
        <name>Pahang</name>
        <description>P.078 Cameron Highlands</description>
        <Style>
          <LineStyle>
            <color>ff0000ff</color>
          </LineStyle>
          <PolyStyle>
            <fill>0</fill>
          </PolyStyle>
        </Style>
        <ExtendedData>
          <SchemaData schemaUrl="#PHG_SE_15">
            <SimpleData name="state">P.078</SimpleData>
            <SimpleData name="parlimen">N.01 Tanah Rata</SimpleData>
            <SimpleData name="code_parlimen">N.01</SimpleData>
            <SimpleData name="dun">26838</SimpleData>
          </SchemaData>
        </ExtendedData>
        <Polygon>
          <outerBoundaryIs>
            <LinearRing>
              <coordinates>
                101.526869104747,4.47398151105624,0
                101.526800689515,4.47137679527823,0
                101.526595631338,4.46877920962336,0
                101.526254492268,4.4661958740123,0
                101.525778207343,4.46363386938155,0
                101.525168082027,4.46110021827284,0
                101.524425788631,4.45860186558197,0
                101.523553361729,4.45614565951953,0
                101.522553192583,4.453738332836,0
                101.521428022587,4.45138648436277,0
                101.520180935754,4.44909656091937,0
                101.518815350262,4.44687483963709,0
                101.517335009086,4.44472741074705,0
                101.515743969738,4.44266016088019,0
                101.514046593147,4.44067875692508,0
                101.512247531704,4.43878863048767,0
                101.510351716511,4.43699496299587,0
                101.508364343866,4.4353026714897,0
                101.506290861019,4.43371639513625,0
                101.504136951243,4.43224048250622,0
                101.501908518254,4.43087897964722,0
                101.499611670033,4.42963561898655,0
                101.49725270208,4.42851380909389,0
                101.494838080163,4.42751662533215,0
                101.492374422593,4.42664680142193,0
                101.489868482084,4.4259067219432,0
                101.487327127244,4.42529841579438,0
                101.484757323751,4.42482355062698,0
                101.482166115258,4.42448342827124,0
                101.479560604086,4.42427898116505,0
                101.476947931761,4.42421076979624,0
                101.474335259436,4.42427898116505,0
                101.471729748264,4.42448342827124,0
                101.469138539771,4.42482355062698,0
                101.466568736278,4.42529841579438,0
                101.464027381438,4.4259067219432,0
                101.461521440929,4.42664680142193,0
                101.459057783359,4.42751662533215,0
                101.456643161442,4.42851380909389,0
                101.454284193489,4.42963561898655,0
                101.451987345268,4.43087897964722,0
                101.449758912279,4.43224048250622,0
                101.447605002502,4.43371639513625,0
                101.445531519655,4.4353026714897,0
                101.44354414701,4.43699496299587,0
                101.441648331817,4.43878863048767,0
                101.439849270374,4.44067875692508,0
                101.438151893783,4.44266016088019,0
                101.436560854436,4.44472741074705,0
                101.43508051326,4.44687483963709,0
                101.433714927768,4.44909656091937,0
                101.432467840935,4.45138648436277,0
                101.431342670939,4.453738332836,0
                101.430342501793,4.45614565951953,0
                101.429470074891,4.45860186558197,0
                101.428727781495,4.46110021827284,0
                101.428117656178,4.46363386938155,0
                101.427641371253,4.4661958740123,0
                101.427300232183,4.46877920962336,0
                101.427095174007,4.47137679527823,0
                101.427026758774,4.47398151105624,0
                101.427095174007,4.4765862175691,0
                101.427300232183,4.47918377553006,0
                101.427641371253,4.48176706532185,0
                101.428117656178,4.48432900651002,0
                101.428727781495,4.48686257724786,0
                101.429470074891,4.48936083352018,0
                101.430342501793,4.49181692817277,0
                101.431342670939,4.49422412967575,0
                101.432467840935,4.49657584056929,0
                101.433714927768,4.49886561554115,0
                101.43508051326,4.50108717908677,0
                101.436560854436,4.50323444270321,0
                101.438151893783,4.50530152157031,0
                101.439849270374,4.507282750673,0
                101.441648331817,4.50917270032105,0
                101.44354414701,4.51096619102352,0
                101.445531519655,4.51265830767727,0
                101.447605002502,4.51424441303098,0
                101.449758912279,4.51572016038746,0
                101.451987345268,4.51708150550984,0
                101.454284193489,4.51832471769902,0
                101.456643161442,4.51944639001202,0
                101.459057783359,4.5204434485933,0
                101.461521440929,4.52131316109371,0
                101.464027381438,4.52205314415393,0
                101.466568736278,4.52266136993196,0
                101.469138539771,4.52313617165678,0
                101.471729748264,4.5234762481933,0
                101.474335259436,4.5236806676056,0
                101.476947931761,4.52374886970928,0
                101.479560604086,4.5236806676056,0
                101.482166115258,4.5234762481933,0
                101.484757323751,4.52313617165678,0
                101.487327127244,4.52266136993196,0
                101.489868482084,4.52205314415393,0
                101.492374422593,4.52131316109371,0
                101.494838080163,4.5204434485933,0
                101.49725270208,4.51944639001202,0
                101.499611670033,4.51832471769902,0
                101.501908518254,4.51708150550984,0
                101.504136951243,4.51572016038746,0
                101.506290861019,4.51424441303098,0
                101.508364343866,4.51265830767727,0
                101.510351716511,4.51096619102352,0
                101.512247531704,4.50917270032105,0
                101.514046593147,4.507282750673,0
                101.515743969738,4.50530152157031,0
                101.517335009086,4.50323444270321,0
                101.518815350262,4.50108717908677,0
                101.520180935754,4.49886561554115,0
                101.521428022587,4.49657584056929,0
                101.522553192583,4.49422412967575,0
                101.523553361729,4.49181692817277,0
                101.524425788631,4.48936083352018,0
                101.525168082027,4.48686257724786,0
                101.525778207343,4.48432900651002,0
                101.526254492268,4.48176706532185,0
                101.526595631338,4.47918377553006,0
                101.526800689515,4.4765862175691,0
                101.526869104747,4.47398151105624,0
              </coordinates>
            </LinearRing>
          </outerBoundaryIs>
        </Polygon>
      </Placemark>
      <Placemark id="PHG_SE_15.2">
        <name>Pahang</name>
        <description>P.078 Cameron Highlands</description>
        <Style>
          <LineStyle>
            <color>ff0000ff</color>
          </LineStyle>
          <PolyStyle>
            <fill>0</fill>
          </PolyStyle>
        </Style>
        <ExtendedData>
          <SchemaData schemaUrl="#PHG_SE_15">
            <SimpleData name="state">P.078</SimpleData>
            <SimpleData name="parlimen">N.02 Jelai</SimpleData>
            <SimpleData name="code_parlimen">N.02</SimpleData>
            <SimpleData name="dun">19182</SimpleData>
          </SchemaData>
        </ExtendedData>
        <Polygon>
          <outerBoundaryIs>
            <LinearRing>
              <coordinates>
                101.76778713234,4.33489865157402,0
                101.76772929282,4.33269616499351,0
                101.767555932796,4.33049970888736,0
                101.767267527434,4.32831530367104,0
                101.766864867234,4.32614893678076,0
                101.76634905586,4.32400654626084,0
                101.765721507114,4.32189400448591,0
                101.764983941064,4.3198171020626,0
                101.764138379327,4.31778153195476,0
                101.76318713953,4.31579287387596,0
                101.762132828954,4.313856578992,0
                101.760978337392,4.31197795497524,0
                101.759726829224,4.3101621514521,0
                101.758381734748,4.30841414588333,0
                101.756946740773,4.30673872991599,0
                101.75542578052,4.30514049624461,0
                101.753823022833,4.30362382601753,0
                101.752142860761,4.30219287682298,0
                101.75038989951,4.30085157128796,0
                101.748568943827,4.29960358632132,0
                101.746684984823,4.29845234303019,0
                101.7447431863,4.29740099733801,0
                101.742748870591,4.29645243132946,0
                101.740707503979,4.29560924534636,0
                101.738624681707,4.29487375085608,0
                101.736506112646,4.29424796411213,0
                101.734357603646,4.29373360062435,0
                101.732185043622,4.2933320704539,0
                101.729994387409,4.29304447434589,0
                101.727791639444,4.2928716007104,0
                101.725582837306,4.29281392346009,0
                101.723374035168,4.2928716007104,0
                101.721171287203,4.29304447434589,0
                101.71898063099,4.2933320704539,0
                101.716808070966,4.29373360062435,0
                101.714659561966,4.29424796411213,0
                101.712540992905,4.29487375085608,0
                101.710458170632,4.29560924534636,0
                101.70841680402,4.29645243132946,0
                101.706422488312,4.29740099733801,0
                101.704480689789,4.29845234303019,0
                101.702596730785,4.29960358632132,0
                101.700775775101,4.30085157128796,0
                101.699022813851,4.30219287682298,0
                101.697342651779,4.30362382601753,0
                101.695739894092,4.30514049624461,0
                101.694218933838,4.30673872991599,0
                101.692783939864,4.30841414588333,0
                101.691438845388,4.3101621514521,0
                101.69018733722,4.31197795497524,0
                101.689032845657,4.313856578992,0
                101.687978535082,4.31579287387596,0
                101.687027295284,4.31778153195476,0
                101.686181733548,4.3198171020626,0
                101.685444167498,4.32189400448591,0
                101.684816618752,4.32400654626084,0
                101.684300807378,4.32614893678076,0
                101.683898147178,4.32831530367104,0
                101.683609741816,4.33049970888736,0
                101.683436381791,4.33269616499351,0
                101.683378542272,4.33489865157402,0
                101.683436381791,4.33710113173669,0
                101.683609741816,4.33929756865963,0
                101.683898147178,4.34148194213756,0
                101.684300807378,4.34364826508201,0
                101.684816618752,4.34579059993012,0
                101.685444167498,4.34790307491723,0
                101.686181733548,4.34997990016843,0
                101.687027295284,4.35201538356542,0
                101.687978535082,4.35400394634459,0
                101.689032845657,4.35594013838434,0
                101.69018733722,4.35781865313902,0
                101.691438845388,4.35963434217936,0
                101.692783939864,4.3613822292989,0
                101.694218933838,4.36305752414832,0
                101.695739894092,4.36465563536008,0
                101.697342651779,4.36617218312756,0
                101.699022813851,4.36760301120421,0
                101.700775775101,4.36894419828998,0
                101.702596730785,4.37019206877385,0
                101.704480689789,4.37134320280294,0
                101.706422488312,4.37239444565092,0
                101.70841680402,4.37334291635988,0
                101.710458170632,4.37418601563214,0
                101.712540992905,4.37492143295035,0
                101.714659561966,4.3755471529065,0
                101.716808070966,4.37606146072248,0
                101.71898063099,4.37646294694712,0
                101.721171287203,4.37675051131675,0
                101.723374035168,4.37692336576906,0
                101.725582837306,4.37698103660153,0
                101.727791639444,4.37692336576906,0
                101.729994387409,4.37675051131675,0
                101.732185043622,4.37646294694712,0
                101.734357603646,4.37606146072248,0
                101.736506112646,4.3755471529065,0
                101.738624681707,4.37492143295035,0
                101.740707503979,4.37418601563214,0
                101.742748870591,4.37334291635988,0
                101.7447431863,4.37239444565092,0
                101.746684984823,4.37134320280294,0
                101.748568943827,4.37019206877385,0
                101.75038989951,4.36894419828998,0
                101.752142860761,4.36760301120421,0
                101.753823022833,4.36617218312756,0
                101.75542578052,4.36465563536008,0
                101.756946740773,4.36305752414832,0
                101.758381734748,4.3613822292989,0
                101.759726829224,4.35963434217936,0
                101.760978337392,4.35781865313902,0
                101.762132828954,4.35594013838434,0
                101.76318713953,4.35400394634459,0
                101.764138379327,4.35201538356542,0
                101.764983941064,4.34997990016843,0
                101.765721507114,4.34790307491723,0
                101.76634905586,4.34579059993012,0
                101.766864867234,4.34364826508201,0
                101.767267527434,4.34148194213756,0
                101.767555932796,4.33929756865963,0
                101.76772929282,4.33710113173669,0
                101.76778713234,4.33489865157402,0
              </coordinates>
            </LinearRing>
          </outerBoundaryIs>
        </Polygon>
      </Placemark>
      <Placemark id="PHG_SE_15.3">
        <name>Pahang</name>
        <description>P.079 Lipis</description>
        <Style>
          <LineStyle>
            <color>ff0000ff</color>
          </LineStyle>
          <PolyStyle>
            <fill>0</fill>
          </PolyStyle>
        </Style>
        <ExtendedData>
          <SchemaData schemaUrl="#PHG_SE_15">
            <SimpleData name="state">P.079</SimpleData>
            <SimpleData name="parlimen">N.03 Padang Tengku</SimpleData>
            <SimpleData name="code_parlimen">N.03</SimpleData>
            <SimpleData name="dun">19407</SimpleData>
          </SchemaData>
        </ExtendedData>
        <Polygon>
          <outerBoundaryIs>
            <LinearRing>
              <coordinates>
                102.102261247373,4.45321814576067,0
                102.102203069621,4.45100313093916,0
                102.102028695826,4.44879418068106,0
                102.101738603934,4.44659734965053,0
                102.101333589068,4.44441865934725,0
                102.100814761344,4.44226408160026,0
                102.100183542835,4.44013952219756,0
                102.099441663664,4.43805080469596,0
                102.098591157273,4.4360036544561,0
                102.097634354839,4.43400368294583,0
                102.096573878892,4.43205637235561,0
                102.095412636123,4.43016706056762,0
                102.094153809417,4.42834092652027,0
                102.092800849131,4.42658297600794,0
                102.091357463634,4.4248980279551,0
                102.089827609147,4.42329070120251,0
                102.088215478894,4.42176540184167,0
                102.086525491612,4.42032631113226,0
                102.084762279438,4.4189773740361,0
                102.082930675215,4.41772228839853,0
                102.081035699243,4.41656449480751,0
                102.079082545519,4.41550716715791,0
                102.077076567501,4.41455320394698,0
                102.075023263436,4.41370522032519,0
                102.072928261287,4.41296554092377,0
                102.070797303311,4.41233619347913,0
                102.068636230314,4.41181890327145,0
                102.066450965647,4.41141508839276,0
                102.06424749897,4.41112585585739,0
                102.06203186983,4.41095199856585,0
                102.059810151114,4.41089399313001,0
                102.057588432397,4.41095199856585,0
                102.055372803258,4.41112585585739,0
                102.05316933658,4.41141508839276,0
                102.050984071913,4.41181890327145,0
                102.048822998916,4.41233619347913,0
                102.04669204094,4.41296554092377,0
                102.044597038791,4.41370522032519,0
                102.042543734726,4.41455320394698,0
                102.040537756708,4.41550716715791,0
                102.038584602984,4.41656449480751,0
                102.036689627012,4.41772228839853,0
                102.034858022789,4.4189773740361,0
                102.033094810615,4.42032631113226,0
                102.031404823333,4.42176540184167,0
                102.02979269308,4.42329070120251,0
                102.028262838593,4.4248980279551,0
                102.026819453096,4.42658297600794,0
                102.02546649281,4.42834092652027,0
                102.024207666104,4.43016706056762,0
                102.023046423335,4.43205637235561,0
                102.021985947388,4.43400368294583,0
                102.021029144954,4.4360036544561,0
                102.020178638563,4.43805080469596,0
                102.019436759393,4.44013952219756,0
                102.018805540883,4.44226408160026,0
                102.018286713159,4.44441865934725,0
                102.017881698293,4.44659734965053,0
                102.017591606402,4.44879418068106,0
                102.017417232607,4.45100313093916,0
                102.017359054855,4.45321814576067,0
                102.017417232607,4.45543315391323,0
                102.017591606402,4.45764208423762,0
                102.017881698293,4.459838882288,0
                102.018286713159,4.46201752692608,0
                102.018805540883,4.46417204682311,0
                102.019436759393,4.46629653682493,0
                102.020178638563,4.46838517413508,0
                102.021029144954,4.47043223427155,0
                102.021985947388,4.47243210675361,0
                102.023046423335,4.47437931047586,0
                102.024207666104,4.47626850872694,0
                102.02546649281,4.47809452381238,0
                102.026819453096,4.47985235124117,0
                102.028262838593,4.48153717343739,0
                102.02979269308,4.48314437293915,0
                102.031404823333,4.48466954504919,0
                102.033094810615,4.48610850990196,0
                102.034858022789,4.48745732391462,0
                102.036689627012,4.48871229059029,0
                102.038584602984,4.48986997064442,0
                102.040537756708,4.49092719142607,0
                102.042543734726,4.49188105560885,0
                102.044597038791,4.49272894912726,0
                102.04669204094,4.49346854833727,0
                102.048822998916,4.49409782638103,0
                102.050984071913,4.49461505873878,0
                102.05316933658,4.4950188279523,0
                102.055372803258,4.49530802750755,0
                102.057588432397,4.49548186486535,0
                102.059810151114,4.49553986363227,0
                102.06203186983,4.49548186486535,0
                102.06424749897,4.49530802750755,0
                102.066450965647,4.4950188279523,0
                102.068636230314,4.49461505873878,0
                102.070797303311,4.49409782638103,0
                102.072928261287,4.49346854833727,0
                102.075023263436,4.49272894912726,0
                102.077076567501,4.49188105560885,0
                102.079082545519,4.49092719142607,0
                102.081035699243,4.48986997064442,0
                102.082930675215,4.48871229059029,0
                102.084762279438,4.48745732391462,0
                102.086525491612,4.48610850990196,0
                102.088215478894,4.48466954504919,0
                102.089827609147,4.48314437293915,0
                102.091357463634,4.48153717343739,0
                102.092800849131,4.47985235124117,0
                102.094153809417,4.47809452381238,0
                102.095412636123,4.47626850872694,0
                102.096573878892,4.47437931047586,0
                102.097634354839,4.47243210675361,0
                102.098591157273,4.47043223427155,0
                102.099441663664,4.46838517413508,0
                102.100183542835,4.46629653682493,0
                102.100814761344,4.46417204682311,0
                102.101333589068,4.46201752692608,0
                102.101738603934,4.459838882288,0
                102.102028695826,4.45764208423762,0
                102.102203069621,4.45543315391323,0
                102.102261247373,4.45321814576067,0
              </coordinates>
            </LinearRing>
          </outerBoundaryIs>
        </Polygon>
      </Placemark>
      <Placemark id="PHG_SE_15.4">
        <name>Pahang</name>
        <description>P.081 Jerantut</description>
        <Style>
          <LineStyle>
            <color>ff0000ff</color>
          </LineStyle>
          <PolyStyle>
            <fill>0</fill>
          </PolyStyle>
        </Style>
        <ExtendedData>
          <SchemaData schemaUrl="#PHG_SE_15">
            <SimpleData name="state">P.081</SimpleData>
            <SimpleData name="parlimen">N.09 Tahan</SimpleData>
            <SimpleData name="code_parlimen">N.09</SimpleData>
            <SimpleData name="dun">20895</SimpleData>
          </SchemaData>
        </ExtendedData>
        <Polygon>
          <outerBoundaryIs>
            <LinearRing>
              <coordinates>
                102.622302665937,4.33891658617939,0
                102.622242299031,4.33661787062791,0
                102.622061363773,4.33432544873097,0
                102.621760356094,4.33204560394715,0
                102.621340101036,4.32978458531805,0
                102.620801750488,4.32754859033853,0
                102.620146780032,4.32534374796751,0
                102.619376984897,4.3231761018262,0
                102.618494475036,4.32105159362952,0
                102.61750166935,4.31897604689652,0
                102.616401289048,4.31695515098418,0
                102.615196350197,4.31499444548863,0
                102.61389015545,4.31309930505638,0
                102.612486284997,4.31127492464748,0
                102.610988586749,4.30952630529093,0
                102.609401165792,4.30785824037133,0
                102.607728373137,4.30627530248475,0
                102.605974793793,4.30478183089955,0
                102.604145234198,4.30338191965687,0
                102.602244709049,4.30207940634318,0
                102.600278427552,4.3008778615661,0
                102.598251779149,4.29978057916203,0
                102.596170318741,4.29879056716268,0
                102.594039751468,4.29791053954538,0
                102.591865917065,4.29714290878962,0
                102.589654773863,4.2964897792604,0
                102.58741238245,4.2959529414367,0
                102.585144889066,4.29553386700064,0
                102.582858508753,4.295233704801,0
                102.58055950832,4.29505327770225,0
                102.578254189167,4.29499308032758,0
                102.575948870014,4.29505327770225,0
                102.573649869581,4.295233704801,0
                102.571363489268,4.29553386700064,0
                102.569095995884,4.2959529414367,0
                102.566853604471,4.2964897792604,0
                102.564642461269,4.29714290878962,0
                102.562468626866,4.29791053954538,0
                102.560338059593,4.29879056716268,0
                102.558256599185,4.29978057916203,0
                102.556229950782,4.3008778615661,0
                102.554263669285,4.30207940634318,0
                102.552363144135,4.30338191965687,0
                102.550533584541,4.30478183089955,0
                102.548780005196,4.30627530248475,0
                102.547107212542,4.30785824037133,0
                102.545519791585,4.30952630529093,0
                102.544022093337,4.31127492464748,0
                102.542618222883,4.31309930505638,0
                102.541312028137,4.31499444548863,0
                102.540107089286,4.31695515098418,0
                102.539006708984,4.31897604689652,0
                102.538013903297,4.32105159362952,0
                102.537131393437,4.3231761018262,0
                102.536361598302,4.32534374796751,0
                102.535706627846,4.32754859033853,0
                102.535168277298,4.32978458531805,0
                102.53474802224,4.33204560394715,0
                102.534447014561,4.33432544873097,0
                102.534266079303,4.33661787062791,0
                102.534205712397,4.33891658617939,0
                102.534266079303,4.3412152947335,0
                102.534447014561,4.3435076957149,0
                102.53474802224,4.34578750589422,0
                102.535168277298,4.348048476609,0
                102.535706627846,4.35028441088931,0
                102.536361598302,4.35248918044126,0
                102.537131393437,4.35465674244148,0
                102.538013903297,4.35678115609692,0
                102.539006708984,4.35885659892434,0
                102.540107089286,4.36087738270516,0
                102.541312028137,4.36283796907181,0
                102.542618222883,4.36473298468297,0
                102.544022093337,4.36655723594614,0
                102.545519791585,4.36830572324729,0
                102.547107212542,4.36997365464864,0
                102.548780005196,4.37155645901698,0
                102.550533584541,4.37304979854678,0
                102.552363144135,4.37444958064376,0
                102.554263669285,4.37575196913636,0
                102.556229950782,4.37695339478456,0
                102.558256599185,4.37805056505716,0
                102.560338059593,4.37904047315096,0
                102.562468626866,4.37992040622704,0
                102.564642461269,4.38068795284177,0
                102.566853604471,4.38134100955195,0
                102.569095995884,4.38187778667645,0
                102.571363489268,4.38229681319819,0
                102.573649869581,4.38259694079335,0
                102.575948870014,4.38277734697659,0
                102.578254189167,4.38283753735388,0
                102.58055950832,4.38277734697659,0
                102.582858508753,4.38259694079335,0
                102.585144889066,4.38229681319819,0
                102.58741238245,4.38187778667645,0
                102.589654773863,4.38134100955195,0
                102.591865917065,4.38068795284177,0
                102.594039751468,4.37992040622704,0
                102.596170318741,4.37904047315096,0
                102.598251779149,4.37805056505716,0
                102.600278427552,4.37695339478456,0
                102.602244709049,4.37575196913636,0
                102.604145234198,4.37444958064376,0
                102.605974793793,4.37304979854678,0
                102.607728373137,4.37155645901698,0
                102.609401165792,4.36997365464864,0
                102.610988586749,4.36830572324729,0
                102.612486284997,4.36655723594614,0
                102.61389015545,4.36473298468297,0
                102.615196350197,4.36283796907181,0
                102.616401289048,4.36087738270516,0
                102.61750166935,4.35885659892434,0
                102.618494475036,4.35678115609692,0
                102.619376984897,4.35465674244148,0
                102.620146780032,4.35248918044126,0
                102.620801750488,4.35028441088931,0
                102.621340101036,4.348048476609,0
                102.621760356094,4.34578750589422,0
                102.622061363773,4.3435076957149,0
                102.622242299031,4.3412152947335,0
                102.622302665937,4.33891658617939,0
              </coordinates>
            </LinearRing>
          </outerBoundaryIs>
        </Polygon>
      </Placemark>
      <Placemark id="PHG_SE_15.5">
        <name>Pahang</name>
        <description>P.081 Jerantut</description>
        <Style>
          <LineStyle>
            <color>ff0000ff</color>
          </LineStyle>
          <PolyStyle>
            <fill>0</fill>
          </PolyStyle>
        </Style>
        <ExtendedData>
          <SchemaData schemaUrl="#PHG_SE_15">
            <SimpleData name="state">P.081</SimpleData>
            <SimpleData name="parlimen">N.10 Damak</SimpleData>
            <SimpleData name="code_parlimen">N.10</SimpleData>
            <SimpleData name="dun">34967</SimpleData>
          </SchemaData>
        </ExtendedData>
        <Polygon>
          <outerBoundaryIs>
            <LinearRing>
              <coordinates>
                102.293844546803,3.91116233937705,0
                102.293766454735,3.90818706391394,0
                102.293532392578,3.90521993296235,0
                102.293143001879,3.90226907935942,0
                102.292599349932,3.89934259141173,0
                102.291902926847,3.89644849072321,0
                102.291055641473,3.89359471020514,0
                102.290059816161,3.89078907232823,0
                102.288918180397,3.88803926767682,0
                102.287633863326,3.88535283386358,0
                102.286210385172,3.88273713486303,0
                102.28465164759,3.88019934082024,0
                102.282961922971,3.87774640839033,0
                102.281145842732,3.87538506166272,0
                102.279208384624,3.87312177372241,0
                102.277154859085,3.87096274889902,0
                102.274990894685,3.86891390575222,0
                102.2727224227,3.86698086084054,0
                102.270355660854,3.86516891331777,0
                102.267897096277,3.86348303039955,0
                102.265353467724,3.86192783374001,0
                102.262731747103,3.86050758675584,0
                102.260039120369,3.85922618293265,0
                102.257282967825,3.8580871351458,0
                102.254470843892,3.85709356602495,0
                102.251610456407,3.85624819938895,0
                102.248709645494,3.85555335277447,0
                102.245776362073,3.85501093107897,0
                102.242818646071,3.85462242133554,0
                102.239844604381,3.85438888863395,0
                102.236862388645,3.8543109731989,0
                102.233880172909,3.85438888863395,0
                102.230906131219,3.85462242133554,0
                102.227948415217,3.85501093107897,0
                102.225015131796,3.85555335277447,0
                102.222114320883,3.85624819938895,0
                102.219253933398,3.85709356602495,0
                102.216441809465,3.8580871351458,0
                102.213685656921,3.85922618293265,0
                102.210993030187,3.86050758675584,0
                102.208371309566,3.86192783374001,0
                102.205827681013,3.86348303039955,0
                102.203369116436,3.86516891331777,0
                102.20100235459,3.86698086084054,0
                102.198733882605,3.86891390575222,0
                102.196569918205,3.87096274889902,0
                102.194516392665,3.87312177372241,0
                102.192578934557,3.87538506166272,0
                102.190762854319,3.87774640839033,0
                102.1890731297,3.88019934082024,0
                102.187514392118,3.88273713486303,0
                102.186090913964,3.88535283386358,0
                102.184806596893,3.88803926767682,0
                102.183664961129,3.89078907232823,0
                102.182669135816,3.89359471020514,0
                102.181821850443,3.89644849072321,0
                102.181125427358,3.89934259141173,0
                102.180581775411,3.90226907935942,0
                102.180192384712,3.90521993296235,0
                102.179958322554,3.90818706391394,0
                102.179880230487,3.91116233937705,0
                102.179958322554,3.91413760427714,0
                102.180192384712,3.91710470365536,0
                102.180581775411,3.92005550502049,0
                102.181125427358,3.92298192063831,0
                102.181821850443,3.92587592969734,0
                102.182669135816,3.92872960029022,0
                102.183664961129,3.93153511115056,0
                102.184806596893,3.93428477308571,0
                102.186090913964,3.93697105004658,0
                102.187514392118,3.93958657977718,0
                102.1890731297,3.94212419398702,0
                102.190762854319,3.94457693799121,0
                102.192578934557,3.94693808976479,0
                102.194516392665,3.94920117835873,0
                102.196569918205,3.95136000162751,0
                102.198733882605,3.95340864321968,0
                102.20100235459,3.95534148878502,0
                102.203369116436,3.95715324135381,0
                102.205827681013,3.95883893584638,0
                102.208371309566,3.960393952673,0
                102.210993030187,3.9618140303873,0
                102.213685656921,3.96309527735822,0
                102.216441809465,3.96423418242888,0
                102.219253933398,3.96522762453326,0
                102.222114320883,3.96607288124412,0
                102.225015131796,3.96676763622919,0
                102.227948415217,3.96730998559487,0
                102.230906131219,3.96769844310053,0
                102.233880172909,3.96793194422878,0
                102.236862388645,3.96800984910081,0
                102.239844604381,3.96793194422878,0
                102.242818646071,3.96769844310053,0
                102.245776362073,3.96730998559487,0
                102.248709645494,3.96676763622919,0
                102.251610456407,3.96607288124412,0
                102.254470843892,3.96522762453326,0
                102.257282967825,3.96423418242888,0
                102.260039120369,3.96309527735822,0
                102.262731747103,3.9618140303873,0
                102.265353467724,3.960393952673,0
                102.267897096277,3.95883893584638,0
                102.270355660854,3.95715324135381,0
                102.2727224227,3.95534148878502,0
                102.274990894685,3.95340864321968,0
                102.277154859085,3.95136000162751,0
                102.279208384624,3.94920117835873,0
                102.281145842732,3.94693808976479,0
                102.282961922971,3.94457693799121,0
                102.28465164759,3.94212419398702,0
                102.286210385172,3.93958657977718,0
                102.287633863326,3.93697105004658,0
                102.288918180397,3.93428477308571,0
                102.290059816161,3.93153511115056,0
                102.291055641473,3.92872960029022,0
                102.291902926847,3.92587592969734,0
                102.292599349932,3.92298192063831,0
                102.293143001879,3.92005550502049,0
                102.293532392578,3.91710470365536,0
                102.293766454735,3.91413760427714,0
                102.293844546803,3.91116233937705,0
              </coordinates>
            </LinearRing>
          </outerBoundaryIs>
        </Polygon>
      </Placemark>
      <Placemark id="PHG_SE_15.6">
        <name>Pahang</name>
        <description>P.081 Jerantut</description>
        <Style>
          <LineStyle>
            <color>ff0000ff</color>
          </LineStyle>
          <PolyStyle>
            <fill>0</fill>
          </PolyStyle>
        </Style>
        <ExtendedData>
          <SchemaData schemaUrl="#PHG_SE_15">
            <SimpleData name="state">P.081</SimpleData>
            <SimpleData name="parlimen">N.11 Pulau Tawar</SimpleData>
            <SimpleData name="code_parlimen">N.11</SimpleData>
            <SimpleData name="dun">31189</SimpleData>
          </SchemaData>
        </ExtendedData>
        <Polygon>
          <outerBoundaryIs>
            <LinearRing>
              <coordinates>
                102.6404977298,3.92421896730395,0
                102.640423977009,3.921409060596,0
                102.640202920788,3.91860684623954,0
                102.639835167036,3.91582000503193,0
                102.639321723741,3.91305617570942,0
                102.638663998215,3.9103229340077,0
                102.637863793239,3.90762777189423,0
                102.636923302118,3.90497807702945,0
                102.635845102673,3.90238111251322,0
                102.634632150174,3.89984399697197,0
                102.63328776924,3.89737368504121,0
                102.631815644725,3.89497694829696,0
                102.630219811619,3.89266035668862,0
                102.628504643992,3.89043026052383,0
                102.626674842997,3.88829277305524,0
                102.624735423993,3.88625375371672,0
                102.622691702792,3.8843187920551,0
                102.620549281091,3.88249319240159,0
                102.61831403112,3.88078195932502,0
                102.615992079544,3.87918978390676,0
                102.61358979067,3.87772103087508,0
                102.611113749005,3.87637972663431,0
                102.608570741208,3.8751695482217,0
                102.605967737485,3.8740938132222,0
                102.60331187249,3.87315547066909,0
                102.600610425763,3.87235709295528,0
                102.597870801782,3.87170086877757,0
                102.595100509667,3.87118859713327,0
                102.592307142595,3.87082168238575,0
                102.589498356991,3.87060113041226,0
                102.586681851541,3.87052754584492,0
                102.583865346091,3.87060113041226,0
                102.581056560487,3.87082168238575,0
                102.578263193415,3.87118859713327,0
                102.575492901299,3.87170086877757,0
                102.572753277319,3.87235709295528,0
                102.570051830592,3.87315547066909,0
                102.567395965596,3.8740938132222,0
                102.564792961874,3.8751695482217,0
                102.562249954076,3.87637972663431,0
                102.559773912411,3.87772103087508,0
                102.557371623537,3.87918978390676,0
                102.555049671961,3.88078195932502,0
                102.55281442199,3.88249319240159,0
                102.55067200029,3.8843187920551,0
                102.548628279089,3.88625375371672,0
                102.546688860084,3.88829277305524,0
                102.54485905909,3.89043026052383,0
                102.543143891462,3.89266035668862,0
                102.541548058357,3.89497694829696,0
                102.540075933842,3.89737368504121,0
                102.538731552907,3.89984399697197,0
                102.537518600408,3.90238111251322,0
                102.536440400964,3.90497807702945,0
                102.535499909843,3.90762777189423,0
                102.534699704866,3.9103229340077,0
                102.534041979341,3.91305617570942,0
                102.533528536046,3.91582000503193,0
                102.533160782294,3.91860684623954,0
                102.532939726073,3.921409060596,0
                102.532865973282,3.92421896730395,0
                102.532939726073,3.92702886455887,0
                102.533160782294,3.92983105065988,0
                102.533528536046,3.93261784511916,0
                102.534041979341,3.93538160971261,0
                102.534699704866,3.93811476941379,0
                102.535499909843,3.94080983315364,0
                102.536440400964,3.94345941434951,0
                102.537518600408,3.9460562511469,0
                102.538731552907,3.94859322631872,0
                102.540075933842,3.9510633867674,0
                102.541548058357,3.95345996257653,0
                102.543143891462,3.95577638556,0
                102.54485905909,3.95800630725766,0
                102.546688860084,3.96014361632835,0
                102.548628279089,3.96218245529274,0
                102.55067200029,3.96411723658026,0
                102.55281442199,3.96594265783587,0
                102.555049671961,3.96765371644534,0
                102.557371623537,3.96924572323877,0
                102.559773912411,3.9707143153354,0
                102.562249954076,3.97205546809413,0
                102.564792961874,3.9732655061374,0
                102.567395965596,3.97434111341813,0
                102.570051830592,3.97527934230238,0
                102.572753277319,3.97607762164262,0
                102.575492901299,3.97673376381984,0
                102.578263193415,3.97724597073514,0
                102.581056560487,3.97761283873436,0
                102.583865346091,3.97783336245241,0
                102.586681851541,3.97790693756673,0
                102.589498356991,3.97783336245241,0
                102.592307142595,3.97761283873436,0
                102.595100509667,3.97724597073514,0
                102.597870801782,3.97673376381984,0
                102.600610425763,3.97607762164262,0
                102.60331187249,3.97527934230238,0
                102.605967737485,3.97434111341813,0
                102.608570741208,3.9732655061374,0
                102.611113749005,3.97205546809413,0
                102.61358979067,3.9707143153354,0
                102.615992079544,3.96924572323877,0
                102.61831403112,3.96765371644534,0
                102.620549281091,3.96594265783587,0
                102.622691702792,3.96411723658026,0
                102.624735423993,3.96218245529274,0
                102.626674842997,3.96014361632835,0
                102.628504643992,3.95800630725766,0
                102.630219811619,3.95577638556,0
                102.631815644725,3.95345996257653,0
                102.63328776924,3.9510633867674,0
                102.634632150174,3.94859322631872,0
                102.635845102673,3.9460562511469,0
                102.636923302118,3.94345941434951,0
                102.637863793239,3.94080983315364,0
                102.638663998215,3.93811476941379,0
                102.639321723741,3.93538160971261,0
                102.639835167036,3.93261784511916,0
                102.640202920788,3.92983105065988,0
                102.640423977009,3.92702886455887,0
                102.6404977298,3.92421896730395,0
              </coordinates>
            </LinearRing>
          </outerBoundaryIs>
        </Polygon>
      </Placemark>
      <Placemark id="PHG_SE_15.7">
        <name>Pahang</name>
        <description>P.082 Indera Mahkota</description>
        <Style>
          <LineStyle>
            <color>ff0000ff</color>
          </LineStyle>
          <PolyStyle>
            <fill>0</fill>
          </PolyStyle>
        </Style>
        <ExtendedData>
          <SchemaData schemaUrl="#PHG_SE_15">
            <SimpleData name="state">P.082</SimpleData>
            <SimpleData name="parlimen">N.12 Beserah</SimpleData>
            <SimpleData name="code_parlimen">N.12</SimpleData>
            <SimpleData name="dun">59370</SimpleData>
          </SchemaData>
        </ExtendedData>
        <Polygon>
          <outerBoundaryIs>
            <LinearRing>
              <coordinates>
                103.43380348884,4.02767068333403,0
                103.433701732552,4.0237943554813,0
                103.433396742593,4.01992863400158,0
                103.432889354921,4.01608411481258,0
                103.432180960249,4.01227133586557,0
                103.431273500238,4.00850074825702,0
                103.430169462173,4.00478268757682,0
                103.428871872146,4.00112734557168,0
                103.42738428676,3.9975447422012,0
                103.425710783384,3.99404469816375,0
                103.423855948974,3.9906368079672,0
                103.421824867503,3.98733041361854,0
                103.419623106023,3.98413457900481,0
                103.417256699409,3.98105806503546,0
                103.414732133819,3.97810930561461,0
                103.412056328909,3.97529638450911,0
                103.409236618877,3.97262701317602,0
                103.40628073235,3.97010850961056,0
                103.403196771209,3.96774777827236,0
                103.399993188377,3.96555129114553,0
                103.396678764651,3.96352506998452,0
                103.393262584636,3.96167466979447,0
                103.389754011845,3.96000516359155,0
                103.386162663032,3.95852112848543,0
                103.382498381833,3.95722663312169,0
                103.37877121179,3.95612522651917,0
                103.374991368816,3.95521992833277,0
                103.371169213198,3.9545132205684,0
                103.367315221199,3.9540070407731,0
                103.363439956343,3.95370277671886,0
                103.359554040461,3.9536012625949,0
                103.35566812458,3.95370277671886,0
                103.351792859724,3.9540070407731,0
                103.347938867725,3.9545132205684,0
                103.344116712107,3.95521992833277,0
                103.340336869133,3.95612522651917,0
                103.336609699089,3.95722663312169,0
                103.332945417891,3.95852112848543,0
                103.329354069078,3.96000516359155,0
                103.325845496287,3.96167466979447,0
                103.322429316272,3.96352506998452,0
                103.319114892546,3.96555129114553,0
                103.315911309714,3.96774777827236,0
                103.312827348572,3.97010850961056,0
                103.309871462046,3.97262701317602,0
                103.307051752013,3.97529638450911,0
                103.304375947104,3.97810930561461,0
                103.301851381514,3.98105806503546,0
                103.2994849749,3.98413457900481,0
                103.29728321342,3.98733041361854,0
                103.295252131948,3.9906368079672,0
                103.293397297539,3.99404469816375,0
                103.291723794163,3.9975447422012,0
                103.290236208777,4.00112734557168,0
                103.28893861875,4.00478268757682,0
                103.287834580685,4.00850074825702,0
                103.286927120674,4.01227133586557,0
                103.286218726002,4.01608411481258,0
                103.28571133833,4.01992863400158,0
                103.285406348371,4.0237943554813,0
                103.285304592083,4.02767068333403,0
                103.285406348371,4.03154699272115,0
                103.28571133833,4.03541265900634,0
                103.286218726002,4.03925708687661,0
                103.286927120674,4.04306973938121,0
                103.287834580685,4.04684016680899,0
                103.28893861875,4.05055803532503,0
                103.290236208777,4.05421315528806,0
                103.291723794163,4.05779550917117,0
                103.293397297539,4.06129527900943,0
                103.295252131948,4.0647028732992,0
                103.29728321342,4.06800895327551,0
                103.2994849749,4.0712044584956,0
                103.301851381514,4.07428063165898,0
                103.304375947104,4.07722904259545,0
                103.307051752013,4.08004161135623,0
                103.309871462046,4.08271063034462,0
                103.312827348572,4.08522878542578,0
                103.315911309714,4.08758917595813,0
                103.319114892546,4.0897853336915,0
                103.322429316272,4.09181124048031,0
                103.325845496287,4.09366134476383,0
                103.329354069078,4.09533057676781,0
                103.332945417891,4.09681436238681,0
                103.336609699089,4.09810863570867,0
                103.340336869133,4.09920985014726,0
                103.344116712107,4.10011498815308,0
                103.347938867725,4.1008215694752,0
                103.351792859724,4.1013276579519,0
                103.35566812458,4.10163186681168,0
                103.359554040461,4.10173336247004,0
                103.363439956343,4.10163186681168,0
                103.367315221199,4.1013276579519,0
                103.371169213198,4.1008215694752,0
                103.374991368816,4.10011498815308,0
                103.37877121179,4.09920985014726,0
                103.382498381833,4.09810863570867,0
                103.386162663032,4.09681436238681,0
                103.389754011845,4.09533057676781,0
                103.393262584636,4.09366134476383,0
                103.396678764651,4.09181124048031,0
                103.399993188377,4.0897853336915,0
                103.403196771209,4.08758917595813,0
                103.40628073235,4.08522878542578,0
                103.409236618877,4.08271063034462,0
                103.412056328909,4.08004161135623,0
                103.414732133819,4.07722904259545,0
                103.417256699409,4.07428063165898,0
                103.419623106023,4.0712044584956,0
                103.421824867503,4.06800895327551,0
                103.423855948974,4.0647028732992,0
                103.425710783384,4.06129527900943,0
                103.42738428676,4.05779550917117,0
                103.428871872146,4.05421315528806,0
                103.430169462173,4.05055803532503,0
                103.431273500238,4.04684016680899,0
                103.432180960249,4.04306973938121,0
                103.432889354921,4.03925708687661,0
                103.433396742593,4.03541265900634,0
                103.433701732552,4.03154699272115,0
                103.43380348884,4.02767068333403,0
              </coordinates>
            </LinearRing>
          </outerBoundaryIs>
        </Polygon>
      </Placemark>
      <Placemark id="PHG_SE_15.8">
        <name>Pahang</name>
        <description>P.082 Indera Mahkota</description>
        <Style>
          <LineStyle>
            <color>ff0000ff</color>
          </LineStyle>
          <PolyStyle>
            <fill>0</fill>
          </PolyStyle>
        </Style>
        <ExtendedData>
          <SchemaData schemaUrl="#PHG_SE_15">
            <SimpleData name="state">P.082</SimpleData>
            <SimpleData name="parlimen">N.13 Semambu</SimpleData>
            <SimpleData name="code_parlimen">N.13</SimpleData>
            <SimpleData name="dun">61179</SimpleData>
          </SchemaData>
        </ExtendedData>
        <Polygon>
          <outerBoundaryIs>
            <LinearRing>
              <coordinates>
                103.360995093528,3.88585503996223,0
                103.360891798618,3.88191942597555,0
                103.360582197013,3.8779945809646,0
                103.360067137309,3.87409126290014,0
                103.359348031249,3.87022017089573,0
                103.358426849853,3.86639191587767,0
                103.357306118015,3.86261699149518,0
                103.355988907583,3.85890574535052,0
                103.354478828939,3.85526835062803,0
                103.352780021104,3.85171477819996,0
                103.350897140392,3.84825476928564,0
                103.348835347648,3.84489780873913,0
                103.346600294103,3.84165309903864,0
                103.344198105883,3.83852953504908,0
                103.341635367219,3.83553567962727,0
                103.3389191024,3.8326797401366,0
                103.336056756519,3.82996954593599,0
                103.333056175067,3.8274125269045,0
                103.329925582428,3.82501569306131,0
                103.32667355934,3.82278561533643,0
                103.323309019373,3.82072840754542,0
                103.319841184496,3.81884970961754,0
                103.316279559803,3.81715467212355,0
                103.312633907461,3.81564794214545,0
                103.308914219948,3.81433365052744,0
                103.305130692671,3.81321540054272,0
                103.301293696014,3.81229625800766,0
                103.297413746918,3.81157874287037,0
                103.293501480054,3.81106482229682,0
                103.289567618674,3.81075590527351,0
                103.285622945218,3.81065283874167,0
                103.281678271762,3.81075590527351,0
                103.277744410382,3.81106482229682,0
                103.273832143518,3.81157874287037,0
                103.269952194422,3.81229625800766,0
                103.266115197765,3.81321540054272,0
                103.262331670488,3.81433365052744,0
                103.258611982976,3.81564794214545,0
                103.254966330633,3.81715467212355,0
                103.251404705941,3.81884970961754,0
                103.247936871063,3.82072840754542,0
                103.244572331096,3.82278561533643,0
                103.241320308008,3.82501569306131,0
                103.23818971537,3.8274125269045,0
                103.235189133917,3.82996954593599,0
                103.232326788036,3.8326797401366,0
                103.229610523217,3.83553567962727,0
                103.227047784553,3.83852953504908,0
                103.224645596333,3.84165309903864,0
                103.222410542788,3.84489780873913,0
                103.220348750044,3.84825476928564,0
                103.218465869332,3.85171477819996,0
                103.216767061497,3.85526835062803,0
                103.215256982853,3.85890574535052,0
                103.213939772421,3.86261699149518,0
                103.212819040583,3.86639191587767,0
                103.211897859187,3.87022017089573,0
                103.211178753127,3.87409126290014,0
                103.210663693423,3.8779945809646,0
                103.210354091818,3.88191942597555,0
                103.210250796908,3.88585503996223,0
                103.210354091818,3.88979063558645,0
                103.210663693423,3.89371542571118,0
                103.211178753127,3.89761865296704,0
                103.211897859187,3.90148961923541,0
                103.212819040583,3.90531771496753,0
                103.213939772421,3.90909244825936,0
                103.215256982853,3.91280347360229,0
                103.216767061497,3.91644062023114,0
                103.218465869332,3.91999391999184,0
                103.220348750044,3.92345363465242,0
                103.222410542788,3.92681028258276,0
                103.224645596333,3.93005466472974,0
                103.227047784553,3.9331778898172,0
                103.229610523217,3.93617139870139,0
                103.232326788036,3.93902698781567,0
                103.235189133917,3.94173683163993,0
                103.23818971537,3.94429350413387,0
                103.241320308008,3.94668999907508,0
                103.244572331096,3.94891974924662,0
                103.247936871063,3.95097664442167,0
                103.251404705941,3.95285504809604,0
                103.254966330633,3.95454981292289,0
                103.258611982976,3.9560562948076,0
                103.262331670488,3.95737036562414,0
                103.266115197765,3.95848842451845,0
                103.269952194422,3.95940740776776,0
                103.273832143518,3.96012479716915,0
                103.277744410382,3.96063862693425,0
                103.281678271762,3.96094748907144,0
                103.285622945218,3.96105053724082,0
                103.289567618674,3.96094748907144,0
                103.293501480054,3.96063862693425,0
                103.297413746918,3.96012479716915,0
                103.301293696014,3.95940740776776,0
                103.305130692671,3.95848842451845,0
                103.308914219948,3.95737036562414,0
                103.312633907461,3.9560562948076,0
                103.316279559803,3.95454981292289,0
                103.319841184496,3.95285504809604,0
                103.323309019373,3.95097664442167,0
                103.32667355934,3.94891974924662,0
                103.329925582428,3.94668999907508,0
                103.333056175067,3.94429350413387,0
                103.336056756519,3.94173683163993,0
                103.3389191024,3.93902698781567,0
                103.341635367219,3.93617139870139,0
                103.344198105883,3.9331778898172,0
                103.346600294103,3.93005466472974,0
                103.348835347648,3.92681028258276,0
                103.350897140392,3.92345363465242,0
                103.352780021104,3.91999391999184,0
                103.354478828939,3.91644062023114,0
                103.355988907583,3.91280347360229,0
                103.357306118015,3.90909244825936,0
                103.358426849853,3.90531771496753,0
                103.359348031249,3.90148961923541,0
                103.360067137309,3.89761865296704,0
                103.360582197013,3.89371542571118,0
                103.360891798618,3.88979063558645,0
                103.360995093528,3.88585503996223,0
              </coordinates>
            </LinearRing>
          </outerBoundaryIs>
        </Polygon>
      </Placemark>
      <Placemark id="PHG_SE_15.9">
        <name>Pahang</name>
        <description>P.084 Paya Besar</description>
        <Style>
          <LineStyle>
            <color>ff0000ff</color>
          </LineStyle>
          <PolyStyle>
            <fill>0</fill>
          </PolyStyle>
        </Style>
        <ExtendedData>
          <SchemaData schemaUrl="#PHG_SE_15">
            <SimpleData name="state">P.084</SimpleData>
            <SimpleData name="parlimen">N.17 Sungai Lembing</SimpleData>
            <SimpleData name="code_parlimen">N.17</SimpleData>
            <SimpleData name="dun">19130</SimpleData>
          </SchemaData>
        </ExtendedData>
        <Polygon>
          <outerBoundaryIs>
            <LinearRing>
              <coordinates>
                103.100615921682,3.96064278835895,0
                103.100558160613,3.95844224727774,0
                103.100385035727,3.95624773190239,0
                103.100097021546,3.95406525732198,0
                103.099694907497,3.95190080566945,0
                103.099179795747,3.9497603097237,0
                103.098553098181,3.94764963664627,0
                103.097816532534,3.9455745718976,0
                103.096972117682,3.94354080337661,0
                103.096022168105,3.94155390582745,0
                103.094969287551,3.93961932555586,0
                103.093816361892,3.93774236549732,0
                103.092566551216,3.93592817067784,0
                103.091223281169,3.93418171410733,0
                103.089790233559,3.93250778314423,0
                103.088271336271,3.93091096636886,0
                103.086670752496,3.9293956410016,0
                103.084992869324,3.92796596090009,0
                103.083242285715,3.926625845169,0
                103.081423799898,3.92537896741301,0
                103.079542396215,3.92422874566304,0
                103.077603231464,3.92317833300291,0
                103.075611620761,3.9222306089227,0
                103.073573022971,3.921388171422,0
                103.07149302575,3.92065332988522,0
                103.069377330225,3.9200280987482,0
                103.067231735371,3.91951419197371,0
                103.065062122115,3.91911301835091,0
                103.062874437214,3.91882567763172,0
                103.060674676962,3.9186529575147,0
                103.058468870749,3.91859533148479,0
                103.056263064535,3.9186529575147,0
                103.054063304284,3.91882567763172,0
                103.051875619383,3.91911301835091,0
                103.049706006126,3.91951419197371,0
                103.047560411272,3.9200280987482,0
                103.045444715748,3.92065332988522,0
                103.043364718527,3.921388171422,0
                103.041326120737,3.9222306089227,0
                103.039334510033,3.92317833300291,0
                103.037395345282,3.92422874566304,0
                103.0355139416,3.92537896741301,0
                103.033695455783,3.926625845169,0
                103.031944872174,3.92796596090009,0
                103.030266989002,3.9293956410016,0
                103.028666405227,3.93091096636886,0
                103.027147507939,3.93250778314423,0
                103.025714460329,3.93418171410733,0
                103.024371190281,3.93592817067784,0
                103.023121379606,3.93774236549732,0
                103.021968453946,3.93961932555586,0
                103.020915573392,3.94155390582745,0
                103.019965623816,3.94354080337661,0
                103.019121208963,3.9455745718976,0
                103.018384643316,3.94764963664627,0
                103.017757945751,3.9497603097237,0
                103.017242834001,3.95190080566945,0
                103.016840719952,3.95406525732198,0
                103.016552705771,3.95624773190239,0
                103.016379580884,3.95844224727774,0
                103.016321819816,3.96064278835895,0
                103.016379580884,3.96284332358859,0
                103.016552705771,3.96503782147342,0
                103.016840719952,3.96722026711594,0
                103.017242834001,3.96938467870027,0
                103.017757945751,3.97152512388653,0
                103.018384643316,3.97363573606927,0
                103.019121208963,3.97571073045529,0
                103.019965623816,3.9777444199165,0
                103.020915573392,3.979731230575,0
                103.021968453946,3.98166571707701,0
                103.023121379606,3.98354257751442,0
                103.024371190281,3.98535666795272,0
                103.025714460329,3.98710301652559,0
                103.027147507939,3.98877683705785,0
                103.028666405227,3.99037354217903,0
                103.030266989002,3.99188875589217,0
                103.031944872174,3.99331832556282,0
                103.033695455783,3.99465833329629,0
                103.0355139416,3.99590510667109,0
                103.037395345282,3.99705522879997,0
                103.039334510033,3.99810554769054,0
                103.041326120737,3.99905318488011,0
                103.043364718527,3.99989554332106,0
                103.045444715748,4.0006303144952,0
                103.047560411272,4.00125548473757,0
                103.049706006126,4.00176934075257,0
                103.051875619383,4.0021704743072,0
                103.054063304284,4.00245778608852,0
                103.056263064535,4.00263048871501,0
                103.058468870749,4.00268810889337,0
                103.060674676962,4.00263048871501,0
                103.062874437214,4.00245778608852,0
                103.065062122115,4.0021704743072,0
                103.067231735371,4.00176934075257,0
                103.069377330225,4.00125548473757,0
                103.07149302575,4.0006303144952,0
                103.073573022971,3.99989554332106,0
                103.075611620761,3.99905318488011,0
                103.077603231464,3.99810554769054,0
                103.079542396215,3.99705522879997,0
                103.081423799898,3.99590510667109,0
                103.083242285715,3.99465833329629,0
                103.084992869324,3.99331832556282,0
                103.086670752496,3.99188875589217,0
                103.088271336271,3.99037354217903,0
                103.089790233559,3.98877683705785,0
                103.091223281169,3.98710301652559,0
                103.092566551216,3.98535666795272,0
                103.093816361892,3.98354257751442,0
                103.094969287551,3.98166571707701,0
                103.096022168105,3.979731230575,0
                103.096972117682,3.9777444199165,0
                103.097816532534,3.97571073045529,0
                103.098553098181,3.97363573606927,0
                103.099179795747,3.97152512388653,0
                103.099694907497,3.96938467870027,0
                103.100097021546,3.96722026711594,0
                103.100385035727,3.96503782147342,0
                103.100558160613,3.96284332358859,0
                103.100615921682,3.96064278835895,0
              </coordinates>
            </LinearRing>
          </outerBoundaryIs>
        </Polygon>
      </Placemark>
      <Placemark id="PHG_SE_15.10">
        <name>Pahang</name>
        <description>P.084 Paya Besar</description>
        <Style>
          <LineStyle>
            <color>ff0000ff</color>
          </LineStyle>
          <PolyStyle>
            <fill>0</fill>
          </PolyStyle>
        </Style>
        <ExtendedData>
          <SchemaData schemaUrl="#PHG_SE_15">
            <SimpleData name="state">P.084</SimpleData>
            <SimpleData name="parlimen">N.18 Lepar</SimpleData>
            <SimpleData name="code_parlimen">N.18</SimpleData>
            <SimpleData name="dun">25728</SimpleData>
          </SchemaData>
        </ExtendedData>
        <Polygon>
          <outerBoundaryIs>
            <LinearRing>
              <coordinates>
                102.987840841717,3.77829407812778,0
                102.987773856226,3.77574156162699,0
                102.987573083354,3.77319603392275,0
                102.987239073408,3.77066447222669,0
                102.986772741883,3.76815381553065,0
                102.986175366964,3.76567094558562,0
                102.985448586012,3.76322266803696,0
                102.984594391084,3.76081569376752,0
                102.98361512347,3.75845662050003,0
                102.982513467273,3.75615191470903,0
                102.981292442056,3.75390789389211,0
                102.979955394565,3.75173070924905,0
                102.978505989553,3.74962632881641,0
                102.976948199741,3.74760052110373,0
                102.97528629492,3.74565883927655,0
                102.973524830256,3.74380660592929,0
                102.971668633802,3.74204889849012,0
                102.969722793264,3.74039053529775,0
                102.967692642054,3.73883606238823,0
                102.965583744677,3.73738974102844,0
                102.963401881473,3.73605553603005,0
                102.961153032777,3.73483710487635,0
                102.958843362528,3.73373778769174,0
                102.956479201372,3.73276059808134,0
                102.954067029309,3.7319082148661,0
                102.951613457936,3.73118297473577,0
                102.949125212321,3.73058686584031,0
                102.946609112572,3.73012152233712,0
                102.944072055145,3.72978821990893,0
                102.941520993936,3.72958787226519,0
                102.938962921228,3.72952102863588,0
                102.93640484852,3.72958787226519,0
                102.933853787312,3.72978821990893,0
                102.931316729884,3.73012152233712,0
                102.928800630136,3.73058686584031,0
                102.926312384521,3.73118297473577,0
                102.923858813147,3.7319082148661,0
                102.921446641085,3.73276059808134,0
                102.919082479928,3.73373778769174,0
                102.916772809679,3.73483710487635,0
                102.914523960984,3.73605553603005,0
                102.91234209778,3.73738974102844,0
                102.910233200402,3.73883606238823,0
                102.908203049192,3.74039053529775,0
                102.906257208654,3.74204889849012,0
                102.9044010122,3.74380660592929,0
                102.902639547537,3.74565883927655,0
                102.900977642716,3.74760052110373,0
                102.899419852903,3.74962632881641,0
                102.897970447892,3.75173070924905,0
                102.896633400401,3.75390789389211,0
                102.895412375184,3.75615191470903,0
                102.894310718986,3.75845662050003,0
                102.893331451372,3.76081569376752,0
                102.892477256444,3.76322266803696,0
                102.891750475493,3.76567094558562,0
                102.891153100573,3.76815381553065,0
                102.890686769049,3.77066447222669,0
                102.890352759102,3.77319603392275,0
                102.890151986231,3.77574156162699,0
                102.890085000739,3.77829407812778,0
                102.890151986231,3.780846587119,0
                102.890352759102,3.78339209237673,0
                102.890686769049,3.78592361693529,0
                102.891153100573,3.78843422220974,0
                102.891750475493,3.79091702701247,0
                102.892477256444,3.79336522641183,0
                102.893331451372,3.79577211038119,0
                102.894310718986,3.79813108218718,0
                102.895412375184,3.80043567646689,0
                102.896633400401,3.80267957694447,0
                102.897970447892,3.80485663373857,0
                102.899419852903,3.80696088021343,0
                102.900977642716,3.80898654932713,0
                102.902639547537,3.81092808943269,0
                102.9044010122,3.81278017948839,0
                102.906257208654,3.81453774363599,0
                102.908203049192,3.81619596510676,0
                102.910233200402,3.81775029941732,0
                102.91234209778,3.81919648681934,0
                102.914523960984,3.82053056396883,0
                102.916772809679,3.82174887478321,0
                102.919082479928,3.82284808045658,0
                102.921446641085,3.82382516860552,0
                102.923858813147,3.82467746152072,0
                102.926312384521,3.8254026235018,0
                102.928800630136,3.82599866725498,0
                102.931316729884,3.82646395933662,0
                102.933853787312,3.82679722462733,0
                102.93640484852,3.82699754982459,0
                102.938962921228,3.8270643859443,0
                102.941520993936,3.82699754982459,0
                102.944072055145,3.82679722462733,0
                102.946609112572,3.82646395933662,0
                102.949125212321,3.82599866725498,0
                102.951613457936,3.8254026235018,0
                102.954067029309,3.82467746152072,0
                102.956479201372,3.82382516860552,0
                102.958843362528,3.82284808045658,0
                102.961153032777,3.82174887478321,0
                102.963401881473,3.82053056396883,0
                102.965583744677,3.81919648681934,0
                102.967692642054,3.81775029941732,0
                102.969722793264,3.81619596510676,0
                102.971668633802,3.81453774363599,0
                102.973524830256,3.81278017948839,0
                102.97528629492,3.81092808943269,0
                102.976948199741,3.80898654932713,0
                102.978505989553,3.80696088021343,0
                102.979955394565,3.80485663373857,0
                102.981292442056,3.80267957694447,0
                102.982513467273,3.80043567646689,0
                102.98361512347,3.79813108218718,0
                102.984594391084,3.79577211038119,0
                102.985448586012,3.79336522641183,0
                102.986175366964,3.79091702701247,0
                102.986772741883,3.78843422220974,0
                102.987239073408,3.78592361693529,0
                102.987573083354,3.78339209237673,0
                102.987773856226,3.780846587119,0
                102.987840841717,3.77829407812778,0
              </coordinates>
            </LinearRing>
          </outerBoundaryIs>
        </Polygon>
      </Placemark>
      <Placemark id="PHG_SE_15.11">
        <name>Pahang</name>
        <description>P.084 Paya Besar</description>
        <Style>
          <LineStyle>
            <color>ff0000ff</color>
          </LineStyle>
          <PolyStyle>
            <fill>0</fill>
          </PolyStyle>
        </Style>
        <ExtendedData>
          <SchemaData schemaUrl="#PHG_SE_15">
            <SimpleData name="state">P.084</SimpleData>
            <SimpleData name="parlimen">N.19 Panching</SimpleData>
            <SimpleData name="code_parlimen">N.19</SimpleData>
            <SimpleData name="dun">34886</SimpleData>
          </SchemaData>
        </ExtendedData>
        <Polygon>
          <outerBoundaryIs>
            <LinearRing>
              <coordinates>
                103.219977256989,3.83380029808055,0
                103.219899255423,3.83082819916366,0
                103.219665464522,3.82786423628231,0
                103.21927652509,3.82491653358729,0
                103.218733503184,3.821993170744,0
                103.218037887189,3.81910216078418,0
                103.21719158374,3.81625142813935,0
                103.216196912495,3.8134487869163,0
                103.21505659978,3.81070191947429,0
                103.213773771113,3.80801835536244,0
                103.212351942637,3.80540545067547,0
                103.210795011486,3.80287036788418,0
                103.2091072451,3.80042005619616,0
                103.207293269528,3.79806123250059,0
                103.205358056753,3.79580036294944,0
                103.203306911058,3.79364364522575,0
                103.20114545449,3.79159699154747,0
                103.198879611451,3.7896660124538,0
                103.196515592461,3.78785600141831,0
                103.194059877131,3.78617192033134,0
                103.191519196405,3.78461838589138,0
                103.188900514113,3.78319965694289,0
                103.186211007882,3.78191962279545,0
                103.18345804946,3.78078179255613,0
                103.180649184516,3.77978928550453,0
                103.177792111953,3.778944822537,0
                103.174894662808,3.77825071870346,0
                103.171964778788,3.77770887685722,0
                103.169010490502,3.77732078243557,0
                103.166039895448,3.77708749938514,0
                103.163061135821,3.77700966724355,0
                103.160082376194,3.77708749938514,0
                103.15711178114,3.77732078243557,0
                103.154157492854,3.77770887685722,0
                103.151227608834,3.77825071870346,0
                103.148330159689,3.778944822537,0
                103.145473087126,3.77978928550453,0
                103.142664222182,3.78078179255613,0
                103.13991126376,3.78191962279545,0
                103.137221757529,3.78319965694289,0
                103.134603075237,3.78461838589138,0
                103.132062394511,3.78617192033134,0
                103.129606679181,3.78785600141831,0
                103.127242660191,3.7896660124538,0
                103.124976817152,3.79159699154747,0
                103.122815360584,3.79364364522575,0
                103.120764214889,3.79580036294944,0
                103.118829002114,3.79806123250059,0
                103.117015026542,3.80042005619616,0
                103.115327260156,3.80287036788418,0
                103.113770329005,3.80540545067547,0
                103.112348500529,3.80801835536244,0
                103.111065671862,3.81070191947429,0
                103.109925359147,3.8134487869163,0
                103.108930687902,3.81625142813935,0
                103.108084384453,3.81910216078418,0
                103.107388768458,3.821993170744,0
                103.106845746552,3.82491653358729,0
                103.10645680712,3.82786423628231,0
                103.106223016219,3.83082819916366,0
                103.106145014653,3.83380029808055,0
                103.106223016219,3.83677238666606,0
                103.10645680712,3.83973631866649,0
                103.106845746552,3.84268397026936,0
                103.107388768458,3.84560726236906,0
                103.108084384453,3.84849818270894,0
                103.108930687902,3.85134880783938,0
                103.109925359147,3.85415132483152,0
                103.111065671862,3.85689805268721,0
                103.112348500529,3.85958146338668,0
                103.113770329005,3.86219420251601,0
                103.115327260156,3.86472910941829,0
                103.117015026542,3.86717923681302,0
                103.118829002114,3.86953786983017,0
                103.120764214889,3.87179854440688,0
                103.122815360584,3.8739550649963,0
                103.124976817152,3.87600152154031,0
                103.127242660191,3.87793230565958,0
                103.129606679181,3.87974212601669,0
                103.132062394511,3.88142602281042,0
                103.134603075237,3.88297938136146,0
                103.137221757529,3.88439794475238,0
                103.13991126376,3.8856778254875,0
                103.142664222182,3.88681551614059,0
                103.145473087126,3.88780789896137,0
                103.148330159689,3.88865225441455,0
                103.151227608834,3.88934626862823,0
                103.154157492854,3.88988803973093,0
                103.15711178114,3.8902760830605,0
                103.160082376194,3.89050933523002,0
                103.163061135821,3.89058715704024,0
                103.166039895448,3.89050933523002,0
                103.169010490502,3.8902760830605,0
                103.171964778788,3.88988803973093,0
                103.174894662808,3.88934626862823,0
                103.177792111953,3.88865225441455,0
                103.180649184516,3.88780789896137,0
                103.18345804946,3.88681551614059,0
                103.186211007882,3.8856778254875,0
                103.188900514113,3.88439794475238,0
                103.191519196405,3.88297938136146,0
                103.194059877131,3.88142602281042,0
                103.196515592461,3.87974212601669,0
                103.198879611451,3.87793230565958,0
                103.20114545449,3.87600152154031,0
                103.203306911058,3.8739550649963,0
                103.205358056753,3.87179854440688,0
                103.207293269528,3.86953786983017,0
                103.2091072451,3.86717923681302,0
                103.210795011486,3.86472910941829,0
                103.212351942637,3.86219420251601,0
                103.213773771113,3.85958146338668,0
                103.21505659978,3.85689805268721,0
                103.216196912495,3.85415132483152,0
                103.21719158374,3.85134880783938,0
                103.218037887189,3.84849818270894,0
                103.218733503184,3.84560726236906,0
                103.21927652509,3.84268397026936,0
                103.219665464522,3.83973631866649,0
                103.219899255423,3.83677238666606,0
                103.219977256989,3.83380029808055,0
              </coordinates>
            </LinearRing>
          </outerBoundaryIs>
        </Polygon>
      </Placemark>
      <Placemark id="PHG_SE_15.12">
        <name>Pahang</name>
        <description>P.080 Raub</description>
        <Style>
          <LineStyle>
            <color>ff0000ff</color>
          </LineStyle>
          <PolyStyle>
            <fill>0</fill>
          </PolyStyle>
        </Style>
        <ExtendedData>
          <SchemaData schemaUrl="#PHG_SE_15">
            <SimpleData name="state">P.080</SimpleData>
            <SimpleData name="parlimen">N.06 Batu Talam</SimpleData>
            <SimpleData name="code_parlimen">N.06</SimpleData>
            <SimpleData name="dun">19683</SimpleData>
          </SchemaData>
        </ExtendedData>
        <Polygon>
          <outerBoundaryIs>
            <LinearRing>
              <coordinates>
                101.774595056103,3.95330101669875,0
                101.774536466118,3.95106887634716,0
                101.774360856757,3.94884284815552,0
                101.774068709352,3.94662903358948,0
                101.773660824659,3.94443350068604,0
                101.773138320661,3.94226226742021,0
                101.772502629506,3.9401212852081,0
                101.771755493578,3.93801642259225,0
                101.770898960726,3.93595344915335,0
                101.769935378646,3.93393801969302,0
                101.768867388451,3.93197565873068,0
                101.767697917426,3.93007174535712,0
                101.76643017101,3.9282314984866,0
                101.765067624009,3.92645996254741,0
                101.76361401107,3.92476199365075,0
                101.762073316443,3.92314224627542,0
                101.760449763066,3.92160516050525,0
                101.758747800986,3.92015494985394,0
                101.756972095163,3.9187955897111,0
                101.755127512682,3.91753080644086,0
                101.753219109417,3.91636406716334,0
                101.751252116168,3.91529857024669,0
                101.749231924326,3.91433723653613,0
                101.747164071098,3.91348270134383,0
                101.745054224325,3.91273730722174,0
                101.74290816695,3.91210309753731,0
                101.740731781168,3.91158181086954,0
                101.7385310323,3.9111748762409,0
                101.736311952447,3.9108834091982,0
                101.734080623952,3.91070820875311,0
                101.731843162731,3.91064975519089,0
                101.729605701511,3.91070820875311,0
                101.727374373015,3.9108834091982,0
                101.725155293162,3.9111748762409,0
                101.722954544295,3.91158181086954,0
                101.720778158513,3.91210309753731,0
                101.718632101138,3.91273730722174,0
                101.716522254365,3.91348270134383,0
                101.714454401136,3.91433723653613,0
                101.712434209295,3.91529857024669,0
                101.710467216046,3.91636406716334,0
                101.708558812781,3.91753080644086,0
                101.7067142303,3.9187955897111,0
                101.704938524477,3.92015494985394,0
                101.703236562397,3.92160516050525,0
                101.70161300902,3.92314224627542,0
                101.700072314393,3.92476199365075,0
                101.698618701453,3.92645996254741,0
                101.697256154452,3.9282314984866,0
                101.695988408037,3.93007174535712,0
                101.694818937012,3.93197565873068,0
                101.693750946816,3.93393801969302,0
                101.692787364737,3.93595344915335,0
                101.691930831884,3.93801642259225,0
                101.691183695957,3.9401212852081,0
                101.690548004801,3.94226226742021,0
                101.690025500804,3.94443350068604,0
                101.68961761611,3.94662903358948,0
                101.689325468705,3.94884284815552,0
                101.689149859344,3.95106887634716,0
                101.68909126936,3.95330101669875,0
                101.689149859344,3.95553315104074,0
                101.689325468705,3.95775916126938,0
                101.68961761611,3.95997294611585,0
                101.690025500804,3.96216843786876,0
                101.690548004801,3.96433961900397,0
                101.691183695957,3.9664805386765,0
                101.691930831884,3.968585329029,0
                101.692787364737,3.97064822127254,0
                101.693750946816,3.97266356149508,0
                101.694818937012,3.97462582615492,0
                101.695988408037,3.97652963721635,0
                101.697256154452,3.97836977688611,0
                101.698618701453,3.98014120191038,0
                101.700072314393,3.98183905739321,0
                101.70161300902,3.98345869009834,0
                101.703236562397,3.98499566119832,0
                101.704938524477,3.98644575843578,0
                101.7067142303,3.98780500766373,0
                101.708558812781,3.98906968373321,0
                101.710467216046,3.99023632069863,0
                101.712434209295,3.99130172131279,0
                101.714454401136,3.99226296578559,0
                101.716522254365,3.99311741978257,0
                101.718632101138,3.99386274164134,0
                101.720778158513,3.99449688878622,0
                101.722954544295,3.99501812332338,0
                101.725155293162,3.9954250168015,0
                101.727374373015,3.99571645412466,0
                101.729605701511,3.99589163660676,0
                101.731843162731,3.99595008415938,0
                101.734080623952,3.99589163660676,0
                101.736311952447,3.99571645412466,0
                101.7385310323,3.9954250168015,0
                101.740731781168,3.99501812332338,0
                101.74290816695,3.99449688878622,0
                101.745054224325,3.99386274164134,0
                101.747164071098,3.99311741978257,0
                101.749231924326,3.99226296578559,0
                101.751252116168,3.99130172131279,0
                101.753219109417,3.99023632069863,0
                101.755127512682,3.98906968373321,0
                101.756972095163,3.98780500766373,0
                101.758747800986,3.98644575843578,0
                101.760449763066,3.98499566119832,0
                101.762073316443,3.98345869009834,0
                101.76361401107,3.98183905739321,0
                101.765067624009,3.98014120191038,0
                101.76643017101,3.97836977688611,0
                101.767697917426,3.97652963721635,0
                101.768867388451,3.97462582615492,0
                101.769935378646,3.97266356149508,0
                101.770898960726,3.97064822127254,0
                101.771755493578,3.968585329029,0
                101.772502629506,3.9664805386765,0
                101.773138320661,3.96433961900397,0
                101.773660824659,3.96216843786876,0
                101.774068709352,3.95997294611585,0
                101.774360856757,3.95775916126938,0
                101.774536466118,3.95553315104074,0
                101.774595056103,3.95330101669875,0
              </coordinates>
            </LinearRing>
          </outerBoundaryIs>
        </Polygon>
      </Placemark>
      <Placemark id="PHG_SE_15.13">
        <name>Pahang</name>
        <description>P.080 Raub</description>
        <Style>
          <LineStyle>
            <color>ff0000ff</color>
          </LineStyle>
          <PolyStyle>
            <fill>0</fill>
          </PolyStyle>
        </Style>
        <ExtendedData>
          <SchemaData schemaUrl="#PHG_SE_15">
            <SimpleData name="state">P.080</SimpleData>
            <SimpleData name="parlimen">N.07 Tras</SimpleData>
            <SimpleData name="code_parlimen">N.07</SimpleData>
            <SimpleData name="dun">38329</SimpleData>
          </SchemaData>
        </ExtendedData>
        <Polygon>
          <outerBoundaryIs>
            <LinearRing>
              <coordinates>
                101.871448719694,3.74905554038298,0
                101.871366959582,3.74593992382634,0
                101.871121903344,3.74283283591129,0
                101.870714222664,3.73974279309506,0
                101.870145034965,3.73667826520418,0
                101.869415900351,3.73364765221664,0
                101.868528817329,3.73065926123455,0
                101.867486217333,3.72772128371032,0
                101.866290958057,3.72484177298928,0
                101.864946315622,3.72202862222978,0
                101.863455975601,3.71928954276178,0
                101.861824022912,3.71663204294319,0
                101.860054930624,3.71406340757191,0
                101.858153547695,3.71159067791026,0
                101.856125085685,3.70922063237647,0
                101.853975104467,3.70695976795646,0
                101.851709496989,3.70481428238658,0
                101.849334473125,3.70279005715683,0
                101.846856542649,3.70089264138066,0
                101.844282497397,3.69912723657596,0
                101.841619392648,3.69749868239913,0
                101.838874527787,3.69601144337122,0
                101.836055426298,3.69466959663262,0
                101.833169815142,3.6934768207602,0
                101.830225603578,3.69243638567741,0
                101.827230861486,3.69155114368498,0
                101.824193797246,3.6908235216373,0
                101.82112273524,3.69025551428543,0
                101.818026093035,3.6898486788055,0
                101.814912358312,3.68960413052732,0
                101.811790065602,3.68952253987485,0
                101.808667772892,3.68960413052732,0
                101.80555403817,3.6898486788055,0
                101.802457395964,3.69025551428543,0
                101.799386333958,3.6908235216373,0
                101.796349269718,3.69155114368498,0
                101.793354527627,3.69243638567741,0
                101.790410316063,3.6934768207602,0
                101.787524704907,3.69466959663262,0
                101.784705603418,3.69601144337122,0
                101.781960738557,3.69749868239913,0
                101.779297633808,3.69912723657596,0
                101.776723588556,3.70089264138066,0
                101.77424565808,3.70279005715683,0
                101.771870634216,3.70481428238658,0
                101.769605026738,3.70695976795646,0
                101.767455045519,3.70922063237647,0
                101.765426583509,3.71159067791026,0
                101.763525200581,3.71406340757191,0
                101.761756108293,3.71663204294319,0
                101.760124155604,3.71928954276178,0
                101.758633815583,3.72202862222978,0
                101.757289173148,3.72484177298928,0
                101.756093913871,3.72772128371032,0
                101.755051313875,3.73065926123455,0
                101.754164230854,3.73364765221664,0
                101.75343509624,3.73667826520418,0
                101.752865908541,3.73974279309506,0
                101.75245822786,3.74283283591129,0
                101.752213171623,3.74593992382634,0
                101.752131411511,3.74905554038298,0
                101.752213171623,3.75217114583808,0
                101.75245822786,3.75527820057012,0
                101.752865908541,3.75836818848544,0
                101.75343509624,3.76143264035901,0
                101.754164230854,3.7644631570457,0
                101.755051313875,3.76745143249852,0
                101.756093913871,3.77038927653079,0
                101.757289173148,3.77326863725977,0
                101.758633815583,3.77608162317044,0
                101.760124155604,3.77882052473898,0
                101.761756108293,3.78147783555656,0
                101.763525200581,3.78404627289603,0
                101.765426583509,3.78651879766476,0
                101.767455045519,3.78888863368932,0
                101.769605026738,3.7911492862793,0
                101.771870634216,3.79329456001915,0
                101.77424565808,3.79531857573971,0
                101.776723588556,3.79721578662301,0
                101.779297633808,3.79898099339597,0
                101.781960738557,3.80060935857186,0
                101.784705603418,3.8020964197004,0
                101.787524704907,3.80343810159026,0
                101.790410316063,3.8046307274707,0
                101.793354527627,3.80567102906164,0
                101.796349269718,3.80655615552486,0
                101.799386333958,3.80728368127178,0
                101.802457395964,3.80785161260643,0
                101.80555403817,3.80825839318547,0
                101.808667772892,3.80850290828069,0
                101.811790065602,3.80858448783161,0
                101.814912358312,3.80850290828069,0
                101.818026093035,3.80825839318547,0
                101.82112273524,3.80785161260643,0
                101.824193797246,3.80728368127178,0
                101.827230861486,3.80655615552486,0
                101.830225603578,3.80567102906164,0
                101.833169815142,3.8046307274707,0
                101.836055426298,3.80343810159026,0
                101.838874527787,3.8020964197004,0
                101.841619392648,3.80060935857186,0
                101.844282497397,3.79898099339597,0
                101.846856542649,3.79721578662301,0
                101.849334473125,3.79531857573971,0
                101.851709496989,3.79329456001915,0
                101.853975104467,3.7911492862793,0
                101.856125085685,3.78888863368932,0
                101.858153547695,3.78651879766476,0
                101.860054930624,3.78404627289603,0
                101.861824022912,3.78147783555656,0
                101.863455975601,3.77882052473898,0
                101.864946315622,3.77608162317044,0
                101.866290958057,3.77326863725977,0
                101.867486217333,3.77038927653079,0
                101.868528817329,3.76745143249852,0
                101.869415900351,3.7644631570457,0
                101.870145034965,3.76143264035901,0
                101.870714222664,3.75836818848544,0
                101.871121903344,3.75527820057012,0
                101.871366959582,3.75217114583808,0
                101.871448719694,3.74905554038298,0
              </coordinates>
            </LinearRing>
          </outerBoundaryIs>
        </Polygon>
      </Placemark>
      <Placemark id="PHG_SE_15.14">
        <name>Pahang</name>
        <description>P.079 Lipis</description>
        <Style>
          <LineStyle>
            <color>ff0000ff</color>
          </LineStyle>
          <PolyStyle>
            <fill>0</fill>
          </PolyStyle>
        </Style>
        <ExtendedData>
          <SchemaData schemaUrl="#PHG_SE_15">
            <SimpleData name="state">P.079</SimpleData>
            <SimpleData name="parlimen">N.04 Cheka</SimpleData>
            <SimpleData name="code_parlimen">N.04</SimpleData>
            <SimpleData name="dun">16822</SimpleData>
          </SchemaData>
        </ExtendedData>
        <Polygon>
          <outerBoundaryIs>
            <LinearRing>
              <coordinates>
                102.167405361558,4.13598296432784,0
                102.167351196833,4.13391988116342,0
                102.167188851117,4.13186244741946,0
                102.166918769391,4.12981630244736,0
                102.166541691929,4.12778705469984,0
                102.166058652273,4.1257802663573,0
                102.165470974403,4.12380143808049,0
                102.164780269102,4.12185599393156,0
                102.163988429546,4.11994926650439,0
                102.163097626112,4.11808648230547,0
                102.16211030043,4.11627274742509,0
                102.161029158691,4.11451303353826,0
                102.159857164229,4.11281216427392,0
                102.158597529401,4.11117480198944,0
                102.157253706777,4.1096054349873,0
                102.155829379682,4.10810836520839,0
                102.154328452097,4.10668769643621,0
                102.15275503796,4.10534732304415,0
                102.151113449891,4.10409091931666,0
                102.149408187368,4.10292192937381,0
                102.147643924398,4.10184355772681,0
                102.145825496701,4.10085876049039,0
                102.143957888463,4.09997023727628,0
                102.142046218668,4.09918042378993,0
                102.140095727069,4.09849148515086,0
                102.138111759828,4.09790530995505,0
                102.136099754863,4.09742350509561,0
                102.134065226938,4.09704739135581,0
                102.132013752554,4.096777999787,0
                102.129950954658,4.09661606888083,0
                102.127882487237,4.09656204254401,0
                102.125814019816,4.09661606888083,0
                102.12375122192,4.096777999787,0
                102.121699747536,4.09704739135581,0
                102.119665219611,4.09742350509561,0
                102.117653214645,4.09790530995505,0
                102.115669247405,4.09849148515086,0
                102.113718755806,4.09918042378993,0
                102.111807086011,4.09997023727628,0
                102.109939477773,4.10085876049039,0
                102.108121050076,4.10184355772681,0
                102.106356787105,4.10292192937381,0
                102.104651524583,4.10409091931666,0
                102.103009936514,4.10534732304415,0
                102.101436522377,4.10668769643621,0
                102.099935594792,4.10810836520839,0
                102.098511267697,4.1096054349873,0
                102.097167445073,4.11117480198944,0
                102.095907810244,4.11281216427392,0
                102.094735815783,4.11451303353826,0
                102.093654674044,4.11627274742509,0
                102.092667348362,4.11808648230547,0
                102.091776544928,4.11994926650439,0
                102.090984705371,4.12185599393156,0
                102.090294000071,4.12380143808049,0
                102.089706322201,4.1257802663573,0
                102.089223282545,4.12778705469984,0
                102.088846205083,4.12981630244736,0
                102.088576123356,4.13186244741946,0
                102.088413777641,4.13391988116342,0
                102.088359612915,4.13598296432784,0
                102.088413777641,4.13804604212044,0
                102.088576123356,4.14010345980781,0
                102.088846205083,4.14214957821446,0
                102.089223282545,4.14417878917872,0
                102.089706322201,4.14618553092324,0
                102.090294000071,4.14816430329773,0
                102.090984705371,4.15010968285259,0
                102.091776544928,4.15201633770161,0
                102.092667348362,4.15387904213349,0
                102.093654674044,4.15569269093189,0
                102.094735815783,4.15745231336491,0
                102.095907810244,4.15915308680564,0
                102.097167445073,4.16079034994651,0
                102.098511267697,4.16235961557133,0
                102.099935594792,4.16385658284993,0
                102.101436522377,4.16527714912177,0
                102.103009936514,4.16661742113652,0
                102.104651524583,4.16787372572044,0
                102.106356787105,4.16904261983967,0
                102.108121050076,4.17012090003289,0
                102.109939477773,4.17110561118733,0
                102.111807086011,4.17199405463443,0
                102.113718755806,4.17278379554265,0
                102.115669247405,4.17347266958767,0
                102.117653214645,4.17405878888118,0
                102.119665219611,4.17454054714261,0
                102.121699747536,4.17491662409917,0
                102.12375122192,4.17518598910253,0
                102.125814019816,4.17534790395212,0
                102.127882487237,4.17540192491712,0
                102.129950954658,4.17534790395212,0
                102.132013752554,4.17518598910253,0
                102.134065226938,4.17491662409917,0
                102.136099754863,4.17454054714261,0
                102.138111759828,4.17405878888118,0
                102.140095727069,4.17347266958767,0
                102.142046218668,4.17278379554265,0
                102.143957888463,4.17199405463443,0
                102.145825496701,4.17110561118733,0
                102.147643924398,4.17012090003289,0
                102.149408187368,4.16904261983967,0
                102.151113449891,4.16787372572044,0
                102.15275503796,4.16661742113652,0
                102.154328452097,4.16527714912177,0
                102.155829379682,4.16385658284993,0
                102.157253706777,4.16235961557133,0
                102.158597529401,4.16079034994651,0
                102.159857164229,4.15915308680564,0
                102.161029158691,4.15745231336491,0
                102.16211030043,4.15569269093189,0
                102.163097626112,4.15387904213349,0
                102.163988429546,4.15201633770161,0
                102.164780269102,4.15010968285259,0
                102.165470974403,4.14816430329773,0
                102.166058652273,4.14618553092324,0
                102.166541691929,4.14417878917872,0
                102.166918769391,4.14214957821446,0
                102.167188851117,4.14010345980781,0
                102.167351196833,4.13804604212044,0
                102.167405361558,4.13598296432784,0
              </coordinates>
            </LinearRing>
          </outerBoundaryIs>
        </Polygon>
      </Placemark>
      <Placemark id="PHG_SE_15.15">
        <name>Pahang</name>
        <description>P.079 Lipis</description>
        <Style>
          <LineStyle>
            <color>ff0000ff</color>
          </LineStyle>
          <PolyStyle>
            <fill>0</fill>
          </PolyStyle>
        </Style>
        <ExtendedData>
          <SchemaData schemaUrl="#PHG_SE_15">
            <SimpleData name="state">P.079</SimpleData>
            <SimpleData name="parlimen">N.05 Benta</SimpleData>
            <SimpleData name="code_parlimen">N.05</SimpleData>
            <SimpleData name="dun">10895</SimpleData>
          </SchemaData>
        </ExtendedData>
        <Polygon>
          <outerBoundaryIs>
            <LinearRing>
              <coordinates>
                102.061584179606,4.03465100831166,0
                102.061540589156,4.03299048003454,0
                102.061409937285,4.03133449977087,0
                102.0611925821,4.02968760649047,0
                102.060889119358,4.02805431428358,0
                102.060500380827,4.02643909998726,0
                102.060027432014,4.02484639091362,0
                102.059471569238,4.02328055271357,0
                102.05883431608,4.02174587740911,0
                102.058117419208,4.02024657162752,0
                102.057322843585,4.01878674506908,0
                102.056452767089,4.01737039924049,0
                102.055509574538,4.01600141648447,0
                102.054495851157,4.01468354933599,0
                102.053414375492,4.01342041023412,0
                102.052268111793,4.01221546161775,0
                102.051060201889,4.01107200643245,0
                102.049793956576,4.00999317907438,0
                102.048472846545,4.0089819367963,0
                102.047100492868,4.00804105159907,0
                102.045680657069,4.007173102631,0
                102.04421723082,4.00638046911585,0
                102.042714225271,4.00566532382909,0
                102.041175760056,4.0050296271399,0
                102.039606052001,4.00447512163585,0
                102.038009403565,4.00400332734445,0
                102.036390191053,4.00361553756511,0
                102.034752852612,4.00331281532271,0
                102.033101876074,4.00309599045264,0
                102.031441786651,4.00296565732521,0
                102.029777134532,4.0029221732158,0
                102.028112482412,4.00296565732521,0
                102.026452392989,4.00309599045264,0
                102.024801416451,4.00331281532271,0
                102.02316407801,4.00361553756511,0
                102.021544865498,4.00400332734445,0
                102.019948217063,4.00447512163585,0
                102.018378509007,4.0050296271399,0
                102.016840043792,4.00566532382909,0
                102.015337038243,4.00638046911585,0
                102.013873611994,4.007173102631,0
                102.012453776196,4.00804105159907,0
                102.011081422518,4.0089819367963,0
                102.009760312487,4.00999317907438,0
                102.008494067175,4.01107200643245,0
                102.00728615727,4.01221546161775,0
                102.006139893571,4.01342041023412,0
                102.005058417906,4.01468354933599,0
                102.004044694526,4.01600141648447,0
                102.003101501974,4.01737039924049,0
                102.002231425478,4.01878674506908,0
                102.001436849855,4.02024657162752,0
                102.000719952983,4.02174587740911,0
                102.000082699825,4.02328055271357,0
                101.99952683705,4.02484639091362,0
                101.999053888236,4.02643909998726,0
                101.998665149706,4.02805431428358,0
                101.998361686963,4.02968760649047,0
                101.998144331778,4.03133449977087,0
                101.998013679907,4.03299048003454,0
                101.997970089457,4.03465100831166,0
                101.998013679907,4.03631153319432,0
                101.998144331778,4.03796750331179,0
                101.998361686963,4.03961437980542,0
                101.998665149706,4.04124764876889,0
                101.999053888236,4.0428628336198,0
                101.99952683705,4.04445550736863,0
                102.000082699825,4.04602130475155,0
                102.000719952983,4.0475559341937,0
                102.001436849855,4.04905518957031,0
                102.002231425478,4.05051496173334,0
                102.003101501974,4.05193124977206,0
                102.004044694526,4.0533001719769,0
                102.005058417906,4.05461797647631,0
                102.006139893571,4.05588105151762,0
                102.00728615727,4.05708593536378,0
                102.008494067175,4.05822932577888,0
                102.009760312487,4.0593080890764,0
                102.011081422518,4.06031926870541,0
                102.012453776196,4.06126009335147,0
                102.013873611994,4.06212798452967,0
                102.015337038243,4.06292056364941,0
                102.016840043792,4.06363565853121,0
                102.018378509007,4.0642713093581,0
                102.019948217063,4.06482577404501,0
                102.021544865498,4.06529753301162,0
                102.02316407801,4.06568529334556,0
                102.024801416451,4.06598799234453,0
                102.026452392989,4.06620480042785,0
                102.028112482412,4.06633512340908,0
                102.029777134532,4.06637860412401,0
                102.031441786651,4.06633512340908,0
                102.033101876074,4.06620480042785,0
                102.034752852612,4.06598799234453,0
                102.036390191053,4.06568529334556,0
                102.038009403565,4.06529753301162,0
                102.039606052001,4.06482577404501,0
                102.041175760056,4.0642713093581,0
                102.042714225271,4.06363565853121,0
                102.04421723082,4.06292056364941,0
                102.045680657069,4.06212798452967,0
                102.047100492868,4.06126009335147,0
                102.048472846545,4.06031926870541,0
                102.049793956576,4.0593080890764,0
                102.051060201889,4.05822932577888,0
                102.052268111793,4.05708593536378,0
                102.053414375492,4.05588105151762,0
                102.054495851157,4.05461797647631,0
                102.055509574538,4.0533001719769,0
                102.056452767089,4.05193124977206,0
                102.057322843585,4.05051496173334,0
                102.058117419208,4.04905518957031,0
                102.05883431608,4.0475559341937,0
                102.059471569238,4.04602130475155,0
                102.060027432014,4.04445550736863,0
                102.060500380827,4.0428628336198,0
                102.060889119358,4.04124764876889,0
                102.0611925821,4.03961437980542,0
                102.061409937285,4.03796750331179,0
                102.061540589156,4.03631153319432,0
                102.061584179606,4.03465100831166,0
              </coordinates>
            </LinearRing>
          </outerBoundaryIs>
        </Polygon>
      </Placemark>
      <Placemark id="PHG_SE_15.16">
        <name>Pahang</name>
        <description>P.080 Raub</description>
        <Style>
          <LineStyle>
            <color>ff0000ff</color>
          </LineStyle>
          <PolyStyle>
            <fill>0</fill>
          </PolyStyle>
        </Style>
        <ExtendedData>
          <SchemaData schemaUrl="#PHG_SE_15">
            <SimpleData name="state">P.080</SimpleData>
            <SimpleData name="parlimen">N.08 Dong</SimpleData>
            <SimpleData name="code_parlimen">N.08</SimpleData>
            <SimpleData name="dun">17052</SimpleData>
          </SchemaData>
        </ExtendedData>
        <Polygon>
          <outerBoundaryIs>
            <LinearRing>
              <coordinates>
                102.013045036946,3.79573683894051,0
                102.012990503192,3.79365884470299,0
                102.012827051403,3.79158654112645,0
                102.012555129589,3.78952560831493,0
                102.012175483069,3.78748169524614,0
                102.011689152427,3.78546040428667,0
                102.011097470662,3.78346727583476,0
                102.010402059533,3.78150777313245,0
                102.009604825114,3.77958726728884,0
                102.008707952567,3.77771102255548,0
                102.007713900159,3.77588418189439,0
                102.006625392519,3.77411175287817,0
                102.005445413169,3.772398593961,0
                102.004177196351,3.77074940115814,0
                102.002824218161,3.76916869517043,0
                102.001390187015,3.7676608089893,0
                101.999879033496,3.7662298760161,0
                101.998294899568,3.76487981872848,0
                101.996642127233,3.7636143379249,0
                101.994925246626,3.76243690257682,0
                101.993148963596,3.76135074031644,0
                101.991318146812,3.76035882858598,0
                101.989437814415,3.75946388647291,0
                101.987513120267,3.75866836725375,0
                101.985549339819,3.75797445166633,0
                101.983551855657,3.75738404192971,0
                101.981526142748,3.7568987565276,0
                101.979477753428,3.75651992576995,0
                101.977412302191,3.75624858814477,0
                101.975335450294,3.75608548747014,0
                101.973252890246,3.75603107085444,0
                101.971170330197,3.75608548747014,0
                101.969093478301,3.75624858814477,0
                101.967028027064,3.75651992576995,0
                101.964979637744,3.7568987565276,0
                101.962953924835,3.75738404192971,0
                101.960956440673,3.75797445166633,0
                101.958992660225,3.75866836725375,0
                101.957067966076,3.75946388647291,0
                101.95518763368,3.76035882858598,0
                101.953356816896,3.76135074031644,0
                101.951580533866,3.76243690257682,0
                101.949863653259,3.7636143379249,0
                101.948210880924,3.76487981872848,0
                101.946626746996,3.7662298760161,0
                101.945115593477,3.7676608089893,0
                101.943681562331,3.76916869517043,0
                101.94232858414,3.77074940115814,0
                101.941060367323,3.772398593961,0
                101.939880387973,3.77411175287817,0
                101.938791880333,3.77588418189439,0
                101.937797827925,3.77771102255548,0
                101.936900955378,3.77958726728884,0
                101.936103720959,3.78150777313245,0
                101.93540830983,3.78346727583476,0
                101.934816628065,3.78546040428667,0
                101.934330297423,3.78748169524614,0
                101.933950650903,3.78952560831493,0
                101.933678729089,3.79158654112645,0
                101.9335152773,3.79365884470299,0
                101.933460743546,3.79573683894051,0
                101.9335152773,3.79781482817798,0
                101.933678729089,3.79988711680916,0
                101.933950650903,3.80194802489372,0
                101.934330297423,3.80399190372489,0
                101.934816628065,3.80601315131122,0
                101.93540830983,3.80800622772963,0
                101.936103720959,3.80996567030818,0
                101.936900955378,3.81188610859652,0
                101.937797827925,3.81376227908322,0
                101.938791880333,3.81558903961976,0
                101.939880387973,3.81736138351136,0
                101.941060367323,3.81907445323652,0
                101.94232858414,3.82072355375717,0
                101.943681562331,3.82230416538352,0
                101.945115593477,3.823811956158,0
                101.946626746996,3.82524279372456,0
                101.948210880924,3.82659275665084,0
                101.949863653259,3.82785814517223,0
                101.951580533866,3.82903549132829,0
                101.953356816896,3.83012156846407,0
                101.95518763368,3.83111340007,0
                101.957067966076,3.83200826793643,0
                101.958992660225,3.83280371960034,0
                101.960956440673,3.83349757506402,0
                101.962953924835,3.83408793276716,0
                101.964979637744,3.83457317479613,0
                101.967028027064,3.83495197131617,0
                101.969093478301,3.83522328421442,0
                101.971170330197,3.83538636994369,0
                101.973252890246,3.83544078155934,0
                101.975335450294,3.83538636994369,0
                101.977412302191,3.83522328421442,0
                101.979477753428,3.83495197131617,0
                101.981526142748,3.83457317479613,0
                101.983551855657,3.83408793276716,0
                101.985549339819,3.83349757506402,0
                101.987513120267,3.83280371960034,0
                101.989437814415,3.83200826793643,0
                101.991318146812,3.83111340007,0
                101.993148963596,3.83012156846407,0
                101.994925246626,3.82903549132829,0
                101.996642127233,3.82785814517223,0
                101.998294899568,3.82659275665084,0
                101.999879033496,3.82524279372456,0
                102.001390187015,3.823811956158,0
                102.002824218161,3.82230416538352,0
                102.004177196351,3.82072355375717,0
                102.005445413169,3.81907445323652,0
                102.006625392519,3.81736138351136,0
                102.007713900159,3.81558903961976,0
                102.008707952567,3.81376227908322,0
                102.009604825114,3.81188610859652,0
                102.010402059533,3.80996567030818,0
                102.011097470662,3.80800622772963,0
                102.011689152427,3.80601315131122,0
                102.012175483069,3.80399190372489,0
                102.012555129589,3.80194802489372,0
                102.012827051403,3.79988711680916,0
                102.012990503192,3.79781482817798,0
                102.013045036946,3.79573683894051,0
              </coordinates>
            </LinearRing>
          </outerBoundaryIs>
        </Polygon>
      </Placemark>
      <Placemark id="PHG_SE_15.17">
        <name>Pahang</name>
        <description>P.083 Kuantan</description>
        <Style>
          <LineStyle>
            <color>ff0000ff</color>
          </LineStyle>
          <PolyStyle>
            <fill>0</fill>
          </PolyStyle>
        </Style>
        <ExtendedData>
          <SchemaData schemaUrl="#PHG_SE_15">
            <SimpleData name="state">P.083</SimpleData>
            <SimpleData name="parlimen">N.14 Teruntum</SimpleData>
            <SimpleData name="code_parlimen">N.14</SimpleData>
            <SimpleData name="dun">30854</SimpleData>
          </SchemaData>
        </ExtendedData>
        <Polygon>
          <outerBoundaryIs>
            <LinearRing>
              <coordinates>
                103.451414897672,3.79547402907346,0
                103.451341542039,3.79267883010828,0
                103.451121676202,3.78989128358642,0
                103.450755902797,3.78711903009664,0
                103.450245224386,3.78436966838292,0
                103.4495910407,3.78165073451473,0
                103.448795144813,3.77896968122815,0
                103.44785971822,3.77633385749488,0
                103.44678732486,3.77375048837486,0
                103.445580904089,3.77122665520787,0
                103.444243762622,3.76876927619854,0
                103.442779565471,3.76638508744789,0
                103.441192325899,3.7640806244837,0
                103.439486394418,3.76186220434011,0
                103.43766644687,3.75973590823579,0
                103.435737471602,3.75770756489842,0
                103.433704755803,3.75578273458087,0
                103.431573871005,3.75396669381324,0
                103.429350657816,3.75226442093271,0
                103.427041209907,3.75068058243063,0
                103.424651857316,3.74921952015469,0
                103.422189149092,3.74788523940108,0
                103.419659835346,3.74668139792948,0
                103.417070848752,3.74561129593104,0
                103.414429285543,3.74467786697691,0
                103.411742386058,3.74388366997218,0
                103.409017514904,3.74323088213732,0
                103.406262140762,3.74272129303644,0
                103.403483815922,3.74235629966886,0
                103.400690155578,3.74213690263725,0
                103.39788881696,3.74206370340316,0
                103.395087478342,3.74213690263725,0
                103.392293817999,3.74235629966886,0
                103.389515493158,3.74272129303644,0
                103.386760119016,3.74323088213732,0
                103.384035247862,3.74388366997218,0
                103.381348348378,3.74467786697691,0
                103.378706785168,3.74561129593104,0
                103.376117798574,3.74668139792948,0
                103.373588484829,3.74788523940108,0
                103.371125776604,3.74921952015469,0
                103.368736424013,3.75068058243063,0
                103.366426976105,3.75226442093271,0
                103.364203762915,3.75396669381324,0
                103.362072878117,3.75578273458087,0
                103.360040162318,3.75770756489842,0
                103.358111187051,3.75973590823579,0
                103.356291239502,3.76186220434011,0
                103.354585308022,3.7640806244837,0
                103.352998068449,3.76638508744789,0
                103.351533871298,3.76876927619854,0
                103.350196729831,3.77122665520787,0
                103.34899030906,3.77375048837486,0
                103.3479179157,3.77633385749488,0
                103.346982489107,3.77896968122815,0
                103.34618659322,3.78165073451473,0
                103.345532409535,3.78436966838292,0
                103.345021731123,3.78711903009664,0
                103.344655957719,3.78989128358642,0
                103.344436091881,3.79267883010828,0
                103.344362736248,3.79547402907346,0
                103.344436091881,3.79826921899212,0
                103.344655957719,3.80105673847359,0
                103.345021731123,3.80382894722534,0
                103.345532409535,3.80657824699357,0
                103.34618659322,3.8092971023875,0
                103.346982489107,3.81197806153081,0
                103.3479179157,3.81461377648326,0
                103.34899030906,3.81719702337674,0
                103.350196729831,3.8197207222106,0
                103.351533871298,3.82217795625203,0
                103.352998068449,3.82456199098827,0
                103.354585308022,3.82686629257897,0
                103.356291239502,3.82908454575804,0
                103.358111187051,3.83121067113609,0
                103.360040162318,3.83323884185596,0
                103.362072878117,3.83516349955603,0
                103.364203762915,3.8369793695974,0
                103.366426976105,3.83868147551344,0
                103.368736424013,3.84026515264207,0
                103.371125776604,3.84172606090365,0
                103.373588484829,3.8430601966894,0
                103.376117798574,3.84426390382796,0
                103.378706785168,3.84533388359993,0
                103.381348348378,3.84626720377329,0
                103.384035247862,3.84706130663479,0
                103.386760119016,3.84771401599544,0
                103.389515493158,3.84822354315087,0
                103.392293817999,3.84858849178046,0
                103.395087478342,3.8488078617717,0
                103.39788881696,3.84888105195929,0
                103.400690155578,3.8488078617717,0
                103.403483815922,3.84858849178046,0
                103.406262140762,3.84822354315087,0
                103.409017514904,3.84771401599544,0
                103.411742386058,3.84706130663479,0
                103.414429285543,3.84626720377329,0
                103.417070848752,3.84533388359993,0
                103.419659835346,3.84426390382796,0
                103.422189149092,3.8430601966894,0
                103.424651857316,3.84172606090365,0
                103.427041209907,3.84026515264207,0
                103.429350657816,3.83868147551344,0
                103.431573871005,3.8369793695974,0
                103.433704755803,3.83516349955603,0
                103.435737471602,3.83323884185596,0
                103.43766644687,3.83121067113609,0
                103.439486394418,3.82908454575804,0
                103.441192325899,3.82686629257897,0
                103.442779565471,3.82456199098827,0
                103.444243762622,3.82217795625203,0
                103.445580904089,3.8197207222106,0
                103.44678732486,3.81719702337674,0
                103.44785971822,3.81461377648326,0
                103.448795144813,3.81197806153081,0
                103.4495910407,3.8092971023875,0
                103.450245224386,3.80657824699357,0
                103.450755902797,3.80382894722534,0
                103.451121676202,3.80105673847359,0
                103.451341542039,3.79826921899212,0
                103.451414897672,3.79547402907346,0
              </coordinates>
            </LinearRing>
          </outerBoundaryIs>
        </Polygon>
      </Placemark>
      <Placemark id="PHG_SE_15.18">
        <name>Pahang</name>
        <description>P.083 Kuantan</description>
        <Style>
          <LineStyle>
            <color>ff0000ff</color>
          </LineStyle>
          <PolyStyle>
            <fill>0</fill>
          </PolyStyle>
        </Style>
        <ExtendedData>
          <SchemaData schemaUrl="#PHG_SE_15">
            <SimpleData name="state">P.083</SimpleData>
            <SimpleData name="parlimen">N.15 Tanjung Lumpur</SimpleData>
            <SimpleData name="code_parlimen">N.15</SimpleData>
            <SimpleData name="dun">38185</SimpleData>
          </SchemaData>
        </ExtendedData>
        <Polygon>
          <outerBoundaryIs>
            <LinearRing>
              <coordinates>
                103.353112671466,3.75146949376152,0
                103.353031065083,3.74835974390933,0
                103.35278646961,3.74525850665294,0
                103.352379555467,3.74217428241284,0
                103.351811437978,3.73911552506651,0
                103.351083674313,3.73609061877427,0
                103.350198259221,3.73310785499525,0
                103.349157619564,3.73017540975665,0
                103.347964607663,3.7273013212384,0
                103.34662249348,3.72449346773505,0
                103.345134955657,3.72175954605501,0
                103.343506071432,3.71910705041678,0
                103.341740305464,3.71654325189972,0
                103.339842497593,3.71407517850615,0
                103.33781784958,3.71170959588922,0
                103.335671910844,3.70945298879957,0
                103.333410563254,3.70731154330191,0
                103.331040005007,3.70529112980995,0
                103.328566733637,3.70339728698679,0
                103.325997528211,3.70163520655457,0
                103.32333943074,3.70000971905531,0
                103.320599726886,3.69852528060211,0
                103.317785925987,3.69718596065699,0
                103.314905740475,3.69599543086899,0
                103.311967064738,3.6949569550033,0
                103.308977953483,3.69407337998892,0
                103.305946599655,3.69334712810972,0
                103.302881311985,3.69278019036004,0
                103.299790492213,3.69237412098335,0
                103.296682612062,3.69213003320893,0
                103.293566190014,3.69204859619815,0
                103.290449767967,3.69213003320893,0
                103.287341887815,3.69237412098335,0
                103.284251068043,3.69278019036004,0
                103.281185780373,3.69334712810972,0
                103.278154426546,3.69407337998892,0
                103.27516531529,3.6949569550033,0
                103.272226639554,3.69599543086899,0
                103.269346454042,3.69718596065699,0
                103.266532653142,3.69852528060211,0
                103.263792949288,3.70000971905531,0
                103.261134851818,3.70163520655457,0
                103.258565646391,3.70339728698679,0
                103.256092375021,3.70529112980995,0
                103.253721816774,3.70731154330191,0
                103.251460469184,3.70945298879957,0
                103.249314530448,3.71170959588922,0
                103.247289882435,3.71407517850615,0
                103.245392074565,3.71654325189972,0
                103.243626308596,3.71910705041678,0
                103.241997424371,3.72175954605501,0
                103.240509886548,3.72449346773505,0
                103.239167772365,3.7273013212384,0
                103.237974760464,3.73017540975665,0
                103.236934120807,3.73310785499525,0
                103.236048705715,3.73609061877427,0
                103.23532094205,3.73911552506651,0
                103.234752824561,3.74217428241284,0
                103.234345910418,3.74525850665294,0
                103.234101314946,3.74835974390933,0
                103.234019708563,3.75146949376152,0
                103.234101314946,3.7545792325468,0
                103.234345910418,3.75768043672369,0
                103.234752824561,3.76076460623412,0
                103.23532094205,3.76382328780025,0
                103.236048705715,3.76684809809203,0
                103.236934120807,3.76983074670211,0
                103.237974760464,3.77276305886514,0
                103.239167772365,3.77563699785918,0
                103.240509886548,3.77844468702789,0
                103.241997424371,3.78117843136335,0
                103.243626308596,3.78383073859011,0
                103.245392074565,3.78639433969305,0
                103.247289882435,3.78886220883278,0
                103.249314530448,3.791227582594,0
                103.251460469184,3.79348397851433,0
                103.253721816774,3.79562521284269,0
                103.256092375021,3.79764541747896,0
                103.258565646391,3.79953905604832,0
                103.261134851818,3.8013009390665,0
                103.263792949288,3.80292623815436,0
                103.266532653142,3.80441049926306,0
                103.269346454042,3.80574965487364,0
                103.272226639554,3.80694003513751,0
                103.27516531529,3.80797837792773,0
                103.278154426546,3.80886183777326,0
                103.281185780373,3.80958799365207,0
                103.284251068043,3.81015485562162,0
                103.287341887815,3.81056087026868,0
                103.290449767967,3.81080492496362,0
                103.293566190014,3.8108863509075,0
                103.296682612062,3.81080492496362,0
                103.299790492213,3.81056087026868,0
                103.302881311985,3.81015485562162,0
                103.305946599655,3.80958799365207,0
                103.308977953483,3.80886183777326,0
                103.311967064738,3.80797837792773,0
                103.314905740475,3.80694003513751,0
                103.317785925987,3.80574965487364,0
                103.320599726886,3.80441049926306,0
                103.32333943074,3.80292623815436,0
                103.325997528211,3.8013009390665,0
                103.328566733637,3.79953905604832,0
                103.331040005007,3.79764541747896,0
                103.333410563254,3.79562521284269,0
                103.335671910844,3.79348397851433,0
                103.33781784958,3.791227582594,0
                103.339842497593,3.78886220883278,0
                103.341740305464,3.78639433969305,0
                103.343506071432,3.78383073859011,0
                103.345134955657,3.78117843136335,0
                103.34662249348,3.77844468702789,0
                103.347964607663,3.77563699785918,0
                103.349157619564,3.77276305886514,0
                103.350198259221,3.76983074670211,0
                103.351083674313,3.76684809809203,0
                103.351811437978,3.76382328780025,0
                103.352379555467,3.76076460623412,0
                103.35278646961,3.75768043672369,0
                103.353031065083,3.7545792325468,0
                103.353112671466,3.75146949376152,0
              </coordinates>
            </LinearRing>
          </outerBoundaryIs>
        </Polygon>
      </Placemark>
      <Placemark id="PHG_SE_15.19">
        <name>Pahang</name>
        <description>P.083 Kuantan</description>
        <Style>
          <LineStyle>
            <color>ff0000ff</color>
          </LineStyle>
          <PolyStyle>
            <fill>0</fill>
          </PolyStyle>
        </Style>
        <ExtendedData>
          <SchemaData schemaUrl="#PHG_SE_15">
            <SimpleData name="state">P.083</SimpleData>
            <SimpleData name="parlimen">N.16 Inderapura</SimpleData>
            <SimpleData name="code_parlimen">N.16</SimpleData>
            <SimpleData name="dun">18558</SimpleData>
          </SchemaData>
        </ExtendedData>
        <Polygon>
          <outerBoundaryIs>
            <LinearRing>
              <coordinates>
                103.370960442507,3.6571929556079,0
                103.370903551539,3.65502479893387,0
                103.370733034571,3.65286257980706,0
                103.370449358978,3.6507122247872,0
                103.370053302294,3.6485796279573,0
                103.369545950084,3.64647063476718,0
                103.368928692964,3.64439102600977,0
                103.368203222794,3.64234650197432,0
                103.367371528037,3.64034266681969,0
                103.36643588831,3.63838501321102,0
                103.365398868137,3.63647890726135,0
                103.364263309918,3.63462957382,0
                103.363032326138,3.63284208214791,0
                103.361709290841,3.63112133201901,0
                103.360297830371,3.62947204028622,0
                103.358801813446,3.62789872794841,0
                103.357225340544,3.62640570775437,0
                103.355572732666,3.62499707237736,0
                103.353848519496,3.62367668319293,0
                103.352057426984,3.62244815969075,0
                103.350204364388,3.62131486954963,0
                103.348294410825,3.6202799194027,0
                103.346332801344,3.61934614631849,0
                103.344324912581,3.618516110021,0
                103.34227624802,3.61779208587019,0
                103.340192422907,3.61717605862234,0
                103.338079148862,3.61666971698712,0
                103.335942218223,3.61627444899664,0
                103.333787488167,3.61599133819884,0
                103.331620864661,3.61582116068612,0
                103.329448286269,3.61576438296685,0
                103.327275707877,3.61582116068612,0
                103.325109084371,3.61599133819884,0
                103.322954354315,3.61627444899664,0
                103.320817423676,3.61666971698712,0
                103.318704149631,3.61717605862234,0
                103.316620324518,3.61779208587019,0
                103.314571659957,3.618516110021,0
                103.312563771194,3.61934614631849,0
                103.310602161713,3.6202799194027,0
                103.30869220815,3.62131486954963,0
                103.306839145554,3.62244815969075,0
                103.305048053042,3.62367668319293,0
                103.303323839872,3.62499707237736,0
                103.301671231994,3.62640570775437,0
                103.300094759092,3.62789872794841,0
                103.298598742166,3.62947204028622,0
                103.297187281697,3.63112133201901,0
                103.295864246399,3.63284208214791,0
                103.29463326262,3.63462957382,0
                103.293497704401,3.63647890726135,0
                103.292460684228,3.63838501321102,0
                103.291525044501,3.64034266681969,0
                103.290693349744,3.64234650197432,0
                103.289967879574,3.64439102600977,0
                103.289350622454,3.64647063476718,0
                103.288843270244,3.6485796279573,0
                103.28844721356,3.6507122247872,0
                103.288163537967,3.65286257980706,0
                103.287993020999,3.65502479893387,0
                103.287936130031,3.6571929556079,0
                103.287993020999,3.65936110703781,0
                103.288163537967,3.6615233104897,0
                103.28844721356,3.66367363957557,0
                103.288843270244,3.66580620049655,0
                103.289350622454,3.66791514819627,0
                103.289967879574,3.66999470238017,0
                103.290693349744,3.67203916335695,0
                103.291525044501,3.67404292765858,0
                103.292460684228,3.67600050339629,0
                103.293497704401,3.67790652531015,0
                103.29463326262,3.67975576947153,0
                103.295864246399,3.68154316759772,0
                103.297187281697,3.68326382093966,0
                103.298598742166,3.68491301370489,0
                103.300094759092,3.6864862259788,0
                103.301671231994,3.68797914610896,0
                103.303323839872,3.68938768251839,0
                103.305048053042,3.69070797491589,0
                103.306839145554,3.69193640487218,0
                103.30869220815,3.69306960573337,0
                103.310602161713,3.69410447184449,0
                103.312563771194,3.69503816705774,0
                103.314571659957,3.69586813250227,0
                103.316620324518,3.69659209359443,0
                103.318704149631,3.69720806626879,0
                103.320817423676,3.69771436241361,0
                103.322954354315,3.6981095944952,0
                103.325109084371,3.69839267935901,0
                103.327275707877,3.69856284119683,0
                103.329448286269,3.69861961367198,0
                103.331620864661,3.69856284119683,0
                103.333787488167,3.69839267935901,0
                103.335942218223,3.6981095944952,0
                103.338079148862,3.69771436241361,0
                103.340192422907,3.69720806626879,0
                103.34227624802,3.69659209359443,0
                103.344324912581,3.69586813250227,0
                103.346332801344,3.69503816705774,0
                103.348294410825,3.69410447184449,0
                103.350204364388,3.69306960573337,0
                103.352057426984,3.69193640487218,0
                103.353848519496,3.69070797491589,0
                103.355572732666,3.68938768251839,0
                103.357225340544,3.68797914610896,0
                103.358801813446,3.6864862259788,0
                103.360297830371,3.68491301370489,0
                103.361709290841,3.68326382093966,0
                103.363032326138,3.68154316759772,0
                103.364263309918,3.67975576947153,0
                103.365398868137,3.67790652531015,0
                103.36643588831,3.67600050339629,0
                103.367371528037,3.67404292765858,0
                103.368203222794,3.67203916335695,0
                103.368928692964,3.66999470238017,0
                103.369545950084,3.66791514819627,0
                103.370053302294,3.66580620049655,0
                103.370449358978,3.66367363957557,0
                103.370733034571,3.6615233104897,0
                103.370903551539,3.65936110703781,0
                103.370960442507,3.6571929556079,0
              </coordinates>
            </LinearRing>
          </outerBoundaryIs>
        </Polygon>
      </Placemark>
      <Placemark id="PHG_SE_15.20">
        <name>Pahang</name>
        <description>P.085 Pekan</description>
        <Style>
          <LineStyle>
            <color>ff0000ff</color>
          </LineStyle>
          <PolyStyle>
            <fill>0</fill>
          </PolyStyle>
        </Style>
        <ExtendedData>
          <SchemaData schemaUrl="#PHG_SE_15">
            <SimpleData name="state">P.085</SimpleData>
            <SimpleData name="parlimen">N.20 Pulau Manis</SimpleData>
            <SimpleData name="code_parlimen">N.20</SimpleData>
            <SimpleData name="dun">30113</SimpleData>
          </SchemaData>
        </ExtendedData>
        <Polygon>
          <outerBoundaryIs>
            <LinearRing>
              <coordinates>
                103.170590848141,3.59407881403929,0
                103.170518378727,3.59131675769348,0
                103.170301169121,3.58856226362957,0
                103.169939814678,3.5858228818332,0
                103.169435305846,3.58310612093527,0
                103.168789025448,3.58041942762921,0
                103.168002744894,3.5777701662575,0
                103.167078619325,3.57516559862305,0
                103.166019181704,3.57261286408112,0
                103.164827335877,3.57011895996623,0
                103.163506348609,3.56769072240783,0
                103.162059840635,3.56533480758728,0
                103.160491776734,3.5630576734877,0
                103.158806454858,3.56086556218671,0
                103.157008494359,3.55876448274058,0
                103.15510282332,3.55676019470701,0
                103.153094665055,3.55485819235157,0
                103.150989523784,3.55306368958113,0
                103.148793169555,3.55138160564593,0
                103.14651162242,3.54981655164926,0
                103.144151135943,3.54837281790193,0
                103.141718180052,3.5470543621563,0
                103.139219423312,3.54586479875204,0
                103.136661714639,3.54480738870368,0
                103.134052064536,3.54388503075692,0
                103.131397625873,3.54310025343841,0
                103.128705674281,3.54245520812089,0
                103.125983588212,3.54195166312259,0
                103.123238828716,3.54159099885724,0
                103.120478918987,3.54137420404797,0
                103.117711423745,3.54130187301549,0
                103.114943928504,3.54137420404797,0
                103.112184018775,3.54159099885724,0
                103.109439259278,3.54195166312259,0
                103.10671717321,3.54245520812089,0
                103.104025221618,3.54310025343841,0
                103.101370782954,3.54388503075692,0
                103.098761132852,3.54480738870368,0
                103.096203424179,3.54586479875204,0
                103.093704667438,3.5470543621563,0
                103.091271711548,3.54837281790193,0
                103.08891122507,3.54981655164926,0
                103.086629677936,3.55138160564593,0
                103.084433323706,3.55306368958113,0
                103.082328182436,3.55485819235157,0
                103.08032002417,3.55676019470701,0
                103.078414353132,3.55876448274058,0
                103.076616392632,3.56086556218671,0
                103.074931070757,3.5630576734877,0
                103.073363006855,3.56533480758728,0
                103.071916498881,3.56769072240783,0
                103.070595511614,3.57011895996623,0
                103.069403665786,3.57261286408112,0
                103.068344228165,3.57516559862305,0
                103.067420102596,3.5777701662575,0
                103.066633822043,3.58041942762921,0
                103.065987541645,3.58310612093527,0
                103.065483032813,3.5858228818332,0
                103.06512167837,3.58856226362957,0
                103.064904468763,3.59131675769348,0
                103.06483199935,3.59407881403929,0
                103.064904468763,3.59684086202183,0
                103.06512167837,3.59959533108757,0
                103.065483032813,3.60233467152472,0
                103.065987541645,3.60505137515555,0
                103.066633822043,3.60773799591403,0
                103.067420102596,3.61038717025258,0
                103.068344228165,3.61299163732181,0
                103.069403665786,3.61554425886826,0
                103.070595511614,3.61803803879545,0
                103.071916498881,3.62046614233453,0
                103.073363006855,3.6228219147725,0
                103.074931070757,3.62509889968618,0
                103.076616392632,3.62729085663253,0
                103.078414353132,3.62939177824636,0
                103.08032002417,3.63139590669923,0
                103.082328182436,3.633297749474,0
                103.084433323706,3.63509209441217,0
                103.086629677936,3.63677402399274,0
                103.08891122507,3.63833892880356,0
                103.091271711548,3.63978252016835,0
                103.093704667438,3.64110084189472,0
                103.096203424179,3.64229028111131,0
                103.098761132852,3.64334757816426,0
                103.101370782954,3.64426983554585,0
                103.104025221618,3.64505452583123,0
                103.10671717321,3.64569949860125,0
                103.109439259278,3.64620298633248,0
                103.112184018775,3.64656360923865,0
                103.114943928504,3.64678037904973,0
                103.117711423745,3.64685270171896,0
                103.120478918987,3.64678037904973,0
                103.123238828716,3.64656360923865,0
                103.125983588212,3.64620298633248,0
                103.128705674281,3.64569949860125,0
                103.131397625873,3.64505452583123,0
                103.134052064536,3.64426983554585,0
                103.136661714639,3.64334757816426,0
                103.139219423312,3.64229028111131,0
                103.141718180052,3.64110084189472,0
                103.144151135943,3.63978252016835,0
                103.14651162242,3.63833892880356,0
                103.148793169555,3.63677402399274,0
                103.150989523784,3.63509209441217,0
                103.153094665055,3.633297749474,0
                103.15510282332,3.63139590669923,0
                103.157008494359,3.62939177824636,0
                103.158806454858,3.62729085663253,0
                103.160491776734,3.62509889968618,0
                103.162059840635,3.6228219147725,0
                103.163506348609,3.62046614233453,0
                103.164827335877,3.61803803879545,0
                103.166019181704,3.61554425886826,0
                103.167078619325,3.61299163732181,0
                103.168002744894,3.61038717025258,0
                103.168789025448,3.60773799591403,0
                103.169435305846,3.60505137515555,0
                103.169939814678,3.60233467152472,0
                103.170301169121,3.59959533108757,0
                103.170518378727,3.59684086202183,0
                103.170590848141,3.59407881403929,0
              </coordinates>
            </LinearRing>
          </outerBoundaryIs>
        </Polygon>
      </Placemark>
      <Placemark id="PHG_SE_15.21">
        <name>Pahang</name>
        <description>P.085 Pekan</description>
        <Style>
          <LineStyle>
            <color>ff0000ff</color>
          </LineStyle>
          <PolyStyle>
            <fill>0</fill>
          </PolyStyle>
        </Style>
        <ExtendedData>
          <SchemaData schemaUrl="#PHG_SE_15">
            <SimpleData name="state">P.085</SimpleData>
            <SimpleData name="parlimen">N.21 Peramu Jaya</SimpleData>
            <SimpleData name="code_parlimen">N.21</SimpleData>
            <SimpleData name="dun">41915</SimpleData>
          </SchemaData>
        </ExtendedData>
        <Polygon>
          <outerBoundaryIs>
            <LinearRing>
              <coordinates>
                103.468265845208,3.49279431066531,0
                103.468180345926,3.48953528415202,0
                103.467924082427,3.48628517914617,0
                103.467497757111,3.48305290410877,0
                103.466902538508,3.47984731872057,0
                103.466140058068,3.47667720959548,0
                103.465212405699,3.47355126619339,0
                103.464122124032,3.47047805699837,0
                103.462872201451,3.46746600602754,0
                103.461466063909,3.46452336973519,0
                103.45990756553,3.46165821437546,0
                103.45820097805,3.45887839388562,0
                103.456350979107,3.45619152835083,0
                103.45436263942,3.45360498310939,0
                103.452241408888,3.45112584855578,0
                103.449993101659,3.44876092069711,0
                103.447623880185,3.44651668251626,0
                103.445140238338,3.44439928619297,0
                103.442548983607,3.44241453623151,0
                103.439857218442,3.4405678735417,0
                103.437072320784,3.43886436051646,0
                103.434201923844,3.43730866714737,0
                103.43125389518,3.43590505821614,0
                103.428236315134,3.43465738159722,0
                103.425157454683,3.43356905770378,0
                103.42202575277,3.43264307010585,0
                103.418849793171,3.43188195734678,0
                103.415638280972,3.43128780598008,0
                103.412400018704,3.43086224484612,0
                103.409143882219,3.43060644060422,0
                103.40587879636,3.43052109453247,0
                103.402613710502,3.43060644060422,0
                103.399357574017,3.43086224484612,0
                103.396119311749,3.43128780598008,0
                103.392907799549,3.43188195734678,0
                103.389731839951,3.43264307010585,0
                103.386600138038,3.43356905770378,0
                103.383521277587,3.43465738159722,0
                103.380503697541,3.43590505821614,0
                103.377555668877,3.43730866714737,0
                103.374685271937,3.43886436051646,0
                103.371900374279,3.4405678735417,0
                103.369208609114,3.44241453623151,0
                103.366617354383,3.44439928619297,0
                103.364133712536,3.44651668251626,0
                103.361764491062,3.44876092069711,0
                103.359516183832,3.45112584855578,0
                103.357394953301,3.45360498310939,0
                103.355406613614,3.45619152835083,0
                103.353556614671,3.45887839388562,0
                103.351850027191,3.46165821437546,0
                103.350291528812,3.46452336973519,0
                103.34888539127,3.46746600602754,0
                103.347635468689,3.47047805699837,0
                103.346545187021,3.47355126619339,0
                103.345617534653,3.47667720959548,0
                103.344855054213,3.47984731872057,0
                103.344259835609,3.48305290410877,0
                103.343833510294,3.48628517914617,0
                103.343577246795,3.48953528415202,0
                103.343491747513,3.49279431066531,0
                103.343577246795,3.49605332586397,0
                103.343833510294,3.49930339704989,0
                103.344259835609,3.5025356161326,0
                103.344855054213,3.5057411240444,0
                103.345617534653,3.50891113502023,0
                103.346545187021,3.51203696067553,0
                103.347635468689,3.51511003381632,0
                103.34888539127,3.51812193191611,0
                103.350291528812,3.52106440019547,0
                103.351850027191,3.5239293742411,0
                103.353556614671,3.52670900210221,0
                103.355406613614,3.52939566580411,0
                103.357394953301,3.53198200221986,0
                103.359516183832,3.53446092324291,0
                103.361764491062,3.53682563520562,0
                103.364133712536,3.53906965749051,0
                103.366617354383,3.54118684028328,0
                103.369208609114,3.54317138141909,0
                103.371900374279,3.54501784227609,0
                103.374685271937,3.54672116267269,0
                103.377555668877,3.54827667472778,0
                103.380503697541,3.54968011564613,0
                103.383521277587,3.55092763939409,0
                103.386600138038,3.55201582723342,0
                103.389731839951,3.55294169708466,0
                103.392907799549,3.55370271169456,0
                103.396119311749,3.55429678558492,0
                103.399357574017,3.55472229076424,0
                103.402613710502,3.55497806118625,0
                103.40587879636,3.55506339594336,0
                103.409143882219,3.55497806118625,0
                103.412400018704,3.55472229076424,0
                103.415638280972,3.55429678558492,0
                103.418849793171,3.55370271169456,0
                103.42202575277,3.55294169708466,0
                103.425157454683,3.55201582723342,0
                103.428236315134,3.55092763939409,0
                103.43125389518,3.54968011564613,0
                103.434201923844,3.54827667472778,0
                103.437072320784,3.54672116267269,0
                103.439857218442,3.54501784227609,0
                103.442548983607,3.54317138141909,0
                103.445140238338,3.54118684028328,0
                103.447623880185,3.53906965749051,0
                103.449993101659,3.53682563520562,0
                103.452241408888,3.53446092324291,0
                103.45436263942,3.53198200221986,0
                103.456350979107,3.52939566580411,0
                103.45820097805,3.52670900210221,0
                103.45990756553,3.5239293742411,0
                103.461466063909,3.52106440019547,0
                103.462872201451,3.51812193191611,0
                103.464122124032,3.51511003381632,0
                103.465212405699,3.51203696067553,0
                103.466140058068,3.50891113502023,0
                103.466902538508,3.5057411240444,0
                103.467497757111,3.5025356161326,0
                103.467924082427,3.49930339704989,0
                103.468180345926,3.49605332586397,0
                103.468265845208,3.49279431066531,0
              </coordinates>
            </LinearRing>
          </outerBoundaryIs>
        </Polygon>
      </Placemark>
      <Placemark id="PHG_SE_15.22">
        <name>Pahang</name>
        <description>P.085 Pekan</description>
        <Style>
          <LineStyle>
            <color>ff0000ff</color>
          </LineStyle>
          <PolyStyle>
            <fill>0</fill>
          </PolyStyle>
        </Style>
        <ExtendedData>
          <SchemaData schemaUrl="#PHG_SE_15">
            <SimpleData name="state">P.085</SimpleData>
            <SimpleData name="parlimen">N.22 Bebar</SimpleData>
            <SimpleData name="code_parlimen">N.22</SimpleData>
            <SimpleData name="dun">21294</SimpleData>
          </SchemaData>
        </ExtendedData>
        <Polygon>
          <outerBoundaryIs>
            <LinearRing>
              <coordinates>
                103.31350790867,3.25377535257108,0
                103.313446968122,3.2514518758842,0
                103.31326431351,3.24913476235464,0
                103.31296044548,3.24683036309903,0
                103.31253619691,3.24454499442786,0
                103.311992730638,3.24228492053167,0
                103.311331536267,3.24005633630971,0
                103.310554426085,3.23786535038786,0
                103.309663530096,3.2357179683728,0
                103.308661290185,3.23362007638809,0
                103.307550453422,3.23157742493745,0
                103.306334064532,3.22959561313942,0
                103.305015457553,3.22768007337668,0
                103.303598246696,3.22583605640218,0
                103.302086316437,3.22406861694289,0
                103.300483810871,3.22238259984076,0
                103.298795122355,3.22078262676887,0
                103.297024879467,3.21927308355913,0
                103.295177934319,3.21785810817654,0
                103.29325934926,3.21654157937285,0
                103.291274382998,3.2153271060508,0
                103.289228476187,3.21421801736816,0
                103.287127236517,3.21321735360869,0
                103.284976423338,3.21232785784526,0
                103.282781931881,3.21155196841766,0
                103.280549777093,3.21089181224623,0
                103.278286077156,3.21034919899924,0
                103.275997036714,3.20992561613027,0
                103.273688929868,3.2096222247992,0
                103.271368082979,3.20943985668792,0
                103.269040857325,3.20937901171966,0
                103.266713631672,3.20943985668792,0
                103.264392784782,3.2096222247992,0
                103.262084677936,3.20992561613027,0
                103.259795637494,3.21034919899924,0
                103.257531937558,3.21089181224623,0
                103.25529978277,3.21155196841766,0
                103.253105291312,3.21232785784526,0
                103.250954478134,3.21321735360869,0
                103.248853238463,3.21421801736816,0
                103.246807331653,3.2153271060508,0
                103.244822365391,3.21654157937285,0
                103.242903780332,3.21785810817654,0
                103.241056835184,3.21927308355913,0
                103.239286592296,3.22078262676887,0
                103.23759790378,3.22238259984076,0
                103.235995398214,3.22406861694289,0
                103.234483467954,3.22583605640218,0
                103.233066257097,3.22768007337668,0
                103.231747650119,3.22959561313942,0
                103.230531261229,3.23157742493745,0
                103.229420424465,3.23362007638809,0
                103.228418184554,3.2357179683728,0
                103.227527288565,3.23786535038786,0
                103.226750178383,3.24005633630971,0
                103.226088984012,3.24228492053167,0
                103.22554551774,3.24454499442786,0
                103.225121269171,3.24683036309903,0
                103.22481740114,3.24913476235464,0
                103.224634746529,3.2514518758842,0
                103.22457380598,3.25377535257108,0
                103.224634746529,3.25609882390141,0
                103.22481740114,3.25841592141999,0
                103.225121269171,3.26072029418564,0
                103.22554551774,3.26300562617811,0
                103.226088984012,3.26526565360867,0
                103.226750178383,3.26749418208719,0
                103.227527288565,3.26968510359853,0
                103.228418184554,3.2718324132417,0
                103.229420424465,3.27393022568605,0
                103.230531261229,3.27597279129932,0
                103.231747650119,3.27795451190345,0
                103.233066257097,3.27986995611487,0
                103.234483467954,3.28171387422753,0
                103.235995398214,3.28348121259761,0
                103.23759790378,3.2851671274907,0
                103.239286592296,3.28676699835356,0
                103.241056835184,3.2882764404741,0
                103.242903780332,3.28969131699487,0
                103.244822365391,3.29100775024725,0
                103.246807331653,3.29222213237542,0
                103.248853238463,3.29333113522072,0
                103.250954478134,3.29433171943985,0
                103.253105291312,3.29522114283143,0
                103.25529978277,3.29599696784852,0
                103.257531937558,3.29665706827653,0
                103.259795637494,3.29719963505792,0
                103.262084677936,3.2976231812482,0
                103.264392784782,3.29792654608932,0
                103.266713631672,3.29810889818964,0
                103.269040857325,3.29816973780136,0
                103.271368082979,3.29810889818964,0
                103.273688929868,3.29792654608932,0
                103.275997036714,3.2976231812482,0
                103.278286077156,3.29719963505792,0
                103.280549777093,3.29665706827653,0
                103.282781931881,3.29599696784852,0
                103.284976423338,3.29522114283143,0
                103.287127236517,3.29433171943985,0
                103.289228476187,3.29333113522072,0
                103.291274382998,3.29222213237542,0
                103.29325934926,3.29100775024725,0
                103.295177934319,3.28969131699487,0
                103.297024879467,3.2882764404741,0
                103.298795122355,3.28676699835356,0
                103.300483810871,3.2851671274907,0
                103.302086316437,3.28348121259761,0
                103.303598246696,3.28171387422753,0
                103.305015457553,3.27986995611487,0
                103.306334064532,3.27795451190345,0
                103.307550453422,3.27597279129932,0
                103.308661290185,3.27393022568605,0
                103.309663530096,3.2718324132417,0
                103.310554426085,3.26968510359853,0
                103.311331536267,3.26749418208719,0
                103.311992730638,3.26526565360867,0
                103.31253619691,3.26300562617811,0
                103.31296044548,3.26072029418564,0
                103.31326431351,3.25841592141999,0
                103.313446968122,3.25609882390141,0
                103.31350790867,3.25377535257108,0
              </coordinates>
            </LinearRing>
          </outerBoundaryIs>
        </Polygon>
      </Placemark>
      <Placemark id="PHG_SE_15.23">
        <name>Pahang</name>
        <description>P.085 Pekan</description>
        <Style>
          <LineStyle>
            <color>ff0000ff</color>
          </LineStyle>
          <PolyStyle>
            <fill>0</fill>
          </PolyStyle>
        </Style>
        <ExtendedData>
          <SchemaData schemaUrl="#PHG_SE_15">
            <SimpleData name="state">P.085</SimpleData>
            <SimpleData name="parlimen">N.23 Chini</SimpleData>
            <SimpleData name="code_parlimen">N.23</SimpleData>
            <SimpleData name="dun">26121</SimpleData>
          </SchemaData>
        </ExtendedData>
        <Polygon>
          <outerBoundaryIs>
            <LinearRing>
              <coordinates>
                102.997628315726,3.39095906211471,0
                102.997560820566,3.38838603532892,0
                102.997358520085,3.38582005421741,0
                102.997021968774,3.38326815204512,0
                102.996552089097,3.38073732354239,0
                102.995950168963,3.37823450573118,0
                102.995217858191,3.37576655890905,0
                102.994357163995,3.37334024784268,0
                102.993370445478,3.37096222322295,0
                102.992260407167,3.36863900343198,0
                102.9910300916,3.36637695667254,0
                102.989682870986,3.36418228350866,0
                102.988222437963,3.36206099986527,0
                102.986652795476,3.3600189205339,0
                102.984978245807,3.35806164322911,0
                102.98320337878,3.35619453323997,0
                102.981333059182,3.35442270871848,0
                102.979372413429,3.35275102664518,0
                102.977326815514,3.35118406951079,0
                102.97520187228,3.34972613275015,0
                102.973003408048,3.34838121296326,0
                102.970737448655,3.34715299695539,0
                102.968410204939,3.34604485162679,0
                102.966028055714,3.34505981473936,0
                102.963597530284,3.34420058658593,0
                102.961125290551,3.34346952258493,0
                102.958618112752,3.3428686268207,0
                102.956082868887,3.34239954654739,0
                102.953526507884,3.34206356767126,0
                102.95095603655,3.34186161122419,0
                102.948378500369,3.3417942308376,0
                102.945800964187,3.34186161122419,0
                102.943230492853,3.34206356767126,0
                102.94067413185,3.34239954654739,0
                102.938138887985,3.3428686268207,0
                102.935631710186,3.34346952258493,0
                102.933159470453,3.34420058658593,0
                102.930728945023,3.34505981473936,0
                102.928346795798,3.34604485162679,0
                102.926019552082,3.34715299695539,0
                102.92375359269,3.34838121296326,0
                102.921555128458,3.34972613275015,0
                102.919430185223,3.35118406951079,0
                102.917384587309,3.35275102664518,0
                102.915423941555,3.35442270871848,0
                102.913553621957,3.35619453323997,0
                102.91177875493,3.35806164322911,0
                102.910104205261,3.3600189205339,0
                102.908534562775,3.36206099986527,0
                102.907074129751,3.36418228350866,0
                102.905726909137,3.36637695667254,0
                102.90449659357,3.36863900343198,0
                102.903386555259,3.37096222322295,0
                102.902399836742,3.37334024784268,0
                102.901539142546,3.37576655890905,0
                102.900806831775,3.37823450573118,0
                102.90020491164,3.38073732354239,0
                102.899735031963,3.38326815204512,0
                102.899398480653,3.38582005421741,0
                102.899196180171,3.38838603532892,0
                102.899128685011,3.39095906211471,0
                102.899196180171,3.39353208205395,0
                102.899398480653,3.39609804270081,0
                102.899735031963,3.39864991101455,0
                102.90020491164,3.40118069263582,0
                102.900806831775,3.40368345105628,0
                102.901539142546,3.40615132662907,0
                102.902399836742,3.40857755536814,0
                102.903386555259,3.41095548748462,0
                102.90449659357,3.41327860560985,0
                102.905726909137,3.41554054265494,0
                102.907074129751,3.41773509925795,0
                102.908534562775,3.41985626077095,0
                102.910104205261,3.42189821374054,0
                102.91177875493,3.4238553618366,0
                102.913553621957,3.42572234118568,0
                102.915423941555,3.42749403506713,0
                102.917384587309,3.42916558793171,0
                102.919430185223,3.43073241870435,0
                102.921555128458,3.43219023333462,0
                102.92375359269,3.43353503656067,0
                102.926019552082,3.43476314285423,0
                102.928346795798,3.43587118651713,0
                102.930728945023,3.43685613090134,0
                102.933159470453,3.43771527672752,0
                102.935631710186,3.43844626947923,0
                102.938138887985,3.43904710585273,0
                102.94067413185,3.4395161392446,0
                102.943230492853,3.43985208426221,0
                102.945800964187,3.44005402024464,0
                102.948378500369,3.44012139378466,0
                102.95095603655,3.44005402024464,0
                102.953526507884,3.43985208426221,0
                102.956082868887,3.4395161392446,0
                102.958618112752,3.43904710585273,0
                102.961125290551,3.43844626947923,0
                102.963597530284,3.43771527672752,0
                102.966028055714,3.43685613090134,0
                102.968410204939,3.43587118651713,0
                102.970737448655,3.43476314285423,0
                102.973003408048,3.43353503656067,0
                102.97520187228,3.43219023333462,0
                102.977326815514,3.43073241870435,0
                102.979372413429,3.42916558793171,0
                102.981333059182,3.42749403506713,0
                102.98320337878,3.42572234118568,0
                102.984978245807,3.4238553618366,0
                102.986652795476,3.42189821374054,0
                102.988222437963,3.41985626077095,0
                102.989682870986,3.41773509925795,0
                102.9910300916,3.41554054265494,0
                102.992260407167,3.41327860560985,0
                102.993370445478,3.41095548748462,0
                102.994357163995,3.40857755536814,0
                102.995217858191,3.40615132662907,0
                102.995950168963,3.40368345105628,0
                102.996552089097,3.40118069263582,0
                102.997021968774,3.39864991101455,0
                102.997358520085,3.39609804270081,0
                102.997560820566,3.39353208205395,0
                102.997628315726,3.39095906211471,0
              </coordinates>
            </LinearRing>
          </outerBoundaryIs>
        </Polygon>
      </Placemark>
      <Placemark id="PHG_SE_15.24">
        <name>Pahang</name>
        <description>P.086 Maran</description>
        <Style>
          <LineStyle>
            <color>ff0000ff</color>
          </LineStyle>
          <PolyStyle>
            <fill>0</fill>
          </PolyStyle>
        </Style>
        <ExtendedData>
          <SchemaData schemaUrl="#PHG_SE_15">
            <SimpleData name="state">P.086</SimpleData>
            <SimpleData name="parlimen">N.24 Luit</SimpleData>
            <SimpleData name="code_parlimen">N.24</SimpleData>
            <SimpleData name="dun">16279</SimpleData>
          </SchemaData>
        </ExtendedData>
        <Polygon>
          <outerBoundaryIs>
            <LinearRing>
              <coordinates>
                102.838884877322,3.57071359578766,0
                102.838831593963,3.56868273434546,0
                102.838671889932,3.56665743488236,0
                102.838406202967,3.56464324866105,0
                102.838035261296,3.56264569651953,0
                102.837560081647,3.56067025373788,0
                102.836981966452,3.55872233502944,0
                102.836302500285,3.55680727969768,0
                102.835523545517,3.5549303369993,0
                102.834647237207,3.55309665175406,0
                102.833675977257,3.55131125024033,0
                102.832612427821,3.54957902641545,0
                102.831459504015,3.54790472849842,0
                102.830220365924,3.54629294595201,0
                102.828898409938,3.54474809689971,0
                102.827497259447,3.54327441601228,0
                102.826020754907,3.54187594289703,0
                102.824472943315,3.54055651102169,0
                102.822858067114,3.53931973720337,0
                102.821180552567,3.53816901169133,0
                102.819444997626,3.5371074888709,0
                102.817656159326,3.53613807861393,0
                102.815818940749,3.5352634382997,0
                102.813938377582,3.53448596552804,0
                102.81201962432,3.53380779154471,0
                102.81006794013,3.53323077539718,0
                102.808088674444,3.53275649883667,0
                102.806087252292,3.53238626198069,0
                102.804069159432,3.53212107974775,0
                102.802039927317,3.53196167907418,0
                102.80000511793,3.53190849692071,0
                102.797970308544,3.53196167907418,0
                102.795941076429,3.53212107974775,0
                102.793922983569,3.53238626198069,0
                102.791921561417,3.53275649883667,0
                102.789942295731,3.53323077539717,0
                102.787990611541,3.53380779154471,0
                102.786071858279,3.53448596552804,0
                102.784191295112,3.5352634382997,0
                102.782354076535,3.53613807861393,0
                102.780565238235,3.5371074888709,0
                102.778829683294,3.53816901169133,0
                102.777152168747,3.53931973720337,0
                102.775537292546,3.54055651102169,0
                102.773989480954,3.54187594289703,0
                102.772512976414,3.54327441601228,0
                102.771111825923,3.54474809689971,0
                102.769789869937,3.54629294595201,0
                102.768550731846,3.54790472849842,0
                102.76739780804,3.54957902641545,0
                102.766334258604,3.55131125024033,0
                102.765362998654,3.55309665175406,0
                102.764486690344,3.5549303369993,0
                102.763707735576,3.55680727969768,0
                102.763028269409,3.55872233502944,0
                102.762450154214,3.56067025373788,0
                102.761974974565,3.56264569651953,0
                102.761604032894,3.56464324866105,0
                102.761338345929,3.56665743488236,0
                102.761178641898,3.56868273434546,0
                102.761125358539,3.57071359578766,0
                102.761178641898,3.57274445273794,0
                102.761338345929,3.57476973877449,0
                102.761604032894,3.57678390278173,0
                102.761974974565,3.57878142416504,0
                102.762450154214,3.58075682798133,0
                102.763028269409,3.58270469994416,0
                102.763707735576,3.58461970126225,0
                102.764486690344,3.58649658327066,0
                102.765362998654,3.58833020181455,0
                102.766334258604,3.59011553134637,0
                102.76739780804,3.59184767869744,0
                102.768550731846,3.59352189648658,0
                102.769789869937,3.59513359612896,0
                102.771111825923,3.59667836040937,0
                102.772512976414,3.59815195558584,0
                102.773989480954,3.59955034299016,0
                102.775537292546,3.60086969009362,0
                102.777152168747,3.60210638100791,0
                102.778829683294,3.60325702639207,0
                102.780565238235,3.60431847273868,0
                102.782354076535,3.60528781101377,0
                102.784191295112,3.60616238462667,0
                102.786071858279,3.60693979670839,0
                102.787990611541,3.60761791667806,0
                102.789942295731,3.60819488607999,0
                102.791921561417,3.60866912367515,0
                102.793922983569,3.60903932977292,0
                102.795941076429,3.60930448979181,0
                102.797970308544,3.60946387703882,0
                102.80000511793,3.60951705470038,0
                102.802039927317,3.60946387703882,0
                102.804069159432,3.60930448979181,0
                102.806087252292,3.60903932977292,0
                102.808088674444,3.60866912367515,0
                102.81006794013,3.60819488607999,0
                102.81201962432,3.60761791667806,0
                102.813938377582,3.60693979670839,0
                102.815818940749,3.60616238462667,0
                102.817656159326,3.60528781101377,0
                102.819444997626,3.60431847273868,0
                102.821180552567,3.60325702639207,0
                102.822858067114,3.60210638100791,0
                102.824472943315,3.60086969009362,0
                102.826020754907,3.59955034299016,0
                102.827497259447,3.59815195558584,0
                102.828898409938,3.59667836040937,0
                102.830220365924,3.59513359612896,0
                102.831459504015,3.59352189648658,0
                102.832612427821,3.59184767869744,0
                102.833675977257,3.59011553134637,0
                102.834647237207,3.58833020181455,0
                102.835523545517,3.58649658327066,0
                102.836302500285,3.58461970126225,0
                102.836981966452,3.58270469994416,0
                102.837560081647,3.58075682798133,0
                102.838035261296,3.57878142416504,0
                102.838406202967,3.57678390278173,0
                102.838671889932,3.57476973877449,0
                102.838831593963,3.57274445273794,0
                102.838884877322,3.57071359578766,0
              </coordinates>
            </LinearRing>
          </outerBoundaryIs>
        </Polygon>
      </Placemark>
      <Placemark id="PHG_SE_15.25">
        <name>Pahang</name>
        <description>P.086 Maran</description>
        <Style>
          <LineStyle>
            <color>ff0000ff</color>
          </LineStyle>
          <PolyStyle>
            <fill>0</fill>
          </PolyStyle>
        </Style>
        <ExtendedData>
          <SchemaData schemaUrl="#PHG_SE_15">
            <SimpleData name="state">P.086</SimpleData>
            <SimpleData name="parlimen">N.25 Kuala Sentul</SimpleData>
            <SimpleData name="code_parlimen">N.25</SimpleData>
            <SimpleData name="dun">17434</SimpleData>
          </SchemaData>
        </ExtendedData>
        <Polygon>
          <outerBoundaryIs>
            <LinearRing>
              <coordinates>
                102.702113781059,3.73424353948064,0
                102.702058639854,3.73214225008893,0
                102.701893367377,3.73004671517912,0
                102.701618416627,3.72796267853123,0
                102.701234541227,3.72589585244962,0
                102.700742793351,3.72385190210479,0
                102.700144520847,3.7218364300039,0
                102.699441363538,3.71985496063272,0
                102.69863524873,3.71791292531097,0
                102.697728385926,3.71601564730269,0
                102.696723260774,3.71416832722245,0
                102.695622628254,3.71237602877751,0
                102.694429505122,3.71064366488483,0
                102.693147161646,3.70897598420129,0
                102.69177911264,3.70737755810399,0
                102.690329107831,3.70585276815618,0
                102.688801121582,3.70440579409353,0
                102.687199341996,3.70304060236342,0
                102.685528159441,3.70176093524902,0
                102.683792154512,3.70057030060767,0
                102.681996085477,3.69947196225195,0
                102.680144875236,3.6984689309999,0
                102.678243597829,3.69756395641873,0
                102.676297464525,3.69675951928491,0
                102.674311809539,3.69605782478127,0
                102.672292075415,3.69546079644969,0
                102.670243798102,3.69497007091621,0
                102.668172591787,3.6945869934028,0
                102.666084133502,3.69431261403828,0
                102.663984147566,3.69414768497854,0
                102.661878389894,3.69409265834376,0
                102.659772632223,3.69414768497854,0
                102.657672646287,3.69431261403828,0
                102.655584188001,3.6945869934028,0
                102.653512981686,3.69497007091621,0
                102.651464704373,3.69546079644969,0
                102.649444970249,3.69605782478127,0
                102.647459315263,3.69675951928491,0
                102.645513181959,3.69756395641873,0
                102.643611904552,3.6984689309999,0
                102.641760694311,3.69947196225195,0
                102.639964625276,3.70057030060767,0
                102.638228620347,3.70176093524902,0
                102.636557437792,3.70304060236342,0
                102.634955658207,3.70440579409353,0
                102.633427671957,3.70585276815618,0
                102.631977667149,3.70737755810399,0
                102.630609618142,3.70897598420129,0
                102.629327274666,3.71064366488483,0
                102.628134151534,3.71237602877751,0
                102.627033519014,3.71416832722245,0
                102.626028393863,3.71601564730269,0
                102.625121531059,3.71791292531097,0
                102.62431541625,3.71985496063272,0
                102.623612258941,3.7218364300039,0
                102.623013986437,3.72385190210479,0
                102.622522238561,3.72589585244962,0
                102.622138363161,3.72796267853123,0
                102.621863412412,3.73004671517912,0
                102.621698139934,3.73214225008893,0
                102.621642998729,3.73424353948064,0
                102.621698139934,3.73634482384265,0
                102.621863412412,3.73844034371841,0
                102.622138363161,3.74052435549264,0
                102.622522238561,3.7425911471335,0
                102.623013986437,3.74463505384784,0
                102.623612258941,3.74665047360649,0
                102.62431541625,3.7486318824972,0
                102.625121531059,3.75057384986286,0
                102.626028393863,3.75247105318396,0
                102.627033519014,3.75431829266424,0
                102.628134151534,3.75611050547951,0
                102.629327274666,3.757842779651,0
                102.630609618142,3.75951036750478,0
                102.631977667149,3.76110869868086,0
                102.633427671957,3.76263339265596,0
                102.634955658207,3.76408027074591,0
                102.636557437792,3.7654453675548,0
                102.638228620347,3.76672494183946,0
                102.639964625276,3.76791548675961,0
                102.641760694311,3.76901373948568,0
                102.643611904552,3.77001669013779,0
                102.645513181959,3.77092159003182,0
                102.647459315263,3.77172595920955,0
                102.649444970249,3.77242759323274,0
                102.651464704373,3.77302456922211,0
                102.653512981686,3.7735152511251,0
                102.655584188001,3.77389829419777,0
                102.657672646287,3.77417264868865,0
                102.659772632223,3.77433756271434,0
                102.661878389894,3.77439258431941,0
                102.663984147566,3.77433756271434,0
                102.666084133502,3.77417264868865,0
                102.668172591787,3.77389829419777,0
                102.670243798102,3.7735152511251,0
                102.672292075415,3.77302456922211,0
                102.674311809539,3.77242759323274,0
                102.676297464525,3.77172595920955,0
                102.678243597829,3.77092159003182,0
                102.680144875236,3.77001669013779,0
                102.681996085477,3.76901373948568,0
                102.683792154512,3.76791548675961,0
                102.685528159441,3.76672494183946,0
                102.687199341996,3.7654453675548,0
                102.688801121582,3.76408027074591,0
                102.690329107831,3.76263339265596,0
                102.69177911264,3.76110869868086,0
                102.693147161646,3.75951036750478,0
                102.694429505122,3.757842779651,0
                102.695622628254,3.75611050547951,0
                102.696723260774,3.75431829266424,0
                102.697728385926,3.75247105318396,0
                102.69863524873,3.75057384986286,0
                102.699441363538,3.7486318824972,0
                102.700144520847,3.74665047360649,0
                102.700742793351,3.74463505384784,0
                102.701234541227,3.7425911471335,0
                102.701618416627,3.74052435549264,0
                102.701893367377,3.73844034371841,0
                102.702058639854,3.73634482384265,0
                102.702113781059,3.73424353948064,0
              </coordinates>
            </LinearRing>
          </outerBoundaryIs>
        </Polygon>
      </Placemark>
      <Placemark id="PHG_SE_15.26">
        <name>Pahang</name>
        <description>P.086 Maran</description>
        <Style>
          <LineStyle>
            <color>ff0000ff</color>
          </LineStyle>
          <PolyStyle>
            <fill>0</fill>
          </PolyStyle>
        </Style>
        <ExtendedData>
          <SchemaData schemaUrl="#PHG_SE_15">
            <SimpleData name="state">P.086</SimpleData>
            <SimpleData name="parlimen">N.26 Chenor</SimpleData>
            <SimpleData name="code_parlimen">N.26</SimpleData>
            <SimpleData name="dun">19415</SimpleData>
          </SchemaData>
        </ExtendedData>
        <Polygon>
          <outerBoundaryIs>
            <LinearRing>
              <coordinates>
                102.667975422174,3.49494003594647,0
                102.667917232432,3.49272198957007,0
                102.6677428227,3.49051001748533,0
                102.667452671024,3.48831018262158,0
                102.667047572688,3.48612851468282,0
                102.666528638039,3.48397099361959,0
                102.665897289442,3.48184353323649,0
                102.665155257378,3.47975196498088,0
                102.664304575705,3.47770202195673,0
                102.663347576084,3.47569932320765,0
                102.662286881584,3.47374935831237,0
                102.661125399494,3.47185747233459,0
                102.659866313357,3.4700288511687,0
                102.658513074239,3.46826850732172,0
                102.657069391275,3.46658126617008,0
                102.6555392215,3.46497175272928,0
                102.653926759003,3.46344437897268,0
                102.652236423432,3.46200333173406,0
                102.650472847878,3.4606525612275,0
                102.64864086618,3.45939577021551,0
                102.646745499672,3.45823640385599,0
                102.644791943422,3.45717764025497,0
                102.642785551992,3.45622238175176,0
                102.640731824762,3.45537324696017,0
                102.638636390855,3.45463256358766,0
                102.636504993709,3.45400236205204,0
                102.634343475337,3.45348436991357,0
                102.632157760309,3.45308000713744,0
                102.629953839519,3.45279038219965,0
                102.62773775376,3.45261628904731,0
                102.62551557717,3.45255820492124,0
                102.62329340058,3.45261628904731,0
                102.621077314821,3.45279038219965,0
                102.618873394031,3.45308000713744,0
                102.616687679003,3.45348436991357,0
                102.614526160631,3.45400236205204,0
                102.612394763485,3.45463256358766,0
                102.610299329578,3.45537324696017,0
                102.608245602348,3.45622238175176,0
                102.606239210918,3.45717764025497,0
                102.604285654668,3.45823640385599,0
                102.60239028816,3.45939577021551,0
                102.600558306462,3.4606525612275,0
                102.598794730908,3.46200333173406,0
                102.597104395337,3.46344437897268,0
                102.59549193284,3.46497175272928,0
                102.593961763065,3.46658126617008,0
                102.592518080101,3.46826850732172,0
                102.591164840984,3.4700288511687,0
                102.589905754846,3.47185747233459,0
                102.588744272756,3.47374935831237,0
                102.587683578256,3.47569932320765,0
                102.586726578635,3.47770202195673,0
                102.585875896962,3.47975196498088,0
                102.585133864898,3.48184353323649,0
                102.584502516301,3.48397099361959,0
                102.583983581652,3.48612851468282,0
                102.583578483316,3.48831018262158,0
                102.58328833164,3.49051001748533,0
                102.583113921908,3.49272198957007,0
                102.583055732166,3.49494003594647,0
                102.583113921908,3.49715807707871,0
                102.58328833164,3.49937003348851,0
                102.583578483316,3.50156984241825,0
                102.583983581652,3.50375147444803,0
                102.584502516301,3.50590895002081,0
                102.585133864898,3.50803635583034,0
                102.585875896962,3.51012786102718,0
                102.586726578635,3.51217773319829,0
                102.587683578256,3.51418035407628,0
                102.588744272756,3.51613023493563,0
                102.589905754846,3.51802203163336,0
                102.591164840984,3.51985055925323,0
                102.592518080101,3.52161080631314,0
                102.593961763065,3.52329794849708,0
                102.59549193284,3.52490736187387,0
                102.597104395337,3.52643463556647,0
                102.598794730908,3.52787558383738,0
                102.600558306462,3.52922625755691,0
                102.60239028816,3.53048295502287,0
                102.604285654668,3.53164223210235,0
                102.606239210918,3.53270091166749,0
                102.608245602348,3.53365609229963,0
                102.610299329578,3.53450515623818,0
                102.612394763485,3.53524577655197,0
                102.614526160631,3.53587592351403,0
                102.616687679003,3.53639387016205,0
                102.618873394031,3.53679819702925,0
                102.621077314821,3.53708779603302,0
                102.62329340058,3.53726187351043,0
                102.62551557717,3.53731995239236,0
                102.62773775376,3.53726187351043,0
                102.629953839519,3.53708779603302,0
                102.632157760309,3.53679819702925,0
                102.634343475337,3.53639387016205,0
                102.636504993709,3.53587592351403,0
                102.638636390855,3.53524577655197,0
                102.640731824762,3.53450515623818,0
                102.642785551992,3.53365609229963,0
                102.644791943422,3.53270091166749,0
                102.646745499672,3.53164223210235,0
                102.64864086618,3.53048295502287,0
                102.650472847878,3.52922625755691,0
                102.652236423432,3.52787558383738,0
                102.653926759003,3.52643463556647,0
                102.6555392215,3.52490736187387,0
                102.657069391275,3.52329794849708,0
                102.658513074239,3.52161080631314,0
                102.659866313357,3.51985055925323,0
                102.661125399494,3.51802203163336,0
                102.662286881584,3.51613023493563,0
                102.663347576084,3.51418035407628,0
                102.664304575705,3.51217773319829,0
                102.665155257378,3.51012786102718,0
                102.665897289442,3.50803635583034,0
                102.666528638039,3.50590895002081,0
                102.667047572688,3.50375147444803,0
                102.667452671024,3.50156984241825,0
                102.6677428227,3.49937003348851,0
                102.667917232432,3.49715807707871,0
                102.667975422174,3.49494003594647,0
              </coordinates>
            </LinearRing>
          </outerBoundaryIs>
        </Polygon>
      </Placemark>
      <Placemark id="PHG_SE_15.27">
        <name>Pahang</name>
        <description>P.087 Kuala Krau</description>
        <Style>
          <LineStyle>
            <color>ff0000ff</color>
          </LineStyle>
          <PolyStyle>
            <fill>0</fill>
          </PolyStyle>
        </Style>
        <ExtendedData>
          <SchemaData schemaUrl="#PHG_SE_15">
            <SimpleData name="state">P.087</SimpleData>
            <SimpleData name="parlimen">N.27 Jenderak</SimpleData>
            <SimpleData name="code_parlimen">N.27</SimpleData>
            <SimpleData name="dun">13994</SimpleData>
          </SchemaData>
        </ExtendedData>
        <Polygon>
          <outerBoundaryIs>
            <LinearRing>
              <coordinates>
                102.290752942272,3.72276989477553,0
                102.290703539801,3.72088726946168,0
                102.290555467798,3.71900980028656,0
                102.290309132118,3.71714263331407,0
                102.289965207949,3.71529088640271,0
                102.289524637964,3.713459635177,0
                102.288988629734,3.71165389911418,0
                102.288358652422,3.70987862778468,0
                102.28763643275,3.70813868728366,0
                102.286823950274,3.70643884689124,0
                102.285923431949,3.70478376599776,0
                102.284937346036,3.70317798133,0
                102.283868395327,3.70162589451343,0
                102.282719509741,3.70013176000459,0
                102.281493838294,3.69869967342665,0
                102.280194740467,3.69733356034035,0
                102.278825776995,3.69603716548085,0
                102.277390700114,3.6948140424903,0
                102.275893443268,3.69366754417407,0
                102.274338110335,3.69260081330764,0
                102.272728964374,3.6916167740191,0
                102.271070415942,3.69071812377122,0
                102.269367011006,3.68990732596478,0
                102.26762341848,3.68918660318373,0
                102.265844417429,3.68855793110066,0
                102.264034883973,3.6880230330591,0
                102.262199777916,3.68758337534793,0
                102.260344129156,3.68724016318047,0
                102.258473023899,3.6869943373896,0
                102.256591590713,3.68684657184767,0
                102.254704986476,3.68679727161875,0
                102.252818382239,3.68684657184767,0
                102.250936949052,3.6869943373896,0
                102.249065843795,3.68724016318047,0
                102.247210195036,3.68758337534793,0
                102.245375088979,3.6880230330591,0
                102.243565555522,3.68855793110066,0
                102.241786554472,3.68918660318373,0
                102.240042961946,3.68990732596478,0
                102.238339557009,3.69071812377122,0
                102.236681008578,3.6916167740191,0
                102.235071862617,3.69260081330764,0
                102.233516529684,3.69366754417407,0
                102.232019272838,3.6948140424903,0
                102.230584195956,3.69603716548085,0
                102.229215232484,3.69733356034035,0
                102.227916134657,3.69869967342665,0
                102.22669046321,3.70013176000459,0
                102.225541577624,3.70162589451343,0
                102.224472626915,3.70317798133,0
                102.223486541002,3.70478376599776,0
                102.222586022678,3.70643884689124,0
                102.221773540201,3.70813868728366,0
                102.221051320529,3.70987862778468,0
                102.220421343217,3.71165389911418,0
                102.219885334987,3.713459635177,0
                102.219444765003,3.71529088640271,0
                102.219100840834,3.71714263331407,0
                102.218854505153,3.71900980028656,0
                102.21870643315,3.72088726946168,0
                102.21865703068,3.72276989477553,0
                102.21870643315,3.72465251606443,0
                102.218854505153,3.72652997320882,0
                102.219100840834,3.72839712027661,0
                102.219444765003,3.73024883962738,0
                102.219885334987,3.73208005593858,0
                102.220421343217,3.73388575011547,0
                102.221051320529,3.73566097304654,0
                102.221773540201,3.73740085916692,0
                102.222586022678,3.73910063979226,0
                102.223486541002,3.74075565618707,0
                102.224472626915,3.74236137233123,0
                102.225541577624,3.74391338735001,0
                102.22669046321,3.74540744757352,0
                102.227916134657,3.74683945819245,0
                102.229215232484,3.74820549447831,0
                102.230584195956,3.74950181253737,0
                102.232019272838,3.75072485956892,0
                102.233516529684,3.75187128359981,0
                102.235071862617,3.75293794266846,0
                102.236681008578,3.7539219134334,0
                102.238339557009,3.75482049918262,0
                102.240042961946,3.75563123722201,0
                102.241786554472,3.75635190562243,0
                102.243565555522,3.75698052930711,0
                102.245375088979,3.75751538546275,0
                102.247210195036,3.7579550082594,0
                102.249065843795,3.75829819286626,0
                102.250936949052,3.75854399875246,0
                102.252818382239,3.75869175226366,0
                102.254704986476,3.75874104846765,0
                102.256591590713,3.75869175226366,0
                102.258473023899,3.75854399875246,0
                102.260344129156,3.75829819286626,0
                102.262199777916,3.7579550082594,0
                102.264034883973,3.75751538546275,0
                102.265844417429,3.75698052930711,0
                102.26762341848,3.75635190562243,0
                102.269367011006,3.75563123722201,0
                102.271070415942,3.75482049918262,0
                102.272728964374,3.7539219134334,0
                102.274338110335,3.75293794266846,0
                102.275893443268,3.75187128359981,0
                102.277390700114,3.75072485956892,0
                102.278825776995,3.74950181253737,0
                102.280194740467,3.74820549447831,0
                102.281493838294,3.74683945819245,0
                102.282719509741,3.74540744757352,0
                102.283868395327,3.74391338735001,0
                102.284937346036,3.74236137233123,0
                102.285923431949,3.74075565618707,0
                102.286823950274,3.73910063979226,0
                102.28763643275,3.73740085916692,0
                102.288358652422,3.73566097304654,0
                102.288988629734,3.73388575011547,0
                102.289524637964,3.73208005593858,0
                102.289965207949,3.73024883962738,0
                102.290309132118,3.72839712027661,0
                102.290555467798,3.72652997320882,0
                102.290703539801,3.72465251606443,0
                102.290752942272,3.72276989477553,0
              </coordinates>
            </LinearRing>
          </outerBoundaryIs>
        </Polygon>
      </Placemark>
      <Placemark id="PHG_SE_15.28">
        <name>Pahang</name>
        <description>P.087 Kuala Krau</description>
        <Style>
          <LineStyle>
            <color>ff0000ff</color>
          </LineStyle>
          <PolyStyle>
            <fill>0</fill>
          </PolyStyle>
        </Style>
        <ExtendedData>
          <SchemaData schemaUrl="#PHG_SE_15">
            <SimpleData name="state">P.087</SimpleData>
            <SimpleData name="parlimen">N.28 Kerdau</SimpleData>
            <SimpleData name="code_parlimen">N.28</SimpleData>
            <SimpleData name="dun">15184</SimpleData>
          </SchemaData>
        </ExtendedData>
        <Polygon>
          <outerBoundaryIs>
            <LinearRing>
              <coordinates>
                102.460010236293,3.62311136535955,0
                102.459958776169,3.62115010814442,0
                102.459804536845,3.61919422236779,0
                102.45954794108,3.61724906903104,0
                102.459189692185,3.61531997975274,0
                102.458730772096,3.61341224215401,0
                102.458172438681,3.61153108536422,0
                102.457516222293,3.60968166568655,0
                102.456763921575,3.60786905246297,0
                102.455917598532,3.6060982141771,0
                102.454979572875,3.60437400483341,0
                102.453952415669,3.60270115064988,0
                102.452838942279,3.60108423710064,0
                102.451642204659,3.59952769634426,0
                102.450365482984,3.59803579507217,0
                102.449012276658,3.5966126228104,0
                102.447586294727,3.59526208070688,0
                102.446091445707,3.59398787083509,0
                102.444531826876,3.5927934860433,0
                102.442911713041,3.59168220037736,0
                102.441235544821,3.59065706010332,0
                102.439507916476,3.58972087535438,0
                102.437733563317,3.58887621242541,0
                102.435917348721,3.58812538673584,0
                102.434064250806,3.58747045648051,0
                102.432179348786,3.58691321698575,0
                102.430267809045,3.58645519578627,0
                102.428334870981,3.58609764843629,0
                102.426385832644,3.58584155506664,0
                102.424426036211,3.58568761769692,0
                102.422460853348,3.58563625831042,0
                102.420495670485,3.58568761769692,0
                102.418535874052,3.58584155506664,0
                102.416586835714,3.58609764843629,0
                102.41465389765,3.58645519578627,0
                102.41274235791,3.58691321698575,0
                102.410857455889,3.58747045648051,0
                102.409004357975,3.58812538673584,0
                102.407188143379,3.58887621242541,0
                102.405413790219,3.58972087535438,0
                102.403686161875,3.59065706010332,0
                102.402009993655,3.59168220037736,0
                102.40038987982,3.5927934860433,0
                102.398830260989,3.59398787083509,0
                102.397335411969,3.59526208070688,0
                102.395909430037,3.5966126228104,0
                102.394556223712,3.59803579507217,0
                102.393279502036,3.59952769634426,0
                102.392082764416,3.60108423710064,0
                102.390969291027,3.60270115064988,0
                102.38994213382,3.60437400483341,0
                102.389004108164,3.6060982141771,0
                102.38815778512,3.60786905246297,0
                102.387405484403,3.60968166568655,0
                102.386749268014,3.61153108536422,0
                102.386190934599,3.61341224215401,0
                102.38573201451,3.61531997975274,0
                102.385373765616,3.61724906903104,0
                102.385117169851,3.61919422236779,0
                102.384962930526,3.62115010814442,0
                102.384911470402,3.62311136535955,0
                102.384962930526,3.62507261832376,0
                102.385117169851,3.62702849139417,0
                102.385373765616,3.62897362370861,0
                102.38573201451,3.63090268387887,0
                102.386190934599,3.63281038460272,0
                102.386749268014,3.63469149715482,0
                102.387405484403,3.63654086571663,0
                102.38815778512,3.63835342150624,0
                102.389004108164,3.6401241966693,0
                102.38994213382,3.64184833789289,0
                102.390969291027,3.6435211197054,0
                102.392082764416,3.64513795742562,0
                102.393279502036,3.64669441972575,0
                102.394556223712,3.64818624077394,0
                102.395909430037,3.64960933192315,0
                102.397335411969,3.6509597929141,0
                102.398830260989,3.65223392256201,0
                102.40038987982,3.65342822889756,0
                102.402009993655,3.65453943873445,0
                102.403686161875,3.65556450663751,0
                102.405413790219,3.65650062326637,0
                102.407188143379,3.65734522307254,0
                102.409004357975,3.65809599132815,0
                102.410857455889,3.65875087046763,0
                102.41274235791,3.6593080657247,0
                102.41465389765,3.65976605004933,0
                102.416586835714,3.66012356829127,0
                102.418535874052,3.66037964063863,0
                102.420495670485,3.66053356530214,0
                102.422460853348,3.66058492043772,0
                102.424426036211,3.66053356530214,0
                102.426385832644,3.66037964063863,0
                102.428334870981,3.66012356829127,0
                102.430267809045,3.65976605004933,0
                102.432179348786,3.6593080657247,0
                102.434064250806,3.65875087046763,0
                102.435917348721,3.65809599132815,0
                102.437733563317,3.65734522307254,0
                102.439507916476,3.65650062326637,0
                102.441235544821,3.65556450663751,0
                102.442911713041,3.65453943873445,0
                102.444531826876,3.65342822889756,0
                102.446091445707,3.65223392256201,0
                102.447586294727,3.6509597929141,0
                102.449012276658,3.64960933192315,0
                102.450365482984,3.64818624077394,0
                102.451642204659,3.64669441972575,0
                102.452838942279,3.64513795742562,0
                102.453952415669,3.6435211197054,0
                102.454979572875,3.64184833789289,0
                102.455917598532,3.6401241966693,0
                102.456763921575,3.63835342150624,0
                102.457516222293,3.63654086571663,0
                102.458172438681,3.63469149715482,0
                102.458730772096,3.63281038460272,0
                102.459189692185,3.63090268387887,0
                102.45954794108,3.62897362370861,0
                102.459804536845,3.62702849139417,0
                102.459958776169,3.62507261832376,0
                102.460010236293,3.62311136535955,0
              </coordinates>
            </LinearRing>
          </outerBoundaryIs>
        </Polygon>
      </Placemark>
      <Placemark id="PHG_SE_15.29">
        <name>Pahang</name>
        <description>P.087 Kuala Krau</description>
        <Style>
          <LineStyle>
            <color>ff0000ff</color>
          </LineStyle>
          <PolyStyle>
            <fill>0</fill>
          </PolyStyle>
        </Style>
        <ExtendedData>
          <SchemaData schemaUrl="#PHG_SE_15">
            <SimpleData name="state">P.087</SimpleData>
            <SimpleData name="parlimen">N.29 Jengka</SimpleData>
            <SimpleData name="code_parlimen">N.29</SimpleData>
            <SimpleData name="dun">31359</SimpleData>
          </SchemaData>
        </ExtendedData>
        <Polygon>
          <outerBoundaryIs>
            <LinearRing>
              <coordinates>
                102.580966407365,3.68189103228937,0
                102.580892453847,3.67907268612213,0
                102.580670795996,3.67626205596826,0
                102.580302041359,3.6734668456858,0
                102.579787200669,3.67069471693932,0
                102.579127685067,3.6679532681977,0
                102.57832530224,3.66525001390443,0
                102.577382251463,3.66259236387736,0
                102.576301117573,3.65998760299466,0
                102.575084863883,3.65744287122254,0
                102.573736824059,3.65496514403963,0
                102.572260692986,3.65256121331164,0
                102.570660516636,3.65023766866894,0
                102.56894068098,3.64800087943797,0
                102.567105899969,3.64585697717626,0
                102.565161202611,3.64381183885888,0
                102.563111919185,3.64187107076262,0
                102.560963666635,3.64003999309198,0
                102.558722333171,3.63832362538936,0
                102.556394062134,3.63672667276937,0
                102.553985235152,3.63525351301522,0
                102.551502454652,3.6339081845725,0
                102.548952525763,3.63269437547339,0
                102.546342437663,3.63161541322183,0
                102.543679344422,3.63067425566717,0
                102.540970545394,3.62987348289171,0
                102.538223465209,3.62921529013413,0
                102.535445633421,3.62870148176852,0
                102.532644663876,3.62833346635527,0
                102.529828233835,3.62811225277767,0
                102.527004062938,3.62803844747469,0
                102.524179892042,3.62811225277767,0
                102.521363462001,3.62833346635527,0
                102.518562492456,3.62870148176852,0
                102.515784660668,3.62921529013413,0
                102.513037580483,3.62987348289171,0
                102.510328781454,3.63067425566717,0
                102.507665688214,3.63161541322183,0
                102.505055600114,3.63269437547339,0
                102.502505671225,3.6339081845725,0
                102.500022890725,3.63525351301522,0
                102.497614063743,3.63672667276937,0
                102.495285792706,3.63832362538936,0
                102.493044459242,3.64003999309198,0
                102.490896206692,3.64187107076262,0
                102.488846923266,3.64381183885888,0
                102.486902225907,3.64585697717626,0
                102.485067444897,3.64800087943797,0
                102.483347609241,3.65023766866894,0
                102.481747432891,3.65256121331164,0
                102.480271301818,3.65496514403963,0
                102.478923261994,3.65744287122254,0
                102.477707008304,3.65998760299466,0
                102.476625874414,3.66259236387736,0
                102.475682823637,3.66525001390443,0
                102.47488044081,3.6679532681977,0
                102.474220925208,3.67069471693932,0
                102.473706084517,3.6734668456858,0
                102.473337329881,3.67626205596826,0
                102.47311567203,3.67907268612213,0
                102.473041718512,3.68189103228937,0
                102.47311567203,3.68470936953567,0
                102.473337329881,3.68751997302439,0
                102.473706084517,3.69031513918971,0
                102.474220925208,3.69308720685038,0
                102.47488044081,3.6958285782068,0
                102.475682823637,3.69853173966333,0
                102.476625874414,3.70118928241924,0
                102.477707008304,3.70379392277167,0
                102.478923261994,3.70633852207496,0
                102.480271301818,3.70881610630183,0
                102.481747432891,3.71121988515283,0
                102.483347609241,3.71354327066159,0
                102.485067444897,3.71577989524517,0
                102.486902225907,3.71792362914997,0
                102.488846923266,3.71996859724545,0
                102.490896206692,3.7219091951198,0
                102.493044459242,3.72374010443354,0
                102.495285792706,3.72545630748881,0
                102.497614063743,3.7270531009749,0
                102.500022890725,3.72852610885211,0
                102.502505671225,3.72987129433886,0
                102.505055600114,3.73108497096918,0
                102.507665688214,3.73216381269055,0
                102.510328781454,3.73310486297411,0
                102.513037580483,3.73390554291288,0
                102.515784660668,3.7345636582853,0
                102.518562492456,3.73507740556514,0
                102.521363462001,3.73544537686128,0
                102.524179892042,3.73566656377378,0
                102.527004062938,3.73574036015581,0
                102.529828233835,3.73566656377378,0
                102.532644663876,3.73544537686128,0
                102.535445633421,3.73507740556514,0
                102.538223465209,3.7345636582853,0
                102.540970545394,3.73390554291288,0
                102.543679344422,3.73310486297411,0
                102.546342437663,3.73216381269055,0
                102.548952525763,3.73108497096918,0
                102.551502454652,3.72987129433886,0
                102.553985235152,3.72852610885211,0
                102.556394062134,3.7270531009749,0
                102.558722333171,3.72545630748881,0
                102.560963666635,3.72374010443354,0
                102.563111919185,3.7219091951198,0
                102.565161202611,3.71996859724545,0
                102.567105899969,3.71792362914997,0
                102.56894068098,3.71577989524517,0
                102.570660516636,3.71354327066159,0
                102.572260692986,3.71121988515283,0
                102.573736824059,3.70881610630183,0
                102.575084863883,3.70633852207496,0
                102.576301117573,3.70379392277167,0
                102.577382251463,3.70118928241924,0
                102.57832530224,3.69853173966333,0
                102.579127685067,3.6958285782068,0
                102.579787200669,3.69308720685038,0
                102.580302041359,3.69031513918971,0
                102.580670795996,3.68751997302439,0
                102.580892453847,3.68470936953567,0
                102.580966407365,3.68189103228937,0
              </coordinates>
            </LinearRing>
          </outerBoundaryIs>
        </Polygon>
      </Placemark>
      <Placemark id="PHG_SE_15.30">
        <name>Pahang</name>
        <description>P.088 Temerloh</description>
        <Style>
          <LineStyle>
            <color>ff0000ff</color>
          </LineStyle>
          <PolyStyle>
            <fill>0</fill>
          </PolyStyle>
        </Style>
        <ExtendedData>
          <SchemaData schemaUrl="#PHG_SE_15">
            <SimpleData name="state">P.088</SimpleData>
            <SimpleData name="parlimen">N.30 Mentakab</SimpleData>
            <SimpleData name="code_parlimen">N.30</SimpleData>
            <SimpleData name="dun">37269</SimpleData>
          </SchemaData>
        </ExtendedData>
        <Polygon>
          <outerBoundaryIs>
            <LinearRing>
              <coordinates>
                102.402100228638,3.48032168698159,0
                102.402019607002,3.47724854416888,0
                102.401777963074,3.47418381465221,0
                102.401375959183,3.47113589877381,0
                102.400814697193,3.46811315087098,0
                102.400095715485,3.46512385637509,0
                102.399220984738,3.46217620909846,0
                102.398192902527,3.4592782887716,0
                102.397014286754,3.45643803889246,0
                102.395688367924,3.45366324494824,0
                102.394218780288,3.45096151306979,0
                102.392609551882,3.44834024917693,0
                102.390865093492,3.44580663867216,0
                102.388990186555,3.44336762673826,0
                102.386989970062,3.44102989929401,0
                102.384869926466,3.43879986466039,0
                102.38263586666,3.43668363598733,0
                102.380293914046,3.43468701448955,0
                102.377850487754,3.43281547353741,0
                102.375312285046,3.43107414364646,0
                102.372686262958,3.42946779840686,0
                102.369979619235,3.42800084139155,0
                102.367199772599,3.42667729407885,0
                102.364354342416,3.42550078482284,0
                102.361451127813,3.42447453890185,0
                102.358498086299,3.42360136967226,0
                102.355503311955,3.4228836708521,0
                102.35247501325,3.4223234099554,0
                102.349421490541,3.42192212289574,0
                102.34635111332,3.4216809097733,0
                102.343272297279,3.42160043185753,0
                102.340193481238,3.4216809097733,0
                102.337123104017,3.42192212289574,0
                102.334069581308,3.4223234099554,0
                102.331041282603,3.4228836708521,0
                102.328046508259,3.42360136967226,0
                102.325093466745,3.42447453890185,0
                102.322190252142,3.42550078482284,0
                102.319344821959,3.42667729407885,0
                102.316564975323,3.42800084139155,0
                102.3138583316,3.42946779840686,0
                102.311232309512,3.43107414364646,0
                102.308694106804,3.43281547353741,0
                102.306250680512,3.43468701448955,0
                102.303908727898,3.43668363598733,0
                102.301674668092,3.43879986466039,0
                102.299554624496,3.44102989929401,0
                102.297554408003,3.44336762673826,0
                102.295679501066,3.44580663867216,0
                102.293935042676,3.44834024917693,0
                102.29232581427,3.45096151306979,0
                102.290856226634,3.45366324494824,0
                102.289530307804,3.45643803889246,0
                102.288351692031,3.4592782887716,0
                102.28732360982,3.46217620909846,0
                102.286448879073,3.46512385637509,0
                102.285729897365,3.46811315087098,0
                102.285168635375,3.47113589877381,0
                102.284766631484,3.47418381465221,0
                102.284524987556,3.47724854416888,0
                102.284444365921,3.48032168698159,0
                102.284524987556,3.48339481976957,0
                102.284766631484,3.48645951932188,0
                102.285168635375,3.48950738562458,0
                102.285729897365,3.49253006488353,0
                102.286448879073,3.49551927241945,0
                102.28732360982,3.49846681537278,0
                102.288351692031,3.50136461515596,0
                102.289530307804,3.5042047295918,0
                102.290856226634,3.506979374677,0
                102.29232581427,3.50968094591166,0
                102.293935042676,3.51230203913599,0
                102.295679501066,3.51483547081741,0
                102.297554408003,3.51727429773234,0
                102.299554624496,3.5196118359891,0
                102.301674668092,3.52184167933951,0
                102.303908727898,3.52395771672938,0
                102.306250680512,3.5259541490397,0
                102.308694106804,3.5278255049729,0
                102.311232309512,3.52956665604054,0
                102.3138583316,3.5311728306117,0
                102.316564975323,3.53263962698329,0
                102.319344821959,3.53396302543706,0
                102.322190252142,3.53513939924984,0
                102.325093466745,3.53616552462724,0
                102.328046508259,3.53703858953358,0
                102.331041282603,3.53775620139386,0
                102.334069581308,3.53831639364674,0
                102.337123104017,3.53871763113075,0
                102.340193481238,3.53895881428884,0
                102.343272297279,3.53903928217988,0
                102.34635111332,3.53895881428884,0
                102.349421490541,3.53871763113075,0
                102.35247501325,3.53831639364674,0
                102.355503311955,3.53775620139386,0
                102.358498086299,3.53703858953358,0
                102.361451127813,3.53616552462724,0
                102.364354342416,3.53513939924984,0
                102.367199772599,3.53396302543706,0
                102.369979619235,3.53263962698329,0
                102.372686262958,3.5311728306117,0
                102.375312285046,3.52956665604054,0
                102.377850487754,3.5278255049729,0
                102.380293914046,3.5259541490397,0
                102.38263586666,3.52395771672938,0
                102.384869926466,3.52184167933951,0
                102.386989970062,3.5196118359891,0
                102.388990186555,3.51727429773234,0
                102.390865093492,3.51483547081741,0
                102.392609551882,3.51230203913599,0
                102.394218780288,3.50968094591166,0
                102.395688367924,3.506979374677,0
                102.397014286754,3.5042047295918,0
                102.398192902527,3.50136461515596,0
                102.399220984738,3.49846681537278,0
                102.400095715485,3.49551927241945,0
                102.400814697193,3.49253006488353,0
                102.401375959183,3.48950738562458,0
                102.401777963074,3.48645951932188,0
                102.402019607002,3.48339481976957,0
                102.402100228638,3.48032168698159,0
              </coordinates>
            </LinearRing>
          </outerBoundaryIs>
        </Polygon>
      </Placemark>
      <Placemark id="PHG_SE_15.31">
        <name>Pahang</name>
        <description>P.088 Temerloh</description>
        <Style>
          <LineStyle>
            <color>ff0000ff</color>
          </LineStyle>
          <PolyStyle>
            <fill>0</fill>
          </PolyStyle>
        </Style>
        <ExtendedData>
          <SchemaData schemaUrl="#PHG_SE_15">
            <SimpleData name="state">P.088</SimpleData>
            <SimpleData name="parlimen">N.31 Lanchang</SimpleData>
            <SimpleData name="code_parlimen">N.31</SimpleData>
            <SimpleData name="dun">32774</SimpleData>
          </SchemaData>
        </ExtendedData>
        <Polygon>
          <outerBoundaryIs>
            <LinearRing>
              <coordinates>
                102.249346678601,3.51258407349937,0
                102.249271075004,3.50970230813093,0
                102.249044471438,3.50682843262786,0
                102.248667489006,3.50397032419943,0
                102.248141160992,3.50113581690963,0
                102.247466930024,3.49833268020231,0
                102.246646644122,3.49556859760288,0
                102.245682551633,3.49285114565466,0
                102.244577295068,3.49018777314777,0
                102.243333903857,3.48758578069765,0
                102.24195578605,3.48505230072912,0
                102.240446718972,3.48259427792088,0
                102.238810838871,3.48021845016418,0
                102.237052629581,3.477931330088,0
                102.23517691023,3.4757391872012,0
                102.233188822035,3.47364803070098,0
                102.231093814209,3.47166359299453,0
                102.228897629021,3.46979131397954,0
                102.226606286063,3.46803632612612,0
                102.224226065746,3.4664034404018,0
                102.221763492088,3.46489713307772,0
                102.219225314834,3.46352153345247,0
                102.216618490951,3.46228041252744,0
                102.213950165561,3.46117717266444,0
                102.211227652359,3.46021483825429,0
                102.208458413564,3.45939604742201,0
                102.205650039468,3.45872304479116,0
                102.202810227628,3.45819767532745,0
                102.199946761772,3.45782137927854,0
                102.19706749046,3.45759518822369,0
                102.194180305576,3.45751972224443,0
                102.191293120691,3.45759518822369,0
                102.188413849379,3.45782137927854,0
                102.185550383523,3.45819767532745,0
                102.182710571684,3.45872304479116,0
                102.179902197588,3.45939604742201,0
                102.177132958793,3.46021483825429,0
                102.174410445591,3.46117717266444,0
                102.171742120201,3.46228041252744,0
                102.169135296317,3.46352153345247,0
                102.166597119063,3.46489713307772,0
                102.164134545406,3.4664034404018,0
                102.161754325089,3.46803632612612,0
                102.159462982131,3.46979131397954,0
                102.157266796943,3.47166359299453,0
                102.155171789116,3.47364803070098,0
                102.153183700922,3.4757391872012,0
                102.151307981571,3.477931330088,0
                102.14954977228,3.48021845016418,0
                102.147913892179,3.48259427792088,0
                102.146404825101,3.48505230072912,0
                102.145026707294,3.48758578069765,0
                102.143783316084,3.49018777314777,0
                102.142678059518,3.49285114565466,0
                102.14171396703,3.49556859760288,0
                102.140893681128,3.49833268020231,0
                102.14021945016,3.50113581690963,0
                102.139693122146,3.50397032419943,0
                102.139316139714,3.50682843262786,0
                102.139089536147,3.50970230813093,0
                102.13901393255,3.51258407349937,0
                102.139089536147,3.51546582997086,0
                102.139316139714,3.51833967888051,0
                102.139693122146,3.52119774331042,0
                102.14021945016,3.52403218967869,0
                102.140893681128,3.52683524920889,0
                102.14171396703,3.52959923922121,0
                102.142678059518,3.53231658418675,0
                102.143783316084,3.53497983648749,0
                102.145026707294,3.53758169682499,0
                102.146404825101,3.5401150342219,0
                102.147913892179,3.54257290556155,0
                102.14954977228,3.54494857461223,0
                102.151307981571,3.54723553048378,0
                102.153183700922,3.54942750546638,0
                102.155171789116,3.55151849220246,0
                102.157266796943,3.55350276014473,0
                102.159462982131,3.55537487125555,0
                102.161754325089,3.55712969490437,0
                102.164134545406,3.55876242192271,0
                102.166597119063,3.56026857777828,0
                102.169135296317,3.56164403483195,0
                102.171742120201,3.56288502364442,0
                102.174410445591,3.56398814330134,0
                102.177132958793,3.56495037072885,0
                102.179902197588,3.56576906897409,0
                102.182710571684,3.56644199442789,0
                102.185550383523,3.5669673029701,0
                102.188413849379,3.56734355502053,0
                102.191293120691,3.56756971948196,0
                102.194180305576,3.56764517656429,0
                102.19706749046,3.56756971948196,0
                102.199946761772,3.56734355502053,0
                102.202810227628,3.5669673029701,0
                102.205650039468,3.56644199442789,0
                102.208458413564,3.56576906897409,0
                102.211227652359,3.56495037072885,0
                102.213950165561,3.56398814330134,0
                102.216618490951,3.56288502364442,0
                102.219225314834,3.56164403483195,0
                102.221763492088,3.56026857777828,0
                102.224226065746,3.55876242192271,0
                102.226606286063,3.55712969490437,0
                102.228897629021,3.55537487125555,0
                102.231093814209,3.55350276014473,0
                102.233188822035,3.55151849220246,0
                102.23517691023,3.54942750546638,0
                102.237052629581,3.54723553048378,0
                102.238810838871,3.54494857461223,0
                102.240446718972,3.54257290556155,0
                102.24195578605,3.5401150342219,0
                102.243333903857,3.53758169682499,0
                102.244577295068,3.53497983648749,0
                102.245682551633,3.53231658418675,0
                102.246646644122,3.52959923922121,0
                102.247466930024,3.52683524920889,0
                102.248141160992,3.52403218967869,0
                102.248667489006,3.52119774331042,0
                102.249044471438,3.51833967888051,0
                102.249271075004,3.51546582997086,0
                102.249346678601,3.51258407349937,0
              </coordinates>
            </LinearRing>
          </outerBoundaryIs>
        </Polygon>
      </Placemark>
      <Placemark id="PHG_SE_15.32">
        <name>Pahang</name>
        <description>P.088 Temerloh</description>
        <Style>
          <LineStyle>
            <color>ff0000ff</color>
          </LineStyle>
          <PolyStyle>
            <fill>0</fill>
          </PolyStyle>
        </Style>
        <ExtendedData>
          <SchemaData schemaUrl="#PHG_SE_15">
            <SimpleData name="state">P.088</SimpleData>
            <SimpleData name="parlimen">N.32 Kuala Semantan</SimpleData>
            <SimpleData name="code_parlimen">N.32</SimpleData>
            <SimpleData name="dun">36786</SimpleData>
          </SchemaData>
        </ExtendedData>
        <Polygon>
          <outerBoundaryIs>
            <LinearRing>
              <coordinates>
                102.517403648867,3.46112584099906,0
                102.517323551356,3.45807261485569,0
                102.517083478367,3.45502774760147,0
                102.516684087923,3.4519995851351,0
                102.516126474724,3.44899642764727,0
                102.515412167151,3.44602650686804,0
                102.51454312307,3.44309796350102,0
                102.513521724471,3.4402188249063,0
                102.512350770936,3.43739698309314,0
                102.511033471968,3.43464017308328,0
                102.509573438191,3.43195595170355,0
                102.507974671458,3.4293516768666,0
                102.506241553875,3.42683448739619,0
                102.504378835798,3.42441128345278,0
                102.502391622809,3.42208870761263,0
                102.500285361718,3.41987312665301,0
                102.498065825642,3.417770614093,0
                102.495739098175,3.41578693353815,0
                102.493311556715,3.41392752287442,0
                102.490789854985,3.41219747935527,0
                102.488180904793,3.41060154562238,0
                102.485491857091,3.40914409669875,0
                102.482730082371,3.40782912798971,0
                102.479903150467,3.40666024432495,0
                102.477018809801,3.40564065007149,0
                102.474084966152,3.40477314034501,0
                102.471109660981,3.40406009334346,0
                102.468101049392,3.40350346382415,0
                102.46506737778,3.40310477774216,0
                102.46201696123,3.40286512806494,0
                102.458958160719,3.40278517177442,0
                102.455899360209,3.40286512806494,0
                102.452848943658,3.40310477774216,0
                102.449815272047,3.40350346382415,0
                102.446806660458,3.40406009334346,0
                102.443831355287,3.40477314034501,0
                102.440897511637,3.40564065007149,0
                102.438013170972,3.40666024432495,0
                102.435186239067,3.40782912798971,0
                102.432424464348,3.40914409669875,0
                102.429735416646,3.41060154562238,0
                102.427126466454,3.41219747935527,0
                102.424604764723,3.41392752287442,0
                102.422177223263,3.41578693353815,0
                102.419850495796,3.417770614093,0
                102.417630959721,3.41987312665301,0
                102.41552469863,3.42208870761263,0
                102.41353748564,3.42441128345278,0
                102.411674767564,3.42683448739619,0
                102.409941649981,3.4293516768666,0
                102.408342883247,3.43195595170355,0
                102.406882849471,3.43464017308328,0
                102.405565550503,3.43739698309314,0
                102.404394596968,3.4402188249063,0
                102.403373198369,3.44309796350102,0
                102.402504154288,3.44602650686804,0
                102.401789846714,3.44899642764727,0
                102.401232233516,3.4519995851351,0
                102.400832843071,3.45502774760147,0
                102.400592770082,3.45807261485569,0
                102.400512672572,3.46112584099906,0
                102.400592770082,3.46417905730191,0
                102.400832843071,3.46722389514245,0
                102.401232233516,3.47025200894418,0
                102.401789846714,3.47325509904963,0
                102.402504154288,3.47622493446697,0
                102.403373198369,3.47915337542786,0
                102.404394596968,3.4820323956942,0
                102.405565550503,3.48485410455311,0
                102.406882849471,3.48761076843958,0
                102.408342883247,3.49029483212772,0
                102.409941649981,3.49289893943259,0
                102.411674767564,3.49541595336591,0
                102.41353748564,3.4978389756905,0
                102.41552469863,3.50016136581993,0
                102.417630959721,3.50237675901161,0
                102.419850495796,3.50447908380367,0
                102.422177223263,3.50646257864783,0
                102.424604764723,3.50832180769278,0
                102.427126466454,3.51005167567491,0
                102.429735416646,3.51164744187578,0
                102.432424464348,3.51310473310789,0
                102.435186239067,3.5144195556936,0
                102.438013170972,3.51558830640421,0
                102.440897511637,3.51660778232936,0
                102.443831355287,3.51747518964978,0
                102.446806660458,3.51818815128953,0
                102.449815272047,3.51874471342651,0
                102.452848943658,3.5191433508439,0
                102.455899360209,3.51938297110745,0
                102.458958160719,3.51946291755748,0
                102.46201696123,3.51938297110745,0
                102.46506737778,3.5191433508439,0
                102.468101049392,3.51874471342651,0
                102.471109660981,3.51818815128953,0
                102.474084966152,3.51747518964978,0
                102.477018809801,3.51660778232936,0
                102.479903150467,3.51558830640421,0
                102.482730082371,3.5144195556936,0
                102.485491857091,3.51310473310789,0
                102.488180904793,3.51164744187578,0
                102.490789854985,3.51005167567491,0
                102.493311556715,3.50832180769278,0
                102.495739098175,3.50646257864783,0
                102.498065825642,3.50447908380367,0
                102.500285361718,3.50237675901161,0
                102.502391622809,3.50016136581993,0
                102.504378835798,3.4978389756905,0
                102.506241553875,3.49541595336591,0
                102.507974671458,3.49289893943259,0
                102.509573438191,3.49029483212772,0
                102.511033471968,3.48761076843958,0
                102.512350770936,3.48485410455311,0
                102.513521724471,3.4820323956942,0
                102.51454312307,3.47915337542786,0
                102.515412167151,3.47622493446697,0
                102.516126474724,3.47325509904963,0
                102.516684087923,3.47025200894418,0
                102.517083478367,3.46722389514245,0
                102.517323551356,3.46417905730191,0
                102.517403648867,3.46112584099906,0
              </coordinates>
            </LinearRing>
          </outerBoundaryIs>
        </Polygon>
      </Placemark>
      <Placemark id="PHG_SE_15.33">
        <name>Pahang</name>
        <description>P.089 Bentong</description>
        <Style>
          <LineStyle>
            <color>ff0000ff</color>
          </LineStyle>
          <PolyStyle>
            <fill>0</fill>
          </PolyStyle>
        </Style>
        <ExtendedData>
          <SchemaData schemaUrl="#PHG_SE_15">
            <SimpleData name="state">P.089</SimpleData>
            <SimpleData name="parlimen">N.33 Bilut</SimpleData>
            <SimpleData name="code_parlimen">N.33</SimpleData>
            <SimpleData name="dun">24286</SimpleData>
          </SchemaData>
        </ExtendedData>
        <Polygon>
          <outerBoundaryIs>
            <LinearRing>
              <coordinates>
                101.920497039333,3.57859695884867,0
                101.920431958106,3.57611644987438,0
                101.92023689281,3.57364273311894,0
                101.919912378104,3.57118258895496,0
                101.919459303461,3.56874276060731,0
                101.918878910727,3.56632993566871,0
                101.918172790718,3.56395072776746,0
                101.91734287886,3.56161165843712,0
                101.916391449884,3.55931913923826,0
                101.915321111589,3.55707945418117,0
                101.914134797701,3.55489874249763,0
                101.912835759821,3.55278298180922,0
                101.911427558523,3.55073797173821,0
                101.909914053588,3.54876931800612,0
                101.908299393429,3.54688241706334,0
                101.906588003716,3.54508244129242,0
                101.90478457525,3.54337432482524,0
                101.902894051104,3.54176275001317,0
                101.900921613071,3.54025213458742,0
                101.898872667468,3.53884661954476,0
                101.896752830312,3.53755005779187,0
                101.89456791193,3.5363660035794,0
                101.892323901031,3.53529770275513,0
                101.890026948292,3.53434808386253,0
                101.887683349502,3.53351975010941,0
                101.885299528303,3.5328149722288,0
                101.882882018581,3.53223568225145,0
                101.880437446564,3.53178346820725,0
                101.877972512653,3.53145956976991,0
                101.87549397306,3.53126487485722,0
                101.873008621292,3.53119991719577,0
                101.870523269523,3.53126487485722,0
                101.868044729931,3.53145956976991,0
                101.86557979602,3.53178346820725,0
                101.863135224003,3.53223568225145,0
                101.860717714281,3.5328149722288,0
                101.858333893081,3.53351975010941,0
                101.855990294291,3.53434808386253,0
                101.853693341553,3.53529770275513,0
                101.851449330654,3.5363660035794,0
                101.849264412272,3.53755005779187,0
                101.847144575116,3.53884661954476,0
                101.845095629513,3.54025213458742,0
                101.84312319148,3.54176275001317,0
                101.841232667333,3.54337432482524,0
                101.839429238867,3.54508244129242,0
                101.837717849155,3.54688241706334,0
                101.836103188996,3.54876931800612,0
                101.834589684061,3.55073797173821,0
                101.833181482763,3.55278298180922,0
                101.831882444883,3.55489874249763,0
                101.830696130994,3.55707945418117,0
                101.8296257927,3.55931913923826,0
                101.828674363724,3.56161165843712,0
                101.827844451866,3.56395072776746,0
                101.827138331857,3.56632993566871,0
                101.826557939123,3.56874276060731,0
                101.82610486448,3.57118258895496,0
                101.825780349774,3.57364273311894,0
                101.825585284478,3.57611644987438,0
                101.825520203251,3.57859695884867,0
                101.825585284478,3.58107746110691,0
                101.825780349774,3.58355115778783,0
                101.82610486448,3.58601126873871,0
                101.826557939123,3.58845105109861,0
                101.827138331857,3.59086381777863,0
                101.827844451866,3.59324295578881,0
                101.828674363724,3.59558194436129,0
                101.8296257927,3.5978743728203,0
                101.830696130994,3.60011395814975,0
                101.831882444883,3.60229456221046,0
                101.833181482763,3.60441020856001,0
                101.834589684061,3.60645509882884,0
                101.836103188996,3.60842362860802,0
                101.837717849155,3.61031040280521,0
                101.839429238867,3.61211025042651,0
                101.841232667333,3.61381823874407,0
                101.84312319148,3.61542968681058,0
                101.845095629513,3.61694017828343,0
                101.847144575116,3.61834557352393,0
                101.849264412272,3.61964202093801,0
                101.851449330654,3.62082596752768,0
                101.853693341553,3.62189416862433,0
                101.855990294291,3.62284369677714,0
                101.858333893081,3.62367194977243,0
                101.860717714281,3.62437665776198,0
                101.863135224003,3.6249558894808,0
                101.86557979602,3.62540805753728,0
                101.868044729931,3.62573192276154,0
                101.870523269523,3.62592659759971,0
                101.873008621292,3.62599154854513,0
                101.87549397306,3.62592659759971,0
                101.877972512653,3.62573192276154,0
                101.880437446564,3.62540805753728,0
                101.882882018581,3.6249558894808,0
                101.885299528303,3.62437665776198,0
                101.887683349502,3.62367194977243,0
                101.890026948292,3.62284369677714,0
                101.892323901031,3.62189416862433,0
                101.89456791193,3.62082596752768,0
                101.896752830312,3.61964202093801,0
                101.898872667468,3.61834557352393,0
                101.900921613071,3.61694017828343,0
                101.902894051104,3.61542968681058,0
                101.90478457525,3.61381823874407,0
                101.906588003716,3.61211025042651,0
                101.908299393429,3.61031040280521,0
                101.909914053588,3.60842362860802,0
                101.911427558523,3.60645509882884,0
                101.912835759821,3.60441020856001,0
                101.914134797701,3.60229456221046,0
                101.915321111589,3.60011395814975,0
                101.916391449884,3.5978743728203,0
                101.91734287886,3.59558194436129,0
                101.918172790718,3.59324295578881,0
                101.918878910727,3.59086381777863,0
                101.919459303461,3.58845105109861,0
                101.919912378104,3.58601126873871,0
                101.92023689281,3.58355115778783,0
                101.920431958106,3.58107746110691,0
                101.920497039333,3.57859695884867,0
              </coordinates>
            </LinearRing>
          </outerBoundaryIs>
        </Polygon>
      </Placemark>
      <Placemark id="PHG_SE_15.34">
        <name>Pahang</name>
        <description>P.089 Bentong</description>
        <Style>
          <LineStyle>
            <color>ff0000ff</color>
          </LineStyle>
          <PolyStyle>
            <fill>0</fill>
          </PolyStyle>
        </Style>
        <ExtendedData>
          <SchemaData schemaUrl="#PHG_SE_15">
            <SimpleData name="state">P.089</SimpleData>
            <SimpleData name="parlimen">N.34 Ketari</SimpleData>
            <SimpleData name="code_parlimen">N.34</SimpleData>
            <SimpleData name="dun">30758</SimpleData>
          </SchemaData>
        </ExtendedData>
        <Polygon>
          <outerBoundaryIs>
            <LinearRing>
              <coordinates>
                101.93789186601,3.42171774440175,0
                101.937818624586,3.41892574943171,0
                101.937599101063,3.41614139903108,0
                101.937233897141,3.41337232501702,0
                101.936724013818,3.41062611740029,0
                101.936070848648,3.40791030357951,0
                101.935276191912,3.40523232770645,0
                101.934342221709,3.40259953027885,0
                101.933271497986,3.40001912801669,0
                101.932066955523,3.39749819407721,0
                101.930731895886,3.39504363866283,0
                101.929269978382,3.39266219007529,0
                101.927685210024,3.39036037626799,0
                101.925981934553,3.38814450694713,0
                101.924164820528,3.38602065627063,0
                101.922238848532,3.38399464619278,0
                101.920209297521,3.38207203049964,0
                101.918081730353,3.38025807957976,0
                101.915861978542,3.37855776597155,0
                101.913556126273,3.37697575072699,0
                101.911170493727,3.37551637062956,0
                101.908711619757,3.37418362630098,0
                101.906186243966,3.3729811712297,0
                101.903601288233,3.37191230175125,0
                101.900963837742,3.37097994800794,0
                101.898281121561,3.37018666591278,0
                101.895560492829,3.36953463013952,0
                101.892809408601,3.36902562815849,0
                101.890035409407,3.36866105533411,0
                101.887246098586,3.36844191109786,0
                101.884449121445,3.3683687962072,0
                101.881652144304,3.36844191109786,0
                101.878862833483,3.36866105533411,0
                101.876088834289,3.36902562815849,0
                101.873337750061,3.36953463013952,0
                101.870617121329,3.37018666591278,0
                101.867934405149,3.37097994800794,0
                101.865296954657,3.37191230175125,0
                101.862711998924,3.3729811712297,0
                101.860186623133,3.37418362630098,0
                101.857727749163,3.37551637062956,0
                101.855342116617,3.37697575072699,0
                101.853036264348,3.37855776597155,0
                101.850816512537,3.38025807957976,0
                101.848688945369,3.38207203049964,0
                101.846659394358,3.38399464619278,0
                101.844733422363,3.38602065627063,0
                101.842916308338,3.38814450694713,0
                101.841213032866,3.39036037626799,0
                101.839628264509,3.39266219007529,0
                101.838166347004,3.39504363866283,0
                101.836831287368,3.39749819407721,0
                101.835626744904,3.40001912801669,0
                101.834556021181,3.40259953027885,0
                101.833622050978,3.40523232770645,0
                101.832827394242,3.40791030357951,0
                101.832174229073,3.41062611740029,0
                101.831664345749,3.41337232501702,0
                101.831299141827,3.41614139903108,0
                101.831079618305,3.41892574943171,0
                101.831006376881,3.42171774440175,0
                101.831079618305,3.42450973123703,0
                101.831299141827,3.42729405732259,0
                101.831664345749,3.43006309110761,0
                101.832174229073,3.43280924302209,0
                101.832827394242,3.43552498627773,0
                101.833622050978,3.43820287749587,0
                101.834556021181,3.44083557710626,0
                101.835626744904,3.44341586946063,0
                101.836831287368,3.44593668260593,0
                101.838166347004,3.44839110766318,0
                101.839628264509,3.45077241775885,0
                101.841213032866,3.45307408645687,0
                101.842916308338,3.45528980564095,0
                101.844733422363,3.45741350279803,0
                101.846659394358,3.45943935765588,0
                101.848688945369,3.46136181812899,0
                101.850816512537,3.46317561552948,0
                101.853036264348,3.46487577900093,0
                101.855342116617,3.46645764913626,0
                101.857727749163,3.46791689074186,0
                101.860186623133,3.46924950471335,0
                101.862711998924,3.47045183899049,0
                101.865296954657,3.47152059856122,0
                101.867934405149,3.47245285448738,0
                101.870617121329,3.47324605192769,0
                101.873337750061,3.47389801713584,0
                101.876088834289,3.47440696341467,0
                101.878862833483,3.47477149601003,0
                101.881652144304,3.47499061593121,0
                101.884449121445,3.47506372268713,0
                101.887246098586,3.47499061593121,0
                101.890035409407,3.47477149601003,0
                101.892809408601,3.47440696341467,0
                101.895560492829,3.47389801713584,0
                101.898281121561,3.47324605192769,0
                101.900963837742,3.47245285448738,0
                101.903601288233,3.47152059856122,0
                101.906186243966,3.47045183899049,0
                101.908711619757,3.46924950471335,0
                101.911170493727,3.46791689074186,0
                101.913556126273,3.46645764913626,0
                101.915861978542,3.46487577900093,0
                101.918081730353,3.46317561552948,0
                101.920209297521,3.46136181812899,0
                101.922238848532,3.45943935765588,0
                101.924164820528,3.45741350279803,0
                101.925981934553,3.45528980564095,0
                101.927685210024,3.45307408645687,0
                101.929269978382,3.45077241775885,0
                101.930731895886,3.44839110766318,0
                101.932066955523,3.44593668260593,0
                101.933271497986,3.44341586946063,0
                101.934342221709,3.44083557710626,0
                101.935276191912,3.43820287749587,0
                101.936070848648,3.43552498627773,0
                101.936724013818,3.43280924302209,0
                101.937233897141,3.43006309110761,0
                101.937599101063,3.42729405732259,0
                101.937818624586,3.42450973123703,0
                101.93789186601,3.42171774440175,0
              </coordinates>
            </LinearRing>
          </outerBoundaryIs>
        </Polygon>
      </Placemark>
      <Placemark id="PHG_SE_15.35">
        <name>Pahang</name>
        <description>P.089 Bentong</description>
        <Style>
          <LineStyle>
            <color>ff0000ff</color>
          </LineStyle>
          <PolyStyle>
            <fill>0</fill>
          </PolyStyle>
        </Style>
        <ExtendedData>
          <SchemaData schemaUrl="#PHG_SE_15">
            <SimpleData name="state">P.089</SimpleData>
            <SimpleData name="parlimen">N.35 Sabai</SimpleData>
            <SimpleData name="code_parlimen">N.35</SimpleData>
            <SimpleData name="dun">15643</SimpleData>
          </SchemaData>
        </ExtendedData>
        <Polygon>
          <outerBoundaryIs>
            <LinearRing>
              <coordinates>
                102.060943430222,3.40297391669643,0
                102.06089119809,3.40098276707475,0
                102.060734644857,3.39899707096043,0
                102.060474199626,3.39702227106133,0
                102.060110576259,3.39506378025253,0
                102.059644771422,3.39312696673893,0
                102.059078061854,3.39121713934022,0
                102.058412000866,3.38933953293797,0
                102.057648414085,3.38749929412529,0
                102.056789394449,3.38570146709813,0
                102.055837296473,3.38395097982694,0
                102.054794729789,3.38225263054669,0
                102.053664552001,3.38061107460226,0
                102.052449860847,3.3790308116853,0
                102.051153985712,3.37751617349767,0
                102.0497804785,3.37607131187507,0
                102.048333103897,3.37470018740373,0
                102.046815829057,3.37340655856119,0
                102.045232812726,3.37219397141112,0
                102.04358839384,3.37106574988033,0
                102.041887079638,3.37002498664478,0
                102.040133533304,3.36907453464952,0
                102.038332561186,3.36821699928588,0
                102.036489099624,3.3674547312473,0
                102.034608201417,3.36678982008365,0
                102.032695021977,3.3662240884714,0
                102.030754805196,3.36575908721566,0
                102.028792869073,3.36539609099759,0
                102.026814591139,3.36513609487907,0
                102.024825393715,3.36497981157409,0
                102.022830729055,3.36492766949424,0
                102.020836064394,3.36497981157409,0
                102.018846866971,3.36513609487907,0
                102.016868589036,3.36539609099759,0
                102.014906652913,3.36575908721566,0
                102.012966436132,3.3662240884714,0
                102.011053256692,3.36678982008365,0
                102.009172358485,3.3674547312473,0
                102.007328896923,3.36821699928588,0
                102.005527924805,3.36907453464952,0
                102.003774378471,3.37002498664478,0
                102.002073064269,3.37106574988033,0
                102.000428645383,3.37219397141112,0
                101.998845629052,3.37340655856119,0
                101.997328354212,3.37470018740373,0
                101.99588097961,3.37607131187507,0
                101.994507472397,3.37751617349767,0
                101.993211597262,3.3790308116853,0
                101.991996906108,3.38061107460226,0
                101.99086672832,3.38225263054669,0
                101.989824161637,3.38395097982694,0
                101.98887206366,3.38570146709813,0
                101.988013044024,3.38749929412529,0
                101.987249457243,3.38933953293797,0
                101.986583396255,3.39121713934022,0
                101.986016686687,3.39312696673893,0
                101.98555088185,3.39506378025253,0
                101.985187258483,3.39702227106133,0
                101.984926813252,3.39899707096043,0
                101.984770260019,3.40098276707475,0
                101.984718027887,3.40297391669643,0
                101.984770260019,3.40496506220349,0
                101.984926813252,3.40695074601899,0
                101.985187258483,3.40892552556981,0
                101.98555088185,3.41088398820386,0
                101.986016686687,3.41282076602486,0
                101.986583396255,3.41473055060425,0
                101.987249457243,3.41660810752955,0
                101.988013044024,3.41844829074974,0
                101.98887206366,3.42024605667794,0
                101.989824161637,3.42199647801314,0
                101.99086672832,3.42369475724277,0
                101.991996906108,3.42533623978944,0
                101.993211597262,3.42691642676564,0
                101.994507472397,3.42843098730155,0
                101.99588097961,3.42987577041225,0
                101.997328354212,3.43124681637169,0
                101.998845629052,3.43254036756253,0
                102.000428645383,3.43375287877186,0
                102.002073064269,3.43488102690489,0
                102.003774378471,3.43592172008982,0
                102.005527924805,3.43687210614909,0
                102.007328896923,3.43772958041381,0
                102.009172358485,3.43849179285992,0
                102.011053256692,3.43915665454661,0
                102.012966436132,3.43972234333954,0
                102.014906652913,3.44018730890273,0
                102.016868589036,3.44055027694604,0
                102.018846866971,3.44081025271629,0
                102.020836064394,3.44096652372247,0
                102.022830729055,3.44101866168768,0
                102.024825393715,3.44096652372247,0
                102.026814591139,3.44081025271629,0
                102.028792869073,3.44055027694604,0
                102.030754805196,3.44018730890273,0
                102.032695021977,3.43972234333954,0
                102.034608201417,3.43915665454661,0
                102.036489099624,3.43849179285992,0
                102.038332561186,3.43772958041381,0
                102.040133533304,3.43687210614909,0
                102.041887079638,3.43592172008982,0
                102.04358839384,3.43488102690489,0
                102.045232812726,3.43375287877186,0
                102.046815829057,3.43254036756253,0
                102.048333103897,3.43124681637169,0
                102.0497804785,3.42987577041225,0
                102.051153985712,3.42843098730155,0
                102.052449860847,3.42691642676564,0
                102.053664552001,3.42533623978944,0
                102.054794729789,3.42369475724277,0
                102.055837296473,3.42199647801314,0
                102.056789394449,3.42024605667794,0
                102.057648414085,3.41844829074974,0
                102.058412000866,3.41660810752955,0
                102.059078061854,3.41473055060425,0
                102.059644771422,3.41282076602486,0
                102.060110576259,3.41088398820386,0
                102.060474199626,3.40892552556981,0
                102.060734644857,3.40695074601899,0
                102.06089119809,3.40496506220349,0
                102.060943430222,3.40297391669643,0
              </coordinates>
            </LinearRing>
          </outerBoundaryIs>
        </Polygon>
      </Placemark>
      <Placemark id="PHG_SE_15.36">
        <name>Pahang</name>
        <description>P.089 Bentong</description>
        <Style>
          <LineStyle>
            <color>ff0000ff</color>
          </LineStyle>
          <PolyStyle>
            <fill>0</fill>
          </PolyStyle>
        </Style>
        <ExtendedData>
          <SchemaData schemaUrl="#PHG_SE_15">
            <SimpleData name="state">P.089</SimpleData>
            <SimpleData name="parlimen">N.36 Pelangai</SimpleData>
            <SimpleData name="code_parlimen">N.36</SimpleData>
            <SimpleData name="dun">16371</SimpleData>
          </SchemaData>
        </ExtendedData>
        <Polygon>
          <outerBoundaryIs>
            <LinearRing>
              <coordinates>
                102.206101289695,3.26699018355044,0
                102.206047855984,3.2649529466559,0
                102.205887701309,3.2629212895708,0
                102.205621264643,3.26090078097927,0
                102.20524927627,3.25889695904125,0
                102.204772755784,3.25691531621191,0
                102.204193009295,3.25496128418574,0
                102.203511625848,3.25304021900713,0
                102.202730473068,3.25115738638779,0
                102.201851692039,3.24931794727147,0
                102.200877691441,3.24752694368577,0
                102.199811140939,3.24578928491939,0
                102.198654963877,3.24410973406316,0
                102.197412329253,3.24249289495161,0
                102.196086643044,3.24094319954087,0
                102.194681538863,3.2394648957575,0
                102.193200868004,3.23806203585186,0
                102.191648688881,3.23673846528755,0
                102.190029255911,3.23549781219784,0
                102.188347007846,3.23434347743771,0
                102.186606555611,3.23327862525897,0
                102.184812669665,3.23230617463404,0
                102.182970266925,3.23142879125211,0
                102.181084397288,3.23064888020972,0
                102.179160229792,3.22996857941597,0
                102.177203038447,3.22938975373008,0
                102.175218187777,3.22891398984782,0
                102.173211118122,3.22854259195059,0
                102.171187330718,3.22827657812916,0
                102.169152372626,3.22811667759196,0
                102.167111821526,3.22806332866539,0
                102.165071270426,3.22811667759196,0
                102.163036312335,3.22827657812916,0
                102.161012524931,3.22854259195059,0
                102.159005455275,3.22891398984782,0
                102.157020604606,3.22938975373008,0
                102.155063413261,3.22996857941597,0
                102.153139245765,3.23064888020972,0
                102.151253376128,3.23142879125211,0
                102.149410973388,3.23230617463404,0
                102.147617087442,3.23327862525897,0
                102.145876635207,3.23434347743771,0
                102.144194387142,3.23549781219784,0
                102.142574954172,3.23673846528755,0
                102.141022775049,3.23806203585186,0
                102.139542104189,3.2394648957575,0
                102.138137000009,3.24094319954087,0
                102.1368113138,3.24249289495161,0
                102.135568679176,3.24410973406316,0
                102.134412502113,3.24578928491939,0
                102.133345951612,3.24752694368577,0
                102.132371951013,3.24931794727147,0
                102.131493169985,3.25115738638779,0
                102.130712017204,3.25304021900713,0
                102.130030633757,3.25496128418574,0
                102.129450887269,3.25691531621191,0
                102.128974366783,3.25889695904125,0
                102.12860237841,3.26090078097927,0
                102.128335941744,3.2629212895708,0
                102.128175787069,3.2649529466559,0
                102.128122353358,3.26699018355044,0
                102.128175787069,3.26902741631016,0
                102.128335941744,3.27105906103613,0
                102.12860237841,3.27307954917962,0
                102.128974366783,3.2750833428047,0
                102.129450887269,3.27706494976646,0
                102.130030633757,3.27901893876332,0
                102.130712017204,3.28093995422234,0
                102.131493169985,3.2828227309766,0
                102.132371951013,3.28466210869435,0
                102.133345951612,3.28645304602072,0
                102.134412502113,3.28819063439298,0
                102.135568679176,3.28987011149153,0
                102.1368113138,3.29148687428993,0
                102.138137000009,3.29303649166819,0
                102.139542104189,3.29451471655466,0
                102.141022775049,3.2959174975634,0
                102.142574954172,3.29724099009522,0
                102.144194387142,3.2984815668718,0
                102.145876635207,3.29963582787425,0
                102.147617087442,3.30070060965887,0
                102.149410973388,3.30167299402449,0
                102.151253376128,3.30255031600788,0
                102.153139245765,3.30333017118519,0
                102.155063413261,3.30401042225937,0
                102.157020604606,3.30458920491598,0
                102.159005455275,3.30506493293064,0
                102.161012524931,3.30543630251495,0
                102.163036312335,3.30570229588834,0
                102.165071270426,3.30586218406642,0
                102.167111821526,3.30591552885817,0
                102.169152372626,3.30586218406642,0
                102.171187330718,3.30570229588834,0
                102.173211118122,3.30543630251496,0
                102.175218187777,3.30506493293064,0
                102.177203038447,3.30458920491598,0
                102.179160229792,3.30401042225937,0
                102.181084397288,3.30333017118519,0
                102.182970266925,3.30255031600788,0
                102.184812669665,3.30167299402449,0
                102.186606555611,3.30070060965887,0
                102.188347007846,3.29963582787425,0
                102.190029255911,3.2984815668718,0
                102.191648688881,3.29724099009522,0
                102.193200868004,3.2959174975634,0
                102.194681538863,3.29451471655466,0
                102.196086643044,3.29303649166819,0
                102.197412329253,3.29148687428993,0
                102.198654963877,3.28987011149153,0
                102.199811140939,3.28819063439298,0
                102.200877691441,3.28645304602072,0
                102.201851692039,3.28466210869435,0
                102.202730473068,3.2828227309766,0
                102.203511625848,3.28093995422234,0
                102.204193009295,3.27901893876332,0
                102.204772755784,3.27706494976646,0
                102.20524927627,3.2750833428047,0
                102.205621264643,3.27307954917962,0
                102.205887701309,3.27105906103613,0
                102.206047855984,3.26902741631016,0
                102.206101289695,3.26699018355044,0
              </coordinates>
            </LinearRing>
          </outerBoundaryIs>
        </Polygon>
      </Placemark>
      <Placemark id="PHG_SE_15.37">
        <name>Pahang</name>
        <description>P.090 Bera</description>
        <Style>
          <LineStyle>
            <color>ff0000ff</color>
          </LineStyle>
          <PolyStyle>
            <fill>0</fill>
          </PolyStyle>
        </Style>
        <ExtendedData>
          <SchemaData schemaUrl="#PHG_SE_15">
            <SimpleData name="state">P.090</SimpleData>
            <SimpleData name="parlimen">N.37 Guai</SimpleData>
            <SimpleData name="code_parlimen">N.37</SimpleData>
            <SimpleData name="dun">24412</SimpleData>
          </SchemaData>
        </ExtendedData>
        <Polygon>
          <outerBoundaryIs>
            <LinearRing>
              <coordinates>
                102.564926455474,3.3547192043961,0
                102.564861205639,3.35223168055211,0
                102.564665634981,3.34975096853818,0
                102.564340279545,3.34728386789578,0
                102.563886031108,3.34483714090918,0
                102.563304134732,3.34241749406902,0
                102.562596185356,3.34003155968819,0
                102.561764123419,3.33768587772067,0
                102.560810229546,3.33538687783276,0
                102.559737118293,3.33314086177649,0
                102.558547730984,3.33095398611296,0
                102.557245327646,3.32883224533344,0
                102.555833478077,3.32678145542426,0
                102.554316052058,3.32480723792079,0
                102.552697208749,3.32291500449411,0
                102.550981385285,3.32110994211283,0
                102.549173284621,3.3193969988206,0
                102.547277862634,3.31778087016856,0
                102.545300314545,3.3162659863398,0
                102.543246060675,3.31485650000119,0
                102.541120731591,3.31355627491613,0
                102.538930152672,3.31236887534925,0
                102.536680328144,3.31129755629232,0
                102.534377424618,3.31034525453797,0
                102.532027754194,3.30951458062614,0
                102.529637757154,3.30880781168501,0
                102.527213984315,3.30822688518617,0
                102.524763079069,3.30777339363131,0
                102.522291759177,3.30744858018489,0
                102.519806798355,3.30725333526479,0
                102.517315007708,3.30718819410041,0
                102.514823217061,3.30725333526479,0
                102.512338256239,3.30744858018489,0
                102.509866936347,3.30777339363131,0
                102.5074160311,3.30822688518617,0
                102.504992258261,3.30880781168501,0
                102.502602261221,3.30951458062614,0
                102.500252590797,3.31034525453797,0
                102.497949687271,3.31129755629232,0
                102.495699862743,3.31236887534925,0
                102.493509283825,3.31355627491613,0
                102.491383954741,3.31485650000119,0
                102.48932970087,3.3162659863398,0
                102.487352152781,3.31778087016856,0
                102.485456730794,3.3193969988206,0
                102.48364863013,3.32110994211283,0
                102.481932806667,3.32291500449411,0
                102.480313963357,3.32480723792079,0
                102.478796537338,3.32678145542426,0
                102.477384687769,3.32883224533344,0
                102.476082284431,3.33095398611296,0
                102.474892897122,3.33314086177649,0
                102.473819785869,3.33538687783276,0
                102.472865891996,3.33768587772067,0
                102.472033830059,3.34003155968819,0
                102.471325880683,3.34241749406902,0
                102.470743984308,3.34483714090918,0
                102.47028973587,3.34728386789578,0
                102.469964380434,3.34975096853818,0
                102.469768809776,3.35223168055211,0
                102.469703559941,3.3547192043961,0
                102.469768809776,3.35720672190953,0
                102.469964380434,3.35968741500118,0
                102.47028973587,3.3621544843369,0
                102.470743984308,3.36460116797542,0
                102.471325880683,3.36702075990102,0
                102.472033830059,3.36940662840244,0
                102.472865891996,3.37175223424756,0
                102.473819785869,3.37405114860402,0
                102.474892897122,3.37629707065693,0
                102.476082284431,3.37848384487509,0
                102.477384687769,3.38060547787872,0
                102.478796537338,3.38265615486228,0
                102.480313963357,3.38463025552764,0
                102.481932806667,3.38652236948383,0
                102.48364863013,3.38832731107119,0
                102.485456730794,3.39004013356948,0
                102.487352152781,3.39165614275103,0
                102.48932970087,3.39317090974171,0
                102.491383954741,3.39458028315473,0
                102.493509283825,3.39588040046393,0
                102.495699862743,3.39706769858546,0
                102.497949687271,3.39813892363908,0
                102.500252590797,3.39909113986202,0
                102.502602261221,3.39992173765145,0
                102.504992258261,3.40062844071322,0
                102.5074160311,3.40120931229753,0
                102.509866936347,3.40166276050432,0
                102.512338256239,3.40198754264408,0
                102.514823217061,3.40218276864192,0
                102.517315007708,3.40224790347576,0
                102.519806798355,3.40218276864192,0
                102.522291759177,3.40198754264408,0
                102.524763079069,3.40166276050432,0
                102.527213984315,3.40120931229753,0
                102.529637757154,3.40062844071322,0
                102.532027754194,3.39992173765145,0
                102.534377424618,3.39909113986202,0
                102.536680328144,3.39813892363908,0
                102.538930152672,3.39706769858546,0
                102.541120731591,3.39588040046393,0
                102.543246060675,3.39458028315473,0
                102.545300314545,3.39317090974171,0
                102.547277862634,3.39165614275103,0
                102.549173284621,3.39004013356948,0
                102.550981385285,3.38832731107119,0
                102.552697208749,3.38652236948383,0
                102.554316052058,3.38463025552764,0
                102.555833478077,3.38265615486228,0
                102.557245327646,3.38060547787872,0
                102.558547730984,3.37848384487509,0
                102.559737118293,3.37629707065693,0
                102.560810229546,3.37405114860402,0
                102.561764123419,3.37175223424756,0
                102.562596185356,3.36940662840244,0
                102.563304134732,3.36702075990102,0
                102.563886031108,3.36460116797542,0
                102.564340279545,3.3621544843369,0
                102.564665634981,3.35968741500118,0
                102.564861205639,3.35720672190953,0
                102.564926455474,3.3547192043961,0
              </coordinates>
            </LinearRing>
          </outerBoundaryIs>
        </Polygon>
      </Placemark>
      <Placemark id="PHG_SE_15.38">
        <name>Pahang</name>
        <description>P.090 Bera</description>
        <Style>
          <LineStyle>
            <color>ff0000ff</color>
          </LineStyle>
          <PolyStyle>
            <fill>0</fill>
          </PolyStyle>
        </Style>
        <ExtendedData>
          <SchemaData schemaUrl="#PHG_SE_15">
            <SimpleData name="state">P.090</SimpleData>
            <SimpleData name="parlimen">N.38 Triang</SimpleData>
            <SimpleData name="code_parlimen">N.38</SimpleData>
            <SimpleData name="dun">25891</SimpleData>
          </SchemaData>
        </ExtendedData>
        <Polygon>
          <outerBoundaryIs>
            <LinearRing>
              <coordinates>
                102.422047588724,3.22862874420259,0
                102.421980391374,3.22606665085995,0
                102.421778983508,3.22351157360587,0
                102.42144391717,3.22097051581383,0
                102.420976110754,3.2184504424826,0
                102.420376846485,3.21595826114414,0
                102.419647766904,3.21350080292842,0
                102.418790870369,3.21108480383718,0
                102.417808505572,3.20871688627786,0
                102.416703365108,3.20640354090853,0
                102.415478478089,3.20415110884343,0
                102.414137201846,3.20196576426812,0
                102.412683212724,3.1998534975117,0
                102.411120496006,3.1978200986229,0
                102.40945333499,3.19587114149475,0
                102.407686299248,3.19401196858159,0
                102.405824232103,3.19224767625039,0
                102.40387223735,3.19058310080644,0
                102.401835665273,3.18902280523201,0
                102.399720097973,3.18757106667405,0
                102.397531334073,3.18623186471562,0
                102.395275372824,3.18500887046308,0
                102.392958397658,3.18390543647901,0
                102.390586759242,3.18292458758849,0
                102.388166958074,3.1820690125841,0
                102.385705626659,3.18134105685235,0
                102.383209511337,3.18074271594169,0
                102.380685453785,3.18027563008992,0
                102.37814037227,3.17994107972602,0
                102.375581242684,3.17973998195862,0
                102.373015079423,3.17967288806085,0
                102.370448916161,3.17973998195862,0
                102.367889786575,3.17994107972602,0
                102.365344705061,3.18027563008992,0
                102.362820647509,3.18074271594169,0
                102.360324532186,3.18134105685235,0
                102.357863200772,3.1820690125841,0
                102.355443399603,3.18292458758849,0
                102.353071761188,3.18390543647901,0
                102.350754786021,3.18500887046308,0
                102.348498824772,3.18623186471562,0
                102.346310060872,3.18757106667405,0
                102.344194493572,3.18902280523201,0
                102.342157921495,3.19058310080644,0
                102.340205926742,3.19224767625039,0
                102.338343859597,3.19401196858159,0
                102.336576823855,3.19587114149475,0
                102.334909662839,3.1978200986229,0
                102.333346946121,3.1998534975117,0
                102.331892956999,3.20196576426812,0
                102.330551680756,3.20415110884343,0
                102.329326793738,3.20640354090853,0
                102.328221653273,3.20871688627786,0
                102.327239288477,3.21108480383718,0
                102.326382391941,3.21350080292842,0
                102.325653312361,3.21595826114414,0
                102.325054048091,3.2184504424826,0
                102.324586241675,3.22097051581383,0
                102.324251175337,3.22351157360587,0
                102.324049767471,3.22606665085995,0
                102.323982570121,3.22862874420259,0
                102.324049767471,3.23119083108244,0
                102.324251175337,3.23374588901888,0
                102.324586241675,3.2362869148501,0
                102.325054048091,3.23880694392753,0
                102.325653312361,3.24129906920403,0
                102.326382391941,3.24375646016387,0
                102.327239288477,3.24617238154219,0
                102.328221653273,3.24854021178296,0
                102.329326793738,3.25085346118483,0
                102.330551680756,3.25310578968496,0
                102.331892956999,3.25529102423251,0
                102.333346946121,3.25740317570384,0
                102.334909662839,3.25943645531331,0
                102.336576823855,3.26138529047475,0
                102.338343859597,3.26324434007011,0
                102.340205926742,3.26500850908351,0
                102.342157921495,3.26667296256075,0
                102.344194493572,3.26823313885588,0
                102.346310060872,3.26968476212877,0
                102.348498824772,3.27102385405946,0
                102.350754786021,3.27224674474707,0
                102.353071761188,3.27335008276371,0
                102.355443399603,3.27433084433573,0
                102.357863200772,3.27518634162722,0
                102.360324532186,3.27591423010312,0
                102.362820647509,3.27651251495186,0
                102.365344705061,3.27697955654985,0
                102.367889786575,3.27731407495297,0
                102.370448916161,3.27751515340275,0
                102.373015079423,3.2775822408377,0
                102.375581242684,3.27751515340275,0
                102.37814037227,3.27731407495297,0
                102.380685453785,3.27697955654985,0
                102.383209511337,3.27651251495186,0
                102.385705626659,3.27591423010312,0
                102.388166958074,3.27518634162722,0
                102.390586759242,3.27433084433573,0
                102.392958397658,3.27335008276371,0
                102.395275372824,3.27224674474707,0
                102.397531334073,3.27102385405946,0
                102.399720097973,3.26968476212877,0
                102.401835665273,3.26823313885588,0
                102.40387223735,3.26667296256075,0
                102.405824232103,3.26500850908351,0
                102.407686299248,3.26324434007011,0
                102.40945333499,3.26138529047475,0
                102.411120496006,3.25943645531331,0
                102.412683212724,3.25740317570384,0
                102.414137201846,3.25529102423251,0
                102.415478478089,3.25310578968496,0
                102.416703365108,3.25085346118483,0
                102.417808505572,3.24854021178296,0
                102.418790870369,3.24617238154219,0
                102.419647766904,3.24375646016387,0
                102.420376846485,3.24129906920403,0
                102.420976110754,3.23880694392753,0
                102.42144391717,3.2362869148501,0
                102.421778983508,3.23374588901888,0
                102.421980391374,3.23119083108244,0
                102.422047588724,3.22862874420259,0
              </coordinates>
            </LinearRing>
          </outerBoundaryIs>
        </Polygon>
      </Placemark>
      <Placemark id="PHG_SE_15.39">
        <name>Pahang</name>
        <description>P.090 Bera</description>
        <Style>
          <LineStyle>
            <color>ff0000ff</color>
          </LineStyle>
          <PolyStyle>
            <fill>0</fill>
          </PolyStyle>
        </Style>
        <ExtendedData>
          <SchemaData schemaUrl="#PHG_SE_15">
            <SimpleData name="state">P.090</SimpleData>
            <SimpleData name="parlimen">N.39 Kemayan</SimpleData>
            <SimpleData name="code_parlimen">N.39</SimpleData>
            <SimpleData name="dun">27366</SimpleData>
          </SchemaData>
        </ExtendedData>
        <Polygon>
          <outerBoundaryIs>
            <LinearRing>
              <coordinates>
                102.655380806951,3.10486346267235,0
                102.65531172201,3.10222908465385,0
                102.655104656542,3.09960192074471,0
                102.6547601781,3.09698917190466,0
                102.654279230876,3.09439799963523,0
                102.653663133111,3.09183550634903,0
                102.652913573488,3.08930871590036,0
                102.652032606498,3.08682455433067,0
                102.651022646809,3.08438983088155,0
                102.64988646265,3.0820112193275,0
                102.648627168225,3.0796952396795,0
                102.64724821517,3.07744824030969,0
                102.645753383101,3.0752763805462,0
                102.644146769248,3.07318561378577,0
                102.642432777229,3.07118167117076,0
                102.640616104976,3.06927004587501,0
                102.638701731862,3.06745597804193,0
                102.63669490505,3.0657444404161,0
                102.634601125112,3.0641401247078,0
                102.632426130956,3.06264742872784,0
                102.630175884087,3.06127044432815,0
                102.627856552277,3.06001294618122,0
                102.625474492653,3.05887838142902,0
                102.623036234274,3.05786986023,0
                102.620548460237,3.0569901472302,0
                102.618017989358,3.05624165398159,0
                102.615451757482,3.05562643232879,0
                102.612856798472,3.05514616878208,0
                102.610240224931,3.05480217989236,0
                102.607609208703,3.05459540864062,0
                102.604970961223,3.05452642185185,0
                102.602332713743,3.05459540864062,0
                102.599701697516,3.05480217989236,0
                102.597085123974,3.05514616878208,0
                102.594490164964,3.05562643232879,0
                102.591923933088,3.05624165398159,0
                102.589393462209,3.0569901472302,0
                102.586905688173,3.05786986023,0
                102.584467429794,3.05887838142902,0
                102.582085370169,3.06001294618122,0
                102.579766038359,3.06127044432815,0
                102.57751579149,3.06264742872784,0
                102.575340797334,3.0641401247078,0
                102.573247017397,3.0657444404161,0
                102.571240190585,3.06745597804193,0
                102.56932581747,3.06927004587501,0
                102.567509145217,3.07118167117076,0
                102.565795153198,3.07318561378577,0
                102.564188539345,3.0752763805462,0
                102.562693707276,3.07744824030969,0
                102.561314754222,3.0796952396795,0
                102.560055459796,3.0820112193275,0
                102.558919275638,3.08438983088155,0
                102.557909315948,3.08682455433067,0
                102.557028348958,3.08930871590036,0
                102.556278789335,3.09183550634903,0
                102.555662691571,3.09439799963523,0
                102.555181744346,3.09698917190466,0
                102.554837265904,3.09960192074471,0
                102.554630200436,3.10222908465385,0
                102.554561115495,3.10486346267235,0
                102.554630200436,3.10749783412067,0
                102.554837265904,3.11012497839123,0
                102.555181744346,3.11273769473948,0
                102.555662691571,3.11532882201988,0
                102.556278789335,3.11789125831271,0
                102.557028348958,3.12041798038811,0
                102.557909315948,3.12290206295376,0
                102.558919275638,3.12533669763362,0
                102.560055459796,3.12771521162579,0
                102.561314754222,3.13003108598821,0
                102.562693707276,3.13227797350224,0
                102.564188539345,3.1344497160653,0
                102.565795153198,3.1365403615647,0
                102.567509145217,3.13854418018664,0
                102.56932581747,3.14045568011579,0
                102.571240190585,3.14226962258227,0
                102.573247017397,3.14398103621504,0
                102.575340797334,3.14558523066233,0
                102.57751579149,3.14707780944188,0
                102.579766038359,3.14845468198583,0
                102.582085370169,3.14971207484721,0
                102.584467429794,3.15084654203759,0
                102.586905688173,3.1518549744674,0
                102.589393462209,3.15273460846318,0
                102.591923933088,3.15348303333855,0
                102.594490164964,3.15409819799803,0
                102.597085123974,3.15457841655573,0
                102.599701697516,3.15492237295367,0
                102.602332713743,3.15512912456684,0
                102.604970961223,3.15519810478541,0
                102.607609208703,3.15512912456684,0
                102.610240224931,3.15492237295367,0
                102.612856798472,3.15457841655573,0
                102.615451757482,3.15409819799803,0
                102.618017989358,3.15348303333855,0
                102.620548460237,3.15273460846318,0
                102.623036234274,3.1518549744674,0
                102.625474492653,3.15084654203759,0
                102.627856552277,3.14971207484721,0
                102.630175884087,3.14845468198583,0
                102.632426130956,3.14707780944188,0
                102.634601125112,3.14558523066233,0
                102.63669490505,3.14398103621504,0
                102.638701731862,3.14226962258227,0
                102.640616104976,3.14045568011579,0
                102.642432777229,3.13854418018664,0
                102.644146769248,3.1365403615647,0
                102.645753383101,3.1344497160653,0
                102.64724821517,3.13227797350224,0
                102.648627168225,3.13003108598821,0
                102.64988646265,3.12771521162579,0
                102.651022646809,3.12533669763362,0
                102.652032606498,3.12290206295376,0
                102.652913573488,3.12041798038811,0
                102.653663133111,3.11789125831271,0
                102.654279230876,3.11532882201988,0
                102.6547601781,3.11273769473948,0
                102.655104656542,3.11012497839123,0
                102.65531172201,3.10749783412067,0
                102.655380806951,3.10486346267235,0
              </coordinates>
            </LinearRing>
          </outerBoundaryIs>
        </Polygon>
      </Placemark>
      <Placemark id="PHG_SE_15.40">
        <name>Pahang</name>
        <description>P.091 Rompin</description>
        <Style>
          <LineStyle>
            <color>ff0000ff</color>
          </LineStyle>
          <PolyStyle>
            <fill>0</fill>
          </PolyStyle>
        </Style>
        <ExtendedData>
          <SchemaData schemaUrl="#PHG_SE_15">
            <SimpleData name="state">P.091</SimpleData>
            <SimpleData name="parlimen">N.40 Bukit Ibam</SimpleData>
            <SimpleData name="code_parlimen">N.40</SimpleData>
            <SimpleData name="dun">31003</SimpleData>
          </SchemaData>
        </ExtendedData>
        <Polygon>
          <outerBoundaryIs>
            <LinearRing>
              <coordinates>
                102.951424753593,3.0554996661842,0
                102.951351221048,3.05269556001404,0
                102.951130824963,3.04989913241524,0
                102.950764169426,3.04711804829792,0
                102.950252259417,3.04435993057533,0
                102.949596498043,3.04163233926814,0
                102.948798682703,3.03894275078066,0
                102.947861000151,3.03629853740547,0
                102.946786020511,3.03370694711294,0
                102.945576690227,3.03117508368103,0
                102.94423632399,3.02870988721981,0
                102.94276859565,3.02631811514413,0
                102.941177528148,3.02400632364677,0
                102.93946748249,3.02178084972273,0
                102.937643145793,3.01964779379414,0
                102.935709518436,3.01761300298342,0
                102.933671900357,3.01568205508054,0
                102.931535876527,3.01386024324861,0
                102.929307301637,3.01215256150934,0
                102.926992284057,3.0105636910489,0
                102.924597169089,3.00909798738103,0
                102.922128521576,3.00775946840322,0
                102.919593107911,3.00655180337847,0
                102.916997877485,3.00547830287301,0
                102.914349943644,3.00454190967746,0
                102.911656564192,3.00374519073663,0
                102.908925121494,3.00309033010978,0
                102.906163102245,3.00257912298108,0
                102.903378076948,3.00221297073626,0
                102.900577679162,3.00199287711946,0
                102.897769584585,3.00191944548032,0
                102.894961490008,3.00199287711946,0
                102.892161092222,3.00221297073626,0
                102.889376066925,3.00257912298108,0
                102.886614047675,3.00309033010978,0
                102.883882604978,3.00374519073663,0
                102.881189225526,3.00454190967746,0
                102.878541291685,3.00547830287301,0
                102.875946061259,3.00655180337847,0
                102.873410647594,3.00775946840322,0
                102.870942000081,3.00909798738103,0
                102.868546885113,3.0105636910489,0
                102.866231867533,3.01215256150934,0
                102.864003292643,3.01386024324861,0
                102.861867268813,3.01568205508054,0
                102.859829650734,3.01761300298342,0
                102.857896023377,3.01964779379414,0
                102.856071686679,3.02178084972273,0
                102.854361641022,3.02400632364677,0
                102.85277057352,3.02631811514413,0
                102.85130284518,3.02870988721981,0
                102.849962478943,3.03117508368103,0
                102.848753148659,3.03370694711294,0
                102.847678169019,3.03629853740547,0
                102.846740486467,3.03894275078066,0
                102.845942671127,3.04163233926814,0
                102.845286909753,3.04435993057533,0
                102.844774999743,3.04711804829792,0
                102.844408344207,3.04989913241524,0
                102.844187948122,3.05269556001404,0
                102.844114415577,3.0554996661842,0
                102.844187948122,3.05830376502886,0
                102.844408344207,3.06110017073145,0
                102.844774999743,3.06388121862173,0
                102.845286909753,3.06663928618339,0
                102.845942671127,3.06936681394529,0
                102.846740486467,3.07205632619937,0
                102.847678169019,3.07470045148826,0
                102.848753148659,3.07729194280671,0
                102.849962478943,3.07982369746111,0
                102.85130284518,3.0822887765332,0
                102.85277057352,3.08468042389426,0
                102.854361641022,3.08699208471792,0
                102.856071686679,3.08921742344086,0
                102.857896023377,3.09135034112226,0
                102.859829650734,3.09338499215433,0
                102.861867268813,3.09531580027857,0
                102.864003292643,3.09713747386332,0
                102.866231867533,3.09884502040151,0
                102.868546885113,3.10043376018829,0
                102.870942000081,3.10189933914158,0
                102.873410647594,3.10323774073031,0
                102.875946061259,3.10444529697759,0
                102.878541291685,3.10551869850901,0
                102.881189225526,3.10645500361831,0
                102.883882604978,3.1072516463258,0
                102.886614047675,3.10790644340741,0
                102.889376066925,3.1084176003752,0
                102.892161092222,3.108783716393,0
                102.894961490008,3.10900378811363,0
                102.897769584585,3.10907721242727,0
                102.900577679162,3.10900378811363,0
                102.903378076948,3.108783716393,0
                102.906163102245,3.1084176003752,0
                102.908925121494,3.10790644340741,0
                102.911656564192,3.1072516463258,0
                102.914349943644,3.10645500361831,0
                102.916997877485,3.10551869850901,0
                102.919593107911,3.10444529697759,0
                102.922128521576,3.10323774073031,0
                102.924597169089,3.10189933914158,0
                102.926992284057,3.10043376018829,0
                102.929307301637,3.09884502040151,0
                102.931535876527,3.09713747386332,0
                102.933671900357,3.09531580027857,0
                102.935709518436,3.09338499215433,0
                102.937643145793,3.09135034112226,0
                102.93946748249,3.08921742344086,0
                102.941177528148,3.08699208471792,0
                102.94276859565,3.08468042389426,0
                102.94423632399,3.0822887765332,0
                102.945576690227,3.07982369746111,0
                102.946786020511,3.07729194280671,0
                102.947861000151,3.07470045148826,0
                102.948798682703,3.07205632619937,0
                102.949596498043,3.06936681394529,0
                102.950252259417,3.06663928618339,0
                102.950764169426,3.06388121862173,0
                102.951130824963,3.06110017073145,0
                102.951351221048,3.05830376502886,0
                102.951424753593,3.0554996661842,0
              </coordinates>
            </LinearRing>
          </outerBoundaryIs>
        </Polygon>
      </Placemark>
      <Placemark id="PHG_SE_15.41">
        <name>Pahang</name>
        <description>P.091 Rompin</description>
        <Style>
          <LineStyle>
            <color>ff0000ff</color>
          </LineStyle>
          <PolyStyle>
            <fill>0</fill>
          </PolyStyle>
        </Style>
        <ExtendedData>
          <SchemaData schemaUrl="#PHG_SE_15">
            <SimpleData name="state">P.091</SimpleData>
            <SimpleData name="parlimen">N.41 Muadzam Shah</SimpleData>
            <SimpleData name="code_parlimen">N.41</SimpleData>
            <SimpleData name="dun">29663</SimpleData>
          </SchemaData>
        </ExtendedData>
        <Polygon>
          <outerBoundaryIs>
            <LinearRing>
              <coordinates>
                103.190599473266,2.83471976914384,0
                103.190527547371,2.83197638785394,0
                103.190311966833,2.82924051951027,0
                103.189953322541,2.82651966302374,0
                103.189452597516,2.82382127621078,0
                103.188811164209,2.82115275535033,0
                103.188030780744,2.81852141490912,0
                103.187113586099,2.81593446749048,0
                103.18606209424,2.81339900406202,0
                103.184879187234,2.81092197451611,0
                103.183568107345,2.80851016861675,0
                103.182132448154,2.80617019738487,0
                103.180576144701,2.80390847497335,0
                103.178903462707,2.8017312010812,0
                103.177118986877,2.79964434395551,0
                103.175227608335,2.79765362402756,0
                103.173234511218,2.79576449822801,0
                103.171145158467,2.79398214502437,0
                103.168965276852,2.79231145022176,0
                103.166700841277,2.79075699356581,0
                103.164358058404,2.78932303618464,0
                103.161943349636,2.78801350890437,0
                103.159463333523,2.78683200147014,0
                103.156924807616,2.78578175270234,0
                103.154334729839,2.78486564161501,0
                103.151700199415,2.78408617952087,0
                103.149028437408,2.78344550314463,0
                103.146326766933,2.78294536876339,0
                103.14360259308,2.78258714739037,0
                103.140863382621,2.78237182101522,0
                103.138116643541,2.78229997991093,0
                103.135369904461,2.78237182101522,0
                103.132630694002,2.78258714739037,0
                103.12990652015,2.78294536876339,0
                103.127204849675,2.78344550314463,0
                103.124533087668,2.78408617952087,0
                103.121898557244,2.78486564161501,0
                103.119308479467,2.78578175270234,0
                103.11676995356,2.78683200147014,0
                103.114289937447,2.78801350890437,0
                103.111875228679,2.78932303618464,0
                103.109532445806,2.79075699356581,0
                103.107268010231,2.79231145022176,0
                103.105088128616,2.79398214502437,0
                103.102998775865,2.79576449822801,0
                103.101005678748,2.79765362402756,0
                103.099114300206,2.79964434395551,0
                103.097329824375,2.8017312010812,0
                103.095657142382,2.80390847497335,0
                103.094100838929,2.80617019738487,0
                103.092665179738,2.80851016861675,0
                103.091354099849,2.81092197451611,0
                103.090171192843,2.81339900406202,0
                103.089119700984,2.81593446749048,0
                103.088202506339,2.81852141490912,0
                103.087422122874,2.82115275535033,0
                103.086780689567,2.82382127621078,0
                103.086279964541,2.82651966302374,0
                103.08592132025,2.82924051951027,0
                103.085705739711,2.83197638785394,0
                103.085633813817,2.83471976914384,0
                103.085705739711,2.83746314392959,0
                103.08592132025,2.84019899283206,0
                103.086279964541,2.84291981715334,0
                103.086780689567,2.84561815942944,0
                103.087422122874,2.84828662386934,0
                103.088202506339,2.85091789662448,0
                103.089119700984,2.8535047658331,0
                103.090171192843,2.8560401413845,0
                103.091354099849,2.85851707434909,0
                103.092665179738,2.86092877602105,0
                103.094100838929,2.86326863652138,0
                103.095657142382,2.86553024291042,0
                103.097329824375,2.86770739676028,0
                103.099114300206,2.8697941311391,0
                103.101005678748,2.87178472696046,0
                103.102998775865,2.87367372865344,0
                103.105088128616,2.87545595911023,0
                103.107268010231,2.87712653387058,0
                103.109532445806,2.87868087450406,0
                103.111875228679,2.88011472115372,0
                103.114289937447,2.88142414420661,0
                103.11676995356,2.88260555505958,0
                103.119308479467,2.88365571595036,0
                103.121898557244,2.88457174882773,0
                103.124533087668,2.88535114323583,0
                103.127204849675,2.88599176319155,0
                103.12990652015,2.88649185303595,0
                103.132630694002,2.88685004224374,0
                103.135369904461,2.88706534917771,0
                103.138116643541,2.88713718377784,0
                103.140863382621,2.88706534917771,0
                103.14360259308,2.88685004224374,0
                103.146326766933,2.88649185303595,0
                103.149028437408,2.88599176319155,0
                103.151700199415,2.88535114323583,0
                103.154334729839,2.88457174882773,0
                103.156924807616,2.88365571595036,0
                103.159463333523,2.88260555505958,0
                103.161943349636,2.88142414420661,0
                103.164358058404,2.88011472115372,0
                103.166700841277,2.87868087450406,0
                103.168965276852,2.87712653387058,0
                103.171145158467,2.87545595911023,0
                103.173234511218,2.87367372865344,0
                103.175227608335,2.87178472696046,0
                103.177118986877,2.8697941311391,0
                103.178903462707,2.86770739676028,0
                103.180576144701,2.86553024291042,0
                103.182132448154,2.86326863652138,0
                103.183568107345,2.86092877602105,0
                103.184879187234,2.85851707434909,0
                103.18606209424,2.8560401413845,0
                103.187113586099,2.8535047658331,0
                103.188030780744,2.85091789662448,0
                103.188811164209,2.84828662386934,0
                103.189452597516,2.84561815942944,0
                103.189953322541,2.84291981715334,0
                103.190311966833,2.84019899283206,0
                103.190527547371,2.83746314392959,0
                103.190599473266,2.83471976914384,0
              </coordinates>
            </LinearRing>
          </outerBoundaryIs>
        </Polygon>
      </Placemark>
      <Placemark id="PHG_SE_15.42">
        <name>Pahang</name>
        <description>P.091 Rompin</description>
        <Style>
          <LineStyle>
            <color>ff0000ff</color>
          </LineStyle>
          <PolyStyle>
            <fill>0</fill>
          </PolyStyle>
        </Style>
        <ExtendedData>
          <SchemaData schemaUrl="#PHG_SE_15">
            <SimpleData name="state">P.091</SimpleData>
            <SimpleData name="parlimen">N.42 Tioman</SimpleData>
            <SimpleData name="code_parlimen">N.42</SimpleData>
            <SimpleData name="dun">28465</SimpleData>
          </SchemaData>
        </ExtendedData>
        <Polygon>
          <outerBoundaryIs>
            <LinearRing>
              <coordinates>
                103.516149009194,2.68186515883008,0
                103.516078550705,2.67917740175697,0
                103.515867368358,2.67649700576338,0
                103.515516040991,2.67383131770666,0
                103.515025531568,2.67118764417789,0
                103.514397184539,2.66857323147359,0
                103.513632722162,2.66599524573218,0
                103.512734239773,2.66346075328965,0
                103.511704200052,2.66097670130843,0
                103.510545426264,2.65854989873234,0
                103.50926109453,2.65618699762018,0
                103.507854725112,2.65389447490884,0
                103.506330172771,2.6516786146563,0
                103.5046916162,2.64954549081284,0
                103.502943546568,2.64750095056813,0
                103.501090755212,2.64555059831962,0
                103.499138320506,2.64369978030632,0
                103.497091593935,2.6419535699502,0
                103.494956185437,2.64031675394522,0
                103.492737948017,2.63879381913262,0
                103.490442961709,2.63738894019787,0
                103.488077516912,2.6361059682236,0
                103.485648097146,2.6349484201297,0
                103.48316136128,2.63391946902954,0
                103.480624125286,2.63302193552889,0
                103.478043343551,2.63225827999139,0
                103.475426089818,2.63163059579174,0
                103.472779537798,2.63114060357532,0
                103.470110941505,2.6307896465398,0
                103.467427615377,2.6305786867517,0
                103.464736914224,2.63050830250831,0
                103.462046213072,2.6305786867517,0
                103.459362886944,2.6307896465398,0
                103.456694290651,2.63114060357532,0
                103.454047738631,2.63163059579174,0
                103.451430484898,2.63225827999139,0
                103.448849703162,2.63302193552889,0
                103.446312467168,2.63391946902954,0
                103.443825731303,2.6349484201297,0
                103.441396311536,2.6361059682236,0
                103.43903086674,2.63738894019787,0
                103.436735880432,2.63879381913262,0
                103.434517643012,2.64031675394522,0
                103.432382234513,2.6419535699502,0
                103.430335507943,2.64369978030632,0
                103.428383073236,2.64555059831962,0
                103.426530281881,2.64750095056813,0
                103.424782212249,2.64954549081284,0
                103.423143655678,2.6516786146563,0
                103.421619103337,2.65389447490884,0
                103.420212733919,2.65618699762018,0
                103.418928402184,2.65854989873234,0
                103.417769628397,2.66097670130843,0
                103.416739588676,2.66346075328965,0
                103.415841106287,2.66599524573218,0
                103.41507664391,2.66857323147359,0
                103.414448296881,2.67118764417789,0
                103.413957787457,2.67383131770666,0
                103.41360646009,2.67649700576338,0
                103.413395277744,2.67917740175697,0
                103.413324819255,2.68186515883008,0
                103.413395277744,2.68455290999725,0
                103.41360646009,2.68723328833776,0
                103.413957787457,2.68989894718767,0
                103.414448296881,2.69254258027589,0
                103.41507664391,2.69515694174898,0
                103.415841106287,2.69773486602981,0
                103.416739588676,2.70026928745576,0
                103.417769628397,2.7027532596425,0
                103.418928402184,2.70517997452043,0
                103.420212733919,2.70754278099161,0
                103.421619103337,2.70983520315604,0
                103.423143655678,2.71205095805737,0
                103.424782212249,2.71418397289955,0
                103.426530281881,2.71622840168717,0
                103.428383073236,2.7181786412439,0
                103.430335507943,2.72002934656545,0
                103.432382234513,2.7217754454645,0
                103.434517643012,2.7234121524682,0
                103.436735880432,2.72493498192961,0
                103.43903086674,2.7263397603175,0
                103.441396311536,2.72762263765082,0
                103.443825731303,2.72878009804658,0
                103.446312467168,2.72980896935229,0
                103.448849703162,2.73070643183642,0
                103.451430484898,2.73147002591337,0
                103.454047738631,2.73209765888184,0
                103.456694290651,2.73258761065773,0
                103.459362886944,2.73293853848647,0
                103.462046213072,2.7331494806215,0
                103.464736914224,2.73321985895897,0
                103.467427615377,2.7331494806215,0
                103.470110941505,2.73293853848647,0
                103.472779537798,2.73258761065773,0
                103.475426089818,2.73209765888184,0
                103.478043343551,2.73147002591337,0
                103.480624125286,2.73070643183642,0
                103.48316136128,2.72980896935229,0
                103.485648097146,2.72878009804658,0
                103.488077516912,2.72762263765082,0
                103.490442961709,2.7263397603175,0
                103.492737948017,2.72493498192961,0
                103.494956185437,2.7234121524682,0
                103.497091593935,2.7217754454645,0
                103.499138320506,2.72002934656545,0
                103.501090755212,2.7181786412439,0
                103.502943546568,2.71622840168717,0
                103.5046916162,2.71418397289955,0
                103.506330172771,2.71205095805737,0
                103.507854725112,2.70983520315604,0
                103.50926109453,2.70754278099161,0
                103.510545426264,2.70517997452043,0
                103.511704200052,2.7027532596425,0
                103.512734239773,2.70026928745576,0
                103.513632722162,2.69773486602981,0
                103.514397184539,2.69515694174898,0
                103.515025531568,2.69254258027589,0
                103.515516040991,2.68989894718767,0
                103.515867368358,2.68723328833776,0
                103.516078550705,2.68455290999725,0
                103.516149009194,2.68186515883008,0
              </coordinates>
            </LinearRing>
          </outerBoundaryIs>
        </Polygon>
      </Placemark>
    </Folder>
    <Document id="PHG_SE-15">
      <name>PHG_SE-15</name>
      <Placemark id="PHG_SE-15.1">
        <name>P.078 Cameron Highlands</name>
        <ExtendedData>
          <SchemaData schemaUrl="#PHG_SE-15.schema">
            <SimpleData name="state">Pahang</SimpleData>
            <SimpleData name="parlimen">P.078 Cameron Highlands</SimpleData>
            <SimpleData name="code_parlimen">P.078</SimpleData>
            <SimpleData name="dun">N.01 Tanah Rata</SimpleData>
            <SimpleData name="code_dun">N.01</SimpleData>
            <SimpleData name="voters_total">26838</SimpleData>
          </SchemaData>
        </ExtendedData>
        <Polygon>
          <outerBoundaryIs>
            <LinearRing>
              <coordinates>
                101.526869104747,4.47398151105624,0
                101.526800689515,4.47137679527823,0
                101.526595631338,4.46877920962336,0
                101.526254492268,4.4661958740123,0
                101.525778207343,4.46363386938155,0
                101.525168082027,4.46110021827284,0
                101.524425788631,4.45860186558197,0
                101.523553361729,4.45614565951953,0
                101.522553192583,4.453738332836,0
                101.521428022587,4.45138648436277,0
                101.520180935754,4.44909656091937,0
                101.518815350262,4.44687483963709,0
                101.517335009086,4.44472741074705,0
                101.515743969738,4.44266016088019,0
                101.514046593147,4.44067875692508,0
                101.512247531704,4.43878863048767,0
                101.510351716511,4.43699496299587,0
                101.508364343866,4.4353026714897,0
                101.506290861019,4.43371639513625,0
                101.504136951243,4.43224048250622,0
                101.501908518254,4.43087897964722,0
                101.499611670033,4.42963561898655,0
                101.49725270208,4.42851380909389,0
                101.494838080163,4.42751662533215,0
                101.492374422593,4.42664680142193,0
                101.489868482084,4.4259067219432,0
                101.487327127244,4.42529841579438,0
                101.484757323751,4.42482355062698,0
                101.482166115258,4.42448342827124,0
                101.479560604086,4.42427898116505,0
                101.476947931761,4.42421076979624,0
                101.474335259436,4.42427898116505,0
                101.471729748264,4.42448342827124,0
                101.469138539771,4.42482355062698,0
                101.466568736278,4.42529841579438,0
                101.464027381438,4.4259067219432,0
                101.461521440929,4.42664680142193,0
                101.459057783359,4.42751662533215,0
                101.456643161442,4.42851380909389,0
                101.454284193489,4.42963561898655,0
                101.451987345268,4.43087897964722,0
                101.449758912279,4.43224048250622,0
                101.447605002502,4.43371639513625,0
                101.445531519655,4.4353026714897,0
                101.44354414701,4.43699496299587,0
                101.441648331817,4.43878863048767,0
                101.439849270374,4.44067875692508,0
                101.438151893783,4.44266016088019,0
                101.436560854436,4.44472741074705,0
                101.43508051326,4.44687483963709,0
                101.433714927768,4.44909656091937,0
                101.432467840935,4.45138648436277,0
                101.431342670939,4.453738332836,0
                101.430342501793,4.45614565951953,0
                101.429470074891,4.45860186558197,0
                101.428727781495,4.46110021827284,0
                101.428117656178,4.46363386938155,0
                101.427641371253,4.4661958740123,0
                101.427300232183,4.46877920962336,0
                101.427095174007,4.47137679527823,0
                101.427026758774,4.47398151105624,0
                101.427095174007,4.4765862175691,0
                101.427300232183,4.47918377553006,0
                101.427641371253,4.48176706532185,0
                101.428117656178,4.48432900651002,0
                101.428727781495,4.48686257724786,0
                101.429470074891,4.48936083352018,0
                101.430342501793,4.49181692817277,0
                101.431342670939,4.49422412967575,0
                101.432467840935,4.49657584056929,0
                101.433714927768,4.49886561554115,0
                101.43508051326,4.50108717908677,0
                101.436560854436,4.50323444270321,0
                101.438151893783,4.50530152157031,0
                101.439849270374,4.507282750673,0
                101.441648331817,4.50917270032105,0
                101.44354414701,4.51096619102352,0
                101.445531519655,4.51265830767727,0
                101.447605002502,4.51424441303098,0
                101.449758912279,4.51572016038746,0
                101.451987345268,4.51708150550984,0
                101.454284193489,4.51832471769902,0
                101.456643161442,4.51944639001202,0
                101.459057783359,4.5204434485933,0
                101.461521440929,4.52131316109371,0
                101.464027381438,4.52205314415393,0
                101.466568736278,4.52266136993196,0
                101.469138539771,4.52313617165678,0
                101.471729748264,4.5234762481933,0
                101.474335259436,4.5236806676056,0
                101.476947931761,4.52374886970928,0
                101.479560604086,4.5236806676056,0
                101.482166115258,4.5234762481933,0
                101.484757323751,4.52313617165678,0
                101.487327127244,4.52266136993196,0
                101.489868482084,4.52205314415393,0
                101.492374422593,4.52131316109371,0
                101.494838080163,4.5204434485933,0
                101.49725270208,4.51944639001202,0
                101.499611670033,4.51832471769902,0
                101.501908518254,4.51708150550984,0
                101.504136951243,4.51572016038746,0
                101.506290861019,4.51424441303098,0
                101.508364343866,4.51265830767727,0
                101.510351716511,4.51096619102352,0
                101.512247531704,4.50917270032105,0
                101.514046593147,4.507282750673,0
                101.515743969738,4.50530152157031,0
                101.517335009086,4.50323444270321,0
                101.518815350262,4.50108717908677,0
                101.520180935754,4.49886561554115,0
                101.521428022587,4.49657584056929,0
                101.522553192583,4.49422412967575,0
                101.523553361729,4.49181692817277,0
                101.524425788631,4.48936083352018,0
                101.525168082027,4.48686257724786,0
                101.525778207343,4.48432900651002,0
                101.526254492268,4.48176706532185,0
                101.526595631338,4.47918377553006,0
                101.526800689515,4.4765862175691,0
                101.526869104747,4.47398151105624,0
              </coordinates>
            </LinearRing>
          </outerBoundaryIs>
        </Polygon>
      </Placemark>
      <Placemark id="PHG_SE-15.2">
        <name>P.078 Cameron Highlands</name>
        <ExtendedData>
          <SchemaData schemaUrl="#PHG_SE-15.schema">
            <SimpleData name="state">Pahang</SimpleData>
            <SimpleData name="parlimen">P.078 Cameron Highlands</SimpleData>
            <SimpleData name="code_parlimen">P.078</SimpleData>
            <SimpleData name="dun">N.02 Jelai</SimpleData>
            <SimpleData name="code_dun">N.02</SimpleData>
            <SimpleData name="voters_total">19182</SimpleData>
          </SchemaData>
        </ExtendedData>
        <Polygon>
          <outerBoundaryIs>
            <LinearRing>
              <coordinates>
                101.76778713234,4.33489865157402,0
                101.76772929282,4.33269616499351,0
                101.767555932796,4.33049970888736,0
                101.767267527434,4.32831530367104,0
                101.766864867234,4.32614893678076,0
                101.76634905586,4.32400654626084,0
                101.765721507114,4.32189400448591,0
                101.764983941064,4.3198171020626,0
                101.764138379327,4.31778153195476,0
                101.76318713953,4.31579287387596,0
                101.762132828954,4.313856578992,0
                101.760978337392,4.31197795497524,0
                101.759726829224,4.3101621514521,0
                101.758381734748,4.30841414588333,0
                101.756946740773,4.30673872991599,0
                101.75542578052,4.30514049624461,0
                101.753823022833,4.30362382601753,0
                101.752142860761,4.30219287682298,0
                101.75038989951,4.30085157128796,0
                101.748568943827,4.29960358632132,0
                101.746684984823,4.29845234303019,0
                101.7447431863,4.29740099733801,0
                101.742748870591,4.29645243132946,0
                101.740707503979,4.29560924534636,0
                101.738624681707,4.29487375085608,0
                101.736506112646,4.29424796411213,0
                101.734357603646,4.29373360062435,0
                101.732185043622,4.2933320704539,0
                101.729994387409,4.29304447434589,0
                101.727791639444,4.2928716007104,0
                101.725582837306,4.29281392346009,0
                101.723374035168,4.2928716007104,0
                101.721171287203,4.29304447434589,0
                101.71898063099,4.2933320704539,0
                101.716808070966,4.29373360062435,0
                101.714659561966,4.29424796411213,0
                101.712540992905,4.29487375085608,0
                101.710458170632,4.29560924534636,0
                101.70841680402,4.29645243132946,0
                101.706422488312,4.29740099733801,0
                101.704480689789,4.29845234303019,0
                101.702596730785,4.29960358632132,0
                101.700775775101,4.30085157128796,0
                101.699022813851,4.30219287682298,0
                101.697342651779,4.30362382601753,0
                101.695739894092,4.30514049624461,0
                101.694218933838,4.30673872991599,0
                101.692783939864,4.30841414588333,0
                101.691438845388,4.3101621514521,0
                101.69018733722,4.31197795497524,0
                101.689032845657,4.313856578992,0
                101.687978535082,4.31579287387596,0
                101.687027295284,4.31778153195476,0
                101.686181733548,4.3198171020626,0
                101.685444167498,4.32189400448591,0
                101.684816618752,4.32400654626084,0
                101.684300807378,4.32614893678076,0
                101.683898147178,4.32831530367104,0
                101.683609741816,4.33049970888736,0
                101.683436381791,4.33269616499351,0
                101.683378542272,4.33489865157402,0
                101.683436381791,4.33710113173669,0
                101.683609741816,4.33929756865963,0
                101.683898147178,4.34148194213756,0
                101.684300807378,4.34364826508201,0
                101.684816618752,4.34579059993012,0
                101.685444167498,4.34790307491723,0
                101.686181733548,4.34997990016843,0
                101.687027295284,4.35201538356542,0
                101.687978535082,4.35400394634459,0
                101.689032845657,4.35594013838434,0
                101.69018733722,4.35781865313902,0
                101.691438845388,4.35963434217936,0
                101.692783939864,4.3613822292989,0
                101.694218933838,4.36305752414832,0
                101.695739894092,4.36465563536008,0
                101.697342651779,4.36617218312756,0
                101.699022813851,4.36760301120421,0
                101.700775775101,4.36894419828998,0
                101.702596730785,4.37019206877385,0
                101.704480689789,4.37134320280294,0
                101.706422488312,4.37239444565092,0
                101.70841680402,4.37334291635988,0
                101.710458170632,4.37418601563214,0
                101.712540992905,4.37492143295035,0
                101.714659561966,4.3755471529065,0
                101.716808070966,4.37606146072248,0
                101.71898063099,4.37646294694712,0
                101.721171287203,4.37675051131675,0
                101.723374035168,4.37692336576906,0
                101.725582837306,4.37698103660153,0
                101.727791639444,4.37692336576906,0
                101.729994387409,4.37675051131675,0
                101.732185043622,4.37646294694712,0
                101.734357603646,4.37606146072248,0
                101.736506112646,4.3755471529065,0
                101.738624681707,4.37492143295035,0
                101.740707503979,4.37418601563214,0
                101.742748870591,4.37334291635988,0
                101.7447431863,4.37239444565092,0
                101.746684984823,4.37134320280294,0
                101.748568943827,4.37019206877385,0
                101.75038989951,4.36894419828998,0
                101.752142860761,4.36760301120421,0
                101.753823022833,4.36617218312756,0
                101.75542578052,4.36465563536008,0
                101.756946740773,4.36305752414832,0
                101.758381734748,4.3613822292989,0
                101.759726829224,4.35963434217936,0
                101.760978337392,4.35781865313902,0
                101.762132828954,4.35594013838434,0
                101.76318713953,4.35400394634459,0
                101.764138379327,4.35201538356542,0
                101.764983941064,4.34997990016843,0
                101.765721507114,4.34790307491723,0
                101.76634905586,4.34579059993012,0
                101.766864867234,4.34364826508201,0
                101.767267527434,4.34148194213756,0
                101.767555932796,4.33929756865963,0
                101.76772929282,4.33710113173669,0
                101.76778713234,4.33489865157402,0
              </coordinates>
            </LinearRing>
          </outerBoundaryIs>
        </Polygon>
      </Placemark>
      <Placemark id="PHG_SE-15.3">
        <name>P.079 Lipis</name>
        <ExtendedData>
          <SchemaData schemaUrl="#PHG_SE-15.schema">
            <SimpleData name="state">Pahang</SimpleData>
            <SimpleData name="parlimen">P.079 Lipis</SimpleData>
            <SimpleData name="code_parlimen">P.079</SimpleData>
            <SimpleData name="dun">N.03 Padang Tengku</SimpleData>
            <SimpleData name="code_dun">N.03</SimpleData>
            <SimpleData name="voters_total">19407</SimpleData>
          </SchemaData>
        </ExtendedData>
        <Polygon>
          <outerBoundaryIs>
            <LinearRing>
              <coordinates>
                102.102261247373,4.45321814576067,0
                102.102203069621,4.45100313093916,0
                102.102028695826,4.44879418068106,0
                102.101738603934,4.44659734965053,0
                102.101333589068,4.44441865934725,0
                102.100814761344,4.44226408160026,0
                102.100183542835,4.44013952219756,0
                102.099441663664,4.43805080469596,0
                102.098591157273,4.4360036544561,0
                102.097634354839,4.43400368294583,0
                102.096573878892,4.43205637235561,0
                102.095412636123,4.43016706056762,0
                102.094153809417,4.42834092652027,0
                102.092800849131,4.42658297600794,0
                102.091357463634,4.4248980279551,0
                102.089827609147,4.42329070120251,0
                102.088215478894,4.42176540184167,0
                102.086525491612,4.42032631113226,0
                102.084762279438,4.4189773740361,0
                102.082930675215,4.41772228839853,0
                102.081035699243,4.41656449480751,0
                102.079082545519,4.41550716715791,0
                102.077076567501,4.41455320394698,0
                102.075023263436,4.41370522032519,0
                102.072928261287,4.41296554092377,0
                102.070797303311,4.41233619347913,0
                102.068636230314,4.41181890327145,0
                102.066450965647,4.41141508839276,0
                102.06424749897,4.41112585585739,0
                102.06203186983,4.41095199856585,0
                102.059810151114,4.41089399313001,0
                102.057588432397,4.41095199856585,0
                102.055372803258,4.41112585585739,0
                102.05316933658,4.41141508839276,0
                102.050984071913,4.41181890327145,0
                102.048822998916,4.41233619347913,0
                102.04669204094,4.41296554092377,0
                102.044597038791,4.41370522032519,0
                102.042543734726,4.41455320394698,0
                102.040537756708,4.41550716715791,0
                102.038584602984,4.41656449480751,0
                102.036689627012,4.41772228839853,0
                102.034858022789,4.4189773740361,0
                102.033094810615,4.42032631113226,0
                102.031404823333,4.42176540184167,0
                102.02979269308,4.42329070120251,0
                102.028262838593,4.4248980279551,0
                102.026819453096,4.42658297600794,0
                102.02546649281,4.42834092652027,0
                102.024207666104,4.43016706056762,0
                102.023046423335,4.43205637235561,0
                102.021985947388,4.43400368294583,0
                102.021029144954,4.4360036544561,0
                102.020178638563,4.43805080469596,0
                102.019436759393,4.44013952219756,0
                102.018805540883,4.44226408160026,0
                102.018286713159,4.44441865934725,0
                102.017881698293,4.44659734965053,0
                102.017591606402,4.44879418068106,0
                102.017417232607,4.45100313093916,0
                102.017359054855,4.45321814576067,0
                102.017417232607,4.45543315391323,0
                102.017591606402,4.45764208423762,0
                102.017881698293,4.459838882288,0
                102.018286713159,4.46201752692608,0
                102.018805540883,4.46417204682311,0
                102.019436759393,4.46629653682493,0
                102.020178638563,4.46838517413508,0
                102.021029144954,4.47043223427155,0
                102.021985947388,4.47243210675361,0
                102.023046423335,4.47437931047586,0
                102.024207666104,4.47626850872694,0
                102.02546649281,4.47809452381238,0
                102.026819453096,4.47985235124117,0
                102.028262838593,4.48153717343739,0
                102.02979269308,4.48314437293915,0
                102.031404823333,4.48466954504919,0
                102.033094810615,4.48610850990196,0
                102.034858022789,4.48745732391462,0
                102.036689627012,4.48871229059029,0
                102.038584602984,4.48986997064442,0
                102.040537756708,4.49092719142607,0
                102.042543734726,4.49188105560885,0
                102.044597038791,4.49272894912726,0
                102.04669204094,4.49346854833727,0
                102.048822998916,4.49409782638103,0
                102.050984071913,4.49461505873878,0
                102.05316933658,4.4950188279523,0
                102.055372803258,4.49530802750755,0
                102.057588432397,4.49548186486535,0
                102.059810151114,4.49553986363227,0
                102.06203186983,4.49548186486535,0
                102.06424749897,4.49530802750755,0
                102.066450965647,4.4950188279523,0
                102.068636230314,4.49461505873878,0
                102.070797303311,4.49409782638103,0
                102.072928261287,4.49346854833727,0
                102.075023263436,4.49272894912726,0
                102.077076567501,4.49188105560885,0
                102.079082545519,4.49092719142607,0
                102.081035699243,4.48986997064442,0
                102.082930675215,4.48871229059029,0
                102.084762279438,4.48745732391462,0
                102.086525491612,4.48610850990196,0
                102.088215478894,4.48466954504919,0
                102.089827609147,4.48314437293915,0
                102.091357463634,4.48153717343739,0
                102.092800849131,4.47985235124117,0
                102.094153809417,4.47809452381238,0
                102.095412636123,4.47626850872694,0
                102.096573878892,4.47437931047586,0
                102.097634354839,4.47243210675361,0
                102.098591157273,4.47043223427155,0
                102.099441663664,4.46838517413508,0
                102.100183542835,4.46629653682493,0
                102.100814761344,4.46417204682311,0
                102.101333589068,4.46201752692608,0
                102.101738603934,4.459838882288,0
                102.102028695826,4.45764208423762,0
                102.102203069621,4.45543315391323,0
                102.102261247373,4.45321814576067,0
              </coordinates>
            </LinearRing>
          </outerBoundaryIs>
        </Polygon>
      </Placemark>
      <Placemark id="PHG_SE-15.4">
        <name>P.081 Jerantut</name>
        <ExtendedData>
          <SchemaData schemaUrl="#PHG_SE-15.schema">
            <SimpleData name="state">Pahang</SimpleData>
            <SimpleData name="parlimen">P.081 Jerantut</SimpleData>
            <SimpleData name="code_parlimen">P.081</SimpleData>
            <SimpleData name="dun">N.09 Tahan</SimpleData>
            <SimpleData name="code_dun">N.09</SimpleData>
            <SimpleData name="voters_total">20895</SimpleData>
          </SchemaData>
        </ExtendedData>
        <Polygon>
          <outerBoundaryIs>
            <LinearRing>
              <coordinates>
                102.622302665937,4.33891658617939,0
                102.622242299031,4.33661787062791,0
                102.622061363773,4.33432544873097,0
                102.621760356094,4.33204560394715,0
                102.621340101036,4.32978458531805,0
                102.620801750488,4.32754859033853,0
                102.620146780032,4.32534374796751,0
                102.619376984897,4.3231761018262,0
                102.618494475036,4.32105159362952,0
                102.61750166935,4.31897604689652,0
                102.616401289048,4.31695515098418,0
                102.615196350197,4.31499444548863,0
                102.61389015545,4.31309930505638,0
                102.612486284997,4.31127492464748,0
                102.610988586749,4.30952630529093,0
                102.609401165792,4.30785824037133,0
                102.607728373137,4.30627530248475,0
                102.605974793793,4.30478183089955,0
                102.604145234198,4.30338191965687,0
                102.602244709049,4.30207940634318,0
                102.600278427552,4.3008778615661,0
                102.598251779149,4.29978057916203,0
                102.596170318741,4.29879056716268,0
                102.594039751468,4.29791053954538,0
                102.591865917065,4.29714290878962,0
                102.589654773863,4.2964897792604,0
                102.58741238245,4.2959529414367,0
                102.585144889066,4.29553386700064,0
                102.582858508753,4.295233704801,0
                102.58055950832,4.29505327770225,0
                102.578254189167,4.29499308032758,0
                102.575948870014,4.29505327770225,0
                102.573649869581,4.295233704801,0
                102.571363489268,4.29553386700064,0
                102.569095995884,4.2959529414367,0
                102.566853604471,4.2964897792604,0
                102.564642461269,4.29714290878962,0
                102.562468626866,4.29791053954538,0
                102.560338059593,4.29879056716268,0
                102.558256599185,4.29978057916203,0
                102.556229950782,4.3008778615661,0
                102.554263669285,4.30207940634318,0
                102.552363144135,4.30338191965687,0
                102.550533584541,4.30478183089955,0
                102.548780005196,4.30627530248475,0
                102.547107212542,4.30785824037133,0
                102.545519791585,4.30952630529093,0
                102.544022093337,4.31127492464748,0
                102.542618222883,4.31309930505638,0
                102.541312028137,4.31499444548863,0
                102.540107089286,4.31695515098418,0
                102.539006708984,4.31897604689652,0
                102.538013903297,4.32105159362952,0
                102.537131393437,4.3231761018262,0
                102.536361598302,4.32534374796751,0
                102.535706627846,4.32754859033853,0
                102.535168277298,4.32978458531805,0
                102.53474802224,4.33204560394715,0
                102.534447014561,4.33432544873097,0
                102.534266079303,4.33661787062791,0
                102.534205712397,4.33891658617939,0
                102.534266079303,4.3412152947335,0
                102.534447014561,4.3435076957149,0
                102.53474802224,4.34578750589422,0
                102.535168277298,4.348048476609,0
                102.535706627846,4.35028441088931,0
                102.536361598302,4.35248918044126,0
                102.537131393437,4.35465674244148,0
                102.538013903297,4.35678115609692,0
                102.539006708984,4.35885659892434,0
                102.540107089286,4.36087738270516,0
                102.541312028137,4.36283796907181,0
                102.542618222883,4.36473298468297,0
                102.544022093337,4.36655723594614,0
                102.545519791585,4.36830572324729,0
                102.547107212542,4.36997365464864,0
                102.548780005196,4.37155645901698,0
                102.550533584541,4.37304979854678,0
                102.552363144135,4.37444958064376,0
                102.554263669285,4.37575196913636,0
                102.556229950782,4.37695339478456,0
                102.558256599185,4.37805056505716,0
                102.560338059593,4.37904047315096,0
                102.562468626866,4.37992040622704,0
                102.564642461269,4.38068795284177,0
                102.566853604471,4.38134100955195,0
                102.569095995884,4.38187778667645,0
                102.571363489268,4.38229681319819,0
                102.573649869581,4.38259694079335,0
                102.575948870014,4.38277734697659,0
                102.578254189167,4.38283753735388,0
                102.58055950832,4.38277734697659,0
                102.582858508753,4.38259694079335,0
                102.585144889066,4.38229681319819,0
                102.58741238245,4.38187778667645,0
                102.589654773863,4.38134100955195,0
                102.591865917065,4.38068795284177,0
                102.594039751468,4.37992040622704,0
                102.596170318741,4.37904047315096,0
                102.598251779149,4.37805056505716,0
                102.600278427552,4.37695339478456,0
                102.602244709049,4.37575196913636,0
                102.604145234198,4.37444958064376,0
                102.605974793793,4.37304979854678,0
                102.607728373137,4.37155645901698,0
                102.609401165792,4.36997365464864,0
                102.610988586749,4.36830572324729,0
                102.612486284997,4.36655723594614,0
                102.61389015545,4.36473298468297,0
                102.615196350197,4.36283796907181,0
                102.616401289048,4.36087738270516,0
                102.61750166935,4.35885659892434,0
                102.618494475036,4.35678115609692,0
                102.619376984897,4.35465674244148,0
                102.620146780032,4.35248918044126,0
                102.620801750488,4.35028441088931,0
                102.621340101036,4.348048476609,0
                102.621760356094,4.34578750589422,0
                102.622061363773,4.3435076957149,0
                102.622242299031,4.3412152947335,0
                102.622302665937,4.33891658617939,0
              </coordinates>
            </LinearRing>
          </outerBoundaryIs>
        </Polygon>
      </Placemark>
      <Placemark id="PHG_SE-15.5">
        <name>P.081 Jerantut</name>
        <ExtendedData>
          <SchemaData schemaUrl="#PHG_SE-15.schema">
            <SimpleData name="state">Pahang</SimpleData>
            <SimpleData name="parlimen">P.081 Jerantut</SimpleData>
            <SimpleData name="code_parlimen">P.081</SimpleData>
            <SimpleData name="dun">N.10 Damak</SimpleData>
            <SimpleData name="code_dun">N.10</SimpleData>
            <SimpleData name="voters_total">34967</SimpleData>
          </SchemaData>
        </ExtendedData>
        <Polygon>
          <outerBoundaryIs>
            <LinearRing>
              <coordinates>
                102.293844546803,3.91116233937705,0
                102.293766454735,3.90818706391394,0
                102.293532392578,3.90521993296235,0
                102.293143001879,3.90226907935942,0
                102.292599349932,3.89934259141173,0
                102.291902926847,3.89644849072321,0
                102.291055641473,3.89359471020514,0
                102.290059816161,3.89078907232823,0
                102.288918180397,3.88803926767682,0
                102.287633863326,3.88535283386358,0
                102.286210385172,3.88273713486303,0
                102.28465164759,3.88019934082024,0
                102.282961922971,3.87774640839033,0
                102.281145842732,3.87538506166272,0
                102.279208384624,3.87312177372241,0
                102.277154859085,3.87096274889902,0
                102.274990894685,3.86891390575222,0
                102.2727224227,3.86698086084054,0
                102.270355660854,3.86516891331777,0
                102.267897096277,3.86348303039955,0
                102.265353467724,3.86192783374001,0
                102.262731747103,3.86050758675584,0
                102.260039120369,3.85922618293265,0
                102.257282967825,3.8580871351458,0
                102.254470843892,3.85709356602495,0
                102.251610456407,3.85624819938895,0
                102.248709645494,3.85555335277447,0
                102.245776362073,3.85501093107897,0
                102.242818646071,3.85462242133554,0
                102.239844604381,3.85438888863395,0
                102.236862388645,3.8543109731989,0
                102.233880172909,3.85438888863395,0
                102.230906131219,3.85462242133554,0
                102.227948415217,3.85501093107897,0
                102.225015131796,3.85555335277447,0
                102.222114320883,3.85624819938895,0
                102.219253933398,3.85709356602495,0
                102.216441809465,3.8580871351458,0
                102.213685656921,3.85922618293265,0
                102.210993030187,3.86050758675584,0
                102.208371309566,3.86192783374001,0
                102.205827681013,3.86348303039955,0
                102.203369116436,3.86516891331777,0
                102.20100235459,3.86698086084054,0
                102.198733882605,3.86891390575222,0
                102.196569918205,3.87096274889902,0
                102.194516392665,3.87312177372241,0
                102.192578934557,3.87538506166272,0
                102.190762854319,3.87774640839033,0
                102.1890731297,3.88019934082024,0
                102.187514392118,3.88273713486303,0
                102.186090913964,3.88535283386358,0
                102.184806596893,3.88803926767682,0
                102.183664961129,3.89078907232823,0
                102.182669135816,3.89359471020514,0
                102.181821850443,3.89644849072321,0
                102.181125427358,3.89934259141173,0
                102.180581775411,3.90226907935942,0
                102.180192384712,3.90521993296235,0
                102.179958322554,3.90818706391394,0
                102.179880230487,3.91116233937705,0
                102.179958322554,3.91413760427714,0
                102.180192384712,3.91710470365536,0
                102.180581775411,3.92005550502049,0
                102.181125427358,3.92298192063831,0
                102.181821850443,3.92587592969734,0
                102.182669135816,3.92872960029022,0
                102.183664961129,3.93153511115056,0
                102.184806596893,3.93428477308571,0
                102.186090913964,3.93697105004658,0
                102.187514392118,3.93958657977718,0
                102.1890731297,3.94212419398702,0
                102.190762854319,3.94457693799121,0
                102.192578934557,3.94693808976479,0
                102.194516392665,3.94920117835873,0
                102.196569918205,3.95136000162751,0
                102.198733882605,3.95340864321968,0
                102.20100235459,3.95534148878502,0
                102.203369116436,3.95715324135381,0
                102.205827681013,3.95883893584638,0
                102.208371309566,3.960393952673,0
                102.210993030187,3.9618140303873,0
                102.213685656921,3.96309527735822,0
                102.216441809465,3.96423418242888,0
                102.219253933398,3.96522762453326,0
                102.222114320883,3.96607288124412,0
                102.225015131796,3.96676763622919,0
                102.227948415217,3.96730998559487,0
                102.230906131219,3.96769844310053,0
                102.233880172909,3.96793194422878,0
                102.236862388645,3.96800984910081,0
                102.239844604381,3.96793194422878,0
                102.242818646071,3.96769844310053,0
                102.245776362073,3.96730998559487,0
                102.248709645494,3.96676763622919,0
                102.251610456407,3.96607288124412,0
                102.254470843892,3.96522762453326,0
                102.257282967825,3.96423418242888,0
                102.260039120369,3.96309527735822,0
                102.262731747103,3.9618140303873,0
                102.265353467724,3.960393952673,0
                102.267897096277,3.95883893584638,0
                102.270355660854,3.95715324135381,0
                102.2727224227,3.95534148878502,0
                102.274990894685,3.95340864321968,0
                102.277154859085,3.95136000162751,0
                102.279208384624,3.94920117835873,0
                102.281145842732,3.94693808976479,0
                102.282961922971,3.94457693799121,0
                102.28465164759,3.94212419398702,0
                102.286210385172,3.93958657977718,0
                102.287633863326,3.93697105004658,0
                102.288918180397,3.93428477308571,0
                102.290059816161,3.93153511115056,0
                102.291055641473,3.92872960029022,0
                102.291902926847,3.92587592969734,0
                102.292599349932,3.92298192063831,0
                102.293143001879,3.92005550502049,0
                102.293532392578,3.91710470365536,0
                102.293766454735,3.91413760427714,0
                102.293844546803,3.91116233937705,0
              </coordinates>
            </LinearRing>
          </outerBoundaryIs>
        </Polygon>
      </Placemark>
      <Placemark id="PHG_SE-15.6">
        <name>P.081 Jerantut</name>
        <ExtendedData>
          <SchemaData schemaUrl="#PHG_SE-15.schema">
            <SimpleData name="state">Pahang</SimpleData>
            <SimpleData name="parlimen">P.081 Jerantut</SimpleData>
            <SimpleData name="code_parlimen">P.081</SimpleData>
            <SimpleData name="dun">N.11 Pulau Tawar</SimpleData>
            <SimpleData name="code_dun">N.11</SimpleData>
            <SimpleData name="voters_total">31189</SimpleData>
          </SchemaData>
        </ExtendedData>
        <Polygon>
          <outerBoundaryIs>
            <LinearRing>
              <coordinates>
                102.6404977298,3.92421896730395,0
                102.640423977009,3.921409060596,0
                102.640202920788,3.91860684623954,0
                102.639835167036,3.91582000503193,0
                102.639321723741,3.91305617570942,0
                102.638663998215,3.9103229340077,0
                102.637863793239,3.90762777189423,0
                102.636923302118,3.90497807702945,0
                102.635845102673,3.90238111251322,0
                102.634632150174,3.89984399697197,0
                102.63328776924,3.89737368504121,0
                102.631815644725,3.89497694829696,0
                102.630219811619,3.89266035668862,0
                102.628504643992,3.89043026052383,0
                102.626674842997,3.88829277305524,0
                102.624735423993,3.88625375371672,0
                102.622691702792,3.8843187920551,0
                102.620549281091,3.88249319240159,0
                102.61831403112,3.88078195932502,0
                102.615992079544,3.87918978390676,0
                102.61358979067,3.87772103087508,0
                102.611113749005,3.87637972663431,0
                102.608570741208,3.8751695482217,0
                102.605967737485,3.8740938132222,0
                102.60331187249,3.87315547066909,0
                102.600610425763,3.87235709295528,0
                102.597870801782,3.87170086877757,0
                102.595100509667,3.87118859713327,0
                102.592307142595,3.87082168238575,0
                102.589498356991,3.87060113041226,0
                102.586681851541,3.87052754584492,0
                102.583865346091,3.87060113041226,0
                102.581056560487,3.87082168238575,0
                102.578263193415,3.87118859713327,0
                102.575492901299,3.87170086877757,0
                102.572753277319,3.87235709295528,0
                102.570051830592,3.87315547066909,0
                102.567395965596,3.8740938132222,0
                102.564792961874,3.8751695482217,0
                102.562249954076,3.87637972663431,0
                102.559773912411,3.87772103087508,0
                102.557371623537,3.87918978390676,0
                102.555049671961,3.88078195932502,0
                102.55281442199,3.88249319240159,0
                102.55067200029,3.8843187920551,0
                102.548628279089,3.88625375371672,0
                102.546688860084,3.88829277305524,0
                102.54485905909,3.89043026052383,0
                102.543143891462,3.89266035668862,0
                102.541548058357,3.89497694829696,0
                102.540075933842,3.89737368504121,0
                102.538731552907,3.89984399697197,0
                102.537518600408,3.90238111251322,0
                102.536440400964,3.90497807702945,0
                102.535499909843,3.90762777189423,0
                102.534699704866,3.9103229340077,0
                102.534041979341,3.91305617570942,0
                102.533528536046,3.91582000503193,0
                102.533160782294,3.91860684623954,0
                102.532939726073,3.921409060596,0
                102.532865973282,3.92421896730395,0
                102.532939726073,3.92702886455887,0
                102.533160782294,3.92983105065988,0
                102.533528536046,3.93261784511916,0
                102.534041979341,3.93538160971261,0
                102.534699704866,3.93811476941379,0
                102.535499909843,3.94080983315364,0
                102.536440400964,3.94345941434951,0
                102.537518600408,3.9460562511469,0
                102.538731552907,3.94859322631872,0
                102.540075933842,3.9510633867674,0
                102.541548058357,3.95345996257653,0
                102.543143891462,3.95577638556,0
                102.54485905909,3.95800630725766,0
                102.546688860084,3.96014361632835,0
                102.548628279089,3.96218245529274,0
                102.55067200029,3.96411723658026,0
                102.55281442199,3.96594265783587,0
                102.555049671961,3.96765371644534,0
                102.557371623537,3.96924572323877,0
                102.559773912411,3.9707143153354,0
                102.562249954076,3.97205546809413,0
                102.564792961874,3.9732655061374,0
                102.567395965596,3.97434111341813,0
                102.570051830592,3.97527934230238,0
                102.572753277319,3.97607762164262,0
                102.575492901299,3.97673376381984,0
                102.578263193415,3.97724597073514,0
                102.581056560487,3.97761283873436,0
                102.583865346091,3.97783336245241,0
                102.586681851541,3.97790693756673,0
                102.589498356991,3.97783336245241,0
                102.592307142595,3.97761283873436,0
                102.595100509667,3.97724597073514,0
                102.597870801782,3.97673376381984,0
                102.600610425763,3.97607762164262,0
                102.60331187249,3.97527934230238,0
                102.605967737485,3.97434111341813,0
                102.608570741208,3.9732655061374,0
                102.611113749005,3.97205546809413,0
                102.61358979067,3.9707143153354,0
                102.615992079544,3.96924572323877,0
                102.61831403112,3.96765371644534,0
                102.620549281091,3.96594265783587,0
                102.622691702792,3.96411723658026,0
                102.624735423993,3.96218245529274,0
                102.626674842997,3.96014361632835,0
                102.628504643992,3.95800630725766,0
                102.630219811619,3.95577638556,0
                102.631815644725,3.95345996257653,0
                102.63328776924,3.9510633867674,0
                102.634632150174,3.94859322631872,0
                102.635845102673,3.9460562511469,0
                102.636923302118,3.94345941434951,0
                102.637863793239,3.94080983315364,0
                102.638663998215,3.93811476941379,0
                102.639321723741,3.93538160971261,0
                102.639835167036,3.93261784511916,0
                102.640202920788,3.92983105065988,0
                102.640423977009,3.92702886455887,0
                102.6404977298,3.92421896730395,0
              </coordinates>
            </LinearRing>
          </outerBoundaryIs>
        </Polygon>
      </Placemark>
      <Placemark id="PHG_SE-15.7">
        <name>P.082 Indera Mahkota</name>
        <ExtendedData>
          <SchemaData schemaUrl="#PHG_SE-15.schema">
            <SimpleData name="state">Pahang</SimpleData>
            <SimpleData name="parlimen">P.082 Indera Mahkota</SimpleData>
            <SimpleData name="code_parlimen">P.082</SimpleData>
            <SimpleData name="dun">N.12 Beserah</SimpleData>
            <SimpleData name="code_dun">N.12</SimpleData>
            <SimpleData name="voters_total">59370</SimpleData>
          </SchemaData>
        </ExtendedData>
        <Polygon>
          <outerBoundaryIs>
            <LinearRing>
              <coordinates>
                103.43380348884,4.02767068333403,0
                103.433701732552,4.0237943554813,0
                103.433396742593,4.01992863400158,0
                103.432889354921,4.01608411481258,0
                103.432180960249,4.01227133586557,0
                103.431273500238,4.00850074825702,0
                103.430169462173,4.00478268757682,0
                103.428871872146,4.00112734557168,0
                103.42738428676,3.9975447422012,0
                103.425710783384,3.99404469816375,0
                103.423855948974,3.9906368079672,0
                103.421824867503,3.98733041361854,0
                103.419623106023,3.98413457900481,0
                103.417256699409,3.98105806503546,0
                103.414732133819,3.97810930561461,0
                103.412056328909,3.97529638450911,0
                103.409236618877,3.97262701317602,0
                103.40628073235,3.97010850961056,0
                103.403196771209,3.96774777827236,0
                103.399993188377,3.96555129114553,0
                103.396678764651,3.96352506998452,0
                103.393262584636,3.96167466979447,0
                103.389754011845,3.96000516359155,0
                103.386162663032,3.95852112848543,0
                103.382498381833,3.95722663312169,0
                103.37877121179,3.95612522651917,0
                103.374991368816,3.95521992833277,0
                103.371169213198,3.9545132205684,0
                103.367315221199,3.9540070407731,0
                103.363439956343,3.95370277671886,0
                103.359554040461,3.9536012625949,0
                103.35566812458,3.95370277671886,0
                103.351792859724,3.9540070407731,0
                103.347938867725,3.9545132205684,0
                103.344116712107,3.95521992833277,0
                103.340336869133,3.95612522651917,0
                103.336609699089,3.95722663312169,0
                103.332945417891,3.95852112848543,0
                103.329354069078,3.96000516359155,0
                103.325845496287,3.96167466979447,0
                103.322429316272,3.96352506998452,0
                103.319114892546,3.96555129114553,0
                103.315911309714,3.96774777827236,0
                103.312827348572,3.97010850961056,0
                103.309871462046,3.97262701317602,0
                103.307051752013,3.97529638450911,0
                103.304375947104,3.97810930561461,0
                103.301851381514,3.98105806503546,0
                103.2994849749,3.98413457900481,0
                103.29728321342,3.98733041361854,0
                103.295252131948,3.9906368079672,0
                103.293397297539,3.99404469816375,0
                103.291723794163,3.9975447422012,0
                103.290236208777,4.00112734557168,0
                103.28893861875,4.00478268757682,0
                103.287834580685,4.00850074825702,0
                103.286927120674,4.01227133586557,0
                103.286218726002,4.01608411481258,0
                103.28571133833,4.01992863400158,0
                103.285406348371,4.0237943554813,0
                103.285304592083,4.02767068333403,0
                103.285406348371,4.03154699272115,0
                103.28571133833,4.03541265900634,0
                103.286218726002,4.03925708687661,0
                103.286927120674,4.04306973938121,0
                103.287834580685,4.04684016680899,0
                103.28893861875,4.05055803532503,0
                103.290236208777,4.05421315528806,0
                103.291723794163,4.05779550917117,0
                103.293397297539,4.06129527900943,0
                103.295252131948,4.0647028732992,0
                103.29728321342,4.06800895327551,0
                103.2994849749,4.0712044584956,0
                103.301851381514,4.07428063165898,0
                103.304375947104,4.07722904259545,0
                103.307051752013,4.08004161135623,0
                103.309871462046,4.08271063034462,0
                103.312827348572,4.08522878542578,0
                103.315911309714,4.08758917595813,0
                103.319114892546,4.0897853336915,0
                103.322429316272,4.09181124048031,0
                103.325845496287,4.09366134476383,0
                103.329354069078,4.09533057676781,0
                103.332945417891,4.09681436238681,0
                103.336609699089,4.09810863570867,0
                103.340336869133,4.09920985014726,0
                103.344116712107,4.10011498815308,0
                103.347938867725,4.1008215694752,0
                103.351792859724,4.1013276579519,0
                103.35566812458,4.10163186681168,0
                103.359554040461,4.10173336247004,0
                103.363439956343,4.10163186681168,0
                103.367315221199,4.1013276579519,0
                103.371169213198,4.1008215694752,0
                103.374991368816,4.10011498815308,0
                103.37877121179,4.09920985014726,0
                103.382498381833,4.09810863570867,0
                103.386162663032,4.09681436238681,0
                103.389754011845,4.09533057676781,0
                103.393262584636,4.09366134476383,0
                103.396678764651,4.09181124048031,0
                103.399993188377,4.0897853336915,0
                103.403196771209,4.08758917595813,0
                103.40628073235,4.08522878542578,0
                103.409236618877,4.08271063034462,0
                103.412056328909,4.08004161135623,0
                103.414732133819,4.07722904259545,0
                103.417256699409,4.07428063165898,0
                103.419623106023,4.0712044584956,0
                103.421824867503,4.06800895327551,0
                103.423855948974,4.0647028732992,0
                103.425710783384,4.06129527900943,0
                103.42738428676,4.05779550917117,0
                103.428871872146,4.05421315528806,0
                103.430169462173,4.05055803532503,0
                103.431273500238,4.04684016680899,0
                103.432180960249,4.04306973938121,0
                103.432889354921,4.03925708687661,0
                103.433396742593,4.03541265900634,0
                103.433701732552,4.03154699272115,0
                103.43380348884,4.02767068333403,0
              </coordinates>
            </LinearRing>
          </outerBoundaryIs>
        </Polygon>
      </Placemark>
      <Placemark id="PHG_SE-15.8">
        <name>P.082 Indera Mahkota</name>
        <ExtendedData>
          <SchemaData schemaUrl="#PHG_SE-15.schema">
            <SimpleData name="state">Pahang</SimpleData>
            <SimpleData name="parlimen">P.082 Indera Mahkota</SimpleData>
            <SimpleData name="code_parlimen">P.082</SimpleData>
            <SimpleData name="dun">N.13 Semambu</SimpleData>
            <SimpleData name="code_dun">N.13</SimpleData>
            <SimpleData name="voters_total">61179</SimpleData>
          </SchemaData>
        </ExtendedData>
        <Polygon>
          <outerBoundaryIs>
            <LinearRing>
              <coordinates>
                103.360995093528,3.88585503996223,0
                103.360891798618,3.88191942597555,0
                103.360582197013,3.8779945809646,0
                103.360067137309,3.87409126290014,0
                103.359348031249,3.87022017089573,0
                103.358426849853,3.86639191587767,0
                103.357306118015,3.86261699149518,0
                103.355988907583,3.85890574535052,0
                103.354478828939,3.85526835062803,0
                103.352780021104,3.85171477819996,0
                103.350897140392,3.84825476928564,0
                103.348835347648,3.84489780873913,0
                103.346600294103,3.84165309903864,0
                103.344198105883,3.83852953504908,0
                103.341635367219,3.83553567962727,0
                103.3389191024,3.8326797401366,0
                103.336056756519,3.82996954593599,0
                103.333056175067,3.8274125269045,0
                103.329925582428,3.82501569306131,0
                103.32667355934,3.82278561533643,0
                103.323309019373,3.82072840754542,0
                103.319841184496,3.81884970961754,0
                103.316279559803,3.81715467212355,0
                103.312633907461,3.81564794214545,0
                103.308914219948,3.81433365052744,0
                103.305130692671,3.81321540054272,0
                103.301293696014,3.81229625800766,0
                103.297413746918,3.81157874287037,0
                103.293501480054,3.81106482229682,0
                103.289567618674,3.81075590527351,0
                103.285622945218,3.81065283874167,0
                103.281678271762,3.81075590527351,0
                103.277744410382,3.81106482229682,0
                103.273832143518,3.81157874287037,0
                103.269952194422,3.81229625800766,0
                103.266115197765,3.81321540054272,0
                103.262331670488,3.81433365052744,0
                103.258611982976,3.81564794214545,0
                103.254966330633,3.81715467212355,0
                103.251404705941,3.81884970961754,0
                103.247936871063,3.82072840754542,0
                103.244572331096,3.82278561533643,0
                103.241320308008,3.82501569306131,0
                103.23818971537,3.8274125269045,0
                103.235189133917,3.82996954593599,0
                103.232326788036,3.8326797401366,0
                103.229610523217,3.83553567962727,0
                103.227047784553,3.83852953504908,0
                103.224645596333,3.84165309903864,0
                103.222410542788,3.84489780873913,0
                103.220348750044,3.84825476928564,0
                103.218465869332,3.85171477819996,0
                103.216767061497,3.85526835062803,0
                103.215256982853,3.85890574535052,0
                103.213939772421,3.86261699149518,0
                103.212819040583,3.86639191587767,0
                103.211897859187,3.87022017089573,0
                103.211178753127,3.87409126290014,0
                103.210663693423,3.8779945809646,0
                103.210354091818,3.88191942597555,0
                103.210250796908,3.88585503996223,0
                103.210354091818,3.88979063558645,0
                103.210663693423,3.89371542571118,0
                103.211178753127,3.89761865296704,0
                103.211897859187,3.90148961923541,0
                103.212819040583,3.90531771496753,0
                103.213939772421,3.90909244825936,0
                103.215256982853,3.91280347360229,0
                103.216767061497,3.91644062023114,0
                103.218465869332,3.91999391999184,0
                103.220348750044,3.92345363465242,0
                103.222410542788,3.92681028258276,0
                103.224645596333,3.93005466472974,0
                103.227047784553,3.9331778898172,0
                103.229610523217,3.93617139870139,0
                103.232326788036,3.93902698781567,0
                103.235189133917,3.94173683163993,0
                103.23818971537,3.94429350413387,0
                103.241320308008,3.94668999907508,0
                103.244572331096,3.94891974924662,0
                103.247936871063,3.95097664442167,0
                103.251404705941,3.95285504809604,0
                103.254966330633,3.95454981292289,0
                103.258611982976,3.9560562948076,0
                103.262331670488,3.95737036562414,0
                103.266115197765,3.95848842451845,0
                103.269952194422,3.95940740776776,0
                103.273832143518,3.96012479716915,0
                103.277744410382,3.96063862693425,0
                103.281678271762,3.96094748907144,0
                103.285622945218,3.96105053724082,0
                103.289567618674,3.96094748907144,0
                103.293501480054,3.96063862693425,0
                103.297413746918,3.96012479716915,0
                103.301293696014,3.95940740776776,0
                103.305130692671,3.95848842451845,0
                103.308914219948,3.95737036562414,0
                103.312633907461,3.9560562948076,0
                103.316279559803,3.95454981292289,0
                103.319841184496,3.95285504809604,0
                103.323309019373,3.95097664442167,0
                103.32667355934,3.94891974924662,0
                103.329925582428,3.94668999907508,0
                103.333056175067,3.94429350413387,0
                103.336056756519,3.94173683163993,0
                103.3389191024,3.93902698781567,0
                103.341635367219,3.93617139870139,0
                103.344198105883,3.9331778898172,0
                103.346600294103,3.93005466472974,0
                103.348835347648,3.92681028258276,0
                103.350897140392,3.92345363465242,0
                103.352780021104,3.91999391999184,0
                103.354478828939,3.91644062023114,0
                103.355988907583,3.91280347360229,0
                103.357306118015,3.90909244825936,0
                103.358426849853,3.90531771496753,0
                103.359348031249,3.90148961923541,0
                103.360067137309,3.89761865296704,0
                103.360582197013,3.89371542571118,0
                103.360891798618,3.88979063558645,0
                103.360995093528,3.88585503996223,0
              </coordinates>
            </LinearRing>
          </outerBoundaryIs>
        </Polygon>
      </Placemark>
      <Placemark id="PHG_SE-15.9">
        <name>P.084 Paya Besar</name>
        <ExtendedData>
          <SchemaData schemaUrl="#PHG_SE-15.schema">
            <SimpleData name="state">Pahang</SimpleData>
            <SimpleData name="parlimen">P.084 Paya Besar</SimpleData>
            <SimpleData name="code_parlimen">P.084</SimpleData>
            <SimpleData name="dun">N.17 Sungai Lembing</SimpleData>
            <SimpleData name="code_dun">N.17</SimpleData>
            <SimpleData name="voters_total">19130</SimpleData>
          </SchemaData>
        </ExtendedData>
        <Polygon>
          <outerBoundaryIs>
            <LinearRing>
              <coordinates>
                103.100615921682,3.96064278835895,0
                103.100558160613,3.95844224727774,0
                103.100385035727,3.95624773190239,0
                103.100097021546,3.95406525732198,0
                103.099694907497,3.95190080566945,0
                103.099179795747,3.9497603097237,0
                103.098553098181,3.94764963664627,0
                103.097816532534,3.9455745718976,0
                103.096972117682,3.94354080337661,0
                103.096022168105,3.94155390582745,0
                103.094969287551,3.93961932555586,0
                103.093816361892,3.93774236549732,0
                103.092566551216,3.93592817067784,0
                103.091223281169,3.93418171410733,0
                103.089790233559,3.93250778314423,0
                103.088271336271,3.93091096636886,0
                103.086670752496,3.9293956410016,0
                103.084992869324,3.92796596090009,0
                103.083242285715,3.926625845169,0
                103.081423799898,3.92537896741301,0
                103.079542396215,3.92422874566304,0
                103.077603231464,3.92317833300291,0
                103.075611620761,3.9222306089227,0
                103.073573022971,3.921388171422,0
                103.07149302575,3.92065332988522,0
                103.069377330225,3.9200280987482,0
                103.067231735371,3.91951419197371,0
                103.065062122115,3.91911301835091,0
                103.062874437214,3.91882567763172,0
                103.060674676962,3.9186529575147,0
                103.058468870749,3.91859533148479,0
                103.056263064535,3.9186529575147,0
                103.054063304284,3.91882567763172,0
                103.051875619383,3.91911301835091,0
                103.049706006126,3.91951419197371,0
                103.047560411272,3.9200280987482,0
                103.045444715748,3.92065332988522,0
                103.043364718527,3.921388171422,0
                103.041326120737,3.9222306089227,0
                103.039334510033,3.92317833300291,0
                103.037395345282,3.92422874566304,0
                103.0355139416,3.92537896741301,0
                103.033695455783,3.926625845169,0
                103.031944872174,3.92796596090009,0
                103.030266989002,3.9293956410016,0
                103.028666405227,3.93091096636886,0
                103.027147507939,3.93250778314423,0
                103.025714460329,3.93418171410733,0
                103.024371190281,3.93592817067784,0
                103.023121379606,3.93774236549732,0
                103.021968453946,3.93961932555586,0
                103.020915573392,3.94155390582745,0
                103.019965623816,3.94354080337661,0
                103.019121208963,3.9455745718976,0
                103.018384643316,3.94764963664627,0
                103.017757945751,3.9497603097237,0
                103.017242834001,3.95190080566945,0
                103.016840719952,3.95406525732198,0
                103.016552705771,3.95624773190239,0
                103.016379580884,3.95844224727774,0
                103.016321819816,3.96064278835895,0
                103.016379580884,3.96284332358859,0
                103.016552705771,3.96503782147342,0
                103.016840719952,3.96722026711594,0
                103.017242834001,3.96938467870027,0
                103.017757945751,3.97152512388653,0
                103.018384643316,3.97363573606927,0
                103.019121208963,3.97571073045529,0
                103.019965623816,3.9777444199165,0
                103.020915573392,3.979731230575,0
                103.021968453946,3.98166571707701,0
                103.023121379606,3.98354257751442,0
                103.024371190281,3.98535666795272,0
                103.025714460329,3.98710301652559,0
                103.027147507939,3.98877683705785,0
                103.028666405227,3.99037354217903,0
                103.030266989002,3.99188875589217,0
                103.031944872174,3.99331832556282,0
                103.033695455783,3.99465833329629,0
                103.0355139416,3.99590510667109,0
                103.037395345282,3.99705522879997,0
                103.039334510033,3.99810554769054,0
                103.041326120737,3.99905318488011,0
                103.043364718527,3.99989554332106,0
                103.045444715748,4.0006303144952,0
                103.047560411272,4.00125548473757,0
                103.049706006126,4.00176934075257,0
                103.051875619383,4.0021704743072,0
                103.054063304284,4.00245778608852,0
                103.056263064535,4.00263048871501,0
                103.058468870749,4.00268810889337,0
                103.060674676962,4.00263048871501,0
                103.062874437214,4.00245778608852,0
                103.065062122115,4.0021704743072,0
                103.067231735371,4.00176934075257,0
                103.069377330225,4.00125548473757,0
                103.07149302575,4.0006303144952,0
                103.073573022971,3.99989554332106,0
                103.075611620761,3.99905318488011,0
                103.077603231464,3.99810554769054,0
                103.079542396215,3.99705522879997,0
                103.081423799898,3.99590510667109,0
                103.083242285715,3.99465833329629,0
                103.084992869324,3.99331832556282,0
                103.086670752496,3.99188875589217,0
                103.088271336271,3.99037354217903,0
                103.089790233559,3.98877683705785,0
                103.091223281169,3.98710301652559,0
                103.092566551216,3.98535666795272,0
                103.093816361892,3.98354257751442,0
                103.094969287551,3.98166571707701,0
                103.096022168105,3.979731230575,0
                103.096972117682,3.9777444199165,0
                103.097816532534,3.97571073045529,0
                103.098553098181,3.97363573606927,0
                103.099179795747,3.97152512388653,0
                103.099694907497,3.96938467870027,0
                103.100097021546,3.96722026711594,0
                103.100385035727,3.96503782147342,0
                103.100558160613,3.96284332358859,0
                103.100615921682,3.96064278835895,0
              </coordinates>
            </LinearRing>
          </outerBoundaryIs>
        </Polygon>
      </Placemark>
      <Placemark id="PHG_SE-15.10">
        <name>P.084 Paya Besar</name>
        <ExtendedData>
          <SchemaData schemaUrl="#PHG_SE-15.schema">
            <SimpleData name="state">Pahang</SimpleData>
            <SimpleData name="parlimen">P.084 Paya Besar</SimpleData>
            <SimpleData name="code_parlimen">P.084</SimpleData>
            <SimpleData name="dun">N.18 Lepar</SimpleData>
            <SimpleData name="code_dun">N.18</SimpleData>
            <SimpleData name="voters_total">25728</SimpleData>
          </SchemaData>
        </ExtendedData>
        <Polygon>
          <outerBoundaryIs>
            <LinearRing>
              <coordinates>
                102.987840841717,3.77829407812778,0
                102.987773856226,3.77574156162699,0
                102.987573083354,3.77319603392275,0
                102.987239073408,3.77066447222669,0
                102.986772741883,3.76815381553065,0
                102.986175366964,3.76567094558562,0
                102.985448586012,3.76322266803696,0
                102.984594391084,3.76081569376752,0
                102.98361512347,3.75845662050003,0
                102.982513467273,3.75615191470903,0
                102.981292442056,3.75390789389211,0
                102.979955394565,3.75173070924905,0
                102.978505989553,3.74962632881641,0
                102.976948199741,3.74760052110373,0
                102.97528629492,3.74565883927655,0
                102.973524830256,3.74380660592929,0
                102.971668633802,3.74204889849012,0
                102.969722793264,3.74039053529775,0
                102.967692642054,3.73883606238823,0
                102.965583744677,3.73738974102844,0
                102.963401881473,3.73605553603005,0
                102.961153032777,3.73483710487635,0
                102.958843362528,3.73373778769174,0
                102.956479201372,3.73276059808134,0
                102.954067029309,3.7319082148661,0
                102.951613457936,3.73118297473577,0
                102.949125212321,3.73058686584031,0
                102.946609112572,3.73012152233712,0
                102.944072055145,3.72978821990893,0
                102.941520993936,3.72958787226519,0
                102.938962921228,3.72952102863588,0
                102.93640484852,3.72958787226519,0
                102.933853787312,3.72978821990893,0
                102.931316729884,3.73012152233712,0
                102.928800630136,3.73058686584031,0
                102.926312384521,3.73118297473577,0
                102.923858813147,3.7319082148661,0
                102.921446641085,3.73276059808134,0
                102.919082479928,3.73373778769174,0
                102.916772809679,3.73483710487635,0
                102.914523960984,3.73605553603005,0
                102.91234209778,3.73738974102844,0
                102.910233200402,3.73883606238823,0
                102.908203049192,3.74039053529775,0
                102.906257208654,3.74204889849012,0
                102.9044010122,3.74380660592929,0
                102.902639547537,3.74565883927655,0
                102.900977642716,3.74760052110373,0
                102.899419852903,3.74962632881641,0
                102.897970447892,3.75173070924905,0
                102.896633400401,3.75390789389211,0
                102.895412375184,3.75615191470903,0
                102.894310718986,3.75845662050003,0
                102.893331451372,3.76081569376752,0
                102.892477256444,3.76322266803696,0
                102.891750475493,3.76567094558562,0
                102.891153100573,3.76815381553065,0
                102.890686769049,3.77066447222669,0
                102.890352759102,3.77319603392275,0
                102.890151986231,3.77574156162699,0
                102.890085000739,3.77829407812778,0
                102.890151986231,3.780846587119,0
                102.890352759102,3.78339209237673,0
                102.890686769049,3.78592361693529,0
                102.891153100573,3.78843422220974,0
                102.891750475493,3.79091702701247,0
                102.892477256444,3.79336522641183,0
                102.893331451372,3.79577211038119,0
                102.894310718986,3.79813108218718,0
                102.895412375184,3.80043567646689,0
                102.896633400401,3.80267957694447,0
                102.897970447892,3.80485663373857,0
                102.899419852903,3.80696088021343,0
                102.900977642716,3.80898654932713,0
                102.902639547537,3.81092808943269,0
                102.9044010122,3.81278017948839,0
                102.906257208654,3.81453774363599,0
                102.908203049192,3.81619596510676,0
                102.910233200402,3.81775029941732,0
                102.91234209778,3.81919648681934,0
                102.914523960984,3.82053056396883,0
                102.916772809679,3.82174887478321,0
                102.919082479928,3.82284808045658,0
                102.921446641085,3.82382516860552,0
                102.923858813147,3.82467746152072,0
                102.926312384521,3.8254026235018,0
                102.928800630136,3.82599866725498,0
                102.931316729884,3.82646395933662,0
                102.933853787312,3.82679722462733,0
                102.93640484852,3.82699754982459,0
                102.938962921228,3.8270643859443,0
                102.941520993936,3.82699754982459,0
                102.944072055145,3.82679722462733,0
                102.946609112572,3.82646395933662,0
                102.949125212321,3.82599866725498,0
                102.951613457936,3.8254026235018,0
                102.954067029309,3.82467746152072,0
                102.956479201372,3.82382516860552,0
                102.958843362528,3.82284808045658,0
                102.961153032777,3.82174887478321,0
                102.963401881473,3.82053056396883,0
                102.965583744677,3.81919648681934,0
                102.967692642054,3.81775029941732,0
                102.969722793264,3.81619596510676,0
                102.971668633802,3.81453774363599,0
                102.973524830256,3.81278017948839,0
                102.97528629492,3.81092808943269,0
                102.976948199741,3.80898654932713,0
                102.978505989553,3.80696088021343,0
                102.979955394565,3.80485663373857,0
                102.981292442056,3.80267957694447,0
                102.982513467273,3.80043567646689,0
                102.98361512347,3.79813108218718,0
                102.984594391084,3.79577211038119,0
                102.985448586012,3.79336522641183,0
                102.986175366964,3.79091702701247,0
                102.986772741883,3.78843422220974,0
                102.987239073408,3.78592361693529,0
                102.987573083354,3.78339209237673,0
                102.987773856226,3.780846587119,0
                102.987840841717,3.77829407812778,0
              </coordinates>
            </LinearRing>
          </outerBoundaryIs>
        </Polygon>
      </Placemark>
      <Placemark id="PHG_SE-15.11">
        <name>P.084 Paya Besar</name>
        <ExtendedData>
          <SchemaData schemaUrl="#PHG_SE-15.schema">
            <SimpleData name="state">Pahang</SimpleData>
            <SimpleData name="parlimen">P.084 Paya Besar</SimpleData>
            <SimpleData name="code_parlimen">P.084</SimpleData>
            <SimpleData name="dun">N.19 Panching</SimpleData>
            <SimpleData name="code_dun">N.19</SimpleData>
            <SimpleData name="voters_total">34886</SimpleData>
          </SchemaData>
        </ExtendedData>
        <Polygon>
          <outerBoundaryIs>
            <LinearRing>
              <coordinates>
                103.219977256989,3.83380029808055,0
                103.219899255423,3.83082819916366,0
                103.219665464522,3.82786423628231,0
                103.21927652509,3.82491653358729,0
                103.218733503184,3.821993170744,0
                103.218037887189,3.81910216078418,0
                103.21719158374,3.81625142813935,0
                103.216196912495,3.8134487869163,0
                103.21505659978,3.81070191947429,0
                103.213773771113,3.80801835536244,0
                103.212351942637,3.80540545067547,0
                103.210795011486,3.80287036788418,0
                103.2091072451,3.80042005619616,0
                103.207293269528,3.79806123250059,0
                103.205358056753,3.79580036294944,0
                103.203306911058,3.79364364522575,0
                103.20114545449,3.79159699154747,0
                103.198879611451,3.7896660124538,0
                103.196515592461,3.78785600141831,0
                103.194059877131,3.78617192033134,0
                103.191519196405,3.78461838589138,0
                103.188900514113,3.78319965694289,0
                103.186211007882,3.78191962279545,0
                103.18345804946,3.78078179255613,0
                103.180649184516,3.77978928550453,0
                103.177792111953,3.778944822537,0
                103.174894662808,3.77825071870346,0
                103.171964778788,3.77770887685722,0
                103.169010490502,3.77732078243557,0
                103.166039895448,3.77708749938514,0
                103.163061135821,3.77700966724355,0
                103.160082376194,3.77708749938514,0
                103.15711178114,3.77732078243557,0
                103.154157492854,3.77770887685722,0
                103.151227608834,3.77825071870346,0
                103.148330159689,3.778944822537,0
                103.145473087126,3.77978928550453,0
                103.142664222182,3.78078179255613,0
                103.13991126376,3.78191962279545,0
                103.137221757529,3.78319965694289,0
                103.134603075237,3.78461838589138,0
                103.132062394511,3.78617192033134,0
                103.129606679181,3.78785600141831,0
                103.127242660191,3.7896660124538,0
                103.124976817152,3.79159699154747,0
                103.122815360584,3.79364364522575,0
                103.120764214889,3.79580036294944,0
                103.118829002114,3.79806123250059,0
                103.117015026542,3.80042005619616,0
                103.115327260156,3.80287036788418,0
                103.113770329005,3.80540545067547,0
                103.112348500529,3.80801835536244,0
                103.111065671862,3.81070191947429,0
                103.109925359147,3.8134487869163,0
                103.108930687902,3.81625142813935,0
                103.108084384453,3.81910216078418,0
                103.107388768458,3.821993170744,0
                103.106845746552,3.82491653358729,0
                103.10645680712,3.82786423628231,0
                103.106223016219,3.83082819916366,0
                103.106145014653,3.83380029808055,0
                103.106223016219,3.83677238666606,0
                103.10645680712,3.83973631866649,0
                103.106845746552,3.84268397026936,0
                103.107388768458,3.84560726236906,0
                103.108084384453,3.84849818270894,0
                103.108930687902,3.85134880783938,0
                103.109925359147,3.85415132483152,0
                103.111065671862,3.85689805268721,0
                103.112348500529,3.85958146338668,0
                103.113770329005,3.86219420251601,0
                103.115327260156,3.86472910941829,0
                103.117015026542,3.86717923681302,0
                103.118829002114,3.86953786983017,0
                103.120764214889,3.87179854440688,0
                103.122815360584,3.8739550649963,0
                103.124976817152,3.87600152154031,0
                103.127242660191,3.87793230565958,0
                103.129606679181,3.87974212601669,0
                103.132062394511,3.88142602281042,0
                103.134603075237,3.88297938136146,0
                103.137221757529,3.88439794475238,0
                103.13991126376,3.8856778254875,0
                103.142664222182,3.88681551614059,0
                103.145473087126,3.88780789896137,0
                103.148330159689,3.88865225441455,0
                103.151227608834,3.88934626862823,0
                103.154157492854,3.88988803973093,0
                103.15711178114,3.8902760830605,0
                103.160082376194,3.89050933523002,0
                103.163061135821,3.89058715704024,0
                103.166039895448,3.89050933523002,0
                103.169010490502,3.8902760830605,0
                103.171964778788,3.88988803973093,0
                103.174894662808,3.88934626862823,0
                103.177792111953,3.88865225441455,0
                103.180649184516,3.88780789896137,0
                103.18345804946,3.88681551614059,0
                103.186211007882,3.8856778254875,0
                103.188900514113,3.88439794475238,0
                103.191519196405,3.88297938136146,0
                103.194059877131,3.88142602281042,0
                103.196515592461,3.87974212601669,0
                103.198879611451,3.87793230565958,0
                103.20114545449,3.87600152154031,0
                103.203306911058,3.8739550649963,0
                103.205358056753,3.87179854440688,0
                103.207293269528,3.86953786983017,0
                103.2091072451,3.86717923681302,0
                103.210795011486,3.86472910941829,0
                103.212351942637,3.86219420251601,0
                103.213773771113,3.85958146338668,0
                103.21505659978,3.85689805268721,0
                103.216196912495,3.85415132483152,0
                103.21719158374,3.85134880783938,0
                103.218037887189,3.84849818270894,0
                103.218733503184,3.84560726236906,0
                103.21927652509,3.84268397026936,0
                103.219665464522,3.83973631866649,0
                103.219899255423,3.83677238666606,0
                103.219977256989,3.83380029808055,0
              </coordinates>
            </LinearRing>
          </outerBoundaryIs>
        </Polygon>
      </Placemark>
      <Placemark id="PHG_SE-15.12">
        <name>P.080 Raub</name>
        <ExtendedData>
          <SchemaData schemaUrl="#PHG_SE-15.schema">
            <SimpleData name="state">Pahang</SimpleData>
            <SimpleData name="parlimen">P.080 Raub</SimpleData>
            <SimpleData name="code_parlimen">P.080</SimpleData>
            <SimpleData name="dun">N.06 Batu Talam</SimpleData>
            <SimpleData name="code_dun">N.06</SimpleData>
            <SimpleData name="voters_total">19683</SimpleData>
          </SchemaData>
        </ExtendedData>
        <Polygon>
          <outerBoundaryIs>
            <LinearRing>
              <coordinates>
                101.774595056103,3.95330101669875,0
                101.774536466118,3.95106887634716,0
                101.774360856757,3.94884284815552,0
                101.774068709352,3.94662903358948,0
                101.773660824659,3.94443350068604,0
                101.773138320661,3.94226226742021,0
                101.772502629506,3.9401212852081,0
                101.771755493578,3.93801642259225,0
                101.770898960726,3.93595344915335,0
                101.769935378646,3.93393801969302,0
                101.768867388451,3.93197565873068,0
                101.767697917426,3.93007174535712,0
                101.76643017101,3.9282314984866,0
                101.765067624009,3.92645996254741,0
                101.76361401107,3.92476199365075,0
                101.762073316443,3.92314224627542,0
                101.760449763066,3.92160516050525,0
                101.758747800986,3.92015494985394,0
                101.756972095163,3.9187955897111,0
                101.755127512682,3.91753080644086,0
                101.753219109417,3.91636406716334,0
                101.751252116168,3.91529857024669,0
                101.749231924326,3.91433723653613,0
                101.747164071098,3.91348270134383,0
                101.745054224325,3.91273730722174,0
                101.74290816695,3.91210309753731,0
                101.740731781168,3.91158181086954,0
                101.7385310323,3.9111748762409,0
                101.736311952447,3.9108834091982,0
                101.734080623952,3.91070820875311,0
                101.731843162731,3.91064975519089,0
                101.729605701511,3.91070820875311,0
                101.727374373015,3.9108834091982,0
                101.725155293162,3.9111748762409,0
                101.722954544295,3.91158181086954,0
                101.720778158513,3.91210309753731,0
                101.718632101138,3.91273730722174,0
                101.716522254365,3.91348270134383,0
                101.714454401136,3.91433723653613,0
                101.712434209295,3.91529857024669,0
                101.710467216046,3.91636406716334,0
                101.708558812781,3.91753080644086,0
                101.7067142303,3.9187955897111,0
                101.704938524477,3.92015494985394,0
                101.703236562397,3.92160516050525,0
                101.70161300902,3.92314224627542,0
                101.700072314393,3.92476199365075,0
                101.698618701453,3.92645996254741,0
                101.697256154452,3.9282314984866,0
                101.695988408037,3.93007174535712,0
                101.694818937012,3.93197565873068,0
                101.693750946816,3.93393801969302,0
                101.692787364737,3.93595344915335,0
                101.691930831884,3.93801642259225,0
                101.691183695957,3.9401212852081,0
                101.690548004801,3.94226226742021,0
                101.690025500804,3.94443350068604,0
                101.68961761611,3.94662903358948,0
                101.689325468705,3.94884284815552,0
                101.689149859344,3.95106887634716,0
                101.68909126936,3.95330101669875,0
                101.689149859344,3.95553315104074,0
                101.689325468705,3.95775916126938,0
                101.68961761611,3.95997294611585,0
                101.690025500804,3.96216843786876,0
                101.690548004801,3.96433961900397,0
                101.691183695957,3.9664805386765,0
                101.691930831884,3.968585329029,0
                101.692787364737,3.97064822127254,0
                101.693750946816,3.97266356149508,0
                101.694818937012,3.97462582615492,0
                101.695988408037,3.97652963721635,0
                101.697256154452,3.97836977688611,0
                101.698618701453,3.98014120191038,0
                101.700072314393,3.98183905739321,0
                101.70161300902,3.98345869009834,0
                101.703236562397,3.98499566119832,0
                101.704938524477,3.98644575843578,0
                101.7067142303,3.98780500766373,0
                101.708558812781,3.98906968373321,0
                101.710467216046,3.99023632069863,0
                101.712434209295,3.99130172131279,0
                101.714454401136,3.99226296578559,0
                101.716522254365,3.99311741978257,0
                101.718632101138,3.99386274164134,0
                101.720778158513,3.99449688878622,0
                101.722954544295,3.99501812332338,0
                101.725155293162,3.9954250168015,0
                101.727374373015,3.99571645412466,0
                101.729605701511,3.99589163660676,0
                101.731843162731,3.99595008415938,0
                101.734080623952,3.99589163660676,0
                101.736311952447,3.99571645412466,0
                101.7385310323,3.9954250168015,0
                101.740731781168,3.99501812332338,0
                101.74290816695,3.99449688878622,0
                101.745054224325,3.99386274164134,0
                101.747164071098,3.99311741978257,0
                101.749231924326,3.99226296578559,0
                101.751252116168,3.99130172131279,0
                101.753219109417,3.99023632069863,0
                101.755127512682,3.98906968373321,0
                101.756972095163,3.98780500766373,0
                101.758747800986,3.98644575843578,0
                101.760449763066,3.98499566119832,0
                101.762073316443,3.98345869009834,0
                101.76361401107,3.98183905739321,0
                101.765067624009,3.98014120191038,0
                101.76643017101,3.97836977688611,0
                101.767697917426,3.97652963721635,0
                101.768867388451,3.97462582615492,0
                101.769935378646,3.97266356149508,0
                101.770898960726,3.97064822127254,0
                101.771755493578,3.968585329029,0
                101.772502629506,3.9664805386765,0
                101.773138320661,3.96433961900397,0
                101.773660824659,3.96216843786876,0
                101.774068709352,3.95997294611585,0
                101.774360856757,3.95775916126938,0
                101.774536466118,3.95553315104074,0
                101.774595056103,3.95330101669875,0
              </coordinates>
            </LinearRing>
          </outerBoundaryIs>
        </Polygon>
      </Placemark>
      <Placemark id="PHG_SE-15.13">
        <name>P.080 Raub</name>
        <ExtendedData>
          <SchemaData schemaUrl="#PHG_SE-15.schema">
            <SimpleData name="state">Pahang</SimpleData>
            <SimpleData name="parlimen">P.080 Raub</SimpleData>
            <SimpleData name="code_parlimen">P.080</SimpleData>
            <SimpleData name="dun">N.07 Tras</SimpleData>
            <SimpleData name="code_dun">N.07</SimpleData>
            <SimpleData name="voters_total">38329</SimpleData>
          </SchemaData>
        </ExtendedData>
        <Polygon>
          <outerBoundaryIs>
            <LinearRing>
              <coordinates>
                101.871448719694,3.74905554038298,0
                101.871366959582,3.74593992382634,0
                101.871121903344,3.74283283591129,0
                101.870714222664,3.73974279309506,0
                101.870145034965,3.73667826520418,0
                101.869415900351,3.73364765221664,0
                101.868528817329,3.73065926123455,0
                101.867486217333,3.72772128371032,0
                101.866290958057,3.72484177298928,0
                101.864946315622,3.72202862222978,0
                101.863455975601,3.71928954276178,0
                101.861824022912,3.71663204294319,0
                101.860054930624,3.71406340757191,0
                101.858153547695,3.71159067791026,0
                101.856125085685,3.70922063237647,0
                101.853975104467,3.70695976795646,0
                101.851709496989,3.70481428238658,0
                101.849334473125,3.70279005715683,0
                101.846856542649,3.70089264138066,0
                101.844282497397,3.69912723657596,0
                101.841619392648,3.69749868239913,0
                101.838874527787,3.69601144337122,0
                101.836055426298,3.69466959663262,0
                101.833169815142,3.6934768207602,0
                101.830225603578,3.69243638567741,0
                101.827230861486,3.69155114368498,0
                101.824193797246,3.6908235216373,0
                101.82112273524,3.69025551428543,0
                101.818026093035,3.6898486788055,0
                101.814912358312,3.68960413052732,0
                101.811790065602,3.68952253987485,0
                101.808667772892,3.68960413052732,0
                101.80555403817,3.6898486788055,0
                101.802457395964,3.69025551428543,0
                101.799386333958,3.6908235216373,0
                101.796349269718,3.69155114368498,0
                101.793354527627,3.69243638567741,0
                101.790410316063,3.6934768207602,0
                101.787524704907,3.69466959663262,0
                101.784705603418,3.69601144337122,0
                101.781960738557,3.69749868239913,0
                101.779297633808,3.69912723657596,0
                101.776723588556,3.70089264138066,0
                101.77424565808,3.70279005715683,0
                101.771870634216,3.70481428238658,0
                101.769605026738,3.70695976795646,0
                101.767455045519,3.70922063237647,0
                101.765426583509,3.71159067791026,0
                101.763525200581,3.71406340757191,0
                101.761756108293,3.71663204294319,0
                101.760124155604,3.71928954276178,0
                101.758633815583,3.72202862222978,0
                101.757289173148,3.72484177298928,0
                101.756093913871,3.72772128371032,0
                101.755051313875,3.73065926123455,0
                101.754164230854,3.73364765221664,0
                101.75343509624,3.73667826520418,0
                101.752865908541,3.73974279309506,0
                101.75245822786,3.74283283591129,0
                101.752213171623,3.74593992382634,0
                101.752131411511,3.74905554038298,0
                101.752213171623,3.75217114583808,0
                101.75245822786,3.75527820057012,0
                101.752865908541,3.75836818848544,0
                101.75343509624,3.76143264035901,0
                101.754164230854,3.7644631570457,0
                101.755051313875,3.76745143249852,0
                101.756093913871,3.77038927653079,0
                101.757289173148,3.77326863725977,0
                101.758633815583,3.77608162317044,0
                101.760124155604,3.77882052473898,0
                101.761756108293,3.78147783555656,0
                101.763525200581,3.78404627289603,0
                101.765426583509,3.78651879766476,0
                101.767455045519,3.78888863368932,0
                101.769605026738,3.7911492862793,0
                101.771870634216,3.79329456001915,0
                101.77424565808,3.79531857573971,0
                101.776723588556,3.79721578662301,0
                101.779297633808,3.79898099339597,0
                101.781960738557,3.80060935857186,0
                101.784705603418,3.8020964197004,0
                101.787524704907,3.80343810159026,0
                101.790410316063,3.8046307274707,0
                101.793354527627,3.80567102906164,0
                101.796349269718,3.80655615552486,0
                101.799386333958,3.80728368127178,0
                101.802457395964,3.80785161260643,0
                101.80555403817,3.80825839318547,0
                101.808667772892,3.80850290828069,0
                101.811790065602,3.80858448783161,0
                101.814912358312,3.80850290828069,0
                101.818026093035,3.80825839318547,0
                101.82112273524,3.80785161260643,0
                101.824193797246,3.80728368127178,0
                101.827230861486,3.80655615552486,0
                101.830225603578,3.80567102906164,0
                101.833169815142,3.8046307274707,0
                101.836055426298,3.80343810159026,0
                101.838874527787,3.8020964197004,0
                101.841619392648,3.80060935857186,0
                101.844282497397,3.79898099339597,0
                101.846856542649,3.79721578662301,0
                101.849334473125,3.79531857573971,0
                101.851709496989,3.79329456001915,0
                101.853975104467,3.7911492862793,0
                101.856125085685,3.78888863368932,0
                101.858153547695,3.78651879766476,0
                101.860054930624,3.78404627289603,0
                101.861824022912,3.78147783555656,0
                101.863455975601,3.77882052473898,0
                101.864946315622,3.77608162317044,0
                101.866290958057,3.77326863725977,0
                101.867486217333,3.77038927653079,0
                101.868528817329,3.76745143249852,0
                101.869415900351,3.7644631570457,0
                101.870145034965,3.76143264035901,0
                101.870714222664,3.75836818848544,0
                101.871121903344,3.75527820057012,0
                101.871366959582,3.75217114583808,0
                101.871448719694,3.74905554038298,0
              </coordinates>
            </LinearRing>
          </outerBoundaryIs>
        </Polygon>
      </Placemark>
      <Placemark id="PHG_SE-15.14">
        <name>P.079 Lipis</name>
        <ExtendedData>
          <SchemaData schemaUrl="#PHG_SE-15.schema">
            <SimpleData name="state">Pahang</SimpleData>
            <SimpleData name="parlimen">P.079 Lipis</SimpleData>
            <SimpleData name="code_parlimen">P.079</SimpleData>
            <SimpleData name="dun">N.04 Cheka</SimpleData>
            <SimpleData name="code_dun">N.04</SimpleData>
            <SimpleData name="voters_total">16822</SimpleData>
          </SchemaData>
        </ExtendedData>
        <Polygon>
          <outerBoundaryIs>
            <LinearRing>
              <coordinates>
                102.167405361558,4.13598296432784,0
                102.167351196833,4.13391988116342,0
                102.167188851117,4.13186244741946,0
                102.166918769391,4.12981630244736,0
                102.166541691929,4.12778705469984,0
                102.166058652273,4.1257802663573,0
                102.165470974403,4.12380143808049,0
                102.164780269102,4.12185599393156,0
                102.163988429546,4.11994926650439,0
                102.163097626112,4.11808648230547,0
                102.16211030043,4.11627274742509,0
                102.161029158691,4.11451303353826,0
                102.159857164229,4.11281216427392,0
                102.158597529401,4.11117480198944,0
                102.157253706777,4.1096054349873,0
                102.155829379682,4.10810836520839,0
                102.154328452097,4.10668769643621,0
                102.15275503796,4.10534732304415,0
                102.151113449891,4.10409091931666,0
                102.149408187368,4.10292192937381,0
                102.147643924398,4.10184355772681,0
                102.145825496701,4.10085876049039,0
                102.143957888463,4.09997023727628,0
                102.142046218668,4.09918042378993,0
                102.140095727069,4.09849148515086,0
                102.138111759828,4.09790530995505,0
                102.136099754863,4.09742350509561,0
                102.134065226938,4.09704739135581,0
                102.132013752554,4.096777999787,0
                102.129950954658,4.09661606888083,0
                102.127882487237,4.09656204254401,0
                102.125814019816,4.09661606888083,0
                102.12375122192,4.096777999787,0
                102.121699747536,4.09704739135581,0
                102.119665219611,4.09742350509561,0
                102.117653214645,4.09790530995505,0
                102.115669247405,4.09849148515086,0
                102.113718755806,4.09918042378993,0
                102.111807086011,4.09997023727628,0
                102.109939477773,4.10085876049039,0
                102.108121050076,4.10184355772681,0
                102.106356787105,4.10292192937381,0
                102.104651524583,4.10409091931666,0
                102.103009936514,4.10534732304415,0
                102.101436522377,4.10668769643621,0
                102.099935594792,4.10810836520839,0
                102.098511267697,4.1096054349873,0
                102.097167445073,4.11117480198944,0
                102.095907810244,4.11281216427392,0
                102.094735815783,4.11451303353826,0
                102.093654674044,4.11627274742509,0
                102.092667348362,4.11808648230547,0
                102.091776544928,4.11994926650439,0
                102.090984705371,4.12185599393156,0
                102.090294000071,4.12380143808049,0
                102.089706322201,4.1257802663573,0
                102.089223282545,4.12778705469984,0
                102.088846205083,4.12981630244736,0
                102.088576123356,4.13186244741946,0
                102.088413777641,4.13391988116342,0
                102.088359612915,4.13598296432784,0
                102.088413777641,4.13804604212044,0
                102.088576123356,4.14010345980781,0
                102.088846205083,4.14214957821446,0
                102.089223282545,4.14417878917872,0
                102.089706322201,4.14618553092324,0
                102.090294000071,4.14816430329773,0
                102.090984705371,4.15010968285259,0
                102.091776544928,4.15201633770161,0
                102.092667348362,4.15387904213349,0
                102.093654674044,4.15569269093189,0
                102.094735815783,4.15745231336491,0
                102.095907810244,4.15915308680564,0
                102.097167445073,4.16079034994651,0
                102.098511267697,4.16235961557133,0
                102.099935594792,4.16385658284993,0
                102.101436522377,4.16527714912177,0
                102.103009936514,4.16661742113652,0
                102.104651524583,4.16787372572044,0
                102.106356787105,4.16904261983967,0
                102.108121050076,4.17012090003289,0
                102.109939477773,4.17110561118733,0
                102.111807086011,4.17199405463443,0
                102.113718755806,4.17278379554265,0
                102.115669247405,4.17347266958767,0
                102.117653214645,4.17405878888118,0
                102.119665219611,4.17454054714261,0
                102.121699747536,4.17491662409917,0
                102.12375122192,4.17518598910253,0
                102.125814019816,4.17534790395212,0
                102.127882487237,4.17540192491712,0
                102.129950954658,4.17534790395212,0
                102.132013752554,4.17518598910253,0
                102.134065226938,4.17491662409917,0
                102.136099754863,4.17454054714261,0
                102.138111759828,4.17405878888118,0
                102.140095727069,4.17347266958767,0
                102.142046218668,4.17278379554265,0
                102.143957888463,4.17199405463443,0
                102.145825496701,4.17110561118733,0
                102.147643924398,4.17012090003289,0
                102.149408187368,4.16904261983967,0
                102.151113449891,4.16787372572044,0
                102.15275503796,4.16661742113652,0
                102.154328452097,4.16527714912177,0
                102.155829379682,4.16385658284993,0
                102.157253706777,4.16235961557133,0
                102.158597529401,4.16079034994651,0
                102.159857164229,4.15915308680564,0
                102.161029158691,4.15745231336491,0
                102.16211030043,4.15569269093189,0
                102.163097626112,4.15387904213349,0
                102.163988429546,4.15201633770161,0
                102.164780269102,4.15010968285259,0
                102.165470974403,4.14816430329773,0
                102.166058652273,4.14618553092324,0
                102.166541691929,4.14417878917872,0
                102.166918769391,4.14214957821446,0
                102.167188851117,4.14010345980781,0
                102.167351196833,4.13804604212044,0
                102.167405361558,4.13598296432784,0
              </coordinates>
            </LinearRing>
          </outerBoundaryIs>
        </Polygon>
      </Placemark>
      <Placemark id="PHG_SE-15.15">
        <name>P.079 Lipis</name>
        <ExtendedData>
          <SchemaData schemaUrl="#PHG_SE-15.schema">
            <SimpleData name="state">Pahang</SimpleData>
            <SimpleData name="parlimen">P.079 Lipis</SimpleData>
            <SimpleData name="code_parlimen">P.079</SimpleData>
            <SimpleData name="dun">N.05 Benta</SimpleData>
            <SimpleData name="code_dun">N.05</SimpleData>
            <SimpleData name="voters_total">10895</SimpleData>
          </SchemaData>
        </ExtendedData>
        <Polygon>
          <outerBoundaryIs>
            <LinearRing>
              <coordinates>
                102.061584179606,4.03465100831166,0
                102.061540589156,4.03299048003454,0
                102.061409937285,4.03133449977087,0
                102.0611925821,4.02968760649047,0
                102.060889119358,4.02805431428358,0
                102.060500380827,4.02643909998726,0
                102.060027432014,4.02484639091362,0
                102.059471569238,4.02328055271357,0
                102.05883431608,4.02174587740911,0
                102.058117419208,4.02024657162752,0
                102.057322843585,4.01878674506908,0
                102.056452767089,4.01737039924049,0
                102.055509574538,4.01600141648447,0
                102.054495851157,4.01468354933599,0
                102.053414375492,4.01342041023412,0
                102.052268111793,4.01221546161775,0
                102.051060201889,4.01107200643245,0
                102.049793956576,4.00999317907438,0
                102.048472846545,4.0089819367963,0
                102.047100492868,4.00804105159907,0
                102.045680657069,4.007173102631,0
                102.04421723082,4.00638046911585,0
                102.042714225271,4.00566532382909,0
                102.041175760056,4.0050296271399,0
                102.039606052001,4.00447512163585,0
                102.038009403565,4.00400332734445,0
                102.036390191053,4.00361553756511,0
                102.034752852612,4.00331281532271,0
                102.033101876074,4.00309599045264,0
                102.031441786651,4.00296565732521,0
                102.029777134532,4.0029221732158,0
                102.028112482412,4.00296565732521,0
                102.026452392989,4.00309599045264,0
                102.024801416451,4.00331281532271,0
                102.02316407801,4.00361553756511,0
                102.021544865498,4.00400332734445,0
                102.019948217063,4.00447512163585,0
                102.018378509007,4.0050296271399,0
                102.016840043792,4.00566532382909,0
                102.015337038243,4.00638046911585,0
                102.013873611994,4.007173102631,0
                102.012453776196,4.00804105159907,0
                102.011081422518,4.0089819367963,0
                102.009760312487,4.00999317907438,0
                102.008494067175,4.01107200643245,0
                102.00728615727,4.01221546161775,0
                102.006139893571,4.01342041023412,0
                102.005058417906,4.01468354933599,0
                102.004044694526,4.01600141648447,0
                102.003101501974,4.01737039924049,0
                102.002231425478,4.01878674506908,0
                102.001436849855,4.02024657162752,0
                102.000719952983,4.02174587740911,0
                102.000082699825,4.02328055271357,0
                101.99952683705,4.02484639091362,0
                101.999053888236,4.02643909998726,0
                101.998665149706,4.02805431428358,0
                101.998361686963,4.02968760649047,0
                101.998144331778,4.03133449977087,0
                101.998013679907,4.03299048003454,0
                101.997970089457,4.03465100831166,0
                101.998013679907,4.03631153319432,0
                101.998144331778,4.03796750331179,0
                101.998361686963,4.03961437980542,0
                101.998665149706,4.04124764876889,0
                101.999053888236,4.0428628336198,0
                101.99952683705,4.04445550736863,0
                102.000082699825,4.04602130475155,0
                102.000719952983,4.0475559341937,0
                102.001436849855,4.04905518957031,0
                102.002231425478,4.05051496173334,0
                102.003101501974,4.05193124977206,0
                102.004044694526,4.0533001719769,0
                102.005058417906,4.05461797647631,0
                102.006139893571,4.05588105151762,0
                102.00728615727,4.05708593536378,0
                102.008494067175,4.05822932577888,0
                102.009760312487,4.0593080890764,0
                102.011081422518,4.06031926870541,0
                102.012453776196,4.06126009335147,0
                102.013873611994,4.06212798452967,0
                102.015337038243,4.06292056364941,0
                102.016840043792,4.06363565853121,0
                102.018378509007,4.0642713093581,0
                102.019948217063,4.06482577404501,0
                102.021544865498,4.06529753301162,0
                102.02316407801,4.06568529334556,0
                102.024801416451,4.06598799234453,0
                102.026452392989,4.06620480042785,0
                102.028112482412,4.06633512340908,0
                102.029777134532,4.06637860412401,0
                102.031441786651,4.06633512340908,0
                102.033101876074,4.06620480042785,0
                102.034752852612,4.06598799234453,0
                102.036390191053,4.06568529334556,0
                102.038009403565,4.06529753301162,0
                102.039606052001,4.06482577404501,0
                102.041175760056,4.0642713093581,0
                102.042714225271,4.06363565853121,0
                102.04421723082,4.06292056364941,0
                102.045680657069,4.06212798452967,0
                102.047100492868,4.06126009335147,0
                102.048472846545,4.06031926870541,0
                102.049793956576,4.0593080890764,0
                102.051060201889,4.05822932577888,0
                102.052268111793,4.05708593536378,0
                102.053414375492,4.05588105151762,0
                102.054495851157,4.05461797647631,0
                102.055509574538,4.0533001719769,0
                102.056452767089,4.05193124977206,0
                102.057322843585,4.05051496173334,0
                102.058117419208,4.04905518957031,0
                102.05883431608,4.0475559341937,0
                102.059471569238,4.04602130475155,0
                102.060027432014,4.04445550736863,0
                102.060500380827,4.0428628336198,0
                102.060889119358,4.04124764876889,0
                102.0611925821,4.03961437980542,0
                102.061409937285,4.03796750331179,0
                102.061540589156,4.03631153319432,0
                102.061584179606,4.03465100831166,0
              </coordinates>
            </LinearRing>
          </outerBoundaryIs>
        </Polygon>
      </Placemark>
      <Placemark id="PHG_SE-15.16">
        <name>P.080 Raub</name>
        <ExtendedData>
          <SchemaData schemaUrl="#PHG_SE-15.schema">
            <SimpleData name="state">Pahang</SimpleData>
            <SimpleData name="parlimen">P.080 Raub</SimpleData>
            <SimpleData name="code_parlimen">P.080</SimpleData>
            <SimpleData name="dun">N.08 Dong</SimpleData>
            <SimpleData name="code_dun">N.08</SimpleData>
            <SimpleData name="voters_total">17052</SimpleData>
          </SchemaData>
        </ExtendedData>
        <Polygon>
          <outerBoundaryIs>
            <LinearRing>
              <coordinates>
                102.013045036946,3.79573683894051,0
                102.012990503192,3.79365884470299,0
                102.012827051403,3.79158654112645,0
                102.012555129589,3.78952560831493,0
                102.012175483069,3.78748169524614,0
                102.011689152427,3.78546040428667,0
                102.011097470662,3.78346727583476,0
                102.010402059533,3.78150777313245,0
                102.009604825114,3.77958726728884,0
                102.008707952567,3.77771102255548,0
                102.007713900159,3.77588418189439,0
                102.006625392519,3.77411175287817,0
                102.005445413169,3.772398593961,0
                102.004177196351,3.77074940115814,0
                102.002824218161,3.76916869517043,0
                102.001390187015,3.7676608089893,0
                101.999879033496,3.7662298760161,0
                101.998294899568,3.76487981872848,0
                101.996642127233,3.7636143379249,0
                101.994925246626,3.76243690257682,0
                101.993148963596,3.76135074031644,0
                101.991318146812,3.76035882858598,0
                101.989437814415,3.75946388647291,0
                101.987513120267,3.75866836725375,0
                101.985549339819,3.75797445166633,0
                101.983551855657,3.75738404192971,0
                101.981526142748,3.7568987565276,0
                101.979477753428,3.75651992576995,0
                101.977412302191,3.75624858814477,0
                101.975335450294,3.75608548747014,0
                101.973252890246,3.75603107085444,0
                101.971170330197,3.75608548747014,0
                101.969093478301,3.75624858814477,0
                101.967028027064,3.75651992576995,0
                101.964979637744,3.7568987565276,0
                101.962953924835,3.75738404192971,0
                101.960956440673,3.75797445166633,0
                101.958992660225,3.75866836725375,0
                101.957067966076,3.75946388647291,0
                101.95518763368,3.76035882858598,0
                101.953356816896,3.76135074031644,0
                101.951580533866,3.76243690257682,0
                101.949863653259,3.7636143379249,0
                101.948210880924,3.76487981872848,0
                101.946626746996,3.7662298760161,0
                101.945115593477,3.7676608089893,0
                101.943681562331,3.76916869517043,0
                101.94232858414,3.77074940115814,0
                101.941060367323,3.772398593961,0
                101.939880387973,3.77411175287817,0
                101.938791880333,3.77588418189439,0
                101.937797827925,3.77771102255548,0
                101.936900955378,3.77958726728884,0
                101.936103720959,3.78150777313245,0
                101.93540830983,3.78346727583476,0
                101.934816628065,3.78546040428667,0
                101.934330297423,3.78748169524614,0
                101.933950650903,3.78952560831493,0
                101.933678729089,3.79158654112645,0
                101.9335152773,3.79365884470299,0
                101.933460743546,3.79573683894051,0
                101.9335152773,3.79781482817798,0
                101.933678729089,3.79988711680916,0
                101.933950650903,3.80194802489372,0
                101.934330297423,3.80399190372489,0
                101.934816628065,3.80601315131122,0
                101.93540830983,3.80800622772963,0
                101.936103720959,3.80996567030818,0
                101.936900955378,3.81188610859652,0
                101.937797827925,3.81376227908322,0
                101.938791880333,3.81558903961976,0
                101.939880387973,3.81736138351136,0
                101.941060367323,3.81907445323652,0
                101.94232858414,3.82072355375717,0
                101.943681562331,3.82230416538352,0
                101.945115593477,3.823811956158,0
                101.946626746996,3.82524279372456,0
                101.948210880924,3.82659275665084,0
                101.949863653259,3.82785814517223,0
                101.951580533866,3.82903549132829,0
                101.953356816896,3.83012156846407,0
                101.95518763368,3.83111340007,0
                101.957067966076,3.83200826793643,0
                101.958992660225,3.83280371960034,0
                101.960956440673,3.83349757506402,0
                101.962953924835,3.83408793276716,0
                101.964979637744,3.83457317479613,0
                101.967028027064,3.83495197131617,0
                101.969093478301,3.83522328421442,0
                101.971170330197,3.83538636994369,0
                101.973252890246,3.83544078155934,0
                101.975335450294,3.83538636994369,0
                101.977412302191,3.83522328421442,0
                101.979477753428,3.83495197131617,0
                101.981526142748,3.83457317479613,0
                101.983551855657,3.83408793276716,0
                101.985549339819,3.83349757506402,0
                101.987513120267,3.83280371960034,0
                101.989437814415,3.83200826793643,0
                101.991318146812,3.83111340007,0
                101.993148963596,3.83012156846407,0
                101.994925246626,3.82903549132829,0
                101.996642127233,3.82785814517223,0
                101.998294899568,3.82659275665084,0
                101.999879033496,3.82524279372456,0
                102.001390187015,3.823811956158,0
                102.002824218161,3.82230416538352,0
                102.004177196351,3.82072355375717,0
                102.005445413169,3.81907445323652,0
                102.006625392519,3.81736138351136,0
                102.007713900159,3.81558903961976,0
                102.008707952567,3.81376227908322,0
                102.009604825114,3.81188610859652,0
                102.010402059533,3.80996567030818,0
                102.011097470662,3.80800622772963,0
                102.011689152427,3.80601315131122,0
                102.012175483069,3.80399190372489,0
                102.012555129589,3.80194802489372,0
                102.012827051403,3.79988711680916,0
                102.012990503192,3.79781482817798,0
                102.013045036946,3.79573683894051,0
              </coordinates>
            </LinearRing>
          </outerBoundaryIs>
        </Polygon>
      </Placemark>
      <Placemark id="PHG_SE-15.17">
        <name>P.083 Kuantan</name>
        <ExtendedData>
          <SchemaData schemaUrl="#PHG_SE-15.schema">
            <SimpleData name="state">Pahang</SimpleData>
            <SimpleData name="parlimen">P.083 Kuantan</SimpleData>
            <SimpleData name="code_parlimen">P.083</SimpleData>
            <SimpleData name="dun">N.14 Teruntum</SimpleData>
            <SimpleData name="code_dun">N.14</SimpleData>
            <SimpleData name="voters_total">30854</SimpleData>
          </SchemaData>
        </ExtendedData>
        <Polygon>
          <outerBoundaryIs>
            <LinearRing>
              <coordinates>
                103.451414897672,3.79547402907346,0
                103.451341542039,3.79267883010828,0
                103.451121676202,3.78989128358642,0
                103.450755902797,3.78711903009664,0
                103.450245224386,3.78436966838292,0
                103.4495910407,3.78165073451473,0
                103.448795144813,3.77896968122815,0
                103.44785971822,3.77633385749488,0
                103.44678732486,3.77375048837486,0
                103.445580904089,3.77122665520787,0
                103.444243762622,3.76876927619854,0
                103.442779565471,3.76638508744789,0
                103.441192325899,3.7640806244837,0
                103.439486394418,3.76186220434011,0
                103.43766644687,3.75973590823579,0
                103.435737471602,3.75770756489842,0
                103.433704755803,3.75578273458087,0
                103.431573871005,3.75396669381324,0
                103.429350657816,3.75226442093271,0
                103.427041209907,3.75068058243063,0
                103.424651857316,3.74921952015469,0
                103.422189149092,3.74788523940108,0
                103.419659835346,3.74668139792948,0
                103.417070848752,3.74561129593104,0
                103.414429285543,3.74467786697691,0
                103.411742386058,3.74388366997218,0
                103.409017514904,3.74323088213732,0
                103.406262140762,3.74272129303644,0
                103.403483815922,3.74235629966886,0
                103.400690155578,3.74213690263725,0
                103.39788881696,3.74206370340316,0
                103.395087478342,3.74213690263725,0
                103.392293817999,3.74235629966886,0
                103.389515493158,3.74272129303644,0
                103.386760119016,3.74323088213732,0
                103.384035247862,3.74388366997218,0
                103.381348348378,3.74467786697691,0
                103.378706785168,3.74561129593104,0
                103.376117798574,3.74668139792948,0
                103.373588484829,3.74788523940108,0
                103.371125776604,3.74921952015469,0
                103.368736424013,3.75068058243063,0
                103.366426976105,3.75226442093271,0
                103.364203762915,3.75396669381324,0
                103.362072878117,3.75578273458087,0
                103.360040162318,3.75770756489842,0
                103.358111187051,3.75973590823579,0
                103.356291239502,3.76186220434011,0
                103.354585308022,3.7640806244837,0
                103.352998068449,3.76638508744789,0
                103.351533871298,3.76876927619854,0
                103.350196729831,3.77122665520787,0
                103.34899030906,3.77375048837486,0
                103.3479179157,3.77633385749488,0
                103.346982489107,3.77896968122815,0
                103.34618659322,3.78165073451473,0
                103.345532409535,3.78436966838292,0
                103.345021731123,3.78711903009664,0
                103.344655957719,3.78989128358642,0
                103.344436091881,3.79267883010828,0
                103.344362736248,3.79547402907346,0
                103.344436091881,3.79826921899212,0
                103.344655957719,3.80105673847359,0
                103.345021731123,3.80382894722534,0
                103.345532409535,3.80657824699357,0
                103.34618659322,3.8092971023875,0
                103.346982489107,3.81197806153081,0
                103.3479179157,3.81461377648326,0
                103.34899030906,3.81719702337674,0
                103.350196729831,3.8197207222106,0
                103.351533871298,3.82217795625203,0
                103.352998068449,3.82456199098827,0
                103.354585308022,3.82686629257897,0
                103.356291239502,3.82908454575804,0
                103.358111187051,3.83121067113609,0
                103.360040162318,3.83323884185596,0
                103.362072878117,3.83516349955603,0
                103.364203762915,3.8369793695974,0
                103.366426976105,3.83868147551344,0
                103.368736424013,3.84026515264207,0
                103.371125776604,3.84172606090365,0
                103.373588484829,3.8430601966894,0
                103.376117798574,3.84426390382796,0
                103.378706785168,3.84533388359993,0
                103.381348348378,3.84626720377329,0
                103.384035247862,3.84706130663479,0
                103.386760119016,3.84771401599544,0
                103.389515493158,3.84822354315087,0
                103.392293817999,3.84858849178046,0
                103.395087478342,3.8488078617717,0
                103.39788881696,3.84888105195929,0
                103.400690155578,3.8488078617717,0
                103.403483815922,3.84858849178046,0
                103.406262140762,3.84822354315087,0
                103.409017514904,3.84771401599544,0
                103.411742386058,3.84706130663479,0
                103.414429285543,3.84626720377329,0
                103.417070848752,3.84533388359993,0
                103.419659835346,3.84426390382796,0
                103.422189149092,3.8430601966894,0
                103.424651857316,3.84172606090365,0
                103.427041209907,3.84026515264207,0
                103.429350657816,3.83868147551344,0
                103.431573871005,3.8369793695974,0
                103.433704755803,3.83516349955603,0
                103.435737471602,3.83323884185596,0
                103.43766644687,3.83121067113609,0
                103.439486394418,3.82908454575804,0
                103.441192325899,3.82686629257897,0
                103.442779565471,3.82456199098827,0
                103.444243762622,3.82217795625203,0
                103.445580904089,3.8197207222106,0
                103.44678732486,3.81719702337674,0
                103.44785971822,3.81461377648326,0
                103.448795144813,3.81197806153081,0
                103.4495910407,3.8092971023875,0
                103.450245224386,3.80657824699357,0
                103.450755902797,3.80382894722534,0
                103.451121676202,3.80105673847359,0
                103.451341542039,3.79826921899212,0
                103.451414897672,3.79547402907346,0
              </coordinates>
            </LinearRing>
          </outerBoundaryIs>
        </Polygon>
      </Placemark>
      <Placemark id="PHG_SE-15.18">
        <name>P.083 Kuantan</name>
        <ExtendedData>
          <SchemaData schemaUrl="#PHG_SE-15.schema">
            <SimpleData name="state">Pahang</SimpleData>
            <SimpleData name="parlimen">P.083 Kuantan</SimpleData>
            <SimpleData name="code_parlimen">P.083</SimpleData>
            <SimpleData name="dun">N.15 Tanjung Lumpur</SimpleData>
            <SimpleData name="code_dun">N.15</SimpleData>
            <SimpleData name="voters_total">38185</SimpleData>
          </SchemaData>
        </ExtendedData>
        <Polygon>
          <outerBoundaryIs>
            <LinearRing>
              <coordinates>
                103.353112671466,3.75146949376152,0
                103.353031065083,3.74835974390933,0
                103.35278646961,3.74525850665294,0
                103.352379555467,3.74217428241284,0
                103.351811437978,3.73911552506651,0
                103.351083674313,3.73609061877427,0
                103.350198259221,3.73310785499525,0
                103.349157619564,3.73017540975665,0
                103.347964607663,3.7273013212384,0
                103.34662249348,3.72449346773505,0
                103.345134955657,3.72175954605501,0
                103.343506071432,3.71910705041678,0
                103.341740305464,3.71654325189972,0
                103.339842497593,3.71407517850615,0
                103.33781784958,3.71170959588922,0
                103.335671910844,3.70945298879957,0
                103.333410563254,3.70731154330191,0
                103.331040005007,3.70529112980995,0
                103.328566733637,3.70339728698679,0
                103.325997528211,3.70163520655457,0
                103.32333943074,3.70000971905531,0
                103.320599726886,3.69852528060211,0
                103.317785925987,3.69718596065699,0
                103.314905740475,3.69599543086899,0
                103.311967064738,3.6949569550033,0
                103.308977953483,3.69407337998892,0
                103.305946599655,3.69334712810972,0
                103.302881311985,3.69278019036004,0
                103.299790492213,3.69237412098335,0
                103.296682612062,3.69213003320893,0
                103.293566190014,3.69204859619815,0
                103.290449767967,3.69213003320893,0
                103.287341887815,3.69237412098335,0
                103.284251068043,3.69278019036004,0
                103.281185780373,3.69334712810972,0
                103.278154426546,3.69407337998892,0
                103.27516531529,3.6949569550033,0
                103.272226639554,3.69599543086899,0
                103.269346454042,3.69718596065699,0
                103.266532653142,3.69852528060211,0
                103.263792949288,3.70000971905531,0
                103.261134851818,3.70163520655457,0
                103.258565646391,3.70339728698679,0
                103.256092375021,3.70529112980995,0
                103.253721816774,3.70731154330191,0
                103.251460469184,3.70945298879957,0
                103.249314530448,3.71170959588922,0
                103.247289882435,3.71407517850615,0
                103.245392074565,3.71654325189972,0
                103.243626308596,3.71910705041678,0
                103.241997424371,3.72175954605501,0
                103.240509886548,3.72449346773505,0
                103.239167772365,3.7273013212384,0
                103.237974760464,3.73017540975665,0
                103.236934120807,3.73310785499525,0
                103.236048705715,3.73609061877427,0
                103.23532094205,3.73911552506651,0
                103.234752824561,3.74217428241284,0
                103.234345910418,3.74525850665294,0
                103.234101314946,3.74835974390933,0
                103.234019708563,3.75146949376152,0
                103.234101314946,3.7545792325468,0
                103.234345910418,3.75768043672369,0
                103.234752824561,3.76076460623412,0
                103.23532094205,3.76382328780025,0
                103.236048705715,3.76684809809203,0
                103.236934120807,3.76983074670211,0
                103.237974760464,3.77276305886514,0
                103.239167772365,3.77563699785918,0
                103.240509886548,3.77844468702789,0
                103.241997424371,3.78117843136335,0
                103.243626308596,3.78383073859011,0
                103.245392074565,3.78639433969305,0
                103.247289882435,3.78886220883278,0
                103.249314530448,3.791227582594,0
                103.251460469184,3.79348397851433,0
                103.253721816774,3.79562521284269,0
                103.256092375021,3.79764541747896,0
                103.258565646391,3.79953905604832,0
                103.261134851818,3.8013009390665,0
                103.263792949288,3.80292623815436,0
                103.266532653142,3.80441049926306,0
                103.269346454042,3.80574965487364,0
                103.272226639554,3.80694003513751,0
                103.27516531529,3.80797837792773,0
                103.278154426546,3.80886183777326,0
                103.281185780373,3.80958799365207,0
                103.284251068043,3.81015485562162,0
                103.287341887815,3.81056087026868,0
                103.290449767967,3.81080492496362,0
                103.293566190014,3.8108863509075,0
                103.296682612062,3.81080492496362,0
                103.299790492213,3.81056087026868,0
                103.302881311985,3.81015485562162,0
                103.305946599655,3.80958799365207,0
                103.308977953483,3.80886183777326,0
                103.311967064738,3.80797837792773,0
                103.314905740475,3.80694003513751,0
                103.317785925987,3.80574965487364,0
                103.320599726886,3.80441049926306,0
                103.32333943074,3.80292623815436,0
                103.325997528211,3.8013009390665,0
                103.328566733637,3.79953905604832,0
                103.331040005007,3.79764541747896,0
                103.333410563254,3.79562521284269,0
                103.335671910844,3.79348397851433,0
                103.33781784958,3.791227582594,0
                103.339842497593,3.78886220883278,0
                103.341740305464,3.78639433969305,0
                103.343506071432,3.78383073859011,0
                103.345134955657,3.78117843136335,0
                103.34662249348,3.77844468702789,0
                103.347964607663,3.77563699785918,0
                103.349157619564,3.77276305886514,0
                103.350198259221,3.76983074670211,0
                103.351083674313,3.76684809809203,0
                103.351811437978,3.76382328780025,0
                103.352379555467,3.76076460623412,0
                103.35278646961,3.75768043672369,0
                103.353031065083,3.7545792325468,0
                103.353112671466,3.75146949376152,0
              </coordinates>
            </LinearRing>
          </outerBoundaryIs>
        </Polygon>
      </Placemark>
      <Placemark id="PHG_SE-15.19">
        <name>P.083 Kuantan</name>
        <ExtendedData>
          <SchemaData schemaUrl="#PHG_SE-15.schema">
            <SimpleData name="state">Pahang</SimpleData>
            <SimpleData name="parlimen">P.083 Kuantan</SimpleData>
            <SimpleData name="code_parlimen">P.083</SimpleData>
            <SimpleData name="dun">N.16 Inderapura</SimpleData>
            <SimpleData name="code_dun">N.16</SimpleData>
            <SimpleData name="voters_total">18558</SimpleData>
          </SchemaData>
        </ExtendedData>
        <Polygon>
          <outerBoundaryIs>
            <LinearRing>
              <coordinates>
                103.370960442507,3.6571929556079,0
                103.370903551539,3.65502479893387,0
                103.370733034571,3.65286257980706,0
                103.370449358978,3.6507122247872,0
                103.370053302294,3.6485796279573,0
                103.369545950084,3.64647063476718,0
                103.368928692964,3.64439102600977,0
                103.368203222794,3.64234650197432,0
                103.367371528037,3.64034266681969,0
                103.36643588831,3.63838501321102,0
                103.365398868137,3.63647890726135,0
                103.364263309918,3.63462957382,0
                103.363032326138,3.63284208214791,0
                103.361709290841,3.63112133201901,0
                103.360297830371,3.62947204028622,0
                103.358801813446,3.62789872794841,0
                103.357225340544,3.62640570775437,0
                103.355572732666,3.62499707237736,0
                103.353848519496,3.62367668319293,0
                103.352057426984,3.62244815969075,0
                103.350204364388,3.62131486954963,0
                103.348294410825,3.6202799194027,0
                103.346332801344,3.61934614631849,0
                103.344324912581,3.618516110021,0
                103.34227624802,3.61779208587019,0
                103.340192422907,3.61717605862234,0
                103.338079148862,3.61666971698712,0
                103.335942218223,3.61627444899664,0
                103.333787488167,3.61599133819884,0
                103.331620864661,3.61582116068612,0
                103.329448286269,3.61576438296685,0
                103.327275707877,3.61582116068612,0
                103.325109084371,3.61599133819884,0
                103.322954354315,3.61627444899664,0
                103.320817423676,3.61666971698712,0
                103.318704149631,3.61717605862234,0
                103.316620324518,3.61779208587019,0
                103.314571659957,3.618516110021,0
                103.312563771194,3.61934614631849,0
                103.310602161713,3.6202799194027,0
                103.30869220815,3.62131486954963,0
                103.306839145554,3.62244815969075,0
                103.305048053042,3.62367668319293,0
                103.303323839872,3.62499707237736,0
                103.301671231994,3.62640570775437,0
                103.300094759092,3.62789872794841,0
                103.298598742166,3.62947204028622,0
                103.297187281697,3.63112133201901,0
                103.295864246399,3.63284208214791,0
                103.29463326262,3.63462957382,0
                103.293497704401,3.63647890726135,0
                103.292460684228,3.63838501321102,0
                103.291525044501,3.64034266681969,0
                103.290693349744,3.64234650197432,0
                103.289967879574,3.64439102600977,0
                103.289350622454,3.64647063476718,0
                103.288843270244,3.6485796279573,0
                103.28844721356,3.6507122247872,0
                103.288163537967,3.65286257980706,0
                103.287993020999,3.65502479893387,0
                103.287936130031,3.6571929556079,0
                103.287993020999,3.65936110703781,0
                103.288163537967,3.6615233104897,0
                103.28844721356,3.66367363957557,0
                103.288843270244,3.66580620049655,0
                103.289350622454,3.66791514819627,0
                103.289967879574,3.66999470238017,0
                103.290693349744,3.67203916335695,0
                103.291525044501,3.67404292765858,0
                103.292460684228,3.67600050339629,0
                103.293497704401,3.67790652531015,0
                103.29463326262,3.67975576947153,0
                103.295864246399,3.68154316759772,0
                103.297187281697,3.68326382093966,0
                103.298598742166,3.68491301370489,0
                103.300094759092,3.6864862259788,0
                103.301671231994,3.68797914610896,0
                103.303323839872,3.68938768251839,0
                103.305048053042,3.69070797491589,0
                103.306839145554,3.69193640487218,0
                103.30869220815,3.69306960573337,0
                103.310602161713,3.69410447184449,0
                103.312563771194,3.69503816705774,0
                103.314571659957,3.69586813250227,0
                103.316620324518,3.69659209359443,0
                103.318704149631,3.69720806626879,0
                103.320817423676,3.69771436241361,0
                103.322954354315,3.6981095944952,0
                103.325109084371,3.69839267935901,0
                103.327275707877,3.69856284119683,0
                103.329448286269,3.69861961367198,0
                103.331620864661,3.69856284119683,0
                103.333787488167,3.69839267935901,0
                103.335942218223,3.6981095944952,0
                103.338079148862,3.69771436241361,0
                103.340192422907,3.69720806626879,0
                103.34227624802,3.69659209359443,0
                103.344324912581,3.69586813250227,0
                103.346332801344,3.69503816705774,0
                103.348294410825,3.69410447184449,0
                103.350204364388,3.69306960573337,0
                103.352057426984,3.69193640487218,0
                103.353848519496,3.69070797491589,0
                103.355572732666,3.68938768251839,0
                103.357225340544,3.68797914610896,0
                103.358801813446,3.6864862259788,0
                103.360297830371,3.68491301370489,0
                103.361709290841,3.68326382093966,0
                103.363032326138,3.68154316759772,0
                103.364263309918,3.67975576947153,0
                103.365398868137,3.67790652531015,0
                103.36643588831,3.67600050339629,0
                103.367371528037,3.67404292765858,0
                103.368203222794,3.67203916335695,0
                103.368928692964,3.66999470238017,0
                103.369545950084,3.66791514819627,0
                103.370053302294,3.66580620049655,0
                103.370449358978,3.66367363957557,0
                103.370733034571,3.6615233104897,0
                103.370903551539,3.65936110703781,0
                103.370960442507,3.6571929556079,0
              </coordinates>
            </LinearRing>
          </outerBoundaryIs>
        </Polygon>
      </Placemark>
      <Placemark id="PHG_SE-15.20">
        <name>P.085 Pekan</name>
        <ExtendedData>
          <SchemaData schemaUrl="#PHG_SE-15.schema">
            <SimpleData name="state">Pahang</SimpleData>
            <SimpleData name="parlimen">P.085 Pekan</SimpleData>
            <SimpleData name="code_parlimen">P.085</SimpleData>
            <SimpleData name="dun">N.20 Pulau Manis</SimpleData>
            <SimpleData name="code_dun">N.20</SimpleData>
            <SimpleData name="voters_total">30113</SimpleData>
          </SchemaData>
        </ExtendedData>
        <Polygon>
          <outerBoundaryIs>
            <LinearRing>
              <coordinates>
                103.170590848141,3.59407881403929,0
                103.170518378727,3.59131675769348,0
                103.170301169121,3.58856226362957,0
                103.169939814678,3.5858228818332,0
                103.169435305846,3.58310612093527,0
                103.168789025448,3.58041942762921,0
                103.168002744894,3.5777701662575,0
                103.167078619325,3.57516559862305,0
                103.166019181704,3.57261286408112,0
                103.164827335877,3.57011895996623,0
                103.163506348609,3.56769072240783,0
                103.162059840635,3.56533480758728,0
                103.160491776734,3.5630576734877,0
                103.158806454858,3.56086556218671,0
                103.157008494359,3.55876448274058,0
                103.15510282332,3.55676019470701,0
                103.153094665055,3.55485819235157,0
                103.150989523784,3.55306368958113,0
                103.148793169555,3.55138160564593,0
                103.14651162242,3.54981655164926,0
                103.144151135943,3.54837281790193,0
                103.141718180052,3.5470543621563,0
                103.139219423312,3.54586479875204,0
                103.136661714639,3.54480738870368,0
                103.134052064536,3.54388503075692,0
                103.131397625873,3.54310025343841,0
                103.128705674281,3.54245520812089,0
                103.125983588212,3.54195166312259,0
                103.123238828716,3.54159099885724,0
                103.120478918987,3.54137420404797,0
                103.117711423745,3.54130187301549,0
                103.114943928504,3.54137420404797,0
                103.112184018775,3.54159099885724,0
                103.109439259278,3.54195166312259,0
                103.10671717321,3.54245520812089,0
                103.104025221618,3.54310025343841,0
                103.101370782954,3.54388503075692,0
                103.098761132852,3.54480738870368,0
                103.096203424179,3.54586479875204,0
                103.093704667438,3.5470543621563,0
                103.091271711548,3.54837281790193,0
                103.08891122507,3.54981655164926,0
                103.086629677936,3.55138160564593,0
                103.084433323706,3.55306368958113,0
                103.082328182436,3.55485819235157,0
                103.08032002417,3.55676019470701,0
                103.078414353132,3.55876448274058,0
                103.076616392632,3.56086556218671,0
                103.074931070757,3.5630576734877,0
                103.073363006855,3.56533480758728,0
                103.071916498881,3.56769072240783,0
                103.070595511614,3.57011895996623,0
                103.069403665786,3.57261286408112,0
                103.068344228165,3.57516559862305,0
                103.067420102596,3.5777701662575,0
                103.066633822043,3.58041942762921,0
                103.065987541645,3.58310612093527,0
                103.065483032813,3.5858228818332,0
                103.06512167837,3.58856226362957,0
                103.064904468763,3.59131675769348,0
                103.06483199935,3.59407881403929,0
                103.064904468763,3.59684086202183,0
                103.06512167837,3.59959533108757,0
                103.065483032813,3.60233467152472,0
                103.065987541645,3.60505137515555,0
                103.066633822043,3.60773799591403,0
                103.067420102596,3.61038717025258,0
                103.068344228165,3.61299163732181,0
                103.069403665786,3.61554425886826,0
                103.070595511614,3.61803803879545,0
                103.071916498881,3.62046614233453,0
                103.073363006855,3.6228219147725,0
                103.074931070757,3.62509889968618,0
                103.076616392632,3.62729085663253,0
                103.078414353132,3.62939177824636,0
                103.08032002417,3.63139590669923,0
                103.082328182436,3.633297749474,0
                103.084433323706,3.63509209441217,0
                103.086629677936,3.63677402399274,0
                103.08891122507,3.63833892880356,0
                103.091271711548,3.63978252016835,0
                103.093704667438,3.64110084189472,0
                103.096203424179,3.64229028111131,0
                103.098761132852,3.64334757816426,0
                103.101370782954,3.64426983554585,0
                103.104025221618,3.64505452583123,0
                103.10671717321,3.64569949860125,0
                103.109439259278,3.64620298633248,0
                103.112184018775,3.64656360923865,0
                103.114943928504,3.64678037904973,0
                103.117711423745,3.64685270171896,0
                103.120478918987,3.64678037904973,0
                103.123238828716,3.64656360923865,0
                103.125983588212,3.64620298633248,0
                103.128705674281,3.64569949860125,0
                103.131397625873,3.64505452583123,0
                103.134052064536,3.64426983554585,0
                103.136661714639,3.64334757816426,0
                103.139219423312,3.64229028111131,0
                103.141718180052,3.64110084189472,0
                103.144151135943,3.63978252016835,0
                103.14651162242,3.63833892880356,0
                103.148793169555,3.63677402399274,0
                103.150989523784,3.63509209441217,0
                103.153094665055,3.633297749474,0
                103.15510282332,3.63139590669923,0
                103.157008494359,3.62939177824636,0
                103.158806454858,3.62729085663253,0
                103.160491776734,3.62509889968618,0
                103.162059840635,3.6228219147725,0
                103.163506348609,3.62046614233453,0
                103.164827335877,3.61803803879545,0
                103.166019181704,3.61554425886826,0
                103.167078619325,3.61299163732181,0
                103.168002744894,3.61038717025258,0
                103.168789025448,3.60773799591403,0
                103.169435305846,3.60505137515555,0
                103.169939814678,3.60233467152472,0
                103.170301169121,3.59959533108757,0
                103.170518378727,3.59684086202183,0
                103.170590848141,3.59407881403929,0
              </coordinates>
            </LinearRing>
          </outerBoundaryIs>
        </Polygon>
      </Placemark>
      <Placemark id="PHG_SE-15.21">
        <name>P.085 Pekan</name>
        <ExtendedData>
          <SchemaData schemaUrl="#PHG_SE-15.schema">
            <SimpleData name="state">Pahang</SimpleData>
            <SimpleData name="parlimen">P.085 Pekan</SimpleData>
            <SimpleData name="code_parlimen">P.085</SimpleData>
            <SimpleData name="dun">N.21 Peramu Jaya</SimpleData>
            <SimpleData name="code_dun">N.21</SimpleData>
            <SimpleData name="voters_total">41915</SimpleData>
          </SchemaData>
        </ExtendedData>
        <Polygon>
          <outerBoundaryIs>
            <LinearRing>
              <coordinates>
                103.468265845208,3.49279431066531,0
                103.468180345926,3.48953528415202,0
                103.467924082427,3.48628517914617,0
                103.467497757111,3.48305290410877,0
                103.466902538508,3.47984731872057,0
                103.466140058068,3.47667720959548,0
                103.465212405699,3.47355126619339,0
                103.464122124032,3.47047805699837,0
                103.462872201451,3.46746600602754,0
                103.461466063909,3.46452336973519,0
                103.45990756553,3.46165821437546,0
                103.45820097805,3.45887839388562,0
                103.456350979107,3.45619152835083,0
                103.45436263942,3.45360498310939,0
                103.452241408888,3.45112584855578,0
                103.449993101659,3.44876092069711,0
                103.447623880185,3.44651668251626,0
                103.445140238338,3.44439928619297,0
                103.442548983607,3.44241453623151,0
                103.439857218442,3.4405678735417,0
                103.437072320784,3.43886436051646,0
                103.434201923844,3.43730866714737,0
                103.43125389518,3.43590505821614,0
                103.428236315134,3.43465738159722,0
                103.425157454683,3.43356905770378,0
                103.42202575277,3.43264307010585,0
                103.418849793171,3.43188195734678,0
                103.415638280972,3.43128780598008,0
                103.412400018704,3.43086224484612,0
                103.409143882219,3.43060644060422,0
                103.40587879636,3.43052109453247,0
                103.402613710502,3.43060644060422,0
                103.399357574017,3.43086224484612,0
                103.396119311749,3.43128780598008,0
                103.392907799549,3.43188195734678,0
                103.389731839951,3.43264307010585,0
                103.386600138038,3.43356905770378,0
                103.383521277587,3.43465738159722,0
                103.380503697541,3.43590505821614,0
                103.377555668877,3.43730866714737,0
                103.374685271937,3.43886436051646,0
                103.371900374279,3.4405678735417,0
                103.369208609114,3.44241453623151,0
                103.366617354383,3.44439928619297,0
                103.364133712536,3.44651668251626,0
                103.361764491062,3.44876092069711,0
                103.359516183832,3.45112584855578,0
                103.357394953301,3.45360498310939,0
                103.355406613614,3.45619152835083,0
                103.353556614671,3.45887839388562,0
                103.351850027191,3.46165821437546,0
                103.350291528812,3.46452336973519,0
                103.34888539127,3.46746600602754,0
                103.347635468689,3.47047805699837,0
                103.346545187021,3.47355126619339,0
                103.345617534653,3.47667720959548,0
                103.344855054213,3.47984731872057,0
                103.344259835609,3.48305290410877,0
                103.343833510294,3.48628517914617,0
                103.343577246795,3.48953528415202,0
                103.343491747513,3.49279431066531,0
                103.343577246795,3.49605332586397,0
                103.343833510294,3.49930339704989,0
                103.344259835609,3.5025356161326,0
                103.344855054213,3.5057411240444,0
                103.345617534653,3.50891113502023,0
                103.346545187021,3.51203696067553,0
                103.347635468689,3.51511003381632,0
                103.34888539127,3.51812193191611,0
                103.350291528812,3.52106440019547,0
                103.351850027191,3.5239293742411,0
                103.353556614671,3.52670900210221,0
                103.355406613614,3.52939566580411,0
                103.357394953301,3.53198200221986,0
                103.359516183832,3.53446092324291,0
                103.361764491062,3.53682563520562,0
                103.364133712536,3.53906965749051,0
                103.366617354383,3.54118684028328,0
                103.369208609114,3.54317138141909,0
                103.371900374279,3.54501784227609,0
                103.374685271937,3.54672116267269,0
                103.377555668877,3.54827667472778,0
                103.380503697541,3.54968011564613,0
                103.383521277587,3.55092763939409,0
                103.386600138038,3.55201582723342,0
                103.389731839951,3.55294169708466,0
                103.392907799549,3.55370271169456,0
                103.396119311749,3.55429678558492,0
                103.399357574017,3.55472229076424,0
                103.402613710502,3.55497806118625,0
                103.40587879636,3.55506339594336,0
                103.409143882219,3.55497806118625,0
                103.412400018704,3.55472229076424,0
                103.415638280972,3.55429678558492,0
                103.418849793171,3.55370271169456,0
                103.42202575277,3.55294169708466,0
                103.425157454683,3.55201582723342,0
                103.428236315134,3.55092763939409,0
                103.43125389518,3.54968011564613,0
                103.434201923844,3.54827667472778,0
                103.437072320784,3.54672116267269,0
                103.439857218442,3.54501784227609,0
                103.442548983607,3.54317138141909,0
                103.445140238338,3.54118684028328,0
                103.447623880185,3.53906965749051,0
                103.449993101659,3.53682563520562,0
                103.452241408888,3.53446092324291,0
                103.45436263942,3.53198200221986,0
                103.456350979107,3.52939566580411,0
                103.45820097805,3.52670900210221,0
                103.45990756553,3.5239293742411,0
                103.461466063909,3.52106440019547,0
                103.462872201451,3.51812193191611,0
                103.464122124032,3.51511003381632,0
                103.465212405699,3.51203696067553,0
                103.466140058068,3.50891113502023,0
                103.466902538508,3.5057411240444,0
                103.467497757111,3.5025356161326,0
                103.467924082427,3.49930339704989,0
                103.468180345926,3.49605332586397,0
                103.468265845208,3.49279431066531,0
              </coordinates>
            </LinearRing>
          </outerBoundaryIs>
        </Polygon>
      </Placemark>
      <Placemark id="PHG_SE-15.22">
        <name>P.085 Pekan</name>
        <ExtendedData>
          <SchemaData schemaUrl="#PHG_SE-15.schema">
            <SimpleData name="state">Pahang</SimpleData>
            <SimpleData name="parlimen">P.085 Pekan</SimpleData>
            <SimpleData name="code_parlimen">P.085</SimpleData>
            <SimpleData name="dun">N.22 Bebar</SimpleData>
            <SimpleData name="code_dun">N.22</SimpleData>
            <SimpleData name="voters_total">21294</SimpleData>
          </SchemaData>
        </ExtendedData>
        <Polygon>
          <outerBoundaryIs>
            <LinearRing>
              <coordinates>
                103.31350790867,3.25377535257108,0
                103.313446968122,3.2514518758842,0
                103.31326431351,3.24913476235464,0
                103.31296044548,3.24683036309903,0
                103.31253619691,3.24454499442786,0
                103.311992730638,3.24228492053167,0
                103.311331536267,3.24005633630971,0
                103.310554426085,3.23786535038786,0
                103.309663530096,3.2357179683728,0
                103.308661290185,3.23362007638809,0
                103.307550453422,3.23157742493745,0
                103.306334064532,3.22959561313942,0
                103.305015457553,3.22768007337668,0
                103.303598246696,3.22583605640218,0
                103.302086316437,3.22406861694289,0
                103.300483810871,3.22238259984076,0
                103.298795122355,3.22078262676887,0
                103.297024879467,3.21927308355913,0
                103.295177934319,3.21785810817654,0
                103.29325934926,3.21654157937285,0
                103.291274382998,3.2153271060508,0
                103.289228476187,3.21421801736816,0
                103.287127236517,3.21321735360869,0
                103.284976423338,3.21232785784526,0
                103.282781931881,3.21155196841766,0
                103.280549777093,3.21089181224623,0
                103.278286077156,3.21034919899924,0
                103.275997036714,3.20992561613027,0
                103.273688929868,3.2096222247992,0
                103.271368082979,3.20943985668792,0
                103.269040857325,3.20937901171966,0
                103.266713631672,3.20943985668792,0
                103.264392784782,3.2096222247992,0
                103.262084677936,3.20992561613027,0
                103.259795637494,3.21034919899924,0
                103.257531937558,3.21089181224623,0
                103.25529978277,3.21155196841766,0
                103.253105291312,3.21232785784526,0
                103.250954478134,3.21321735360869,0
                103.248853238463,3.21421801736816,0
                103.246807331653,3.2153271060508,0
                103.244822365391,3.21654157937285,0
                103.242903780332,3.21785810817654,0
                103.241056835184,3.21927308355913,0
                103.239286592296,3.22078262676887,0
                103.23759790378,3.22238259984076,0
                103.235995398214,3.22406861694289,0
                103.234483467954,3.22583605640218,0
                103.233066257097,3.22768007337668,0
                103.231747650119,3.22959561313942,0
                103.230531261229,3.23157742493745,0
                103.229420424465,3.23362007638809,0
                103.228418184554,3.2357179683728,0
                103.227527288565,3.23786535038786,0
                103.226750178383,3.24005633630971,0
                103.226088984012,3.24228492053167,0
                103.22554551774,3.24454499442786,0
                103.225121269171,3.24683036309903,0
                103.22481740114,3.24913476235464,0
                103.224634746529,3.2514518758842,0
                103.22457380598,3.25377535257108,0
                103.224634746529,3.25609882390141,0
                103.22481740114,3.25841592141999,0
                103.225121269171,3.26072029418564,0
                103.22554551774,3.26300562617811,0
                103.226088984012,3.26526565360867,0
                103.226750178383,3.26749418208719,0
                103.227527288565,3.26968510359853,0
                103.228418184554,3.2718324132417,0
                103.229420424465,3.27393022568605,0
                103.230531261229,3.27597279129932,0
                103.231747650119,3.27795451190345,0
                103.233066257097,3.27986995611487,0
                103.234483467954,3.28171387422753,0
                103.235995398214,3.28348121259761,0
                103.23759790378,3.2851671274907,0
                103.239286592296,3.28676699835356,0
                103.241056835184,3.2882764404741,0
                103.242903780332,3.28969131699487,0
                103.244822365391,3.29100775024725,0
                103.246807331653,3.29222213237542,0
                103.248853238463,3.29333113522072,0
                103.250954478134,3.29433171943985,0
                103.253105291312,3.29522114283143,0
                103.25529978277,3.29599696784852,0
                103.257531937558,3.29665706827653,0
                103.259795637494,3.29719963505792,0
                103.262084677936,3.2976231812482,0
                103.264392784782,3.29792654608932,0
                103.266713631672,3.29810889818964,0
                103.269040857325,3.29816973780136,0
                103.271368082979,3.29810889818964,0
                103.273688929868,3.29792654608932,0
                103.275997036714,3.2976231812482,0
                103.278286077156,3.29719963505792,0
                103.280549777093,3.29665706827653,0
                103.282781931881,3.29599696784852,0
                103.284976423338,3.29522114283143,0
                103.287127236517,3.29433171943985,0
                103.289228476187,3.29333113522072,0
                103.291274382998,3.29222213237542,0
                103.29325934926,3.29100775024725,0
                103.295177934319,3.28969131699487,0
                103.297024879467,3.2882764404741,0
                103.298795122355,3.28676699835356,0
                103.300483810871,3.2851671274907,0
                103.302086316437,3.28348121259761,0
                103.303598246696,3.28171387422753,0
                103.305015457553,3.27986995611487,0
                103.306334064532,3.27795451190345,0
                103.307550453422,3.27597279129932,0
                103.308661290185,3.27393022568605,0
                103.309663530096,3.2718324132417,0
                103.310554426085,3.26968510359853,0
                103.311331536267,3.26749418208719,0
                103.311992730638,3.26526565360867,0
                103.31253619691,3.26300562617811,0
                103.31296044548,3.26072029418564,0
                103.31326431351,3.25841592141999,0
                103.313446968122,3.25609882390141,0
                103.31350790867,3.25377535257108,0
              </coordinates>
            </LinearRing>
          </outerBoundaryIs>
        </Polygon>
      </Placemark>
      <Placemark id="PHG_SE-15.23">
        <name>P.085 Pekan</name>
        <ExtendedData>
          <SchemaData schemaUrl="#PHG_SE-15.schema">
            <SimpleData name="state">Pahang</SimpleData>
            <SimpleData name="parlimen">P.085 Pekan</SimpleData>
            <SimpleData name="code_parlimen">P.085</SimpleData>
            <SimpleData name="dun">N.23 Chini</SimpleData>
            <SimpleData name="code_dun">N.23</SimpleData>
            <SimpleData name="voters_total">26121</SimpleData>
          </SchemaData>
        </ExtendedData>
        <Polygon>
          <outerBoundaryIs>
            <LinearRing>
              <coordinates>
                102.997628315726,3.39095906211471,0
                102.997560820566,3.38838603532892,0
                102.997358520085,3.38582005421741,0
                102.997021968774,3.38326815204512,0
                102.996552089097,3.38073732354239,0
                102.995950168963,3.37823450573118,0
                102.995217858191,3.37576655890905,0
                102.994357163995,3.37334024784268,0
                102.993370445478,3.37096222322295,0
                102.992260407167,3.36863900343198,0
                102.9910300916,3.36637695667254,0
                102.989682870986,3.36418228350866,0
                102.988222437963,3.36206099986527,0
                102.986652795476,3.3600189205339,0
                102.984978245807,3.35806164322911,0
                102.98320337878,3.35619453323997,0
                102.981333059182,3.35442270871848,0
                102.979372413429,3.35275102664518,0
                102.977326815514,3.35118406951079,0
                102.97520187228,3.34972613275015,0
                102.973003408048,3.34838121296326,0
                102.970737448655,3.34715299695539,0
                102.968410204939,3.34604485162679,0
                102.966028055714,3.34505981473936,0
                102.963597530284,3.34420058658593,0
                102.961125290551,3.34346952258493,0
                102.958618112752,3.3428686268207,0
                102.956082868887,3.34239954654739,0
                102.953526507884,3.34206356767126,0
                102.95095603655,3.34186161122419,0
                102.948378500369,3.3417942308376,0
                102.945800964187,3.34186161122419,0
                102.943230492853,3.34206356767126,0
                102.94067413185,3.34239954654739,0
                102.938138887985,3.3428686268207,0
                102.935631710186,3.34346952258493,0
                102.933159470453,3.34420058658593,0
                102.930728945023,3.34505981473936,0
                102.928346795798,3.34604485162679,0
                102.926019552082,3.34715299695539,0
                102.92375359269,3.34838121296326,0
                102.921555128458,3.34972613275015,0
                102.919430185223,3.35118406951079,0
                102.917384587309,3.35275102664518,0
                102.915423941555,3.35442270871848,0
                102.913553621957,3.35619453323997,0
                102.91177875493,3.35806164322911,0
                102.910104205261,3.3600189205339,0
                102.908534562775,3.36206099986527,0
                102.907074129751,3.36418228350866,0
                102.905726909137,3.36637695667254,0
                102.90449659357,3.36863900343198,0
                102.903386555259,3.37096222322295,0
                102.902399836742,3.37334024784268,0
                102.901539142546,3.37576655890905,0
                102.900806831775,3.37823450573118,0
                102.90020491164,3.38073732354239,0
                102.899735031963,3.38326815204512,0
                102.899398480653,3.38582005421741,0
                102.899196180171,3.38838603532892,0
                102.899128685011,3.39095906211471,0
                102.899196180171,3.39353208205395,0
                102.899398480653,3.39609804270081,0
                102.899735031963,3.39864991101455,0
                102.90020491164,3.40118069263582,0
                102.900806831775,3.40368345105628,0
                102.901539142546,3.40615132662907,0
                102.902399836742,3.40857755536814,0
                102.903386555259,3.41095548748462,0
                102.90449659357,3.41327860560985,0
                102.905726909137,3.41554054265494,0
                102.907074129751,3.41773509925795,0
                102.908534562775,3.41985626077095,0
                102.910104205261,3.42189821374054,0
                102.91177875493,3.4238553618366,0
                102.913553621957,3.42572234118568,0
                102.915423941555,3.42749403506713,0
                102.917384587309,3.42916558793171,0
                102.919430185223,3.43073241870435,0
                102.921555128458,3.43219023333462,0
                102.92375359269,3.43353503656067,0
                102.926019552082,3.43476314285423,0
                102.928346795798,3.43587118651713,0
                102.930728945023,3.43685613090134,0
                102.933159470453,3.43771527672752,0
                102.935631710186,3.43844626947923,0
                102.938138887985,3.43904710585273,0
                102.94067413185,3.4395161392446,0
                102.943230492853,3.43985208426221,0
                102.945800964187,3.44005402024464,0
                102.948378500369,3.44012139378466,0
                102.95095603655,3.44005402024464,0
                102.953526507884,3.43985208426221,0
                102.956082868887,3.4395161392446,0
                102.958618112752,3.43904710585273,0
                102.961125290551,3.43844626947923,0
                102.963597530284,3.43771527672752,0
                102.966028055714,3.43685613090134,0
                102.968410204939,3.43587118651713,0
                102.970737448655,3.43476314285423,0
                102.973003408048,3.43353503656067,0
                102.97520187228,3.43219023333462,0
                102.977326815514,3.43073241870435,0
                102.979372413429,3.42916558793171,0
                102.981333059182,3.42749403506713,0
                102.98320337878,3.42572234118568,0
                102.984978245807,3.4238553618366,0
                102.986652795476,3.42189821374054,0
                102.988222437963,3.41985626077095,0
                102.989682870986,3.41773509925795,0
                102.9910300916,3.41554054265494,0
                102.992260407167,3.41327860560985,0
                102.993370445478,3.41095548748462,0
                102.994357163995,3.40857755536814,0
                102.995217858191,3.40615132662907,0
                102.995950168963,3.40368345105628,0
                102.996552089097,3.40118069263582,0
                102.997021968774,3.39864991101455,0
                102.997358520085,3.39609804270081,0
                102.997560820566,3.39353208205395,0
                102.997628315726,3.39095906211471,0
              </coordinates>
            </LinearRing>
          </outerBoundaryIs>
        </Polygon>
      </Placemark>
      <Placemark id="PHG_SE-15.24">
        <name>P.086 Maran</name>
        <ExtendedData>
          <SchemaData schemaUrl="#PHG_SE-15.schema">
            <SimpleData name="state">Pahang</SimpleData>
            <SimpleData name="parlimen">P.086 Maran</SimpleData>
            <SimpleData name="code_parlimen">P.086</SimpleData>
            <SimpleData name="dun">N.24 Luit</SimpleData>
            <SimpleData name="code_dun">N.24</SimpleData>
            <SimpleData name="voters_total">16279</SimpleData>
          </SchemaData>
        </ExtendedData>
        <Polygon>
          <outerBoundaryIs>
            <LinearRing>
              <coordinates>
                102.838884877322,3.57071359578766,0
                102.838831593963,3.56868273434546,0
                102.838671889932,3.56665743488236,0
                102.838406202967,3.56464324866105,0
                102.838035261296,3.56264569651953,0
                102.837560081647,3.56067025373788,0
                102.836981966452,3.55872233502944,0
                102.836302500285,3.55680727969768,0
                102.835523545517,3.5549303369993,0
                102.834647237207,3.55309665175406,0
                102.833675977257,3.55131125024033,0
                102.832612427821,3.54957902641545,0
                102.831459504015,3.54790472849842,0
                102.830220365924,3.54629294595201,0
                102.828898409938,3.54474809689971,0
                102.827497259447,3.54327441601228,0
                102.826020754907,3.54187594289703,0
                102.824472943315,3.54055651102169,0
                102.822858067114,3.53931973720337,0
                102.821180552567,3.53816901169133,0
                102.819444997626,3.5371074888709,0
                102.817656159326,3.53613807861393,0
                102.815818940749,3.5352634382997,0
                102.813938377582,3.53448596552804,0
                102.81201962432,3.53380779154471,0
                102.81006794013,3.53323077539718,0
                102.808088674444,3.53275649883667,0
                102.806087252292,3.53238626198069,0
                102.804069159432,3.53212107974775,0
                102.802039927317,3.53196167907418,0
                102.80000511793,3.53190849692071,0
                102.797970308544,3.53196167907418,0
                102.795941076429,3.53212107974775,0
                102.793922983569,3.53238626198069,0
                102.791921561417,3.53275649883667,0
                102.789942295731,3.53323077539717,0
                102.787990611541,3.53380779154471,0
                102.786071858279,3.53448596552804,0
                102.784191295112,3.5352634382997,0
                102.782354076535,3.53613807861393,0
                102.780565238235,3.5371074888709,0
                102.778829683294,3.53816901169133,0
                102.777152168747,3.53931973720337,0
                102.775537292546,3.54055651102169,0
                102.773989480954,3.54187594289703,0
                102.772512976414,3.54327441601228,0
                102.771111825923,3.54474809689971,0
                102.769789869937,3.54629294595201,0
                102.768550731846,3.54790472849842,0
                102.76739780804,3.54957902641545,0
                102.766334258604,3.55131125024033,0
                102.765362998654,3.55309665175406,0
                102.764486690344,3.5549303369993,0
                102.763707735576,3.55680727969768,0
                102.763028269409,3.55872233502944,0
                102.762450154214,3.56067025373788,0
                102.761974974565,3.56264569651953,0
                102.761604032894,3.56464324866105,0
                102.761338345929,3.56665743488236,0
                102.761178641898,3.56868273434546,0
                102.761125358539,3.57071359578766,0
                102.761178641898,3.57274445273794,0
                102.761338345929,3.57476973877449,0
                102.761604032894,3.57678390278173,0
                102.761974974565,3.57878142416504,0
                102.762450154214,3.58075682798133,0
                102.763028269409,3.58270469994416,0
                102.763707735576,3.58461970126225,0
                102.764486690344,3.58649658327066,0
                102.765362998654,3.58833020181455,0
                102.766334258604,3.59011553134637,0
                102.76739780804,3.59184767869744,0
                102.768550731846,3.59352189648658,0
                102.769789869937,3.59513359612896,0
                102.771111825923,3.59667836040937,0
                102.772512976414,3.59815195558584,0
                102.773989480954,3.59955034299016,0
                102.775537292546,3.60086969009362,0
                102.777152168747,3.60210638100791,0
                102.778829683294,3.60325702639207,0
                102.780565238235,3.60431847273868,0
                102.782354076535,3.60528781101377,0
                102.784191295112,3.60616238462667,0
                102.786071858279,3.60693979670839,0
                102.787990611541,3.60761791667806,0
                102.789942295731,3.60819488607999,0
                102.791921561417,3.60866912367515,0
                102.793922983569,3.60903932977292,0
                102.795941076429,3.60930448979181,0
                102.797970308544,3.60946387703882,0
                102.80000511793,3.60951705470038,0
                102.802039927317,3.60946387703882,0
                102.804069159432,3.60930448979181,0
                102.806087252292,3.60903932977292,0
                102.808088674444,3.60866912367515,0
                102.81006794013,3.60819488607999,0
                102.81201962432,3.60761791667806,0
                102.813938377582,3.60693979670839,0
                102.815818940749,3.60616238462667,0
                102.817656159326,3.60528781101377,0
                102.819444997626,3.60431847273868,0
                102.821180552567,3.60325702639207,0
                102.822858067114,3.60210638100791,0
                102.824472943315,3.60086969009362,0
                102.826020754907,3.59955034299016,0
                102.827497259447,3.59815195558584,0
                102.828898409938,3.59667836040937,0
                102.830220365924,3.59513359612896,0
                102.831459504015,3.59352189648658,0
                102.832612427821,3.59184767869744,0
                102.833675977257,3.59011553134637,0
                102.834647237207,3.58833020181455,0
                102.835523545517,3.58649658327066,0
                102.836302500285,3.58461970126225,0
                102.836981966452,3.58270469994416,0
                102.837560081647,3.58075682798133,0
                102.838035261296,3.57878142416504,0
                102.838406202967,3.57678390278173,0
                102.838671889932,3.57476973877449,0
                102.838831593963,3.57274445273794,0
                102.838884877322,3.57071359578766,0
              </coordinates>
            </LinearRing>
          </outerBoundaryIs>
        </Polygon>
      </Placemark>
      <Placemark id="PHG_SE-15.25">
        <name>P.086 Maran</name>
        <ExtendedData>
          <SchemaData schemaUrl="#PHG_SE-15.schema">
            <SimpleData name="state">Pahang</SimpleData>
            <SimpleData name="parlimen">P.086 Maran</SimpleData>
            <SimpleData name="code_parlimen">P.086</SimpleData>
            <SimpleData name="dun">N.25 Kuala Sentul</SimpleData>
            <SimpleData name="code_dun">N.25</SimpleData>
            <SimpleData name="voters_total">17434</SimpleData>
          </SchemaData>
        </ExtendedData>
        <Polygon>
          <outerBoundaryIs>
            <LinearRing>
              <coordinates>
                102.702113781059,3.73424353948064,0
                102.702058639854,3.73214225008893,0
                102.701893367377,3.73004671517912,0
                102.701618416627,3.72796267853123,0
                102.701234541227,3.72589585244962,0
                102.700742793351,3.72385190210479,0
                102.700144520847,3.7218364300039,0
                102.699441363538,3.71985496063272,0
                102.69863524873,3.71791292531097,0
                102.697728385926,3.71601564730269,0
                102.696723260774,3.71416832722245,0
                102.695622628254,3.71237602877751,0
                102.694429505122,3.71064366488483,0
                102.693147161646,3.70897598420129,0
                102.69177911264,3.70737755810399,0
                102.690329107831,3.70585276815618,0
                102.688801121582,3.70440579409353,0
                102.687199341996,3.70304060236342,0
                102.685528159441,3.70176093524902,0
                102.683792154512,3.70057030060767,0
                102.681996085477,3.69947196225195,0
                102.680144875236,3.6984689309999,0
                102.678243597829,3.69756395641873,0
                102.676297464525,3.69675951928491,0
                102.674311809539,3.69605782478127,0
                102.672292075415,3.69546079644969,0
                102.670243798102,3.69497007091621,0
                102.668172591787,3.6945869934028,0
                102.666084133502,3.69431261403828,0
                102.663984147566,3.69414768497854,0
                102.661878389894,3.69409265834376,0
                102.659772632223,3.69414768497854,0
                102.657672646287,3.69431261403828,0
                102.655584188001,3.6945869934028,0
                102.653512981686,3.69497007091621,0
                102.651464704373,3.69546079644969,0
                102.649444970249,3.69605782478127,0
                102.647459315263,3.69675951928491,0
                102.645513181959,3.69756395641873,0
                102.643611904552,3.6984689309999,0
                102.641760694311,3.69947196225195,0
                102.639964625276,3.70057030060767,0
                102.638228620347,3.70176093524902,0
                102.636557437792,3.70304060236342,0
                102.634955658207,3.70440579409353,0
                102.633427671957,3.70585276815618,0
                102.631977667149,3.70737755810399,0
                102.630609618142,3.70897598420129,0
                102.629327274666,3.71064366488483,0
                102.628134151534,3.71237602877751,0
                102.627033519014,3.71416832722245,0
                102.626028393863,3.71601564730269,0
                102.625121531059,3.71791292531097,0
                102.62431541625,3.71985496063272,0
                102.623612258941,3.7218364300039,0
                102.623013986437,3.72385190210479,0
                102.622522238561,3.72589585244962,0
                102.622138363161,3.72796267853123,0
                102.621863412412,3.73004671517912,0
                102.621698139934,3.73214225008893,0
                102.621642998729,3.73424353948064,0
                102.621698139934,3.73634482384265,0
                102.621863412412,3.73844034371841,0
                102.622138363161,3.74052435549264,0
                102.622522238561,3.7425911471335,0
                102.623013986437,3.74463505384784,0
                102.623612258941,3.74665047360649,0
                102.62431541625,3.7486318824972,0
                102.625121531059,3.75057384986286,0
                102.626028393863,3.75247105318396,0
                102.627033519014,3.75431829266424,0
                102.628134151534,3.75611050547951,0
                102.629327274666,3.757842779651,0
                102.630609618142,3.75951036750478,0
                102.631977667149,3.76110869868086,0
                102.633427671957,3.76263339265596,0
                102.634955658207,3.76408027074591,0
                102.636557437792,3.7654453675548,0
                102.638228620347,3.76672494183946,0
                102.639964625276,3.76791548675961,0
                102.641760694311,3.76901373948568,0
                102.643611904552,3.77001669013779,0
                102.645513181959,3.77092159003182,0
                102.647459315263,3.77172595920955,0
                102.649444970249,3.77242759323274,0
                102.651464704373,3.77302456922211,0
                102.653512981686,3.7735152511251,0
                102.655584188001,3.77389829419777,0
                102.657672646287,3.77417264868865,0
                102.659772632223,3.77433756271434,0
                102.661878389894,3.77439258431941,0
                102.663984147566,3.77433756271434,0
                102.666084133502,3.77417264868865,0
                102.668172591787,3.77389829419777,0
                102.670243798102,3.7735152511251,0
                102.672292075415,3.77302456922211,0
                102.674311809539,3.77242759323274,0
                102.676297464525,3.77172595920955,0
                102.678243597829,3.77092159003182,0
                102.680144875236,3.77001669013779,0
                102.681996085477,3.76901373948568,0
                102.683792154512,3.76791548675961,0
                102.685528159441,3.76672494183946,0
                102.687199341996,3.7654453675548,0
                102.688801121582,3.76408027074591,0
                102.690329107831,3.76263339265596,0
                102.69177911264,3.76110869868086,0
                102.693147161646,3.75951036750478,0
                102.694429505122,3.757842779651,0
                102.695622628254,3.75611050547951,0
                102.696723260774,3.75431829266424,0
                102.697728385926,3.75247105318396,0
                102.69863524873,3.75057384986286,0
                102.699441363538,3.7486318824972,0
                102.700144520847,3.74665047360649,0
                102.700742793351,3.74463505384784,0
                102.701234541227,3.7425911471335,0
                102.701618416627,3.74052435549264,0
                102.701893367377,3.73844034371841,0
                102.702058639854,3.73634482384265,0
                102.702113781059,3.73424353948064,0
              </coordinates>
            </LinearRing>
          </outerBoundaryIs>
        </Polygon>
      </Placemark>
      <Placemark id="PHG_SE-15.26">
        <name>P.086 Maran</name>
        <ExtendedData>
          <SchemaData schemaUrl="#PHG_SE-15.schema">
            <SimpleData name="state">Pahang</SimpleData>
            <SimpleData name="parlimen">P.086 Maran</SimpleData>
            <SimpleData name="code_parlimen">P.086</SimpleData>
            <SimpleData name="dun">N.26 Chenor</SimpleData>
            <SimpleData name="code_dun">N.26</SimpleData>
            <SimpleData name="voters_total">19415</SimpleData>
          </SchemaData>
        </ExtendedData>
        <Polygon>
          <outerBoundaryIs>
            <LinearRing>
              <coordinates>
                102.667975422174,3.49494003594647,0
                102.667917232432,3.49272198957007,0
                102.6677428227,3.49051001748533,0
                102.667452671024,3.48831018262158,0
                102.667047572688,3.48612851468282,0
                102.666528638039,3.48397099361959,0
                102.665897289442,3.48184353323649,0
                102.665155257378,3.47975196498088,0
                102.664304575705,3.47770202195673,0
                102.663347576084,3.47569932320765,0
                102.662286881584,3.47374935831237,0
                102.661125399494,3.47185747233459,0
                102.659866313357,3.4700288511687,0
                102.658513074239,3.46826850732172,0
                102.657069391275,3.46658126617008,0
                102.6555392215,3.46497175272928,0
                102.653926759003,3.46344437897268,0
                102.652236423432,3.46200333173406,0
                102.650472847878,3.4606525612275,0
                102.64864086618,3.45939577021551,0
                102.646745499672,3.45823640385599,0
                102.644791943422,3.45717764025497,0
                102.642785551992,3.45622238175176,0
                102.640731824762,3.45537324696017,0
                102.638636390855,3.45463256358766,0
                102.636504993709,3.45400236205204,0
                102.634343475337,3.45348436991357,0
                102.632157760309,3.45308000713744,0
                102.629953839519,3.45279038219965,0
                102.62773775376,3.45261628904731,0
                102.62551557717,3.45255820492124,0
                102.62329340058,3.45261628904731,0
                102.621077314821,3.45279038219965,0
                102.618873394031,3.45308000713744,0
                102.616687679003,3.45348436991357,0
                102.614526160631,3.45400236205204,0
                102.612394763485,3.45463256358766,0
                102.610299329578,3.45537324696017,0
                102.608245602348,3.45622238175176,0
                102.606239210918,3.45717764025497,0
                102.604285654668,3.45823640385599,0
                102.60239028816,3.45939577021551,0
                102.600558306462,3.4606525612275,0
                102.598794730908,3.46200333173406,0
                102.597104395337,3.46344437897268,0
                102.59549193284,3.46497175272928,0
                102.593961763065,3.46658126617008,0
                102.592518080101,3.46826850732172,0
                102.591164840984,3.4700288511687,0
                102.589905754846,3.47185747233459,0
                102.588744272756,3.47374935831237,0
                102.587683578256,3.47569932320765,0
                102.586726578635,3.47770202195673,0
                102.585875896962,3.47975196498088,0
                102.585133864898,3.48184353323649,0
                102.584502516301,3.48397099361959,0
                102.583983581652,3.48612851468282,0
                102.583578483316,3.48831018262158,0
                102.58328833164,3.49051001748533,0
                102.583113921908,3.49272198957007,0
                102.583055732166,3.49494003594647,0
                102.583113921908,3.49715807707871,0
                102.58328833164,3.49937003348851,0
                102.583578483316,3.50156984241825,0
                102.583983581652,3.50375147444803,0
                102.584502516301,3.50590895002081,0
                102.585133864898,3.50803635583034,0
                102.585875896962,3.51012786102718,0
                102.586726578635,3.51217773319829,0
                102.587683578256,3.51418035407628,0
                102.588744272756,3.51613023493563,0
                102.589905754846,3.51802203163336,0
                102.591164840984,3.51985055925323,0
                102.592518080101,3.52161080631314,0
                102.593961763065,3.52329794849708,0
                102.59549193284,3.52490736187387,0
                102.597104395337,3.52643463556647,0
                102.598794730908,3.52787558383738,0
                102.600558306462,3.52922625755691,0
                102.60239028816,3.53048295502287,0
                102.604285654668,3.53164223210235,0
                102.606239210918,3.53270091166749,0
                102.608245602348,3.53365609229963,0
                102.610299329578,3.53450515623818,0
                102.612394763485,3.53524577655197,0
                102.614526160631,3.53587592351403,0
                102.616687679003,3.53639387016205,0
                102.618873394031,3.53679819702925,0
                102.621077314821,3.53708779603302,0
                102.62329340058,3.53726187351043,0
                102.62551557717,3.53731995239236,0
                102.62773775376,3.53726187351043,0
                102.629953839519,3.53708779603302,0
                102.632157760309,3.53679819702925,0
                102.634343475337,3.53639387016205,0
                102.636504993709,3.53587592351403,0
                102.638636390855,3.53524577655197,0
                102.640731824762,3.53450515623818,0
                102.642785551992,3.53365609229963,0
                102.644791943422,3.53270091166749,0
                102.646745499672,3.53164223210235,0
                102.64864086618,3.53048295502287,0
                102.650472847878,3.52922625755691,0
                102.652236423432,3.52787558383738,0
                102.653926759003,3.52643463556647,0
                102.6555392215,3.52490736187387,0
                102.657069391275,3.52329794849708,0
                102.658513074239,3.52161080631314,0
                102.659866313357,3.51985055925323,0
                102.661125399494,3.51802203163336,0
                102.662286881584,3.51613023493563,0
                102.663347576084,3.51418035407628,0
                102.664304575705,3.51217773319829,0
                102.665155257378,3.51012786102718,0
                102.665897289442,3.50803635583034,0
                102.666528638039,3.50590895002081,0
                102.667047572688,3.50375147444803,0
                102.667452671024,3.50156984241825,0
                102.6677428227,3.49937003348851,0
                102.667917232432,3.49715807707871,0
                102.667975422174,3.49494003594647,0
              </coordinates>
            </LinearRing>
          </outerBoundaryIs>
        </Polygon>
      </Placemark>
      <Placemark id="PHG_SE-15.27">
        <name>P.087 Kuala Krau</name>
        <ExtendedData>
          <SchemaData schemaUrl="#PHG_SE-15.schema">
            <SimpleData name="state">Pahang</SimpleData>
            <SimpleData name="parlimen">P.087 Kuala Krau</SimpleData>
            <SimpleData name="code_parlimen">P.087</SimpleData>
            <SimpleData name="dun">N.27 Jenderak</SimpleData>
            <SimpleData name="code_dun">N.27</SimpleData>
            <SimpleData name="voters_total">13994</SimpleData>
          </SchemaData>
        </ExtendedData>
        <Polygon>
          <outerBoundaryIs>
            <LinearRing>
              <coordinates>
                102.290752942272,3.72276989477553,0
                102.290703539801,3.72088726946168,0
                102.290555467798,3.71900980028656,0
                102.290309132118,3.71714263331407,0
                102.289965207949,3.71529088640271,0
                102.289524637964,3.713459635177,0
                102.288988629734,3.71165389911418,0
                102.288358652422,3.70987862778468,0
                102.28763643275,3.70813868728366,0
                102.286823950274,3.70643884689124,0
                102.285923431949,3.70478376599776,0
                102.284937346036,3.70317798133,0
                102.283868395327,3.70162589451343,0
                102.282719509741,3.70013176000459,0
                102.281493838294,3.69869967342665,0
                102.280194740467,3.69733356034035,0
                102.278825776995,3.69603716548085,0
                102.277390700114,3.6948140424903,0
                102.275893443268,3.69366754417407,0
                102.274338110335,3.69260081330764,0
                102.272728964374,3.6916167740191,0
                102.271070415942,3.69071812377122,0
                102.269367011006,3.68990732596478,0
                102.26762341848,3.68918660318373,0
                102.265844417429,3.68855793110066,0
                102.264034883973,3.6880230330591,0
                102.262199777916,3.68758337534793,0
                102.260344129156,3.68724016318047,0
                102.258473023899,3.6869943373896,0
                102.256591590713,3.68684657184767,0
                102.254704986476,3.68679727161875,0
                102.252818382239,3.68684657184767,0
                102.250936949052,3.6869943373896,0
                102.249065843795,3.68724016318047,0
                102.247210195036,3.68758337534793,0
                102.245375088979,3.6880230330591,0
                102.243565555522,3.68855793110066,0
                102.241786554472,3.68918660318373,0
                102.240042961946,3.68990732596478,0
                102.238339557009,3.69071812377122,0
                102.236681008578,3.6916167740191,0
                102.235071862617,3.69260081330764,0
                102.233516529684,3.69366754417407,0
                102.232019272838,3.6948140424903,0
                102.230584195956,3.69603716548085,0
                102.229215232484,3.69733356034035,0
                102.227916134657,3.69869967342665,0
                102.22669046321,3.70013176000459,0
                102.225541577624,3.70162589451343,0
                102.224472626915,3.70317798133,0
                102.223486541002,3.70478376599776,0
                102.222586022678,3.70643884689124,0
                102.221773540201,3.70813868728366,0
                102.221051320529,3.70987862778468,0
                102.220421343217,3.71165389911418,0
                102.219885334987,3.713459635177,0
                102.219444765003,3.71529088640271,0
                102.219100840834,3.71714263331407,0
                102.218854505153,3.71900980028656,0
                102.21870643315,3.72088726946168,0
                102.21865703068,3.72276989477553,0
                102.21870643315,3.72465251606443,0
                102.218854505153,3.72652997320882,0
                102.219100840834,3.72839712027661,0
                102.219444765003,3.73024883962738,0
                102.219885334987,3.73208005593858,0
                102.220421343217,3.73388575011547,0
                102.221051320529,3.73566097304654,0
                102.221773540201,3.73740085916692,0
                102.222586022678,3.73910063979226,0
                102.223486541002,3.74075565618707,0
                102.224472626915,3.74236137233123,0
                102.225541577624,3.74391338735001,0
                102.22669046321,3.74540744757352,0
                102.227916134657,3.74683945819245,0
                102.229215232484,3.74820549447831,0
                102.230584195956,3.74950181253737,0
                102.232019272838,3.75072485956892,0
                102.233516529684,3.75187128359981,0
                102.235071862617,3.75293794266846,0
                102.236681008578,3.7539219134334,0
                102.238339557009,3.75482049918262,0
                102.240042961946,3.75563123722201,0
                102.241786554472,3.75635190562243,0
                102.243565555522,3.75698052930711,0
                102.245375088979,3.75751538546275,0
                102.247210195036,3.7579550082594,0
                102.249065843795,3.75829819286626,0
                102.250936949052,3.75854399875246,0
                102.252818382239,3.75869175226366,0
                102.254704986476,3.75874104846765,0
                102.256591590713,3.75869175226366,0
                102.258473023899,3.75854399875246,0
                102.260344129156,3.75829819286626,0
                102.262199777916,3.7579550082594,0
                102.264034883973,3.75751538546275,0
                102.265844417429,3.75698052930711,0
                102.26762341848,3.75635190562243,0
                102.269367011006,3.75563123722201,0
                102.271070415942,3.75482049918262,0
                102.272728964374,3.7539219134334,0
                102.274338110335,3.75293794266846,0
                102.275893443268,3.75187128359981,0
                102.277390700114,3.75072485956892,0
                102.278825776995,3.74950181253737,0
                102.280194740467,3.74820549447831,0
                102.281493838294,3.74683945819245,0
                102.282719509741,3.74540744757352,0
                102.283868395327,3.74391338735001,0
                102.284937346036,3.74236137233123,0
                102.285923431949,3.74075565618707,0
                102.286823950274,3.73910063979226,0
                102.28763643275,3.73740085916692,0
                102.288358652422,3.73566097304654,0
                102.288988629734,3.73388575011547,0
                102.289524637964,3.73208005593858,0
                102.289965207949,3.73024883962738,0
                102.290309132118,3.72839712027661,0
                102.290555467798,3.72652997320882,0
                102.290703539801,3.72465251606443,0
                102.290752942272,3.72276989477553,0
              </coordinates>
            </LinearRing>
          </outerBoundaryIs>
        </Polygon>
      </Placemark>
      <Placemark id="PHG_SE-15.28">
        <name>P.087 Kuala Krau</name>
        <ExtendedData>
          <SchemaData schemaUrl="#PHG_SE-15.schema">
            <SimpleData name="state">Pahang</SimpleData>
            <SimpleData name="parlimen">P.087 Kuala Krau</SimpleData>
            <SimpleData name="code_parlimen">P.087</SimpleData>
            <SimpleData name="dun">N.28 Kerdau</SimpleData>
            <SimpleData name="code_dun">N.28</SimpleData>
            <SimpleData name="voters_total">15184</SimpleData>
          </SchemaData>
        </ExtendedData>
        <Polygon>
          <outerBoundaryIs>
            <LinearRing>
              <coordinates>
                102.460010236293,3.62311136535955,0
                102.459958776169,3.62115010814442,0
                102.459804536845,3.61919422236779,0
                102.45954794108,3.61724906903104,0
                102.459189692185,3.61531997975274,0
                102.458730772096,3.61341224215401,0
                102.458172438681,3.61153108536422,0
                102.457516222293,3.60968166568655,0
                102.456763921575,3.60786905246297,0
                102.455917598532,3.6060982141771,0
                102.454979572875,3.60437400483341,0
                102.453952415669,3.60270115064988,0
                102.452838942279,3.60108423710064,0
                102.451642204659,3.59952769634426,0
                102.450365482984,3.59803579507217,0
                102.449012276658,3.5966126228104,0
                102.447586294727,3.59526208070688,0
                102.446091445707,3.59398787083509,0
                102.444531826876,3.5927934860433,0
                102.442911713041,3.59168220037736,0
                102.441235544821,3.59065706010332,0
                102.439507916476,3.58972087535438,0
                102.437733563317,3.58887621242541,0
                102.435917348721,3.58812538673584,0
                102.434064250806,3.58747045648051,0
                102.432179348786,3.58691321698575,0
                102.430267809045,3.58645519578627,0
                102.428334870981,3.58609764843629,0
                102.426385832644,3.58584155506664,0
                102.424426036211,3.58568761769692,0
                102.422460853348,3.58563625831042,0
                102.420495670485,3.58568761769692,0
                102.418535874052,3.58584155506664,0
                102.416586835714,3.58609764843629,0
                102.41465389765,3.58645519578627,0
                102.41274235791,3.58691321698575,0
                102.410857455889,3.58747045648051,0
                102.409004357975,3.58812538673584,0
                102.407188143379,3.58887621242541,0
                102.405413790219,3.58972087535438,0
                102.403686161875,3.59065706010332,0
                102.402009993655,3.59168220037736,0
                102.40038987982,3.5927934860433,0
                102.398830260989,3.59398787083509,0
                102.397335411969,3.59526208070688,0
                102.395909430037,3.5966126228104,0
                102.394556223712,3.59803579507217,0
                102.393279502036,3.59952769634426,0
                102.392082764416,3.60108423710064,0
                102.390969291027,3.60270115064988,0
                102.38994213382,3.60437400483341,0
                102.389004108164,3.6060982141771,0
                102.38815778512,3.60786905246297,0
                102.387405484403,3.60968166568655,0
                102.386749268014,3.61153108536422,0
                102.386190934599,3.61341224215401,0
                102.38573201451,3.61531997975274,0
                102.385373765616,3.61724906903104,0
                102.385117169851,3.61919422236779,0
                102.384962930526,3.62115010814442,0
                102.384911470402,3.62311136535955,0
                102.384962930526,3.62507261832376,0
                102.385117169851,3.62702849139417,0
                102.385373765616,3.62897362370861,0
                102.38573201451,3.63090268387887,0
                102.386190934599,3.63281038460272,0
                102.386749268014,3.63469149715482,0
                102.387405484403,3.63654086571663,0
                102.38815778512,3.63835342150624,0
                102.389004108164,3.6401241966693,0
                102.38994213382,3.64184833789289,0
                102.390969291027,3.6435211197054,0
                102.392082764416,3.64513795742562,0
                102.393279502036,3.64669441972575,0
                102.394556223712,3.64818624077394,0
                102.395909430037,3.64960933192315,0
                102.397335411969,3.6509597929141,0
                102.398830260989,3.65223392256201,0
                102.40038987982,3.65342822889756,0
                102.402009993655,3.65453943873445,0
                102.403686161875,3.65556450663751,0
                102.405413790219,3.65650062326637,0
                102.407188143379,3.65734522307254,0
                102.409004357975,3.65809599132815,0
                102.410857455889,3.65875087046763,0
                102.41274235791,3.6593080657247,0
                102.41465389765,3.65976605004933,0
                102.416586835714,3.66012356829127,0
                102.418535874052,3.66037964063863,0
                102.420495670485,3.66053356530214,0
                102.422460853348,3.66058492043772,0
                102.424426036211,3.66053356530214,0
                102.426385832644,3.66037964063863,0
                102.428334870981,3.66012356829127,0
                102.430267809045,3.65976605004933,0
                102.432179348786,3.6593080657247,0
                102.434064250806,3.65875087046763,0
                102.435917348721,3.65809599132815,0
                102.437733563317,3.65734522307254,0
                102.439507916476,3.65650062326637,0
                102.441235544821,3.65556450663751,0
                102.442911713041,3.65453943873445,0
                102.444531826876,3.65342822889756,0
                102.446091445707,3.65223392256201,0
                102.447586294727,3.6509597929141,0
                102.449012276658,3.64960933192315,0
                102.450365482984,3.64818624077394,0
                102.451642204659,3.64669441972575,0
                102.452838942279,3.64513795742562,0
                102.453952415669,3.6435211197054,0
                102.454979572875,3.64184833789289,0
                102.455917598532,3.6401241966693,0
                102.456763921575,3.63835342150624,0
                102.457516222293,3.63654086571663,0
                102.458172438681,3.63469149715482,0
                102.458730772096,3.63281038460272,0
                102.459189692185,3.63090268387887,0
                102.45954794108,3.62897362370861,0
                102.459804536845,3.62702849139417,0
                102.459958776169,3.62507261832376,0
                102.460010236293,3.62311136535955,0
              </coordinates>
            </LinearRing>
          </outerBoundaryIs>
        </Polygon>
      </Placemark>
      <Placemark id="PHG_SE-15.29">
        <name>P.087 Kuala Krau</name>
        <ExtendedData>
          <SchemaData schemaUrl="#PHG_SE-15.schema">
            <SimpleData name="state">Pahang</SimpleData>
            <SimpleData name="parlimen">P.087 Kuala Krau</SimpleData>
            <SimpleData name="code_parlimen">P.087</SimpleData>
            <SimpleData name="dun">N.29 Jengka</SimpleData>
            <SimpleData name="code_dun">N.29</SimpleData>
            <SimpleData name="voters_total">31359</SimpleData>
          </SchemaData>
        </ExtendedData>
        <Polygon>
          <outerBoundaryIs>
            <LinearRing>
              <coordinates>
                102.580966407365,3.68189103228937,0
                102.580892453847,3.67907268612213,0
                102.580670795996,3.67626205596826,0
                102.580302041359,3.6734668456858,0
                102.579787200669,3.67069471693932,0
                102.579127685067,3.6679532681977,0
                102.57832530224,3.66525001390443,0
                102.577382251463,3.66259236387736,0
                102.576301117573,3.65998760299466,0
                102.575084863883,3.65744287122254,0
                102.573736824059,3.65496514403963,0
                102.572260692986,3.65256121331164,0
                102.570660516636,3.65023766866894,0
                102.56894068098,3.64800087943797,0
                102.567105899969,3.64585697717626,0
                102.565161202611,3.64381183885888,0
                102.563111919185,3.64187107076262,0
                102.560963666635,3.64003999309198,0
                102.558722333171,3.63832362538936,0
                102.556394062134,3.63672667276937,0
                102.553985235152,3.63525351301522,0
                102.551502454652,3.6339081845725,0
                102.548952525763,3.63269437547339,0
                102.546342437663,3.63161541322183,0
                102.543679344422,3.63067425566717,0
                102.540970545394,3.62987348289171,0
                102.538223465209,3.62921529013413,0
                102.535445633421,3.62870148176852,0
                102.532644663876,3.62833346635527,0
                102.529828233835,3.62811225277767,0
                102.527004062938,3.62803844747469,0
                102.524179892042,3.62811225277767,0
                102.521363462001,3.62833346635527,0
                102.518562492456,3.62870148176852,0
                102.515784660668,3.62921529013413,0
                102.513037580483,3.62987348289171,0
                102.510328781454,3.63067425566717,0
                102.507665688214,3.63161541322183,0
                102.505055600114,3.63269437547339,0
                102.502505671225,3.6339081845725,0
                102.500022890725,3.63525351301522,0
                102.497614063743,3.63672667276937,0
                102.495285792706,3.63832362538936,0
                102.493044459242,3.64003999309198,0
                102.490896206692,3.64187107076262,0
                102.488846923266,3.64381183885888,0
                102.486902225907,3.64585697717626,0
                102.485067444897,3.64800087943797,0
                102.483347609241,3.65023766866894,0
                102.481747432891,3.65256121331164,0
                102.480271301818,3.65496514403963,0
                102.478923261994,3.65744287122254,0
                102.477707008304,3.65998760299466,0
                102.476625874414,3.66259236387736,0
                102.475682823637,3.66525001390443,0
                102.47488044081,3.6679532681977,0
                102.474220925208,3.67069471693932,0
                102.473706084517,3.6734668456858,0
                102.473337329881,3.67626205596826,0
                102.47311567203,3.67907268612213,0
                102.473041718512,3.68189103228937,0
                102.47311567203,3.68470936953567,0
                102.473337329881,3.68751997302439,0
                102.473706084517,3.69031513918971,0
                102.474220925208,3.69308720685038,0
                102.47488044081,3.6958285782068,0
                102.475682823637,3.69853173966333,0
                102.476625874414,3.70118928241924,0
                102.477707008304,3.70379392277167,0
                102.478923261994,3.70633852207496,0
                102.480271301818,3.70881610630183,0
                102.481747432891,3.71121988515283,0
                102.483347609241,3.71354327066159,0
                102.485067444897,3.71577989524517,0
                102.486902225907,3.71792362914997,0
                102.488846923266,3.71996859724545,0
                102.490896206692,3.7219091951198,0
                102.493044459242,3.72374010443354,0
                102.495285792706,3.72545630748881,0
                102.497614063743,3.7270531009749,0
                102.500022890725,3.72852610885211,0
                102.502505671225,3.72987129433886,0
                102.505055600114,3.73108497096918,0
                102.507665688214,3.73216381269055,0
                102.510328781454,3.73310486297411,0
                102.513037580483,3.73390554291288,0
                102.515784660668,3.7345636582853,0
                102.518562492456,3.73507740556514,0
                102.521363462001,3.73544537686128,0
                102.524179892042,3.73566656377378,0
                102.527004062938,3.73574036015581,0
                102.529828233835,3.73566656377378,0
                102.532644663876,3.73544537686128,0
                102.535445633421,3.73507740556514,0
                102.538223465209,3.7345636582853,0
                102.540970545394,3.73390554291288,0
                102.543679344422,3.73310486297411,0
                102.546342437663,3.73216381269055,0
                102.548952525763,3.73108497096918,0
                102.551502454652,3.72987129433886,0
                102.553985235152,3.72852610885211,0
                102.556394062134,3.7270531009749,0
                102.558722333171,3.72545630748881,0
                102.560963666635,3.72374010443354,0
                102.563111919185,3.7219091951198,0
                102.565161202611,3.71996859724545,0
                102.567105899969,3.71792362914997,0
                102.56894068098,3.71577989524517,0
                102.570660516636,3.71354327066159,0
                102.572260692986,3.71121988515283,0
                102.573736824059,3.70881610630183,0
                102.575084863883,3.70633852207496,0
                102.576301117573,3.70379392277167,0
                102.577382251463,3.70118928241924,0
                102.57832530224,3.69853173966333,0
                102.579127685067,3.6958285782068,0
                102.579787200669,3.69308720685038,0
                102.580302041359,3.69031513918971,0
                102.580670795996,3.68751997302439,0
                102.580892453847,3.68470936953567,0
                102.580966407365,3.68189103228937,0
              </coordinates>
            </LinearRing>
          </outerBoundaryIs>
        </Polygon>
      </Placemark>
      <Placemark id="PHG_SE-15.30">
        <name>P.088 Temerloh</name>
        <ExtendedData>
          <SchemaData schemaUrl="#PHG_SE-15.schema">
            <SimpleData name="state">Pahang</SimpleData>
            <SimpleData name="parlimen">P.088 Temerloh</SimpleData>
            <SimpleData name="code_parlimen">P.088</SimpleData>
            <SimpleData name="dun">N.30 Mentakab</SimpleData>
            <SimpleData name="code_dun">N.30</SimpleData>
            <SimpleData name="voters_total">37269</SimpleData>
          </SchemaData>
        </ExtendedData>
        <Polygon>
          <outerBoundaryIs>
            <LinearRing>
              <coordinates>
                102.402100228638,3.48032168698159,0
                102.402019607002,3.47724854416888,0
                102.401777963074,3.47418381465221,0
                102.401375959183,3.47113589877381,0
                102.400814697193,3.46811315087098,0
                102.400095715485,3.46512385637509,0
                102.399220984738,3.46217620909846,0
                102.398192902527,3.4592782887716,0
                102.397014286754,3.45643803889246,0
                102.395688367924,3.45366324494824,0
                102.394218780288,3.45096151306979,0
                102.392609551882,3.44834024917693,0
                102.390865093492,3.44580663867216,0
                102.388990186555,3.44336762673826,0
                102.386989970062,3.44102989929401,0
                102.384869926466,3.43879986466039,0
                102.38263586666,3.43668363598733,0
                102.380293914046,3.43468701448955,0
                102.377850487754,3.43281547353741,0
                102.375312285046,3.43107414364646,0
                102.372686262958,3.42946779840686,0
                102.369979619235,3.42800084139155,0
                102.367199772599,3.42667729407885,0
                102.364354342416,3.42550078482284,0
                102.361451127813,3.42447453890185,0
                102.358498086299,3.42360136967226,0
                102.355503311955,3.4228836708521,0
                102.35247501325,3.4223234099554,0
                102.349421490541,3.42192212289574,0
                102.34635111332,3.4216809097733,0
                102.343272297279,3.42160043185753,0
                102.340193481238,3.4216809097733,0
                102.337123104017,3.42192212289574,0
                102.334069581308,3.4223234099554,0
                102.331041282603,3.4228836708521,0
                102.328046508259,3.42360136967226,0
                102.325093466745,3.42447453890185,0
                102.322190252142,3.42550078482284,0
                102.319344821959,3.42667729407885,0
                102.316564975323,3.42800084139155,0
                102.3138583316,3.42946779840686,0
                102.311232309512,3.43107414364646,0
                102.308694106804,3.43281547353741,0
                102.306250680512,3.43468701448955,0
                102.303908727898,3.43668363598733,0
                102.301674668092,3.43879986466039,0
                102.299554624496,3.44102989929401,0
                102.297554408003,3.44336762673826,0
                102.295679501066,3.44580663867216,0
                102.293935042676,3.44834024917693,0
                102.29232581427,3.45096151306979,0
                102.290856226634,3.45366324494824,0
                102.289530307804,3.45643803889246,0
                102.288351692031,3.4592782887716,0
                102.28732360982,3.46217620909846,0
                102.286448879073,3.46512385637509,0
                102.285729897365,3.46811315087098,0
                102.285168635375,3.47113589877381,0
                102.284766631484,3.47418381465221,0
                102.284524987556,3.47724854416888,0
                102.284444365921,3.48032168698159,0
                102.284524987556,3.48339481976957,0
                102.284766631484,3.48645951932188,0
                102.285168635375,3.48950738562458,0
                102.285729897365,3.49253006488353,0
                102.286448879073,3.49551927241945,0
                102.28732360982,3.49846681537278,0
                102.288351692031,3.50136461515596,0
                102.289530307804,3.5042047295918,0
                102.290856226634,3.506979374677,0
                102.29232581427,3.50968094591166,0
                102.293935042676,3.51230203913599,0
                102.295679501066,3.51483547081741,0
                102.297554408003,3.51727429773234,0
                102.299554624496,3.5196118359891,0
                102.301674668092,3.52184167933951,0
                102.303908727898,3.52395771672938,0
                102.306250680512,3.5259541490397,0
                102.308694106804,3.5278255049729,0
                102.311232309512,3.52956665604054,0
                102.3138583316,3.5311728306117,0
                102.316564975323,3.53263962698329,0
                102.319344821959,3.53396302543706,0
                102.322190252142,3.53513939924984,0
                102.325093466745,3.53616552462724,0
                102.328046508259,3.53703858953358,0
                102.331041282603,3.53775620139386,0
                102.334069581308,3.53831639364674,0
                102.337123104017,3.53871763113075,0
                102.340193481238,3.53895881428884,0
                102.343272297279,3.53903928217988,0
                102.34635111332,3.53895881428884,0
                102.349421490541,3.53871763113075,0
                102.35247501325,3.53831639364674,0
                102.355503311955,3.53775620139386,0
                102.358498086299,3.53703858953358,0
                102.361451127813,3.53616552462724,0
                102.364354342416,3.53513939924984,0
                102.367199772599,3.53396302543706,0
                102.369979619235,3.53263962698329,0
                102.372686262958,3.5311728306117,0
                102.375312285046,3.52956665604054,0
                102.377850487754,3.5278255049729,0
                102.380293914046,3.5259541490397,0
                102.38263586666,3.52395771672938,0
                102.384869926466,3.52184167933951,0
                102.386989970062,3.5196118359891,0
                102.388990186555,3.51727429773234,0
                102.390865093492,3.51483547081741,0
                102.392609551882,3.51230203913599,0
                102.394218780288,3.50968094591166,0
                102.395688367924,3.506979374677,0
                102.397014286754,3.5042047295918,0
                102.398192902527,3.50136461515596,0
                102.399220984738,3.49846681537278,0
                102.400095715485,3.49551927241945,0
                102.400814697193,3.49253006488353,0
                102.401375959183,3.48950738562458,0
                102.401777963074,3.48645951932188,0
                102.402019607002,3.48339481976957,0
                102.402100228638,3.48032168698159,0
              </coordinates>
            </LinearRing>
          </outerBoundaryIs>
        </Polygon>
      </Placemark>
      <Placemark id="PHG_SE-15.31">
        <name>P.088 Temerloh</name>
        <ExtendedData>
          <SchemaData schemaUrl="#PHG_SE-15.schema">
            <SimpleData name="state">Pahang</SimpleData>
            <SimpleData name="parlimen">P.088 Temerloh</SimpleData>
            <SimpleData name="code_parlimen">P.088</SimpleData>
            <SimpleData name="dun">N.31 Lanchang</SimpleData>
            <SimpleData name="code_dun">N.31</SimpleData>
            <SimpleData name="voters_total">32774</SimpleData>
          </SchemaData>
        </ExtendedData>
        <Polygon>
          <outerBoundaryIs>
            <LinearRing>
              <coordinates>
                102.249346678601,3.51258407349937,0
                102.249271075004,3.50970230813093,0
                102.249044471438,3.50682843262786,0
                102.248667489006,3.50397032419943,0
                102.248141160992,3.50113581690963,0
                102.247466930024,3.49833268020231,0
                102.246646644122,3.49556859760288,0
                102.245682551633,3.49285114565466,0
                102.244577295068,3.49018777314777,0
                102.243333903857,3.48758578069765,0
                102.24195578605,3.48505230072912,0
                102.240446718972,3.48259427792088,0
                102.238810838871,3.48021845016418,0
                102.237052629581,3.477931330088,0
                102.23517691023,3.4757391872012,0
                102.233188822035,3.47364803070098,0
                102.231093814209,3.47166359299453,0
                102.228897629021,3.46979131397954,0
                102.226606286063,3.46803632612612,0
                102.224226065746,3.4664034404018,0
                102.221763492088,3.46489713307772,0
                102.219225314834,3.46352153345247,0
                102.216618490951,3.46228041252744,0
                102.213950165561,3.46117717266444,0
                102.211227652359,3.46021483825429,0
                102.208458413564,3.45939604742201,0
                102.205650039468,3.45872304479116,0
                102.202810227628,3.45819767532745,0
                102.199946761772,3.45782137927854,0
                102.19706749046,3.45759518822369,0
                102.194180305576,3.45751972224443,0
                102.191293120691,3.45759518822369,0
                102.188413849379,3.45782137927854,0
                102.185550383523,3.45819767532745,0
                102.182710571684,3.45872304479116,0
                102.179902197588,3.45939604742201,0
                102.177132958793,3.46021483825429,0
                102.174410445591,3.46117717266444,0
                102.171742120201,3.46228041252744,0
                102.169135296317,3.46352153345247,0
                102.166597119063,3.46489713307772,0
                102.164134545406,3.4664034404018,0
                102.161754325089,3.46803632612612,0
                102.159462982131,3.46979131397954,0
                102.157266796943,3.47166359299453,0
                102.155171789116,3.47364803070098,0
                102.153183700922,3.4757391872012,0
                102.151307981571,3.477931330088,0
                102.14954977228,3.48021845016418,0
                102.147913892179,3.48259427792088,0
                102.146404825101,3.48505230072912,0
                102.145026707294,3.48758578069765,0
                102.143783316084,3.49018777314777,0
                102.142678059518,3.49285114565466,0
                102.14171396703,3.49556859760288,0
                102.140893681128,3.49833268020231,0
                102.14021945016,3.50113581690963,0
                102.139693122146,3.50397032419943,0
                102.139316139714,3.50682843262786,0
                102.139089536147,3.50970230813093,0
                102.13901393255,3.51258407349937,0
                102.139089536147,3.51546582997086,0
                102.139316139714,3.51833967888051,0
                102.139693122146,3.52119774331042,0
                102.14021945016,3.52403218967869,0
                102.140893681128,3.52683524920889,0
                102.14171396703,3.52959923922121,0
                102.142678059518,3.53231658418675,0
                102.143783316084,3.53497983648749,0
                102.145026707294,3.53758169682499,0
                102.146404825101,3.5401150342219,0
                102.147913892179,3.54257290556155,0
                102.14954977228,3.54494857461223,0
                102.151307981571,3.54723553048378,0
                102.153183700922,3.54942750546638,0
                102.155171789116,3.55151849220246,0
                102.157266796943,3.55350276014473,0
                102.159462982131,3.55537487125555,0
                102.161754325089,3.55712969490437,0
                102.164134545406,3.55876242192271,0
                102.166597119063,3.56026857777828,0
                102.169135296317,3.56164403483195,0
                102.171742120201,3.56288502364442,0
                102.174410445591,3.56398814330134,0
                102.177132958793,3.56495037072885,0
                102.179902197588,3.56576906897409,0
                102.182710571684,3.56644199442789,0
                102.185550383523,3.5669673029701,0
                102.188413849379,3.56734355502053,0
                102.191293120691,3.56756971948196,0
                102.194180305576,3.56764517656429,0
                102.19706749046,3.56756971948196,0
                102.199946761772,3.56734355502053,0
                102.202810227628,3.5669673029701,0
                102.205650039468,3.56644199442789,0
                102.208458413564,3.56576906897409,0
                102.211227652359,3.56495037072885,0
                102.213950165561,3.56398814330134,0
                102.216618490951,3.56288502364442,0
                102.219225314834,3.56164403483195,0
                102.221763492088,3.56026857777828,0
                102.224226065746,3.55876242192271,0
                102.226606286063,3.55712969490437,0
                102.228897629021,3.55537487125555,0
                102.231093814209,3.55350276014473,0
                102.233188822035,3.55151849220246,0
                102.23517691023,3.54942750546638,0
                102.237052629581,3.54723553048378,0
                102.238810838871,3.54494857461223,0
                102.240446718972,3.54257290556155,0
                102.24195578605,3.5401150342219,0
                102.243333903857,3.53758169682499,0
                102.244577295068,3.53497983648749,0
                102.245682551633,3.53231658418675,0
                102.246646644122,3.52959923922121,0
                102.247466930024,3.52683524920889,0
                102.248141160992,3.52403218967869,0
                102.248667489006,3.52119774331042,0
                102.249044471438,3.51833967888051,0
                102.249271075004,3.51546582997086,0
                102.249346678601,3.51258407349937,0
              </coordinates>
            </LinearRing>
          </outerBoundaryIs>
        </Polygon>
      </Placemark>
      <Placemark id="PHG_SE-15.32">
        <name>P.088 Temerloh</name>
        <ExtendedData>
          <SchemaData schemaUrl="#PHG_SE-15.schema">
            <SimpleData name="state">Pahang</SimpleData>
            <SimpleData name="parlimen">P.088 Temerloh</SimpleData>
            <SimpleData name="code_parlimen">P.088</SimpleData>
            <SimpleData name="dun">N.32 Kuala Semantan</SimpleData>
            <SimpleData name="code_dun">N.32</SimpleData>
            <SimpleData name="voters_total">36786</SimpleData>
          </SchemaData>
        </ExtendedData>
        <Polygon>
          <outerBoundaryIs>
            <LinearRing>
              <coordinates>
                102.517403648867,3.46112584099906,0
                102.517323551356,3.45807261485569,0
                102.517083478367,3.45502774760147,0
                102.516684087923,3.4519995851351,0
                102.516126474724,3.44899642764727,0
                102.515412167151,3.44602650686804,0
                102.51454312307,3.44309796350102,0
                102.513521724471,3.4402188249063,0
                102.512350770936,3.43739698309314,0
                102.511033471968,3.43464017308328,0
                102.509573438191,3.43195595170355,0
                102.507974671458,3.4293516768666,0
                102.506241553875,3.42683448739619,0
                102.504378835798,3.42441128345278,0
                102.502391622809,3.42208870761263,0
                102.500285361718,3.41987312665301,0
                102.498065825642,3.417770614093,0
                102.495739098175,3.41578693353815,0
                102.493311556715,3.41392752287442,0
                102.490789854985,3.41219747935527,0
                102.488180904793,3.41060154562238,0
                102.485491857091,3.40914409669875,0
                102.482730082371,3.40782912798971,0
                102.479903150467,3.40666024432495,0
                102.477018809801,3.40564065007149,0
                102.474084966152,3.40477314034501,0
                102.471109660981,3.40406009334346,0
                102.468101049392,3.40350346382415,0
                102.46506737778,3.40310477774216,0
                102.46201696123,3.40286512806494,0
                102.458958160719,3.40278517177442,0
                102.455899360209,3.40286512806494,0
                102.452848943658,3.40310477774216,0
                102.449815272047,3.40350346382415,0
                102.446806660458,3.40406009334346,0
                102.443831355287,3.40477314034501,0
                102.440897511637,3.40564065007149,0
                102.438013170972,3.40666024432495,0
                102.435186239067,3.40782912798971,0
                102.432424464348,3.40914409669875,0
                102.429735416646,3.41060154562238,0
                102.427126466454,3.41219747935527,0
                102.424604764723,3.41392752287442,0
                102.422177223263,3.41578693353815,0
                102.419850495796,3.417770614093,0
                102.417630959721,3.41987312665301,0
                102.41552469863,3.42208870761263,0
                102.41353748564,3.42441128345278,0
                102.411674767564,3.42683448739619,0
                102.409941649981,3.4293516768666,0
                102.408342883247,3.43195595170355,0
                102.406882849471,3.43464017308328,0
                102.405565550503,3.43739698309314,0
                102.404394596968,3.4402188249063,0
                102.403373198369,3.44309796350102,0
                102.402504154288,3.44602650686804,0
                102.401789846714,3.44899642764727,0
                102.401232233516,3.4519995851351,0
                102.400832843071,3.45502774760147,0
                102.400592770082,3.45807261485569,0
                102.400512672572,3.46112584099906,0
                102.400592770082,3.46417905730191,0
                102.400832843071,3.46722389514245,0
                102.401232233516,3.47025200894418,0
                102.401789846714,3.47325509904963,0
                102.402504154288,3.47622493446697,0
                102.403373198369,3.47915337542786,0
                102.404394596968,3.4820323956942,0
                102.405565550503,3.48485410455311,0
                102.406882849471,3.48761076843958,0
                102.408342883247,3.49029483212772,0
                102.409941649981,3.49289893943259,0
                102.411674767564,3.49541595336591,0
                102.41353748564,3.4978389756905,0
                102.41552469863,3.50016136581993,0
                102.417630959721,3.50237675901161,0
                102.419850495796,3.50447908380367,0
                102.422177223263,3.50646257864783,0
                102.424604764723,3.50832180769278,0
                102.427126466454,3.51005167567491,0
                102.429735416646,3.51164744187578,0
                102.432424464348,3.51310473310789,0
                102.435186239067,3.5144195556936,0
                102.438013170972,3.51558830640421,0
                102.440897511637,3.51660778232936,0
                102.443831355287,3.51747518964978,0
                102.446806660458,3.51818815128953,0
                102.449815272047,3.51874471342651,0
                102.452848943658,3.5191433508439,0
                102.455899360209,3.51938297110745,0
                102.458958160719,3.51946291755748,0
                102.46201696123,3.51938297110745,0
                102.46506737778,3.5191433508439,0
                102.468101049392,3.51874471342651,0
                102.471109660981,3.51818815128953,0
                102.474084966152,3.51747518964978,0
                102.477018809801,3.51660778232936,0
                102.479903150467,3.51558830640421,0
                102.482730082371,3.5144195556936,0
                102.485491857091,3.51310473310789,0
                102.488180904793,3.51164744187578,0
                102.490789854985,3.51005167567491,0
                102.493311556715,3.50832180769278,0
                102.495739098175,3.50646257864783,0
                102.498065825642,3.50447908380367,0
                102.500285361718,3.50237675901161,0
                102.502391622809,3.50016136581993,0
                102.504378835798,3.4978389756905,0
                102.506241553875,3.49541595336591,0
                102.507974671458,3.49289893943259,0
                102.509573438191,3.49029483212772,0
                102.511033471968,3.48761076843958,0
                102.512350770936,3.48485410455311,0
                102.513521724471,3.4820323956942,0
                102.51454312307,3.47915337542786,0
                102.515412167151,3.47622493446697,0
                102.516126474724,3.47325509904963,0
                102.516684087923,3.47025200894418,0
                102.517083478367,3.46722389514245,0
                102.517323551356,3.46417905730191,0
                102.517403648867,3.46112584099906,0
              </coordinates>
            </LinearRing>
          </outerBoundaryIs>
        </Polygon>
      </Placemark>
      <Placemark id="PHG_SE-15.33">
        <name>P.089 Bentong</name>
        <ExtendedData>
          <SchemaData schemaUrl="#PHG_SE-15.schema">
            <SimpleData name="state">Pahang</SimpleData>
            <SimpleData name="parlimen">P.089 Bentong</SimpleData>
            <SimpleData name="code_parlimen">P.089</SimpleData>
            <SimpleData name="dun">N.33 Bilut</SimpleData>
            <SimpleData name="code_dun">N.33</SimpleData>
            <SimpleData name="voters_total">24286</SimpleData>
          </SchemaData>
        </ExtendedData>
        <Polygon>
          <outerBoundaryIs>
            <LinearRing>
              <coordinates>
                101.920497039333,3.57859695884867,0
                101.920431958106,3.57611644987438,0
                101.92023689281,3.57364273311894,0
                101.919912378104,3.57118258895496,0
                101.919459303461,3.56874276060731,0
                101.918878910727,3.56632993566871,0
                101.918172790718,3.56395072776746,0
                101.91734287886,3.56161165843712,0
                101.916391449884,3.55931913923826,0
                101.915321111589,3.55707945418117,0
                101.914134797701,3.55489874249763,0
                101.912835759821,3.55278298180922,0
                101.911427558523,3.55073797173821,0
                101.909914053588,3.54876931800612,0
                101.908299393429,3.54688241706334,0
                101.906588003716,3.54508244129242,0
                101.90478457525,3.54337432482524,0
                101.902894051104,3.54176275001317,0
                101.900921613071,3.54025213458742,0
                101.898872667468,3.53884661954476,0
                101.896752830312,3.53755005779187,0
                101.89456791193,3.5363660035794,0
                101.892323901031,3.53529770275513,0
                101.890026948292,3.53434808386253,0
                101.887683349502,3.53351975010941,0
                101.885299528303,3.5328149722288,0
                101.882882018581,3.53223568225145,0
                101.880437446564,3.53178346820725,0
                101.877972512653,3.53145956976991,0
                101.87549397306,3.53126487485722,0
                101.873008621292,3.53119991719577,0
                101.870523269523,3.53126487485722,0
                101.868044729931,3.53145956976991,0
                101.86557979602,3.53178346820725,0
                101.863135224003,3.53223568225145,0
                101.860717714281,3.5328149722288,0
                101.858333893081,3.53351975010941,0
                101.855990294291,3.53434808386253,0
                101.853693341553,3.53529770275513,0
                101.851449330654,3.5363660035794,0
                101.849264412272,3.53755005779187,0
                101.847144575116,3.53884661954476,0
                101.845095629513,3.54025213458742,0
                101.84312319148,3.54176275001317,0
                101.841232667333,3.54337432482524,0
                101.839429238867,3.54508244129242,0
                101.837717849155,3.54688241706334,0
                101.836103188996,3.54876931800612,0
                101.834589684061,3.55073797173821,0
                101.833181482763,3.55278298180922,0
                101.831882444883,3.55489874249763,0
                101.830696130994,3.55707945418117,0
                101.8296257927,3.55931913923826,0
                101.828674363724,3.56161165843712,0
                101.827844451866,3.56395072776746,0
                101.827138331857,3.56632993566871,0
                101.826557939123,3.56874276060731,0
                101.82610486448,3.57118258895496,0
                101.825780349774,3.57364273311894,0
                101.825585284478,3.57611644987438,0
                101.825520203251,3.57859695884867,0
                101.825585284478,3.58107746110691,0
                101.825780349774,3.58355115778783,0
                101.82610486448,3.58601126873871,0
                101.826557939123,3.58845105109861,0
                101.827138331857,3.59086381777863,0
                101.827844451866,3.59324295578881,0
                101.828674363724,3.59558194436129,0
                101.8296257927,3.5978743728203,0
                101.830696130994,3.60011395814975,0
                101.831882444883,3.60229456221046,0
                101.833181482763,3.60441020856001,0
                101.834589684061,3.60645509882884,0
                101.836103188996,3.60842362860802,0
                101.837717849155,3.61031040280521,0
                101.839429238867,3.61211025042651,0
                101.841232667333,3.61381823874407,0
                101.84312319148,3.61542968681058,0
                101.845095629513,3.61694017828343,0
                101.847144575116,3.61834557352393,0
                101.849264412272,3.61964202093801,0
                101.851449330654,3.62082596752768,0
                101.853693341553,3.62189416862433,0
                101.855990294291,3.62284369677714,0
                101.858333893081,3.62367194977243,0
                101.860717714281,3.62437665776198,0
                101.863135224003,3.6249558894808,0
                101.86557979602,3.62540805753728,0
                101.868044729931,3.62573192276154,0
                101.870523269523,3.62592659759971,0
                101.873008621292,3.62599154854513,0
                101.87549397306,3.62592659759971,0
                101.877972512653,3.62573192276154,0
                101.880437446564,3.62540805753728,0
                101.882882018581,3.6249558894808,0
                101.885299528303,3.62437665776198,0
                101.887683349502,3.62367194977243,0
                101.890026948292,3.62284369677714,0
                101.892323901031,3.62189416862433,0
                101.89456791193,3.62082596752768,0
                101.896752830312,3.61964202093801,0
                101.898872667468,3.61834557352393,0
                101.900921613071,3.61694017828343,0
                101.902894051104,3.61542968681058,0
                101.90478457525,3.61381823874407,0
                101.906588003716,3.61211025042651,0
                101.908299393429,3.61031040280521,0
                101.909914053588,3.60842362860802,0
                101.911427558523,3.60645509882884,0
                101.912835759821,3.60441020856001,0
                101.914134797701,3.60229456221046,0
                101.915321111589,3.60011395814975,0
                101.916391449884,3.5978743728203,0
                101.91734287886,3.59558194436129,0
                101.918172790718,3.59324295578881,0
                101.918878910727,3.59086381777863,0
                101.919459303461,3.58845105109861,0
                101.919912378104,3.58601126873871,0
                101.92023689281,3.58355115778783,0
                101.920431958106,3.58107746110691,0
                101.920497039333,3.57859695884867,0
              </coordinates>
            </LinearRing>
          </outerBoundaryIs>
        </Polygon>
      </Placemark>
      <Placemark id="PHG_SE-15.34">
        <name>P.089 Bentong</name>
        <ExtendedData>
          <SchemaData schemaUrl="#PHG_SE-15.schema">
            <SimpleData name="state">Pahang</SimpleData>
            <SimpleData name="parlimen">P.089 Bentong</SimpleData>
            <SimpleData name="code_parlimen">P.089</SimpleData>
            <SimpleData name="dun">N.34 Ketari</SimpleData>
            <SimpleData name="code_dun">N.34</SimpleData>
            <SimpleData name="voters_total">30758</SimpleData>
          </SchemaData>
        </ExtendedData>
        <Polygon>
          <outerBoundaryIs>
            <LinearRing>
              <coordinates>
                101.93789186601,3.42171774440175,0
                101.937818624586,3.41892574943171,0
                101.937599101063,3.41614139903108,0
                101.937233897141,3.41337232501702,0
                101.936724013818,3.41062611740029,0
                101.936070848648,3.40791030357951,0
                101.935276191912,3.40523232770645,0
                101.934342221709,3.40259953027885,0
                101.933271497986,3.40001912801669,0
                101.932066955523,3.39749819407721,0
                101.930731895886,3.39504363866283,0
                101.929269978382,3.39266219007529,0
                101.927685210024,3.39036037626799,0
                101.925981934553,3.38814450694713,0
                101.924164820528,3.38602065627063,0
                101.922238848532,3.38399464619278,0
                101.920209297521,3.38207203049964,0
                101.918081730353,3.38025807957976,0
                101.915861978542,3.37855776597155,0
                101.913556126273,3.37697575072699,0
                101.911170493727,3.37551637062956,0
                101.908711619757,3.37418362630098,0
                101.906186243966,3.3729811712297,0
                101.903601288233,3.37191230175125,0
                101.900963837742,3.37097994800794,0
                101.898281121561,3.37018666591278,0
                101.895560492829,3.36953463013952,0
                101.892809408601,3.36902562815849,0
                101.890035409407,3.36866105533411,0
                101.887246098586,3.36844191109786,0
                101.884449121445,3.3683687962072,0
                101.881652144304,3.36844191109786,0
                101.878862833483,3.36866105533411,0
                101.876088834289,3.36902562815849,0
                101.873337750061,3.36953463013952,0
                101.870617121329,3.37018666591278,0
                101.867934405149,3.37097994800794,0
                101.865296954657,3.37191230175125,0
                101.862711998924,3.3729811712297,0
                101.860186623133,3.37418362630098,0
                101.857727749163,3.37551637062956,0
                101.855342116617,3.37697575072699,0
                101.853036264348,3.37855776597155,0
                101.850816512537,3.38025807957976,0
                101.848688945369,3.38207203049964,0
                101.846659394358,3.38399464619278,0
                101.844733422363,3.38602065627063,0
                101.842916308338,3.38814450694713,0
                101.841213032866,3.39036037626799,0
                101.839628264509,3.39266219007529,0
                101.838166347004,3.39504363866283,0
                101.836831287368,3.39749819407721,0
                101.835626744904,3.40001912801669,0
                101.834556021181,3.40259953027885,0
                101.833622050978,3.40523232770645,0
                101.832827394242,3.40791030357951,0
                101.832174229073,3.41062611740029,0
                101.831664345749,3.41337232501702,0
                101.831299141827,3.41614139903108,0
                101.831079618305,3.41892574943171,0
                101.831006376881,3.42171774440175,0
                101.831079618305,3.42450973123703,0
                101.831299141827,3.42729405732259,0
                101.831664345749,3.43006309110761,0
                101.832174229073,3.43280924302209,0
                101.832827394242,3.43552498627773,0
                101.833622050978,3.43820287749587,0
                101.834556021181,3.44083557710626,0
                101.835626744904,3.44341586946063,0
                101.836831287368,3.44593668260593,0
                101.838166347004,3.44839110766318,0
                101.839628264509,3.45077241775885,0
                101.841213032866,3.45307408645687,0
                101.842916308338,3.45528980564095,0
                101.844733422363,3.45741350279803,0
                101.846659394358,3.45943935765588,0
                101.848688945369,3.46136181812899,0
                101.850816512537,3.46317561552948,0
                101.853036264348,3.46487577900093,0
                101.855342116617,3.46645764913626,0
                101.857727749163,3.46791689074186,0
                101.860186623133,3.46924950471335,0
                101.862711998924,3.47045183899049,0
                101.865296954657,3.47152059856122,0
                101.867934405149,3.47245285448738,0
                101.870617121329,3.47324605192769,0
                101.873337750061,3.47389801713584,0
                101.876088834289,3.47440696341467,0
                101.878862833483,3.47477149601003,0
                101.881652144304,3.47499061593121,0
                101.884449121445,3.47506372268713,0
                101.887246098586,3.47499061593121,0
                101.890035409407,3.47477149601003,0
                101.892809408601,3.47440696341467,0
                101.895560492829,3.47389801713584,0
                101.898281121561,3.47324605192769,0
                101.900963837742,3.47245285448738,0
                101.903601288233,3.47152059856122,0
                101.906186243966,3.47045183899049,0
                101.908711619757,3.46924950471335,0
                101.911170493727,3.46791689074186,0
                101.913556126273,3.46645764913626,0
                101.915861978542,3.46487577900093,0
                101.918081730353,3.46317561552948,0
                101.920209297521,3.46136181812899,0
                101.922238848532,3.45943935765588,0
                101.924164820528,3.45741350279803,0
                101.925981934553,3.45528980564095,0
                101.927685210024,3.45307408645687,0
                101.929269978382,3.45077241775885,0
                101.930731895886,3.44839110766318,0
                101.932066955523,3.44593668260593,0
                101.933271497986,3.44341586946063,0
                101.934342221709,3.44083557710626,0
                101.935276191912,3.43820287749587,0
                101.936070848648,3.43552498627773,0
                101.936724013818,3.43280924302209,0
                101.937233897141,3.43006309110761,0
                101.937599101063,3.42729405732259,0
                101.937818624586,3.42450973123703,0
                101.93789186601,3.42171774440175,0
              </coordinates>
            </LinearRing>
          </outerBoundaryIs>
        </Polygon>
      </Placemark>
      <Placemark id="PHG_SE-15.35">
        <name>P.089 Bentong</name>
        <ExtendedData>
          <SchemaData schemaUrl="#PHG_SE-15.schema">
            <SimpleData name="state">Pahang</SimpleData>
            <SimpleData name="parlimen">P.089 Bentong</SimpleData>
            <SimpleData name="code_parlimen">P.089</SimpleData>
            <SimpleData name="dun">N.35 Sabai</SimpleData>
            <SimpleData name="code_dun">N.35</SimpleData>
            <SimpleData name="voters_total">15643</SimpleData>
          </SchemaData>
        </ExtendedData>
        <Polygon>
          <outerBoundaryIs>
            <LinearRing>
              <coordinates>
                102.060943430222,3.40297391669643,0
                102.06089119809,3.40098276707475,0
                102.060734644857,3.39899707096043,0
                102.060474199626,3.39702227106133,0
                102.060110576259,3.39506378025253,0
                102.059644771422,3.39312696673893,0
                102.059078061854,3.39121713934022,0
                102.058412000866,3.38933953293797,0
                102.057648414085,3.38749929412529,0
                102.056789394449,3.38570146709813,0
                102.055837296473,3.38395097982694,0
                102.054794729789,3.38225263054669,0
                102.053664552001,3.38061107460226,0
                102.052449860847,3.3790308116853,0
                102.051153985712,3.37751617349767,0
                102.0497804785,3.37607131187507,0
                102.048333103897,3.37470018740373,0
                102.046815829057,3.37340655856119,0
                102.045232812726,3.37219397141112,0
                102.04358839384,3.37106574988033,0
                102.041887079638,3.37002498664478,0
                102.040133533304,3.36907453464952,0
                102.038332561186,3.36821699928588,0
                102.036489099624,3.3674547312473,0
                102.034608201417,3.36678982008365,0
                102.032695021977,3.3662240884714,0
                102.030754805196,3.36575908721566,0
                102.028792869073,3.36539609099759,0
                102.026814591139,3.36513609487907,0
                102.024825393715,3.36497981157409,0
                102.022830729055,3.36492766949424,0
                102.020836064394,3.36497981157409,0
                102.018846866971,3.36513609487907,0
                102.016868589036,3.36539609099759,0
                102.014906652913,3.36575908721566,0
                102.012966436132,3.3662240884714,0
                102.011053256692,3.36678982008365,0
                102.009172358485,3.3674547312473,0
                102.007328896923,3.36821699928588,0
                102.005527924805,3.36907453464952,0
                102.003774378471,3.37002498664478,0
                102.002073064269,3.37106574988033,0
                102.000428645383,3.37219397141112,0
                101.998845629052,3.37340655856119,0
                101.997328354212,3.37470018740373,0
                101.99588097961,3.37607131187507,0
                101.994507472397,3.37751617349767,0
                101.993211597262,3.3790308116853,0
                101.991996906108,3.38061107460226,0
                101.99086672832,3.38225263054669,0
                101.989824161637,3.38395097982694,0
                101.98887206366,3.38570146709813,0
                101.988013044024,3.38749929412529,0
                101.987249457243,3.38933953293797,0
                101.986583396255,3.39121713934022,0
                101.986016686687,3.39312696673893,0
                101.98555088185,3.39506378025253,0
                101.985187258483,3.39702227106133,0
                101.984926813252,3.39899707096043,0
                101.984770260019,3.40098276707475,0
                101.984718027887,3.40297391669643,0
                101.984770260019,3.40496506220349,0
                101.984926813252,3.40695074601899,0
                101.985187258483,3.40892552556981,0
                101.98555088185,3.41088398820386,0
                101.986016686687,3.41282076602486,0
                101.986583396255,3.41473055060425,0
                101.987249457243,3.41660810752955,0
                101.988013044024,3.41844829074974,0
                101.98887206366,3.42024605667794,0
                101.989824161637,3.42199647801314,0
                101.99086672832,3.42369475724277,0
                101.991996906108,3.42533623978944,0
                101.993211597262,3.42691642676564,0
                101.994507472397,3.42843098730155,0
                101.99588097961,3.42987577041225,0
                101.997328354212,3.43124681637169,0
                101.998845629052,3.43254036756253,0
                102.000428645383,3.43375287877186,0
                102.002073064269,3.43488102690489,0
                102.003774378471,3.43592172008982,0
                102.005527924805,3.43687210614909,0
                102.007328896923,3.43772958041381,0
                102.009172358485,3.43849179285992,0
                102.011053256692,3.43915665454661,0
                102.012966436132,3.43972234333954,0
                102.014906652913,3.44018730890273,0
                102.016868589036,3.44055027694604,0
                102.018846866971,3.44081025271629,0
                102.020836064394,3.44096652372247,0
                102.022830729055,3.44101866168768,0
                102.024825393715,3.44096652372247,0
                102.026814591139,3.44081025271629,0
                102.028792869073,3.44055027694604,0
                102.030754805196,3.44018730890273,0
                102.032695021977,3.43972234333954,0
                102.034608201417,3.43915665454661,0
                102.036489099624,3.43849179285992,0
                102.038332561186,3.43772958041381,0
                102.040133533304,3.43687210614909,0
                102.041887079638,3.43592172008982,0
                102.04358839384,3.43488102690489,0
                102.045232812726,3.43375287877186,0
                102.046815829057,3.43254036756253,0
                102.048333103897,3.43124681637169,0
                102.0497804785,3.42987577041225,0
                102.051153985712,3.42843098730155,0
                102.052449860847,3.42691642676564,0
                102.053664552001,3.42533623978944,0
                102.054794729789,3.42369475724277,0
                102.055837296473,3.42199647801314,0
                102.056789394449,3.42024605667794,0
                102.057648414085,3.41844829074974,0
                102.058412000866,3.41660810752955,0
                102.059078061854,3.41473055060425,0
                102.059644771422,3.41282076602486,0
                102.060110576259,3.41088398820386,0
                102.060474199626,3.40892552556981,0
                102.060734644857,3.40695074601899,0
                102.06089119809,3.40496506220349,0
                102.060943430222,3.40297391669643,0
              </coordinates>
            </LinearRing>
          </outerBoundaryIs>
        </Polygon>
      </Placemark>
      <Placemark id="PHG_SE-15.36">
        <name>P.089 Bentong</name>
        <ExtendedData>
          <SchemaData schemaUrl="#PHG_SE-15.schema">
            <SimpleData name="state">Pahang</SimpleData>
            <SimpleData name="parlimen">P.089 Bentong</SimpleData>
            <SimpleData name="code_parlimen">P.089</SimpleData>
            <SimpleData name="dun">N.36 Pelangai</SimpleData>
            <SimpleData name="code_dun">N.36</SimpleData>
            <SimpleData name="voters_total">16371</SimpleData>
          </SchemaData>
        </ExtendedData>
        <Polygon>
          <outerBoundaryIs>
            <LinearRing>
              <coordinates>
                102.206101289695,3.26699018355044,0
                102.206047855984,3.2649529466559,0
                102.205887701309,3.2629212895708,0
                102.205621264643,3.26090078097927,0
                102.20524927627,3.25889695904125,0
                102.204772755784,3.25691531621191,0
                102.204193009295,3.25496128418574,0
                102.203511625848,3.25304021900713,0
                102.202730473068,3.25115738638779,0
                102.201851692039,3.24931794727147,0
                102.200877691441,3.24752694368577,0
                102.199811140939,3.24578928491939,0
                102.198654963877,3.24410973406316,0
                102.197412329253,3.24249289495161,0
                102.196086643044,3.24094319954087,0
                102.194681538863,3.2394648957575,0
                102.193200868004,3.23806203585186,0
                102.191648688881,3.23673846528755,0
                102.190029255911,3.23549781219784,0
                102.188347007846,3.23434347743771,0
                102.186606555611,3.23327862525897,0
                102.184812669665,3.23230617463404,0
                102.182970266925,3.23142879125211,0
                102.181084397288,3.23064888020972,0
                102.179160229792,3.22996857941597,0
                102.177203038447,3.22938975373008,0
                102.175218187777,3.22891398984782,0
                102.173211118122,3.22854259195059,0
                102.171187330718,3.22827657812916,0
                102.169152372626,3.22811667759196,0
                102.167111821526,3.22806332866539,0
                102.165071270426,3.22811667759196,0
                102.163036312335,3.22827657812916,0
                102.161012524931,3.22854259195059,0
                102.159005455275,3.22891398984782,0
                102.157020604606,3.22938975373008,0
                102.155063413261,3.22996857941597,0
                102.153139245765,3.23064888020972,0
                102.151253376128,3.23142879125211,0
                102.149410973388,3.23230617463404,0
                102.147617087442,3.23327862525897,0
                102.145876635207,3.23434347743771,0
                102.144194387142,3.23549781219784,0
                102.142574954172,3.23673846528755,0
                102.141022775049,3.23806203585186,0
                102.139542104189,3.2394648957575,0
                102.138137000009,3.24094319954087,0
                102.1368113138,3.24249289495161,0
                102.135568679176,3.24410973406316,0
                102.134412502113,3.24578928491939,0
                102.133345951612,3.24752694368577,0
                102.132371951013,3.24931794727147,0
                102.131493169985,3.25115738638779,0
                102.130712017204,3.25304021900713,0
                102.130030633757,3.25496128418574,0
                102.129450887269,3.25691531621191,0
                102.128974366783,3.25889695904125,0
                102.12860237841,3.26090078097927,0
                102.128335941744,3.2629212895708,0
                102.128175787069,3.2649529466559,0
                102.128122353358,3.26699018355044,0
                102.128175787069,3.26902741631016,0
                102.128335941744,3.27105906103613,0
                102.12860237841,3.27307954917962,0
                102.128974366783,3.2750833428047,0
                102.129450887269,3.27706494976646,0
                102.130030633757,3.27901893876332,0
                102.130712017204,3.28093995422234,0
                102.131493169985,3.2828227309766,0
                102.132371951013,3.28466210869435,0
                102.133345951612,3.28645304602072,0
                102.134412502113,3.28819063439298,0
                102.135568679176,3.28987011149153,0
                102.1368113138,3.29148687428993,0
                102.138137000009,3.29303649166819,0
                102.139542104189,3.29451471655466,0
                102.141022775049,3.2959174975634,0
                102.142574954172,3.29724099009522,0
                102.144194387142,3.2984815668718,0
                102.145876635207,3.29963582787425,0
                102.147617087442,3.30070060965887,0
                102.149410973388,3.30167299402449,0
                102.151253376128,3.30255031600788,0
                102.153139245765,3.30333017118519,0
                102.155063413261,3.30401042225937,0
                102.157020604606,3.30458920491598,0
                102.159005455275,3.30506493293064,0
                102.161012524931,3.30543630251495,0
                102.163036312335,3.30570229588834,0
                102.165071270426,3.30586218406642,0
                102.167111821526,3.30591552885817,0
                102.169152372626,3.30586218406642,0
                102.171187330718,3.30570229588834,0
                102.173211118122,3.30543630251496,0
                102.175218187777,3.30506493293064,0
                102.177203038447,3.30458920491598,0
                102.179160229792,3.30401042225937,0
                102.181084397288,3.30333017118519,0
                102.182970266925,3.30255031600788,0
                102.184812669665,3.30167299402449,0
                102.186606555611,3.30070060965887,0
                102.188347007846,3.29963582787425,0
                102.190029255911,3.2984815668718,0
                102.191648688881,3.29724099009522,0
                102.193200868004,3.2959174975634,0
                102.194681538863,3.29451471655466,0
                102.196086643044,3.29303649166819,0
                102.197412329253,3.29148687428993,0
                102.198654963877,3.28987011149153,0
                102.199811140939,3.28819063439298,0
                102.200877691441,3.28645304602072,0
                102.201851692039,3.28466210869435,0
                102.202730473068,3.2828227309766,0
                102.203511625848,3.28093995422234,0
                102.204193009295,3.27901893876332,0
                102.204772755784,3.27706494976646,0
                102.20524927627,3.2750833428047,0
                102.205621264643,3.27307954917962,0
                102.205887701309,3.27105906103613,0
                102.206047855984,3.26902741631016,0
                102.206101289695,3.26699018355044,0
              </coordinates>
            </LinearRing>
          </outerBoundaryIs>
        </Polygon>
      </Placemark>
      <Placemark id="PHG_SE-15.37">
        <name>P.090 Bera</name>
        <ExtendedData>
          <SchemaData schemaUrl="#PHG_SE-15.schema">
            <SimpleData name="state">Pahang</SimpleData>
            <SimpleData name="parlimen">P.090 Bera</SimpleData>
            <SimpleData name="code_parlimen">P.090</SimpleData>
            <SimpleData name="dun">N.37 Guai</SimpleData>
            <SimpleData name="code_dun">N.37</SimpleData>
            <SimpleData name="voters_total">24412</SimpleData>
          </SchemaData>
        </ExtendedData>
        <Polygon>
          <outerBoundaryIs>
            <LinearRing>
              <coordinates>
                102.564926455474,3.3547192043961,0
                102.564861205639,3.35223168055211,0
                102.564665634981,3.34975096853818,0
                102.564340279545,3.34728386789578,0
                102.563886031108,3.34483714090918,0
                102.563304134732,3.34241749406902,0
                102.562596185356,3.34003155968819,0
                102.561764123419,3.33768587772067,0
                102.560810229546,3.33538687783276,0
                102.559737118293,3.33314086177649,0
                102.558547730984,3.33095398611296,0
                102.557245327646,3.32883224533344,0
                102.555833478077,3.32678145542426,0
                102.554316052058,3.32480723792079,0
                102.552697208749,3.32291500449411,0
                102.550981385285,3.32110994211283,0
                102.549173284621,3.3193969988206,0
                102.547277862634,3.31778087016856,0
                102.545300314545,3.3162659863398,0
                102.543246060675,3.31485650000119,0
                102.541120731591,3.31355627491613,0
                102.538930152672,3.31236887534925,0
                102.536680328144,3.31129755629232,0
                102.534377424618,3.31034525453797,0
                102.532027754194,3.30951458062614,0
                102.529637757154,3.30880781168501,0
                102.527213984315,3.30822688518617,0
                102.524763079069,3.30777339363131,0
                102.522291759177,3.30744858018489,0
                102.519806798355,3.30725333526479,0
                102.517315007708,3.30718819410041,0
                102.514823217061,3.30725333526479,0
                102.512338256239,3.30744858018489,0
                102.509866936347,3.30777339363131,0
                102.5074160311,3.30822688518617,0
                102.504992258261,3.30880781168501,0
                102.502602261221,3.30951458062614,0
                102.500252590797,3.31034525453797,0
                102.497949687271,3.31129755629232,0
                102.495699862743,3.31236887534925,0
                102.493509283825,3.31355627491613,0
                102.491383954741,3.31485650000119,0
                102.48932970087,3.3162659863398,0
                102.487352152781,3.31778087016856,0
                102.485456730794,3.3193969988206,0
                102.48364863013,3.32110994211283,0
                102.481932806667,3.32291500449411,0
                102.480313963357,3.32480723792079,0
                102.478796537338,3.32678145542426,0
                102.477384687769,3.32883224533344,0
                102.476082284431,3.33095398611296,0
                102.474892897122,3.33314086177649,0
                102.473819785869,3.33538687783276,0
                102.472865891996,3.33768587772067,0
                102.472033830059,3.34003155968819,0
                102.471325880683,3.34241749406902,0
                102.470743984308,3.34483714090918,0
                102.47028973587,3.34728386789578,0
                102.469964380434,3.34975096853818,0
                102.469768809776,3.35223168055211,0
                102.469703559941,3.3547192043961,0
                102.469768809776,3.35720672190953,0
                102.469964380434,3.35968741500118,0
                102.47028973587,3.3621544843369,0
                102.470743984308,3.36460116797542,0
                102.471325880683,3.36702075990102,0
                102.472033830059,3.36940662840244,0
                102.472865891996,3.37175223424756,0
                102.473819785869,3.37405114860402,0
                102.474892897122,3.37629707065693,0
                102.476082284431,3.37848384487509,0
                102.477384687769,3.38060547787872,0
                102.478796537338,3.38265615486228,0
                102.480313963357,3.38463025552764,0
                102.481932806667,3.38652236948383,0
                102.48364863013,3.38832731107119,0
                102.485456730794,3.39004013356948,0
                102.487352152781,3.39165614275103,0
                102.48932970087,3.39317090974171,0
                102.491383954741,3.39458028315473,0
                102.493509283825,3.39588040046393,0
                102.495699862743,3.39706769858546,0
                102.497949687271,3.39813892363908,0
                102.500252590797,3.39909113986202,0
                102.502602261221,3.39992173765145,0
                102.504992258261,3.40062844071322,0
                102.5074160311,3.40120931229753,0
                102.509866936347,3.40166276050432,0
                102.512338256239,3.40198754264408,0
                102.514823217061,3.40218276864192,0
                102.517315007708,3.40224790347576,0
                102.519806798355,3.40218276864192,0
                102.522291759177,3.40198754264408,0
                102.524763079069,3.40166276050432,0
                102.527213984315,3.40120931229753,0
                102.529637757154,3.40062844071322,0
                102.532027754194,3.39992173765145,0
                102.534377424618,3.39909113986202,0
                102.536680328144,3.39813892363908,0
                102.538930152672,3.39706769858546,0
                102.541120731591,3.39588040046393,0
                102.543246060675,3.39458028315473,0
                102.545300314545,3.39317090974171,0
                102.547277862634,3.39165614275103,0
                102.549173284621,3.39004013356948,0
                102.550981385285,3.38832731107119,0
                102.552697208749,3.38652236948383,0
                102.554316052058,3.38463025552764,0
                102.555833478077,3.38265615486228,0
                102.557245327646,3.38060547787872,0
                102.558547730984,3.37848384487509,0
                102.559737118293,3.37629707065693,0
                102.560810229546,3.37405114860402,0
                102.561764123419,3.37175223424756,0
                102.562596185356,3.36940662840244,0
                102.563304134732,3.36702075990102,0
                102.563886031108,3.36460116797542,0
                102.564340279545,3.3621544843369,0
                102.564665634981,3.35968741500118,0
                102.564861205639,3.35720672190953,0
                102.564926455474,3.3547192043961,0
              </coordinates>
            </LinearRing>
          </outerBoundaryIs>
        </Polygon>
      </Placemark>
      <Placemark id="PHG_SE-15.38">
        <name>P.090 Bera</name>
        <ExtendedData>
          <SchemaData schemaUrl="#PHG_SE-15.schema">
            <SimpleData name="state">Pahang</SimpleData>
            <SimpleData name="parlimen">P.090 Bera</SimpleData>
            <SimpleData name="code_parlimen">P.090</SimpleData>
            <SimpleData name="dun">N.38 Triang</SimpleData>
            <SimpleData name="code_dun">N.38</SimpleData>
            <SimpleData name="voters_total">25891</SimpleData>
          </SchemaData>
        </ExtendedData>
        <Polygon>
          <outerBoundaryIs>
            <LinearRing>
              <coordinates>
                102.422047588724,3.22862874420259,0
                102.421980391374,3.22606665085995,0
                102.421778983508,3.22351157360587,0
                102.42144391717,3.22097051581383,0
                102.420976110754,3.2184504424826,0
                102.420376846485,3.21595826114414,0
                102.419647766904,3.21350080292842,0
                102.418790870369,3.21108480383718,0
                102.417808505572,3.20871688627786,0
                102.416703365108,3.20640354090853,0
                102.415478478089,3.20415110884343,0
                102.414137201846,3.20196576426812,0
                102.412683212724,3.1998534975117,0
                102.411120496006,3.1978200986229,0
                102.40945333499,3.19587114149475,0
                102.407686299248,3.19401196858159,0
                102.405824232103,3.19224767625039,0
                102.40387223735,3.19058310080644,0
                102.401835665273,3.18902280523201,0
                102.399720097973,3.18757106667405,0
                102.397531334073,3.18623186471562,0
                102.395275372824,3.18500887046308,0
                102.392958397658,3.18390543647901,0
                102.390586759242,3.18292458758849,0
                102.388166958074,3.1820690125841,0
                102.385705626659,3.18134105685235,0
                102.383209511337,3.18074271594169,0
                102.380685453785,3.18027563008992,0
                102.37814037227,3.17994107972602,0
                102.375581242684,3.17973998195862,0
                102.373015079423,3.17967288806085,0
                102.370448916161,3.17973998195862,0
                102.367889786575,3.17994107972602,0
                102.365344705061,3.18027563008992,0
                102.362820647509,3.18074271594169,0
                102.360324532186,3.18134105685235,0
                102.357863200772,3.1820690125841,0
                102.355443399603,3.18292458758849,0
                102.353071761188,3.18390543647901,0
                102.350754786021,3.18500887046308,0
                102.348498824772,3.18623186471562,0
                102.346310060872,3.18757106667405,0
                102.344194493572,3.18902280523201,0
                102.342157921495,3.19058310080644,0
                102.340205926742,3.19224767625039,0
                102.338343859597,3.19401196858159,0
                102.336576823855,3.19587114149475,0
                102.334909662839,3.1978200986229,0
                102.333346946121,3.1998534975117,0
                102.331892956999,3.20196576426812,0
                102.330551680756,3.20415110884343,0
                102.329326793738,3.20640354090853,0
                102.328221653273,3.20871688627786,0
                102.327239288477,3.21108480383718,0
                102.326382391941,3.21350080292842,0
                102.325653312361,3.21595826114414,0
                102.325054048091,3.2184504424826,0
                102.324586241675,3.22097051581383,0
                102.324251175337,3.22351157360587,0
                102.324049767471,3.22606665085995,0
                102.323982570121,3.22862874420259,0
                102.324049767471,3.23119083108244,0
                102.324251175337,3.23374588901888,0
                102.324586241675,3.2362869148501,0
                102.325054048091,3.23880694392753,0
                102.325653312361,3.24129906920403,0
                102.326382391941,3.24375646016387,0
                102.327239288477,3.24617238154219,0
                102.328221653273,3.24854021178296,0
                102.329326793738,3.25085346118483,0
                102.330551680756,3.25310578968496,0
                102.331892956999,3.25529102423251,0
                102.333346946121,3.25740317570384,0
                102.334909662839,3.25943645531331,0
                102.336576823855,3.26138529047475,0
                102.338343859597,3.26324434007011,0
                102.340205926742,3.26500850908351,0
                102.342157921495,3.26667296256075,0
                102.344194493572,3.26823313885588,0
                102.346310060872,3.26968476212877,0
                102.348498824772,3.27102385405946,0
                102.350754786021,3.27224674474707,0
                102.353071761188,3.27335008276371,0
                102.355443399603,3.27433084433573,0
                102.357863200772,3.27518634162722,0
                102.360324532186,3.27591423010312,0
                102.362820647509,3.27651251495186,0
                102.365344705061,3.27697955654985,0
                102.367889786575,3.27731407495297,0
                102.370448916161,3.27751515340275,0
                102.373015079423,3.2775822408377,0
                102.375581242684,3.27751515340275,0
                102.37814037227,3.27731407495297,0
                102.380685453785,3.27697955654985,0
                102.383209511337,3.27651251495186,0
                102.385705626659,3.27591423010312,0
                102.388166958074,3.27518634162722,0
                102.390586759242,3.27433084433573,0
                102.392958397658,3.27335008276371,0
                102.395275372824,3.27224674474707,0
                102.397531334073,3.27102385405946,0
                102.399720097973,3.26968476212877,0
                102.401835665273,3.26823313885588,0
                102.40387223735,3.26667296256075,0
                102.405824232103,3.26500850908351,0
                102.407686299248,3.26324434007011,0
                102.40945333499,3.26138529047475,0
                102.411120496006,3.25943645531331,0
                102.412683212724,3.25740317570384,0
                102.414137201846,3.25529102423251,0
                102.415478478089,3.25310578968496,0
                102.416703365108,3.25085346118483,0
                102.417808505572,3.24854021178296,0
                102.418790870369,3.24617238154219,0
                102.419647766904,3.24375646016387,0
                102.420376846485,3.24129906920403,0
                102.420976110754,3.23880694392753,0
                102.42144391717,3.2362869148501,0
                102.421778983508,3.23374588901888,0
                102.421980391374,3.23119083108244,0
                102.422047588724,3.22862874420259,0
              </coordinates>
            </LinearRing>
          </outerBoundaryIs>
        </Polygon>
      </Placemark>
      <Placemark id="PHG_SE-15.39">
        <name>P.090 Bera</name>
        <ExtendedData>
          <SchemaData schemaUrl="#PHG_SE-15.schema">
            <SimpleData name="state">Pahang</SimpleData>
            <SimpleData name="parlimen">P.090 Bera</SimpleData>
            <SimpleData name="code_parlimen">P.090</SimpleData>
            <SimpleData name="dun">N.39 Kemayan</SimpleData>
            <SimpleData name="code_dun">N.39</SimpleData>
            <SimpleData name="voters_total">27366</SimpleData>
          </SchemaData>
        </ExtendedData>
        <Polygon>
          <outerBoundaryIs>
            <LinearRing>
              <coordinates>
                102.655380806951,3.10486346267235,0
                102.65531172201,3.10222908465385,0
                102.655104656542,3.09960192074471,0
                102.6547601781,3.09698917190466,0
                102.654279230876,3.09439799963523,0
                102.653663133111,3.09183550634903,0
                102.652913573488,3.08930871590036,0
                102.652032606498,3.08682455433067,0
                102.651022646809,3.08438983088155,0
                102.64988646265,3.0820112193275,0
                102.648627168225,3.0796952396795,0
                102.64724821517,3.07744824030969,0
                102.645753383101,3.0752763805462,0
                102.644146769248,3.07318561378577,0
                102.642432777229,3.07118167117076,0
                102.640616104976,3.06927004587501,0
                102.638701731862,3.06745597804193,0
                102.63669490505,3.0657444404161,0
                102.634601125112,3.0641401247078,0
                102.632426130956,3.06264742872784,0
                102.630175884087,3.06127044432815,0
                102.627856552277,3.06001294618122,0
                102.625474492653,3.05887838142902,0
                102.623036234274,3.05786986023,0
                102.620548460237,3.0569901472302,0
                102.618017989358,3.05624165398159,0
                102.615451757482,3.05562643232879,0
                102.612856798472,3.05514616878208,0
                102.610240224931,3.05480217989236,0
                102.607609208703,3.05459540864062,0
                102.604970961223,3.05452642185185,0
                102.602332713743,3.05459540864062,0
                102.599701697516,3.05480217989236,0
                102.597085123974,3.05514616878208,0
                102.594490164964,3.05562643232879,0
                102.591923933088,3.05624165398159,0
                102.589393462209,3.0569901472302,0
                102.586905688173,3.05786986023,0
                102.584467429794,3.05887838142902,0
                102.582085370169,3.06001294618122,0
                102.579766038359,3.06127044432815,0
                102.57751579149,3.06264742872784,0
                102.575340797334,3.0641401247078,0
                102.573247017397,3.0657444404161,0
                102.571240190585,3.06745597804193,0
                102.56932581747,3.06927004587501,0
                102.567509145217,3.07118167117076,0
                102.565795153198,3.07318561378577,0
                102.564188539345,3.0752763805462,0
                102.562693707276,3.07744824030969,0
                102.561314754222,3.0796952396795,0
                102.560055459796,3.0820112193275,0
                102.558919275638,3.08438983088155,0
                102.557909315948,3.08682455433067,0
                102.557028348958,3.08930871590036,0
                102.556278789335,3.09183550634903,0
                102.555662691571,3.09439799963523,0
                102.555181744346,3.09698917190466,0
                102.554837265904,3.09960192074471,0
                102.554630200436,3.10222908465385,0
                102.554561115495,3.10486346267235,0
                102.554630200436,3.10749783412067,0
                102.554837265904,3.11012497839123,0
                102.555181744346,3.11273769473948,0
                102.555662691571,3.11532882201988,0
                102.556278789335,3.11789125831271,0
                102.557028348958,3.12041798038811,0
                102.557909315948,3.12290206295376,0
                102.558919275638,3.12533669763362,0
                102.560055459796,3.12771521162579,0
                102.561314754222,3.13003108598821,0
                102.562693707276,3.13227797350224,0
                102.564188539345,3.1344497160653,0
                102.565795153198,3.1365403615647,0
                102.567509145217,3.13854418018664,0
                102.56932581747,3.14045568011579,0
                102.571240190585,3.14226962258227,0
                102.573247017397,3.14398103621504,0
                102.575340797334,3.14558523066233,0
                102.57751579149,3.14707780944188,0
                102.579766038359,3.14845468198583,0
                102.582085370169,3.14971207484721,0
                102.584467429794,3.15084654203759,0
                102.586905688173,3.1518549744674,0
                102.589393462209,3.15273460846318,0
                102.591923933088,3.15348303333855,0
                102.594490164964,3.15409819799803,0
                102.597085123974,3.15457841655573,0
                102.599701697516,3.15492237295367,0
                102.602332713743,3.15512912456684,0
                102.604970961223,3.15519810478541,0
                102.607609208703,3.15512912456684,0
                102.610240224931,3.15492237295367,0
                102.612856798472,3.15457841655573,0
                102.615451757482,3.15409819799803,0
                102.618017989358,3.15348303333855,0
                102.620548460237,3.15273460846318,0
                102.623036234274,3.1518549744674,0
                102.625474492653,3.15084654203759,0
                102.627856552277,3.14971207484721,0
                102.630175884087,3.14845468198583,0
                102.632426130956,3.14707780944188,0
                102.634601125112,3.14558523066233,0
                102.63669490505,3.14398103621504,0
                102.638701731862,3.14226962258227,0
                102.640616104976,3.14045568011579,0
                102.642432777229,3.13854418018664,0
                102.644146769248,3.1365403615647,0
                102.645753383101,3.1344497160653,0
                102.64724821517,3.13227797350224,0
                102.648627168225,3.13003108598821,0
                102.64988646265,3.12771521162579,0
                102.651022646809,3.12533669763362,0
                102.652032606498,3.12290206295376,0
                102.652913573488,3.12041798038811,0
                102.653663133111,3.11789125831271,0
                102.654279230876,3.11532882201988,0
                102.6547601781,3.11273769473948,0
                102.655104656542,3.11012497839123,0
                102.65531172201,3.10749783412067,0
                102.655380806951,3.10486346267235,0
              </coordinates>
            </LinearRing>
          </outerBoundaryIs>
        </Polygon>
      </Placemark>
      <Placemark id="PHG_SE-15.40">
        <name>P.091 Rompin</name>
        <ExtendedData>
          <SchemaData schemaUrl="#PHG_SE-15.schema">
            <SimpleData name="state">Pahang</SimpleData>
            <SimpleData name="parlimen">P.091 Rompin</SimpleData>
            <SimpleData name="code_parlimen">P.091</SimpleData>
            <SimpleData name="dun">N.40 Bukit Ibam</SimpleData>
            <SimpleData name="code_dun">N.40</SimpleData>
            <SimpleData name="voters_total">31003</SimpleData>
          </SchemaData>
        </ExtendedData>
        <Polygon>
          <outerBoundaryIs>
            <LinearRing>
              <coordinates>
                102.951424753593,3.0554996661842,0
                102.951351221048,3.05269556001404,0
                102.951130824963,3.04989913241524,0
                102.950764169426,3.04711804829792,0
                102.950252259417,3.04435993057533,0
                102.949596498043,3.04163233926814,0
                102.948798682703,3.03894275078066,0
                102.947861000151,3.03629853740547,0
                102.946786020511,3.03370694711294,0
                102.945576690227,3.03117508368103,0
                102.94423632399,3.02870988721981,0
                102.94276859565,3.02631811514413,0
                102.941177528148,3.02400632364677,0
                102.93946748249,3.02178084972273,0
                102.937643145793,3.01964779379414,0
                102.935709518436,3.01761300298342,0
                102.933671900357,3.01568205508054,0
                102.931535876527,3.01386024324861,0
                102.929307301637,3.01215256150934,0
                102.926992284057,3.0105636910489,0
                102.924597169089,3.00909798738103,0
                102.922128521576,3.00775946840322,0
                102.919593107911,3.00655180337847,0
                102.916997877485,3.00547830287301,0
                102.914349943644,3.00454190967746,0
                102.911656564192,3.00374519073663,0
                102.908925121494,3.00309033010978,0
                102.906163102245,3.00257912298108,0
                102.903378076948,3.00221297073626,0
                102.900577679162,3.00199287711946,0
                102.897769584585,3.00191944548032,0
                102.894961490008,3.00199287711946,0
                102.892161092222,3.00221297073626,0
                102.889376066925,3.00257912298108,0
                102.886614047675,3.00309033010978,0
                102.883882604978,3.00374519073663,0
                102.881189225526,3.00454190967746,0
                102.878541291685,3.00547830287301,0
                102.875946061259,3.00655180337847,0
                102.873410647594,3.00775946840322,0
                102.870942000081,3.00909798738103,0
                102.868546885113,3.0105636910489,0
                102.866231867533,3.01215256150934,0
                102.864003292643,3.01386024324861,0
                102.861867268813,3.01568205508054,0
                102.859829650734,3.01761300298342,0
                102.857896023377,3.01964779379414,0
                102.856071686679,3.02178084972273,0
                102.854361641022,3.02400632364677,0
                102.85277057352,3.02631811514413,0
                102.85130284518,3.02870988721981,0
                102.849962478943,3.03117508368103,0
                102.848753148659,3.03370694711294,0
                102.847678169019,3.03629853740547,0
                102.846740486467,3.03894275078066,0
                102.845942671127,3.04163233926814,0
                102.845286909753,3.04435993057533,0
                102.844774999743,3.04711804829792,0
                102.844408344207,3.04989913241524,0
                102.844187948122,3.05269556001404,0
                102.844114415577,3.0554996661842,0
                102.844187948122,3.05830376502886,0
                102.844408344207,3.06110017073145,0
                102.844774999743,3.06388121862173,0
                102.845286909753,3.06663928618339,0
                102.845942671127,3.06936681394529,0
                102.846740486467,3.07205632619937,0
                102.847678169019,3.07470045148826,0
                102.848753148659,3.07729194280671,0
                102.849962478943,3.07982369746111,0
                102.85130284518,3.0822887765332,0
                102.85277057352,3.08468042389426,0
                102.854361641022,3.08699208471792,0
                102.856071686679,3.08921742344086,0
                102.857896023377,3.09135034112226,0
                102.859829650734,3.09338499215433,0
                102.861867268813,3.09531580027857,0
                102.864003292643,3.09713747386332,0
                102.866231867533,3.09884502040151,0
                102.868546885113,3.10043376018829,0
                102.870942000081,3.10189933914158,0
                102.873410647594,3.10323774073031,0
                102.875946061259,3.10444529697759,0
                102.878541291685,3.10551869850901,0
                102.881189225526,3.10645500361831,0
                102.883882604978,3.1072516463258,0
                102.886614047675,3.10790644340741,0
                102.889376066925,3.1084176003752,0
                102.892161092222,3.108783716393,0
                102.894961490008,3.10900378811363,0
                102.897769584585,3.10907721242727,0
                102.900577679162,3.10900378811363,0
                102.903378076948,3.108783716393,0
                102.906163102245,3.1084176003752,0
                102.908925121494,3.10790644340741,0
                102.911656564192,3.1072516463258,0
                102.914349943644,3.10645500361831,0
                102.916997877485,3.10551869850901,0
                102.919593107911,3.10444529697759,0
                102.922128521576,3.10323774073031,0
                102.924597169089,3.10189933914158,0
                102.926992284057,3.10043376018829,0
                102.929307301637,3.09884502040151,0
                102.931535876527,3.09713747386332,0
                102.933671900357,3.09531580027857,0
                102.935709518436,3.09338499215433,0
                102.937643145793,3.09135034112226,0
                102.93946748249,3.08921742344086,0
                102.941177528148,3.08699208471792,0
                102.94276859565,3.08468042389426,0
                102.94423632399,3.0822887765332,0
                102.945576690227,3.07982369746111,0
                102.946786020511,3.07729194280671,0
                102.947861000151,3.07470045148826,0
                102.948798682703,3.07205632619937,0
                102.949596498043,3.06936681394529,0
                102.950252259417,3.06663928618339,0
                102.950764169426,3.06388121862173,0
                102.951130824963,3.06110017073145,0
                102.951351221048,3.05830376502886,0
                102.951424753593,3.0554996661842,0
              </coordinates>
            </LinearRing>
          </outerBoundaryIs>
        </Polygon>
      </Placemark>
      <Placemark id="PHG_SE-15.41">
        <name>P.091 Rompin</name>
        <ExtendedData>
          <SchemaData schemaUrl="#PHG_SE-15.schema">
            <SimpleData name="state">Pahang</SimpleData>
            <SimpleData name="parlimen">P.091 Rompin</SimpleData>
            <SimpleData name="code_parlimen">P.091</SimpleData>
            <SimpleData name="dun">N.41 Muadzam Shah</SimpleData>
            <SimpleData name="code_dun">N.41</SimpleData>
            <SimpleData name="voters_total">29663</SimpleData>
          </SchemaData>
        </ExtendedData>
        <Polygon>
          <outerBoundaryIs>
            <LinearRing>
              <coordinates>
                103.190599473266,2.83471976914384,0
                103.190527547371,2.83197638785394,0
                103.190311966833,2.82924051951027,0
                103.189953322541,2.82651966302374,0
                103.189452597516,2.82382127621078,0
                103.188811164209,2.82115275535033,0
                103.188030780744,2.81852141490912,0
                103.187113586099,2.81593446749048,0
                103.18606209424,2.81339900406202,0
                103.184879187234,2.81092197451611,0
                103.183568107345,2.80851016861675,0
                103.182132448154,2.80617019738487,0
                103.180576144701,2.80390847497335,0
                103.178903462707,2.8017312010812,0
                103.177118986877,2.79964434395551,0
                103.175227608335,2.79765362402756,0
                103.173234511218,2.79576449822801,0
                103.171145158467,2.79398214502437,0
                103.168965276852,2.79231145022176,0
                103.166700841277,2.79075699356581,0
                103.164358058404,2.78932303618464,0
                103.161943349636,2.78801350890437,0
                103.159463333523,2.78683200147014,0
                103.156924807616,2.78578175270234,0
                103.154334729839,2.78486564161501,0
                103.151700199415,2.78408617952087,0
                103.149028437408,2.78344550314463,0
                103.146326766933,2.78294536876339,0
                103.14360259308,2.78258714739037,0
                103.140863382621,2.78237182101522,0
                103.138116643541,2.78229997991093,0
                103.135369904461,2.78237182101522,0
                103.132630694002,2.78258714739037,0
                103.12990652015,2.78294536876339,0
                103.127204849675,2.78344550314463,0
                103.124533087668,2.78408617952087,0
                103.121898557244,2.78486564161501,0
                103.119308479467,2.78578175270234,0
                103.11676995356,2.78683200147014,0
                103.114289937447,2.78801350890437,0
                103.111875228679,2.78932303618464,0
                103.109532445806,2.79075699356581,0
                103.107268010231,2.79231145022176,0
                103.105088128616,2.79398214502437,0
                103.102998775865,2.79576449822801,0
                103.101005678748,2.79765362402756,0
                103.099114300206,2.79964434395551,0
                103.097329824375,2.8017312010812,0
                103.095657142382,2.80390847497335,0
                103.094100838929,2.80617019738487,0
                103.092665179738,2.80851016861675,0
                103.091354099849,2.81092197451611,0
                103.090171192843,2.81339900406202,0
                103.089119700984,2.81593446749048,0
                103.088202506339,2.81852141490912,0
                103.087422122874,2.82115275535033,0
                103.086780689567,2.82382127621078,0
                103.086279964541,2.82651966302374,0
                103.08592132025,2.82924051951027,0
                103.085705739711,2.83197638785394,0
                103.085633813817,2.83471976914384,0
                103.085705739711,2.83746314392959,0
                103.08592132025,2.84019899283206,0
                103.086279964541,2.84291981715334,0
                103.086780689567,2.84561815942944,0
                103.087422122874,2.84828662386934,0
                103.088202506339,2.85091789662448,0
                103.089119700984,2.8535047658331,0
                103.090171192843,2.8560401413845,0
                103.091354099849,2.85851707434909,0
                103.092665179738,2.86092877602105,0
                103.094100838929,2.86326863652138,0
                103.095657142382,2.86553024291042,0
                103.097329824375,2.86770739676028,0
                103.099114300206,2.8697941311391,0
                103.101005678748,2.87178472696046,0
                103.102998775865,2.87367372865344,0
                103.105088128616,2.87545595911023,0
                103.107268010231,2.87712653387058,0
                103.109532445806,2.87868087450406,0
                103.111875228679,2.88011472115372,0
                103.114289937447,2.88142414420661,0
                103.11676995356,2.88260555505958,0
                103.119308479467,2.88365571595036,0
                103.121898557244,2.88457174882773,0
                103.124533087668,2.88535114323583,0
                103.127204849675,2.88599176319155,0
                103.12990652015,2.88649185303595,0
                103.132630694002,2.88685004224374,0
                103.135369904461,2.88706534917771,0
                103.138116643541,2.88713718377784,0
                103.140863382621,2.88706534917771,0
                103.14360259308,2.88685004224374,0
                103.146326766933,2.88649185303595,0
                103.149028437408,2.88599176319155,0
                103.151700199415,2.88535114323583,0
                103.154334729839,2.88457174882773,0
                103.156924807616,2.88365571595036,0
                103.159463333523,2.88260555505958,0
                103.161943349636,2.88142414420661,0
                103.164358058404,2.88011472115372,0
                103.166700841277,2.87868087450406,0
                103.168965276852,2.87712653387058,0
                103.171145158467,2.87545595911023,0
                103.173234511218,2.87367372865344,0
                103.175227608335,2.87178472696046,0
                103.177118986877,2.8697941311391,0
                103.178903462707,2.86770739676028,0
                103.180576144701,2.86553024291042,0
                103.182132448154,2.86326863652138,0
                103.183568107345,2.86092877602105,0
                103.184879187234,2.85851707434909,0
                103.18606209424,2.8560401413845,0
                103.187113586099,2.8535047658331,0
                103.188030780744,2.85091789662448,0
                103.188811164209,2.84828662386934,0
                103.189452597516,2.84561815942944,0
                103.189953322541,2.84291981715334,0
                103.190311966833,2.84019899283206,0
                103.190527547371,2.83746314392959,0
                103.190599473266,2.83471976914384,0
              </coordinates>
            </LinearRing>
          </outerBoundaryIs>
        </Polygon>
      </Placemark>
      <Placemark id="PHG_SE-15.42">
        <name>P.091 Rompin</name>
        <ExtendedData>
          <SchemaData schemaUrl="#PHG_SE-15.schema">
            <SimpleData name="state">Pahang</SimpleData>
            <SimpleData name="parlimen">P.091 Rompin</SimpleData>
            <SimpleData name="code_parlimen">P.091</SimpleData>
            <SimpleData name="dun">N.42 Tioman</SimpleData>
            <SimpleData name="code_dun">N.42</SimpleData>
            <SimpleData name="voters_total">28465</SimpleData>
          </SchemaData>
        </ExtendedData>
        <Polygon>
          <outerBoundaryIs>
            <LinearRing>
              <coordinates>
                103.516149009194,2.68186515883008,0
                103.516078550705,2.67917740175697,0
                103.515867368358,2.67649700576338,0
                103.515516040991,2.67383131770666,0
                103.515025531568,2.67118764417789,0
                103.514397184539,2.66857323147359,0
                103.513632722162,2.66599524573218,0
                103.512734239773,2.66346075328965,0
                103.511704200052,2.66097670130843,0
                103.510545426264,2.65854989873234,0
                103.50926109453,2.65618699762018,0
                103.507854725112,2.65389447490884,0
                103.506330172771,2.6516786146563,0
                103.5046916162,2.64954549081284,0
                103.502943546568,2.64750095056813,0
                103.501090755212,2.64555059831962,0
                103.499138320506,2.64369978030632,0
                103.497091593935,2.6419535699502,0
                103.494956185437,2.64031675394522,0
                103.492737948017,2.63879381913262,0
                103.490442961709,2.63738894019787,0
                103.488077516912,2.6361059682236,0
                103.485648097146,2.6349484201297,0
                103.48316136128,2.63391946902954,0
                103.480624125286,2.63302193552889,0
                103.478043343551,2.63225827999139,0
                103.475426089818,2.63163059579174,0
                103.472779537798,2.63114060357532,0
                103.470110941505,2.6307896465398,0
                103.467427615377,2.6305786867517,0
                103.464736914224,2.63050830250831,0
                103.462046213072,2.6305786867517,0
                103.459362886944,2.6307896465398,0
                103.456694290651,2.63114060357532,0
                103.454047738631,2.63163059579174,0
                103.451430484898,2.63225827999139,0
                103.448849703162,2.63302193552889,0
                103.446312467168,2.63391946902954,0
                103.443825731303,2.6349484201297,0
                103.441396311536,2.6361059682236,0
                103.43903086674,2.63738894019787,0
                103.436735880432,2.63879381913262,0
                103.434517643012,2.64031675394522,0
                103.432382234513,2.6419535699502,0
                103.430335507943,2.64369978030632,0
                103.428383073236,2.64555059831962,0
                103.426530281881,2.64750095056813,0
                103.424782212249,2.64954549081284,0
                103.423143655678,2.6516786146563,0
                103.421619103337,2.65389447490884,0
                103.420212733919,2.65618699762018,0
                103.418928402184,2.65854989873234,0
                103.417769628397,2.66097670130843,0
                103.416739588676,2.66346075328965,0
                103.415841106287,2.66599524573218,0
                103.41507664391,2.66857323147359,0
                103.414448296881,2.67118764417789,0
                103.413957787457,2.67383131770666,0
                103.41360646009,2.67649700576338,0
                103.413395277744,2.67917740175697,0
                103.413324819255,2.68186515883008,0
                103.413395277744,2.68455290999725,0
                103.41360646009,2.68723328833776,0
                103.413957787457,2.68989894718767,0
                103.414448296881,2.69254258027589,0
                103.41507664391,2.69515694174898,0
                103.415841106287,2.69773486602981,0
                103.416739588676,2.70026928745576,0
                103.417769628397,2.7027532596425,0
                103.418928402184,2.70517997452043,0
                103.420212733919,2.70754278099161,0
                103.421619103337,2.70983520315604,0
                103.423143655678,2.71205095805737,0
                103.424782212249,2.71418397289955,0
                103.426530281881,2.71622840168717,0
                103.428383073236,2.7181786412439,0
                103.430335507943,2.72002934656545,0
                103.432382234513,2.7217754454645,0
                103.434517643012,2.7234121524682,0
                103.436735880432,2.72493498192961,0
                103.43903086674,2.7263397603175,0
                103.441396311536,2.72762263765082,0
                103.443825731303,2.72878009804658,0
                103.446312467168,2.72980896935229,0
                103.448849703162,2.73070643183642,0
                103.451430484898,2.73147002591337,0
                103.454047738631,2.73209765888184,0
                103.456694290651,2.73258761065773,0
                103.459362886944,2.73293853848647,0
                103.462046213072,2.7331494806215,0
                103.464736914224,2.73321985895897,0
                103.467427615377,2.7331494806215,0
                103.470110941505,2.73293853848647,0
                103.472779537798,2.73258761065773,0
                103.475426089818,2.73209765888184,0
                103.478043343551,2.73147002591337,0
                103.480624125286,2.73070643183642,0
                103.48316136128,2.72980896935229,0
                103.485648097146,2.72878009804658,0
                103.488077516912,2.72762263765082,0
                103.490442961709,2.7263397603175,0
                103.492737948017,2.72493498192961,0
                103.494956185437,2.7234121524682,0
                103.497091593935,2.7217754454645,0
                103.499138320506,2.72002934656545,0
                103.501090755212,2.7181786412439,0
                103.502943546568,2.71622840168717,0
                103.5046916162,2.71418397289955,0
                103.506330172771,2.71205095805737,0
                103.507854725112,2.70983520315604,0
                103.50926109453,2.70754278099161,0
                103.510545426264,2.70517997452043,0
                103.511704200052,2.7027532596425,0
                103.512734239773,2.70026928745576,0
                103.513632722162,2.69773486602981,0
                103.514397184539,2.69515694174898,0
                103.515025531568,2.69254258027589,0
                103.515516040991,2.68989894718767,0
                103.515867368358,2.68723328833776,0
                103.516078550705,2.68455290999725,0
                103.516149009194,2.68186515883008,0
              </coordinates>
            </LinearRing>
          </outerBoundaryIs>
        </Polygon>
      </Placemark>
    </Document>
  </Document>
</kml>
