<?xml version="1.0" encoding="UTF-8"?>
<kml xmlns="http://www.opengis.net/kml/2.2">
  <Document id="root_doc">
    <Schema id="PLS_SE_11" name="PLS_SE_11">
      <SimpleField name="state" type="string"/>
      <SimpleField name="parlimen" type="string"/>
      <SimpleField name="code_parlimen" type="string"/>
      <SimpleField name="dun" type="string"/>
      <SimpleField name="code_dun" type="string"/>
      <SimpleField name="voters_total" type="int"/>
    </Schema>
    <Schema id="PLS_SE-11.schema">
      <SimpleField name="state" type="string"/>
      <SimpleField name="parlimen" type="string"/>
      <SimpleField name="code_parlimen" type="string"/>
      <SimpleField name="dun" type="string"/>
      <SimpleField name="code_dun" type="string"/>
      <SimpleField name="voters_total" type="int"/>
    </Schema>
    <Schema id="PLS_SE-11.schema">
      <SimpleField name="state" type="string"/>
      <SimpleField name="parlimen" type="string"/>
      <SimpleField name="code_parlimen" type="string"/>
      <SimpleField name="dun" type="string"/>
      <SimpleField name="code_dun" type="string"/>
      <SimpleField name="voters_total" type="int"/>
    </Schema>
    <Schema id="PLS_SE-11.schema">
      <SimpleField name="state" type="string"/>
      <SimpleField name="parlimen" type="string"/>
      <SimpleField name="code_parlimen" type="string"/>
      <SimpleField name="dun" type="string"/>
      <SimpleField name="code_dun" type="string"/>
      <SimpleField name="voters_total" type="int"/>
    </Schema>
    <Schema id="PLS_SE-11.schema">
      <SimpleField name="state" type="string"/>
      <SimpleField name="parlimen" type="string"/>
      <SimpleField name="code_parlimen" type="string"/>
      <SimpleField name="dun" type="string"/>
      <SimpleField name="code_dun" type="string"/>
      <SimpleField name="voters_total" type="int"/>
    </Schema>
    <Folder>
      <name>PLS_SE_11</name>
      <Placemark id="PLS_SE_11.1">
        <name>Perlis</name>
        <description>P.001 Padang Besar</description>
        <Style>
          <LineStyle>
            <color>ff0000ff</color>
          </LineStyle>
          <PolyStyle>
            <fill>0</fill>
          </PolyStyle>
        </Style>
        <ExtendedData>
          <SchemaData schemaUrl="#PLS_SE_11">
            <SimpleData name="state">P.001</SimpleData>
            <SimpleData name="parlimen">N.01 Titi Tinggi</SimpleData>
            <SimpleData name="code_parlimen">N.01</SimpleData>
            <SimpleData name="dun">6887</SimpleData>
          </SchemaData>
        </ExtendedData>
        <Polygon>
          <outerBoundaryIs>
            <LinearRing>
              <coordinates>
                100.279037322256,6.64786863702959,0
                100.27902108281,6.64725264692273,0
                100.278972408983,6.64663834443329,0
                100.278891434186,6.64602741333128,0
                100.278778380366,6.6454215281521,0
                100.278633557395,6.64482234960671,0
                100.278457362223,6.6442315200294,0
                100.278250277789,6.64365065887598,0
                100.278012871697,6.64308135828472,0
                100.27774579466,6.64252517871177,0
                100.277449778718,6.64198364465383,0
                100.277125635231,6.64145824046889,0
                100.276774252652,6.64095040630727,0
                100.276396594098,6.64046153416367,0
                100.275993694703,6.63999296406112,0
                100.275566658788,6.63954598037752,0
                100.275116656827,6.63912180832453,0
                100.274644922246,6.63872161058869,0
                100.274152748035,6.63834648414395,0
                100.273641483211,6.6379974572443,0
                100.273112529114,6.63767548660468,0
                100.272567335571,6.63738145477813,0
                100.272007396919,6.6371161677362,0
                100.271434247911,6.63688035265924,0
                100.27084945951,6.63667465594276,0
                100.270254634579,6.63649964142523,0
                100.269651403491,6.6363557888422,0
                100.269041419663,6.63624349251108,0
                100.268426355016,6.63616306024997,0
                100.267807895401,6.63611471253376,0
                100.267187735972,6.63609858188965,0
                100.266567576542,6.63611471253376,0
                100.265949116927,6.63616306024997,0
                100.26533405228,6.63624349251108,0
                100.264724068452,6.6363557888422,0
                100.264120837365,6.63649964142523,0
                100.263526012433,6.63667465594276,0
                100.262941224032,6.63688035265924,0
                100.262368075024,6.6371161677362,0
                100.261808136373,6.63738145477813,0
                100.261262942829,6.63767548660468,0
                100.260733988732,6.6379974572443,0
                100.260222723908,6.63834648414395,0
                100.259730549697,6.63872161058869,0
                100.259258815116,6.63912180832453,0
                100.258808813156,6.63954598037752,0
                100.25838177724,6.63999296406112,0
                100.257978877846,6.64046153416367,0
                100.257601219291,6.64095040630727,0
                100.257249836712,6.64145824046889,0
                100.256925693225,6.64198364465383,0
                100.256629677283,6.64252517871177,0
                100.256362600246,6.64308135828472,0
                100.256125194154,6.64365065887598,0
                100.25591810972,6.6442315200294,0
                100.255741914548,6.64482234960671,0
                100.255597091578,6.6454215281521,0
                100.255484037757,6.64602741333128,0
                100.255403062961,6.64663834443329,0
                100.255354389133,6.64725264692273,0
                100.255338149687,6.64786863702959,0
                100.255354389133,6.64848462636461,0
                100.255403062961,6.64909892654693,0
                100.255484037757,6.64970985383183,0
                100.255597091578,6.65031573372571,0
                100.255741914548,6.65091490557558,0
                100.25591810972,6.65150572712044,0
                100.256125194154,6.65208657899251,0
                100.256362600246,6.65265586915522,0
                100.256629677283,6.65321203726667,0
                100.256925693225,6.65375355895574,0
                100.257249836712,6.65427894999994,0
                100.257601219291,6.65478677039292,0
                100.257978877846,6.65527562829087,0
                100.25838177724,6.65574418382678,0
                100.258808813156,6.65619115278239,0
                100.259258815116,6.65661531010741,0
                100.259730549697,6.65701549327662,0
                100.260222723908,6.65739060547568,0
                100.260733988732,6.65773961860672,0
                100.261262942829,6.65806157610561,0
                100.261808136373,6.65835559556328,0
                100.262368075024,6.65862087114371,0
                100.262941224032,6.65885667579211,0
                100.263526012433,6.65906236322726,0
                100.264120837365,6.65923736971234,0
                100.264724068452,6.65938121559983,0
                100.26533405228,6.65949350664567,0
                100.265949116927,6.65957393508966,0
                100.266567576542,6.65962228049874,0
                100.267187735972,6.65963841037099,0
                100.267807895401,6.65962228049874,0
                100.268426355016,6.65957393508966,0
                100.269041419663,6.65949350664567,0
                100.269651403491,6.65938121559983,0
                100.270254634579,6.65923736971234,0
                100.27084945951,6.65906236322726,0
                100.271434247911,6.65885667579211,0
                100.272007396919,6.65862087114371,0
                100.272567335571,6.65835559556328,0
                100.273112529114,6.65806157610561,0
                100.273641483211,6.65773961860672,0
                100.274152748035,6.65739060547568,0
                100.274644922246,6.65701549327662,0
                100.275116656827,6.65661531010741,0
                100.275566658788,6.65619115278239,0
                100.275993694703,6.65574418382678,0
                100.276396594098,6.65527562829087,0
                100.276774252652,6.65478677039292,0
                100.277125635231,6.65427894999994,0
                100.277449778718,6.65375355895574,0
                100.27774579466,6.65321203726667,0
                100.278012871697,6.65265586915522,0
                100.278250277789,6.65208657899251,0
                100.278457362223,6.65150572712044,0
                100.278633557395,6.65091490557558,0
                100.278778380366,6.65031573372571,0
                100.278891434186,6.64970985383183,0
                100.278972408983,6.64909892654693,0
                100.27902108281,6.64848462636461,0
                100.279037322256,6.64786863702959,0
              </coordinates>
            </LinearRing>
          </outerBoundaryIs>
        </Polygon>
      </Placemark>
      <Placemark id="PLS_SE_11.2">
        <name>Perlis</name>
        <description>P.001 Padang Besar</description>
        <Style>
          <LineStyle>
            <color>ff0000ff</color>
          </LineStyle>
          <PolyStyle>
            <fill>0</fill>
          </PolyStyle>
        </Style>
        <ExtendedData>
          <SchemaData schemaUrl="#PLS_SE_11">
            <SimpleData name="state">P.001</SimpleData>
            <SimpleData name="parlimen">N.02 Beseri</SimpleData>
            <SimpleData name="code_parlimen">N.02</SimpleData>
            <SimpleData name="dun">6645</SimpleData>
          </SchemaData>
        </ExtendedData>
        <Polygon>
          <outerBoundaryIs>
            <LinearRing>
              <coordinates>
                100.221359721927,6.60564664921368,0
                100.221343770348,6.60504152662802,0
                100.221295959335,6.60443806190433,0
                100.221216419934,6.6038379091066,0
                100.221105370156,6.60324271322704,0
                100.220963114382,6.60265410567707,0
                100.220790042525,6.60207369981546,0
                100.220586628962,6.60150308652605,0
                100.220353431236,6.60094382985675,0
                100.220091088526,6.60039746273236,0
                100.219800319896,6.59986548275233,0
                100.21948192232,6.59934934808553,0
                100.219136768506,6.59885047347296,0
                100.218765804496,6.59837022634944,0
                100.218370047076,6.59790992309508,0
                100.21795058099,6.59747082542642,0
                100.217508555966,6.59705413693763,0
                100.217045183563,6.59666099980082,0
                100.216561733852,6.59629249163488,0
                100.216059531937,6.59594962255115,0
                100.215539954316,6.59563333238409,0
                100.215004425117,6.59534448811476,0
                100.214454412188,6.59508388149388,0
                100.213891423077,6.59485222687118,0
                100.213317000896,6.59465015923685,0
                100.212732720097,6.59447823248074,0
                100.212140182154,6.59433691787375,0
                100.211541011171,6.59422660277571,0
                100.210936849435,6.5941475895734,0
                100.210329352912,6.59410009485155,0
                100.209720186706,6.59408424879894,0
                100.209111020499,6.59410009485155,0
                100.208503523976,6.5941475895734,0
                100.20789936224,6.59422660277571,0
                100.207300191257,6.59433691787375,0
                100.206707653314,6.59447823248074,0
                100.206123372515,6.59465015923685,0
                100.205548950335,6.59485222687118,0
                100.204985961223,6.59508388149388,0
                100.204435948294,6.59534448811476,0
                100.203900419095,6.59563333238409,0
                100.203380841474,6.59594962255115,0
                100.202878639559,6.59629249163488,0
                100.202395189848,6.59666099980082,0
                100.201931817445,6.59705413693763,0
                100.201489792421,6.59747082542642,0
                100.201070326335,6.59790992309508,0
                100.200674568915,6.59837022634944,0
                100.200303604905,6.59885047347296,0
                100.199958451091,6.59934934808553,0
                100.199640053515,6.59986548275233,0
                100.199349284885,6.60039746273236,0
                100.199086942175,6.60094382985675,0
                100.198853744449,6.60150308652605,0
                100.198650330886,6.60207369981546,0
                100.198477259029,6.60265410567707,0
                100.198335003255,6.60324271322704,0
                100.198223953477,6.6038379091066,0
                100.198144414076,6.60443806190433,0
                100.198096603063,6.60504152662802,0
                100.198080651484,6.60564664921368,0
                100.198096603063,6.60625177105924,0
                100.198144414076,6.60685523357077,0
                100.198223953477,6.60745538270848,0
                100.198335003255,6.60805057352029,0
                100.198477259029,6.6086391746503,0
                100.198650330886,6.60921957281005,0
                100.198853744449,6.60979017720013,0
                100.199086942175,6.61034942387007,0
                100.199349284885,6.61089578000469,0
                100.199640053515,6.61142774812491,0
                100.199958451091,6.6119438701918,0
                100.200303604905,6.61244273160244,0
                100.200674568915,6.6129229650666,0
                100.201070326335,6.61338325435386,0
                100.201489792421,6.6138223379007,0
                100.201931817445,6.61423901226768,0
                100.202395189848,6.61463213543739,0
                100.202878639559,6.61500062994396,0
                100.203380841474,6.61534348582576,0
                100.203900419095,6.61565976339292,0
                100.204435948294,6.61594859580243,0
                100.204985961223,6.61620919143353,0
                100.205548950335,6.6164408360569,0
                100.206123372515,6.61664289479189,0
                100.206707653314,6.61681481384614,0
                100.207300191257,6.61695612203316,0
                100.20789936224,6.61706643206345,0
                100.208503523976,6.61714544160575,0
                100.209111020499,6.61719293411542,0
                100.209720186706,6.61720877942794,0
                100.210329352912,6.61719293411542,0
                100.210936849435,6.61714544160575,0
                100.211541011171,6.61706643206345,0
                100.212140182154,6.61695612203316,0
                100.212732720097,6.61681481384614,0
                100.213317000896,6.61664289479189,0
                100.213891423077,6.6164408360569,0
                100.214454412188,6.61620919143353,0
                100.215004425117,6.61594859580243,0
                100.215539954316,6.61565976339292,0
                100.216059531937,6.61534348582576,0
                100.216561733852,6.61500062994396,0
                100.217045183563,6.61463213543739,0
                100.217508555966,6.61423901226768,0
                100.21795058099,6.6138223379007,0
                100.218370047076,6.61338325435386,0
                100.218765804496,6.6129229650666,0
                100.219136768506,6.61244273160244,0
                100.21948192232,6.6119438701918,0
                100.219800319896,6.61142774812491,0
                100.220091088526,6.61089578000469,0
                100.220353431236,6.61034942387007,0
                100.220586628962,6.60979017720013,0
                100.220790042525,6.60921957281005,0
                100.220963114382,6.6086391746503,0
                100.221105370156,6.60805057352029,0
                100.221216419934,6.60745538270848,0
                100.221295959335,6.60685523357077,0
                100.221343770348,6.60625177105924,0
                100.221359721927,6.60564664921368,0
              </coordinates>
            </LinearRing>
          </outerBoundaryIs>
        </Polygon>
      </Placemark>
      <Placemark id="PLS_SE_11.3">
        <name>Perlis</name>
        <description>P.001 Padang Besar</description>
        <Style>
          <LineStyle>
            <color>ff0000ff</color>
          </LineStyle>
          <PolyStyle>
            <fill>0</fill>
          </PolyStyle>
        </Style>
        <ExtendedData>
          <SchemaData schemaUrl="#PLS_SE_11">
            <SimpleData name="state">P.001</SimpleData>
            <SimpleData name="parlimen">N.03 Chuping</SimpleData>
            <SimpleData name="code_parlimen">N.03</SimpleData>
            <SimpleData name="dun">7802</SimpleData>
          </SchemaData>
        </ExtendedData>
        <Polygon>
          <outerBoundaryIs>
            <LinearRing>
              <coordinates>
                100.32255329824,6.53027356820277,0
                100.322536013647,6.52961777842587,0
                100.322484207246,6.52896378526755,0
                100.322398021033,6.52831338128825,0
                100.322277691238,6.52766834921759,0
                100.322123547679,6.52703045706788,0
                100.321936012851,6.52640145328785,0
                100.321715600774,6.52578306196993,0
                100.321462915582,6.52517697812421,0
                100.321178649869,6.5245848630321,0
                100.320863582786,6.52400833969235,0
                100.320518577911,6.52344898837189,0
                100.320144580878,6.52290834227393,0
                100.319742616787,6.52238788333475,0
                100.319313787393,6.52188903816127,0
                100.318859268088,6.52141317411995,0
                100.318380304678,6.52096159558838,0
                100.317878209968,6.52053554037917,0
                100.317354360165,6.52013617634661,0
                100.316810191105,6.51976459818478,0
                100.316247194317,6.51942182442647,0
                100.315666912937,6.51910879465075,0
                100.315070937475,6.51882636690692,0
                100.314460901459,6.51857531536215,0
                100.313838476955,6.51835632817886,0
                100.313205369985,6.51817000562807,0
                100.312563315852,6.51801685844361,0
                100.311914074382,6.51789730642181,0
                100.311259425099,6.51781167727061,0
                100.310601162352,6.51776020571094,0
                100.309941090394,6.51774303283332,0
                100.309281018436,6.51776020571094,0
                100.30862275569,6.51781167727061,0
                100.307968106407,6.51789730642181,0
                100.307318864936,6.51801685844361,0
                100.306676810803,6.51817000562807,0
                100.306043703833,6.51835632817886,0
                100.305421279329,6.51857531536215,0
                100.304811243313,6.51882636690692,0
                100.304215267852,6.51910879465075,0
                100.303634986471,6.51942182442647,0
                100.303071989684,6.51976459818478,0
                100.302527820624,6.52013617634661,0
                100.302003970821,6.52053554037917,0
                100.301501876111,6.52096159558838,0
                100.301022912701,6.52141317411995,0
                100.300568393396,6.52188903816127,0
                100.300139564002,6.52238788333475,0
                100.299737599911,6.52290834227393,0
                100.299363602877,6.52344898837189,0
                100.299018598002,6.52400833969235,0
                100.298703530919,6.5245848630321,0
                100.298419265206,6.52517697812421,0
                100.298166580015,6.52578306196993,0
                100.297946167938,6.52640145328785,0
                100.29775863311,6.52703045706788,0
                100.29760448955,6.52766834921759,0
                100.297484159756,6.52831338128825,0
                100.297397973543,6.52896378526755,0
                100.297346167141,6.52961777842587,0
                100.297328882549,6.53027356820277,0
                100.297346167141,6.53092935712048,0
                100.297397973543,6.53158334771058,0
                100.297484159756,6.53223374744077,0
                100.29760448955,6.53287877362801,0
                100.29775863311,6.53351665832442,0
                100.297946167938,6.53414565316296,0
                100.298166580015,6.53476403414917,0
                100.298419265206,6.53537010638612,0
                100.298703530919,6.53596220871963,0
                100.299018598002,6.53653871829071,0
                100.299363602877,6.53709805498325,0
                100.299737599911,6.53763868575438,0
                100.300139564002,6.53815912883569,0
                100.300568393396,6.53865795779404,0
                100.301022912701,6.53913380544058,0
                100.301501876111,6.53958536757739,0
                100.302003970821,6.54001140657144,0
                100.302527820624,6.54041075474614,0
                100.303071989684,6.54078231758113,0
                100.303634986471,6.54112507671155,0
                100.304215267852,6.54143809271859,0
                100.304811243313,6.5417205077038,0
                100.305421279329,6.54197154763982,0
                100.306043703833,6.54219052449139,0
                100.306676810803,6.54237683810068,0
                100.307318864936,6.54252997783187,0
                100.307968106407,6.54264952397024,0
                100.30862275569,6.54273514887235,0
                100.309281018436,6.54278661786379,0
                100.309941090394,6.54280378988218,0
                100.310601162352,6.54278661786379,0
                100.311259425099,6.54273514887235,0
                100.311914074382,6.54264952397024,0
                100.312563315852,6.54252997783187,0
                100.313205369985,6.54237683810068,0
                100.313838476955,6.54219052449139,0
                100.314460901459,6.54197154763982,0
                100.315070937475,6.5417205077038,0
                100.315666912937,6.54143809271859,0
                100.316247194317,6.54112507671155,0
                100.316810191105,6.54078231758113,0
                100.317354360165,6.54041075474614,0
                100.317878209968,6.54001140657144,0
                100.318380304678,6.53958536757739,0
                100.318859268088,6.53913380544058,0
                100.319313787393,6.53865795779404,0
                100.319742616787,6.53815912883569,0
                100.320144580878,6.53763868575438,0
                100.320518577911,6.53709805498325,0
                100.320863582786,6.53653871829071,0
                100.321178649869,6.53596220871963,0
                100.321462915582,6.53537010638612,0
                100.321715600774,6.53476403414917,0
                100.321936012851,6.53414565316296,0
                100.322123547679,6.53351665832442,0
                100.322277691238,6.53287877362801,0
                100.322398021033,6.53223374744077,0
                100.322484207246,6.53158334771058,0
                100.322536013647,6.53092935712048,0
                100.32255329824,6.53027356820277,0
              </coordinates>
            </LinearRing>
          </outerBoundaryIs>
        </Polygon>
      </Placemark>
      <Placemark id="PLS_SE_11.4">
        <name>Perlis</name>
        <description>P.001 Padang Besar</description>
        <Style>
          <LineStyle>
            <color>ff0000ff</color>
          </LineStyle>
          <PolyStyle>
            <fill>0</fill>
          </PolyStyle>
        </Style>
        <ExtendedData>
          <SchemaData schemaUrl="#PLS_SE_11">
            <SimpleData name="state">P.001</SimpleData>
            <SimpleData name="parlimen">N.04 Mata Ayer</SimpleData>
            <SimpleData name="code_parlimen">N.04</SimpleData>
            <SimpleData name="dun">5557</SimpleData>
          </SchemaData>
        </ExtendedData>
        <Polygon>
          <outerBoundaryIs>
            <LinearRing>
              <coordinates>
                100.26976970953,6.47938176260573,0
                100.269755122181,6.47882825218029,0
                100.269711400117,6.47827625828372,0
                100.269638663177,6.47772729390039,0
                100.269537110729,6.47718286371594,0
                100.26940702112,6.47664445999276,0
                100.269248750916,6.47611355847973,0
                100.269062733926,6.47559161436697,0
                100.26884948001,6.47508005829706,0
                100.26860957368,6.47458029244332,0
                100.268343672505,6.4740936866663,0
                100.2680525053,6.47362157475857,0
                100.267736870135,6.47316525078853,0
                100.267397632143,6.47272596555293,0
                100.267035721153,6.47230492314811,0
                100.266652129137,6.47190327766907,0
                100.266247907494,6.47152213004572,0
                100.265824164168,6.47116252502478,0
                100.26538206061,6.47082544830562,0
                100.264922808595,6.47051182383809,0
                100.2644476669,6.47022251128954,0
                100.263957937857,6.46995830368793,0
                100.263454963777,6.46971992524789,0
                100.26294012328,6.46950802938514,0
                100.262414827505,6.46932319692514,0
                100.261880516253,6.4691659345108,0
                100.261338654034,6.46903667321336,0
                100.260790726054,6.46893576735069,0
                100.260238234146,6.46886349351578,0
                100.259682692651,6.46882004981851,0
                100.259125624271,6.46880555534247,0
                100.25856855589,6.46882004981851,0
                100.258013014396,6.46886349351578,0
                100.257460522487,6.46893576735069,0
                100.256912594507,6.46903667321336,0
                100.256370732288,6.4691659345108,0
                100.255836421036,6.46932319692514,0
                100.255311125262,6.46950802938514,0
                100.254796284764,6.46971992524789,0
                100.254293310685,6.46995830368793,0
                100.253803581641,6.47022251128954,0
                100.253328439946,6.47051182383809,0
                100.252869187931,6.47082544830562,0
                100.252427084373,6.47116252502478,0
                100.252003341047,6.47152213004572,0
                100.251599119404,6.47190327766907,0
                100.251215527388,6.47230492314811,0
                100.250853616398,6.47272596555293,0
                100.250514378406,6.47316525078853,0
                100.250198743241,6.47362157475857,0
                100.249907576036,6.4740936866663,0
                100.249641674861,6.47458029244332,0
                100.249401768531,6.47508005829706,0
                100.249188514615,6.47559161436697,0
                100.249002497625,6.47611355847973,0
                100.248844227422,6.47664445999276,0
                100.248714137812,6.47718286371594,0
                100.248612585364,6.47772729390039,0
                100.248539848424,6.47827625828372,0
                100.24849612636,6.47882825218029,0
                100.248481539012,6.47938176260573,0
                100.24849612636,6.47993527242389,0
                100.248539848424,6.48048726450524,0
                100.248612585364,6.48103622588531,0
                100.248714137812,6.48158065191138,0
                100.248844227422,6.48211905036658,0
                100.249002497625,6.48264994555979,0
                100.249188514615,6.4831718823701,0
                100.249401768531,6.48368343023497,0
                100.249641674861,6.48418318707094,0
                100.249907576036,6.48466978311629,0
                100.250198743241,6.48514188468506,0
                100.250514378406,6.48559819782213,0
                100.250853616398,6.48603747184942,0
                100.251215527388,6.48645850279341,0
                100.251599119404,6.48686013668466,0
                100.252003341047,6.48724127272022,0
                100.252427084373,6.48760086628034,0
                100.252869187931,6.48793793179119,0
                100.253328439946,6.48825154542574,0
                100.253803581641,6.48854084763533,0
                100.254293310685,6.48880504550526,0
                100.254796284764,6.48904341492754,0
                100.255311125262,6.48925530258525,0
                100.255836421036,6.4894401277428,0
                100.256370732288,6.48959738383733,0
                100.256912594507,6.48972663986678,0
                100.257460522487,6.48982754157107,0
                100.258013014396,6.48989981240273,0
                100.25856855589,6.48994325428478,0
                100.259125624271,6.48995774815353,0
                100.259682692651,6.48994325428478,0
                100.260238234146,6.48989981240273,0
                100.260790726054,6.48982754157107,0
                100.261338654034,6.48972663986678,0
                100.261880516253,6.48959738383733,0
                100.262414827505,6.4894401277428,0
                100.26294012328,6.48925530258525,0
                100.263454963777,6.48904341492754,0
                100.263957937857,6.48880504550526,0
                100.2644476669,6.48854084763533,0
                100.264922808595,6.48825154542574,0
                100.26538206061,6.48793793179119,0
                100.265824164168,6.48760086628034,0
                100.266247907494,6.48724127272022,0
                100.266652129137,6.48686013668466,0
                100.267035721153,6.48645850279341,0
                100.267397632143,6.48603747184942,0
                100.267736870135,6.48559819782213,0
                100.2680525053,6.48514188468506,0
                100.268343672505,6.48466978311629,0
                100.26860957368,6.48418318707094,0
                100.26884948001,6.48368343023497,0
                100.269062733926,6.4831718823701,0
                100.269248750916,6.48264994555979,0
                100.26940702112,6.48211905036658,0
                100.269537110729,6.48158065191138,0
                100.269638663177,6.48103622588531,0
                100.269711400117,6.48048726450524,0
                100.269755122181,6.47993527242389,0
                100.26976970953,6.47938176260573,0
              </coordinates>
            </LinearRing>
          </outerBoundaryIs>
        </Polygon>
      </Placemark>
      <Placemark id="PLS_SE_11.5">
        <name>Perlis</name>
        <description>P.001 Padang Besar</description>
        <Style>
          <LineStyle>
            <color>ff0000ff</color>
          </LineStyle>
          <PolyStyle>
            <fill>0</fill>
          </PolyStyle>
        </Style>
        <ExtendedData>
          <SchemaData schemaUrl="#PLS_SE_11">
            <SimpleData name="state">P.001</SimpleData>
            <SimpleData name="parlimen">N.05 Santan</SimpleData>
            <SimpleData name="code_parlimen">N.05</SimpleData>
            <SimpleData name="dun">7008</SimpleData>
          </SchemaData>
        </ExtendedData>
        <Polygon>
          <outerBoundaryIs>
            <LinearRing>
              <coordinates>
                100.231779087814,6.50618362058174,0
                100.231762706331,6.50556206558339,0
                100.231713606782,6.50494221345836,0
                100.231631923746,6.50432576318773,0
                100.23151788111,6.50371440443453,0
                100.231371791457,6.50310981291229,0
                100.231194055209,6.50251364579184,0
                100.230985159528,6.50192753715869,0
                100.230745676983,6.5013530935339,0
                100.230476263979,6.50079188947023,0
                100.230177658959,6.50024546323592,0
                100.229850680377,6.49971531259794,0
                100.22949622446,6.49920289071607,0
                100.229115262746,6.49870960215943,0
                100.228708839426,6.49823679905593,0
                100.228278068476,6.49778577738557,0
                100.227824130611,6.49735777342763,0
                100.227348270042,6.49695396037144,0
                100.226851791071,6.49657544510005,0
                100.226336054511,6.49622326515574,0
                100.225802473961,6.49589838589555,0
                100.225252511928,6.49560169784463,0
                100.224687675819,6.49533401425487,0
                100.224109513812,6.49509606887519,0
                100.223519610607,6.49488851393997,0
                100.222919583089,6.49471191838078,0
                100.222311075891,6.49456676626659,0
                100.22169575689,6.4944534554766,0
                100.221075312631,6.4943722966094,0
                100.22045144371,6.4943235121314,0
                100.219825860108,6.49430723576688,0
                100.219200276506,6.4943235121314,0
                100.218576407585,6.4943722966094,0
                100.217955963327,6.4944534554766,0
                100.217340644325,6.49456676626659,0
                100.216732137127,6.49471191838078,0
                100.216132109609,6.49488851393997,0
                100.215542206405,6.49509606887519,0
                100.214964044397,6.49533401425487,0
                100.214399208289,6.49560169784463,0
                100.213849246255,6.49589838589555,0
                100.213315665705,6.49622326515574,0
                100.212799929145,6.49657544510005,0
                100.212303450174,6.49695396037144,0
                100.211827589605,6.49735777342763,0
                100.21137365174,6.49778577738557,0
                100.210942880791,6.49823679905593,0
                100.21053645747,6.49870960215943,0
                100.210155495757,6.49920289071607,0
                100.209801039839,6.49971531259794,0
                100.209474061258,6.50024546323592,0
                100.209175456237,6.50079188947023,0
                100.208906043233,6.5013530935339,0
                100.208666560689,6.50192753715869,0
                100.208457665008,6.50251364579184,0
                100.20827992876,6.50310981291229,0
                100.208133839107,6.50371440443453,0
                100.208019796471,6.50432576318773,0
                100.207938113434,6.50494221345836,0
                100.207889013886,6.50556206558339,0
                100.207872632402,6.50618362058174,0
                100.207889013886,6.5068051748111,0
                100.207938113434,6.50742502463764,0
                100.208019796471,6.50804147110544,0
                100.208133839107,6.50865282459312,0
                100.20827992876,6.50925740944484,0
                100.208457665008,6.50985356856291,0
                100.208666560689,6.51043966794942,0
                100.208906043233,6.51101410118466,0
                100.209175456237,6.51157529382969,0
                100.209474061258,6.51212170774137,0
                100.209801039839,6.51265184528776,0
                100.210155495757,6.51316425345248,0
                100.21053645747,6.51365752781674,0
                100.210942880791,6.51413031640809,0
                100.21137365174,6.51458132340554,0
                100.211827589605,6.51500931269056,0
                100.212303450174,6.51541311123461,0
                100.212799929145,6.51579161231362,0
                100.213315665705,6.51614377854079,0
                100.213849246255,6.51646864470938,0
                100.214399208289,6.51676532043767,0
                100.214964044397,6.5170329926088,0
                100.215542206405,6.51727092759892,0
                100.216132109609,6.51747847328749,0
                100.216732137127,6.51765506084428,0
                100.217340644325,6.51780020628798,0
                100.217955963327,6.51791351181246,0
                100.218576407585,6.51799466687682,0
                100.219200276506,6.51804344905632,0
                100.219825860108,6.51805972465185,0
                100.22045144371,6.51804344905632,0
                100.221075312631,6.51799466687682,0
                100.22169575689,6.51791351181246,0
                100.222311075891,6.51780020628798,0
                100.222919583089,6.51765506084428,0
                100.223519610607,6.51747847328749,0
                100.224109513812,6.51727092759892,0
                100.224687675819,6.5170329926088,0
                100.225252511928,6.51676532043767,0
                100.225802473961,6.51646864470938,0
                100.226336054511,6.51614377854079,0
                100.226851791071,6.51579161231362,0
                100.227348270042,6.51541311123461,0
                100.227824130611,6.51500931269056,0
                100.228278068476,6.51458132340554,0
                100.228708839426,6.51413031640809,0
                100.229115262746,6.51365752781674,0
                100.22949622446,6.51316425345248,0
                100.229850680377,6.51265184528776,0
                100.230177658959,6.51212170774137,0
                100.230476263979,6.51157529382969,0
                100.230745676983,6.51101410118466,0
                100.230985159528,6.51043966794942,0
                100.231194055209,6.50985356856291,0
                100.231371791457,6.50925740944484,0
                100.23151788111,6.50865282459312,0
                100.231631923746,6.50804147110544,0
                100.231713606782,6.50742502463764,0
                100.231762706331,6.5068051748111,0
                100.231779087814,6.50618362058174,0
              </coordinates>
            </LinearRing>
          </outerBoundaryIs>
        </Polygon>
      </Placemark>
      <Placemark id="PLS_SE_11.6">
        <name>Perlis</name>
        <description>P.002 Kangar</description>
        <Style>
          <LineStyle>
            <color>ff0000ff</color>
          </LineStyle>
          <PolyStyle>
            <fill>0</fill>
          </PolyStyle>
        </Style>
        <ExtendedData>
          <SchemaData schemaUrl="#PLS_SE_11">
            <SimpleData name="state">P.002</SimpleData>
            <SimpleData name="parlimen">N.06 Bintong</SimpleData>
            <SimpleData name="code_parlimen">N.06</SimpleData>
            <SimpleData name="dun">7850</SimpleData>
          </SchemaData>
        </ExtendedData>
        <Polygon>
          <outerBoundaryIs>
            <LinearRing>
              <coordinates>
                100.189276479459,6.49217549144006,0
                100.189259141778,6.4915176375362,0
                100.189207176257,6.49086158590823,0
                100.18912072533,6.49020913475872,0
                100.189000025953,6.48956207242843,0
                100.188845408954,6.4889221724945,0
                100.188657298128,6.48829118890886,0
                100.188436209074,6.48767085119044,0
                100.188182747781,6.48706285968431,0
                100.187897608969,6.48646888090069,0
                100.187581574184,6.48589054294656,0
                100.187235509654,6.48532943106264,0
                100.18686036392,6.48478708327772,0
                100.186457165229,6.48426498619233,0
                100.186027018721,6.48376457090341,0
                100.185571103398,6.4832872090811,0
                100.185090668891,6.48283420920826,0
                100.184587032038,6.48240681299338,0
                100.184061573274,6.48200619196631,0
                100.183515732844,6.48163344426656,0
                100.182951006858,6.48128959163252,0
                100.182368943191,6.48097557660041,0
                100.18177113724,6.4806922599201,0
                100.181159227549,6.48044041819525,0
                100.180534891319,6.48022074175415,0
                100.179899839814,6.48003383275704,0
                100.179255813664,6.47988020354518,0
                100.178604578102,6.47976027523612,0
                100.177947918118,6.47967437656915,0
                100.177287633571,6.47962274300396,0
                100.176625534257,6.47960551607512,0
                100.175963434942,6.47962274300396,0
                100.175303150396,6.47967437656915,0
                100.174646490412,6.47976027523612,0
                100.17399525485,6.47988020354518,0
                100.1733512287,6.48003383275704,0
                100.172716177195,6.48022074175415,0
                100.172091840965,6.48044041819525,0
                100.171479931274,6.4806922599201,0
                100.170882125323,6.48097557660041,0
                100.170300061656,6.48128959163252,0
                100.16973533567,6.48163344426656,0
                100.16918949524,6.48200619196631,0
                100.168664036475,6.48240681299338,0
                100.168160399623,6.48283420920826,0
                100.167679965116,6.4832872090811,0
                100.167224049793,6.48376457090341,0
                100.166793903285,6.48426498619233,0
                100.166390704594,6.48478708327772,0
                100.166015558859,6.48532943106264,0
                100.16566949433,6.48589054294656,0
                100.165353459545,6.48646888090069,0
                100.165068320733,6.48706285968431,0
                100.16481485944,6.48767085119044,0
                100.164593770385,6.48829118890886,0
                100.16440565956,6.4889221724945,0
                100.164251042561,6.48956207242843,0
                100.164130343184,6.49020913475872,0
                100.164043892257,6.49086158590823,0
                100.163991926736,6.4915176375362,0
                100.163974589055,6.49217549144006,0
                100.163991926736,6.49283334448437,0
                100.164043892257,6.49348939354313,0
                100.164130343184,6.49414184044191,0
                100.164251042561,6.49478889688652,0
                100.16440565956,6.4954287893643,0
                100.164593770385,6.49605976400504,0
                100.16481485944,6.49668009138779,0
                100.165068320733,6.49728807128069,0
                100.165353459545,6.49788203730081,0
                100.16566949433,6.49846036148098,0
                100.166015558859,6.49902145873139,0
                100.166390704594,6.49956379118359,0
                100.166793903285,6.50008587240504,0
                100.167224049793,6.5005862714726,0
                100.167679965116,6.50106361689385,0
                100.168160399623,6.50151660036563,0
                100.168664036475,6.50194398035916,0
                100.16918949524,6.50234458552228,0
                100.16973533567,6.50271731788932,0
                100.170300061656,6.50306115588986,0
                100.170882125323,6.503375157148,0
                100.171479931274,6.50365846106481,0
                100.172091840965,6.50391029117644,0
                100.172716177195,6.50412995728185,0
                100.1733512287,6.50431685733404,0
                100.17399525485,6.50447047908977,0
                100.174646490412,6.50459040151316,0
                100.175303150396,6.5046762959294,0
                100.175963434942,6.50472792692536,0
                100.176625534257,6.50474515299467,0
                100.177287633571,6.50472792692536,0
                100.177947918118,6.5046762959294,0
                100.178604578102,6.50459040151316,0
                100.179255813664,6.50447047908977,0
                100.179899839814,6.50431685733404,0
                100.180534891319,6.50412995728185,0
                100.181159227549,6.50391029117644,0
                100.18177113724,6.50365846106481,0
                100.182368943191,6.503375157148,0
                100.182951006858,6.50306115588986,0
                100.183515732844,6.50271731788932,0
                100.184061573274,6.50234458552228,0
                100.184587032038,6.50194398035916,0
                100.185090668891,6.50151660036563,0
                100.185571103398,6.50106361689385,0
                100.186027018721,6.5005862714726,0
                100.186457165229,6.50008587240504,0
                100.18686036392,6.49956379118359,0
                100.187235509654,6.49902145873139,0
                100.187581574184,6.49846036148098,0
                100.187897608969,6.49788203730081,0
                100.188182747781,6.49728807128069,0
                100.188436209074,6.49668009138779,0
                100.188657298128,6.49605976400504,0
                100.188845408954,6.4954287893643,0
                100.189000025953,6.49478889688652,0
                100.18912072533,6.49414184044191,0
                100.189207176257,6.49348939354313,0
                100.189259141778,6.49283334448437,0
                100.189276479459,6.49217549144006,0
              </coordinates>
            </LinearRing>
          </outerBoundaryIs>
        </Polygon>
      </Placemark>
      <Placemark id="PLS_SE_11.7">
        <name>Perlis</name>
        <description>P.002 Kangar</description>
        <Style>
          <LineStyle>
            <color>ff0000ff</color>
          </LineStyle>
          <PolyStyle>
            <fill>0</fill>
          </PolyStyle>
        </Style>
        <ExtendedData>
          <SchemaData schemaUrl="#PLS_SE_11">
            <SimpleData name="state">P.002</SimpleData>
            <SimpleData name="parlimen">N.07 Sena</SimpleData>
            <SimpleData name="code_parlimen">N.07</SimpleData>
            <SimpleData name="dun">7979</SimpleData>
          </SchemaData>
        </ExtendedData>
        <Polygon>
          <outerBoundaryIs>
            <LinearRing>
              <coordinates>
                100.23471025983,6.44210519085067,0
                100.234692780274,6.44144188797274,0
                100.234640389515,6.44078040229849,0
                100.234553231154,6.44012254692492,0
                100.234431544084,6.43947012500555,0
                100.234275661842,6.43882492480801,0
                100.23408601169,6.43818871481213,0
                100.233863113447,6.43756323886242,0
                100.23360757806,6.43695021138783,0
                100.233320105934,6.43635131270223,0
                100.233001485011,6.43576818439821,0
                100.232652588609,6.43520242484696,0
                100.232274373027,6.43465558481672,0
                100.231867874929,6.43412916322154,0
                100.231434208498,6.43362460301209,0
                100.230974562384,6.43314328722002,0
                100.230490196444,6.43268653516634,0
                100.229982438291,6.4322555988446,0
                100.229452679656,6.43185165948841,0
                100.22890237257,6.43147582433315,0
                100.228333025387,6.43112912358028,0
                100.227746198647,6.43081250757302,0
                100.227143500803,6.43052684419081,0
                100.226526583806,6.43027291646995,0
                100.225897138584,6.4300514204567,0
                100.225256890401,6.42986296329898,0
                100.224607594135,6.42970806158176,0
                100.22395102946,6.42958713991072,0
                100.223288995976,6.4295005297481,0
                100.222623308269,6.4294484685039,0
                100.221955790943,6.42943109888501,0
                100.221288273618,6.4294484685039,0
                100.220622585911,6.4295005297481,0
                100.219960552426,6.42958713991072,0
                100.219303987751,6.42970806158176,0
                100.218654691485,6.42986296329898,0
                100.218014443303,6.4300514204567,0
                100.21738499808,6.43027291646995,0
                100.216768081084,6.43052684419081,0
                100.216165383239,6.43081250757302,0
                100.2155785565,6.43112912358028,0
                100.215009209316,6.43147582433315,0
                100.21445890223,6.43185165948841,0
                100.213929143595,6.4322555988446,0
                100.213421385443,6.43268653516634,0
                100.212937019503,6.43314328722002,0
                100.212477373388,6.43362460301209,0
                100.212043706957,6.43412916322154,0
                100.211637208859,6.43465558481672,0
                100.211258993278,6.43520242484696,0
                100.210910096875,6.43576818439821,0
                100.210591475952,6.43635131270223,0
                100.210304003827,6.43695021138783,0
                100.21004846844,6.43756323886242,0
                100.209825570196,6.43818871481213,0
                100.209635920044,6.43882492480801,0
                100.209480037802,6.43947012500555,0
                100.209358350733,6.44012254692492,0
                100.209271192371,6.44078040229849,0
                100.209218801612,6.44144188797274,0
                100.209201322056,6.44210519085067,0
                100.209218801612,6.44276849286156,0
                100.209271192371,6.44342997594417,0
                100.209358350733,6.44408782702992,0
                100.209480037802,6.44474024301224,0
                100.209635920044,6.44538543568858,0
                100.209825570196,6.44602163666148,0
                100.21004846844,6.44664710218531,0
                100.210304003827,6.44726011794532,0
                100.210591475952,6.44785900375603,0
                100.210910096875,6.44844211816589,0
                100.211258993278,6.44900786295593,0
                100.211637208859,6.44955468751964,0
                100.212043706957,6.45008109311244,0
                100.212477373388,6.45058563695895,0
                100.212937019503,6.45106693620684,0
                100.213421385443,6.45152367171631,0
                100.213929143595,6.45195459167515,0
                100.21445890223,6.45235851502894,0
                100.215009209316,6.45273433471767,0
                100.2155785565,6.45308102070933,0
                100.216165383239,6.45339762282243,0
                100.216768081084,6.45368327332973,0
                100.21738499808,6.45393718933603,0
                100.218014443303,6.45415867492339,0
                100.218654691485,6.45434712305815,0
                100.219303987751,6.45450201725415,0
                100.219960552426,6.45462293298815,0
                100.220622585911,6.45470953886294,0
                100.221288273618,6.45476159751551,0
                100.221955790943,6.45477896626736,0
                100.222623308269,6.45476159751551,0
                100.223288995976,6.45470953886294,0
                100.22395102946,6.45462293298815,0
                100.224607594135,6.45450201725415,0
                100.225256890401,6.45434712305815,0
                100.225897138584,6.45415867492339,0
                100.226526583806,6.45393718933603,0
                100.227143500803,6.45368327332973,0
                100.227746198647,6.45339762282243,0
                100.228333025387,6.45308102070933,0
                100.22890237257,6.45273433471767,0
                100.229452679656,6.45235851502894,0
                100.229982438291,6.45195459167515,0
                100.230490196444,6.45152367171631,0
                100.230974562384,6.45106693620684,0
                100.231434208498,6.45058563695895,0
                100.231867874929,6.45008109311244,0
                100.232274373027,6.44955468751964,0
                100.232652588609,6.44900786295593,0
                100.233001485011,6.44844211816589,0
                100.233320105934,6.44785900375603,0
                100.23360757806,6.44726011794532,0
                100.233863113447,6.44664710218531,0
                100.23408601169,6.44602163666148,0
                100.234275661842,6.44538543568858,0
                100.234431544084,6.44474024301224,0
                100.234553231154,6.44408782702992,0
                100.234640389515,6.44342997594417,0
                100.234692780274,6.44276849286156,0
                100.23471025983,6.44210519085067,0
              </coordinates>
            </LinearRing>
          </outerBoundaryIs>
        </Polygon>
      </Placemark>
      <Placemark id="PLS_SE_11.8">
        <name>Perlis</name>
        <description>P.002 Kangar</description>
        <Style>
          <LineStyle>
            <color>ff0000ff</color>
          </LineStyle>
          <PolyStyle>
            <fill>0</fill>
          </PolyStyle>
        </Style>
        <ExtendedData>
          <SchemaData schemaUrl="#PLS_SE_11">
            <SimpleData name="state">P.002</SimpleData>
            <SimpleData name="parlimen">N.08 Indera Kayangan</SimpleData>
            <SimpleData name="code_parlimen">N.08</SimpleData>
            <SimpleData name="dun">9314</SimpleData>
          </SchemaData>
        </ExtendedData>
        <Polygon>
          <outerBoundaryIs>
            <LinearRing>
              <coordinates>
                100.212636820804,6.42354755652077,0
                100.212617935487,6.42283088252347,0
                100.212561331298,6.4221161718748,0
                100.212467163385,6.42140538355944,0
                100.212335689857,6.4207004658194,0
                100.212167271073,6.42000335081365,0
                100.211962368657,6.41931594932203,0
                100.211721544233,6.41864014550746,0
                100.211445457884,6.41797779175114,0
                100.211134866342,6.4173307035747,0
                100.210790620918,6.41670065466344,0
                100.210413665165,6.41608937200411,0
                100.210005032292,6.41549853115054,0
                100.209565842334,6.41492975163034,0
                100.209097299079,6.41438459250515,0
                100.208600686773,6.4138645480964,0
                100.208077366594,6.41337104388868,0
                100.207528772927,6.41290543262178,0
                100.20695640943,6.41246899058192,0
                100.206361844911,6.41206291410282,0
                100.205746709029,6.41168831628574,0
                100.20511268783,6.4113462239477,0
                100.204461519121,6.41103757480637,0
                100.203794987712,6.41076321490902,0
                100.203114920517,6.41052389631298,0
                100.202423181554,6.41032027502366,0
                100.201721666832,6.41015290919588,0
                100.201012299153,6.41002225760365,0
                100.200297022845,6.40992867838223,0
                100.19957779843,6.40987242804624,0
                100.198856597254,6.40985366078628,0
                100.198135396077,6.40987242804624,0
                100.197416171662,6.40992867838223,0
                100.196700895354,6.41002225760365,0
                100.195991527675,6.41015290919588,0
                100.195290012953,6.41032027502366,0
                100.19459827399,6.41052389631298,0
                100.193918206796,6.41076321490902,0
                100.193251675386,6.41103757480637,0
                100.192600506677,6.4113462239477,0
                100.191966485478,6.41168831628574,0
                100.191351349597,6.41206291410282,0
                100.190756785077,6.41246899058192,0
                100.19018442158,6.41290543262178,0
                100.189635827914,6.41337104388868,0
                100.189112507735,6.4138645480964,0
                100.188615895428,6.41438459250515,0
                100.188147352173,6.41492975163034,0
                100.187708162215,6.41549853115054,0
                100.187299529342,6.41608937200411,0
                100.186922573589,6.41670065466344,0
                100.186578328165,6.4173307035747,0
                100.186267736624,6.41797779175114,0
                100.185991650274,6.41864014550746,0
                100.18575082585,6.41931594932203,0
                100.185545923434,6.42000335081365,0
                100.18537750465,6.4207004658194,0
                100.185246031122,6.42140538355944,0
                100.18515186321,6.4221161718748,0
                100.185095259021,6.42283088252347,0
                100.185076373703,6.42354755652077,0
                100.185095259021,6.42426422950882,0
                100.18515186321,6.42497893714082,0
                100.185246031122,6.42568972046509,0
                100.18537750465,6.42639463129439,0
                100.185545923434,6.42709173754537,0
                100.18575082585,6.42777912853418,0
                100.185991650274,6.42845492021293,0
                100.186267736624,6.42911726033342,0
                100.186578328165,6.42976433352337,0
                100.186922573589,6.4303943662617,0
                100.187299529342,6.43100563173886,0
                100.187708162215,6.43159645458927,0
                100.188147352173,6.43216521548255,0
                100.188615895428,6.43271035556116,0
                100.189112507735,6.43323038071234,0
                100.189635827914,6.43372386566248,0
                100.19018442158,6.43418945788281,0
                100.190756785077,6.43462588129576,0
                100.191351349597,6.43503193977169,0
                100.191966485478,6.4354065204066,0
                100.192600506677,6.43574859657172,0
                100.193251675386,6.43605723072657,0
                100.193918206796,6.43633157698807,0
                100.19459827399,6.43657088344829,0
                100.195290012953,6.4367744942348,0
                100.195991527675,6.43694185130782,0
                100.196700895354,6.43707249598929,0
                100.197416171662,6.43716607021963,0
                100.198135396077,6.43722231753896,0
                100.198856597254,6.43724108378968,0
                100.19957779843,6.43722231753896,0
                100.200297022845,6.43716607021963,0
                100.201012299153,6.43707249598929,0
                100.201721666832,6.43694185130782,0
                100.202423181554,6.4367744942348,0
                100.203114920517,6.43657088344829,0
                100.203794987712,6.43633157698807,0
                100.204461519121,6.43605723072657,0
                100.20511268783,6.43574859657172,0
                100.205746709029,6.4354065204066,0
                100.206361844911,6.43503193977169,0
                100.20695640943,6.43462588129576,0
                100.207528772927,6.43418945788281,0
                100.208077366594,6.43372386566248,0
                100.208600686773,6.43323038071234,0
                100.209097299079,6.43271035556116,0
                100.209565842334,6.43216521548255,0
                100.210005032292,6.43159645458927,0
                100.210413665165,6.43100563173886,0
                100.210790620918,6.4303943662617,0
                100.211134866342,6.42976433352337,0
                100.211445457884,6.42911726033342,0
                100.211721544233,6.42845492021293,0
                100.211962368657,6.42777912853418,0
                100.212167271073,6.42709173754537,0
                100.212335689857,6.42639463129439,0
                100.212467163385,6.42568972046509,0
                100.212561331298,6.42497893714082,0
                100.212617935487,6.42426422950882,0
                100.212636820804,6.42354755652077,0
              </coordinates>
            </LinearRing>
          </outerBoundaryIs>
        </Polygon>
      </Placemark>
      <Placemark id="PLS_SE_11.9">
        <name>Perlis</name>
        <description>P.002 Kangar</description>
        <Style>
          <LineStyle>
            <color>ff0000ff</color>
          </LineStyle>
          <PolyStyle>
            <fill>0</fill>
          </PolyStyle>
        </Style>
        <ExtendedData>
          <SchemaData schemaUrl="#PLS_SE_11">
            <SimpleData name="state">P.002</SimpleData>
            <SimpleData name="parlimen">N.09 Kuala Perlis</SimpleData>
            <SimpleData name="code_parlimen">N.09</SimpleData>
            <SimpleData name="dun">8024</SimpleData>
          </SchemaData>
        </ExtendedData>
        <Polygon>
          <outerBoundaryIs>
            <LinearRing>
              <coordinates>
                100.154052690332,6.41073414940855,0
                100.154035161554,6.41006893768921,0
                100.153982623266,6.40940554840485,0
                100.153895219472,6.40874579987012,0
                100.153773189739,6.40809150042761,0
                100.153616868542,6.40744444349112,0
                100.153426684348,6.40680640262966,0
                100.153203158437,6.40617912670609,0
                100.152946903478,6.405564335083,0
                100.152658621849,6.40496371290968,0
                100.152339103709,6.40437890650272,0
                100.151989224836,6.40381151883297,0
                100.151609944223,6.40326310513125,0
                100.151202301452,6.40273516862497,0
                100.150767413844,6.40222915641714,0
                100.150306473394,6.40174645551927,0
                100.14982074351,6.40128838904895,0
                100.149311555542,6.40085621260246,0
                100.14878030514,6.40045111081258,0
                100.148228448424,6.4000741941009,0
                100.147657497994,6.39972649563341,0
                100.147069018787,6.39940896848802,0
                100.146464623783,6.39912248304161,0
                100.145845969587,6.39886782458372,0
                100.145214751886,6.39864569116355,0
                100.144572700805,6.39845669167615,0
                100.143921576161,6.39830134419302,0
                100.143263162641,6.39818007454167,0
                100.142599264912,6.39809321513813,0
                100.14193170267,6.39804100407559,0
                100.141262305657,6.39802358447158,0
                100.140592908644,6.39804100407559,0
                100.139925346402,6.39809321513813,0
                100.139261448673,6.39818007454167,0
                100.138603035153,6.39830134419302,0
                100.137951910509,6.39845669167615,0
                100.137309859428,6.39864569116355,0
                100.136678641727,6.39886782458372,0
                100.136059987531,6.39912248304161,0
                100.135455592527,6.39940896848802,0
                100.13486711332,6.39972649563341,0
                100.134296162891,6.4000741941009,0
                100.133744306174,6.40045111081258,0
                100.133213055772,6.40085621260246,0
                100.132703867804,6.40128838904895,0
                100.13221813792,6.40174645551927,0
                100.13175719747,6.40222915641714,0
                100.131322309862,6.40273516862497,0
                100.130914667091,6.40326310513125,0
                100.130535386478,6.40381151883297,0
                100.130185507605,6.40437890650272,0
                100.129865989465,6.40496371290968,0
                100.129577707836,6.405564335083,0
                100.129321452878,6.40617912670609,0
                100.129097926967,6.40680640262966,0
                100.128907742772,6.40744444349112,0
                100.128751421575,6.40809150042761,0
                100.128629391842,6.40874579987012,0
                100.128541988048,6.40940554840485,0
                100.12848944976,6.41006893768921,0
                100.128471920983,6.41073414940855,0
                100.12848944976,6.41139936026012,0
                100.128541988048,6.41206274695072,0
                100.128629391842,6.41272249119407,0
                100.128751421575,6.41337678469463,0
                100.128907742772,6.41402383410373,0
                100.129097926967,6.41466186593477,0
                100.129321452878,6.41528913142386,0
                100.129577707836,6.41590391132272,0
                100.129865989465,6.41650452061052,0
                100.130185507605,6.41708931311184,0
                100.130535386478,6.41765668600822,0
                100.130914667091,6.41820508423065,0
                100.131322309862,6.41873300472135,0
                100.13175719747,6.41923900055274,0
                100.13221813792,6.41972168489278,0
                100.132703867804,6.42017973480527,0
                100.133213055772,6.42061189487534,0
                100.133744306174,6.4210169806496,0
                100.134296162891,6.42139388188201,0
                100.13486711332,6.42174156557611,0
                100.135455592527,6.42205907881587,0
                100.136059987531,6.42234555137677,0
                100.136678641727,6.42260019811044,0
                100.137309859428,6.42282232109612,0
                100.137951910509,6.4230113115531,0
                100.138603035153,6.42316665150882,0
                100.139261448673,6.42328791521824,0
                100.139925346402,6.42337477033041,0
                100.140592908644,6.42342697879917,0
                100.141262305657,6.42344439753542,0
                100.14193170267,6.42342697879917,0
                100.142599264912,6.42337477033041,0
                100.143263162641,6.42328791521824,0
                100.143921576161,6.42316665150882,0
                100.144572700805,6.4230113115531,0
                100.145214751886,6.42282232109612,0
                100.145845969587,6.42260019811044,0
                100.146464623783,6.42234555137677,0
                100.147069018787,6.42205907881587,0
                100.147657497994,6.42174156557611,0
                100.148228448424,6.42139388188201,0
                100.14878030514,6.4210169806496,0
                100.149311555542,6.42061189487534,0
                100.14982074351,6.42017973480527,0
                100.150306473394,6.41972168489278,0
                100.150767413844,6.41923900055274,0
                100.151202301452,6.41873300472135,0
                100.151609944223,6.41820508423065,0
                100.151989224836,6.41765668600822,0
                100.152339103709,6.41708931311184,0
                100.152658621849,6.41650452061052,0
                100.152946903478,6.41590391132272,0
                100.153203158437,6.41528913142386,0
                100.153426684348,6.41466186593477,0
                100.153616868542,6.41402383410373,0
                100.153773189739,6.41337678469463,0
                100.153895219472,6.41272249119407,0
                100.153982623266,6.41206274695072,0
                100.154035161554,6.41139936026012,0
                100.154052690332,6.41073414940855,0
              </coordinates>
            </LinearRing>
          </outerBoundaryIs>
        </Polygon>
      </Placemark>
      <Placemark id="PLS_SE_11.10">
        <name>Perlis</name>
        <description>P.002 Kangar</description>
        <Style>
          <LineStyle>
            <color>ff0000ff</color>
          </LineStyle>
          <PolyStyle>
            <fill>0</fill>
          </PolyStyle>
        </Style>
        <ExtendedData>
          <SchemaData schemaUrl="#PLS_SE_11">
            <SimpleData name="state">P.002</SimpleData>
            <SimpleData name="parlimen">N.10 Kayang</SimpleData>
            <SimpleData name="code_parlimen">N.10</SimpleData>
            <SimpleData name="dun">7349</SimpleData>
          </SchemaData>
        </ExtendedData>
        <Polygon>
          <outerBoundaryIs>
            <LinearRing>
              <coordinates>
                100.188359310793,6.40474583132095,0
                100.188342535493,6.40410920639213,0
                100.188292255573,6.40347432561731,0
                100.188208608847,6.40284292917036,0
                100.188091824584,6.40221674768128,0
                100.187942222882,6.40159749749239,0
                100.187760213789,6.40098687595377,0
                100.187546296179,6.40038655677061,0
                100.187301056385,6.39979818541532,0
                100.187025166594,6.39922337461698,0
                100.186719382999,6.39866369994049,0
                100.186384543731,6.39812069546751,0
                100.186021566564,6.39759584959107,0
                100.18563144639,6.3970906009354,0
                100.185215252503,6.39660633441212,0
                100.184774125661,6.39614437742362,0
                100.184309274963,6.39570599622407,0
                100.183821974531,6.39529239244806,0
                100.183313560022,6.39490469981627,0
                100.182785424966,6.39454398102738,0
                100.182239016943,6.39421122484461,0
                100.18167583362,6.393907343385,0
                100.181097418643,6.39363316961867,0
                100.180505357408,6.39338945508525,0
                100.179901272713,6.3931768678333,0
                100.179286820312,6.39299599058888,0
                100.178663684377,6.39284731915779,0
                100.178033572881,6.39273126106637,0
                100.177398212914,6.39264813444405,0
                100.176759345954,6.39259816715124,0
                100.176118723092,6.39258149615454,0
                100.175478100229,6.39259816715124,0
                100.17483923327,6.39264813444405,0
                100.174203873303,6.39273126106637,0
                100.173573761806,6.39284731915779,0
                100.172950625871,6.39299599058888,0
                100.172336173471,6.3931768678333,0
                100.171732088776,6.39338945508525,0
                100.171140027541,6.39363316961867,0
                100.170561612564,6.393907343385,0
                100.169998429241,6.39421122484461,0
                100.169452021218,6.39454398102738,0
                100.168923886161,6.39490469981627,0
                100.168415471653,6.39529239244806,0
                100.167928171221,6.39570599622407,0
                100.167463320522,6.39614437742362,0
                100.167022193681,6.39660633441212,0
                100.166605999794,6.3970906009354,0
                100.16621587962,6.39759584959107,0
                100.165852902452,6.39812069546751,0
                100.165518063185,6.39866369994049,0
                100.16521227959,6.39922337461698,0
                100.164936389798,6.39979818541532,0
                100.164691150005,6.40038655677061,0
                100.164477232395,6.40098687595377,0
                100.164295223302,6.40159749749239,0
                100.1641456216,6.40221674768128,0
                100.164028837337,6.40284292917036,0
                100.16394519061,6.40347432561731,0
                100.16389491069,6.40410920639213,0
                100.16387813539,6.40474583132095,0
                100.16389491069,6.40538245545573,0
                100.16394519061,6.40601733385716,0
                100.164028837337,6.40664872637734,0
                100.1641456216,6.40727490242934,0
                100.164295223302,6.40789414573037,0
                100.164477232395,6.40850475900582,0
                100.164691150005,6.40910506864106,0
                100.164936389798,6.40969342926826,0
                100.16521227959,6.41026822827588,0
                100.165518063185,6.41082789022823,0
                100.165852902452,6.41137088118302,0
                100.16621587962,6.41189571289536,0
                100.166605999794,6.41240094689617,0
                100.167022193681,6.41288519843444,0
                100.167463320522,6.41334714027193,0
                100.167928171221,6.41378550632045,0
                100.168415471653,6.41419909511143,0
                100.168923886161,6.41458677308838,0
                100.169452021218,6.41494747771318,0
                100.169998429241,6.41528022037775,0
                100.170561612564,6.41558408911322,0
                100.171140027541,6.41585825108883,0
                100.171732088776,6.41610195489416,0
                100.172336173471,6.41631453259818,0
                100.172950625871,6.41649540157945,0
                100.173573761806,6.41664406612267,0
                100.174203873303,6.41676011877701,0
                100.17483923327,6.41684324147256,0
                100.175478100229,6.41689320639199,0
                100.176118723092,6.41690987659466,0
                100.176759345954,6.41689320639199,0
                100.177398212914,6.41684324147256,0
                100.178033572881,6.41676011877701,0
                100.178663684377,6.41664406612267,0
                100.179286820312,6.41649540157945,0
                100.179901272713,6.41631453259818,0
                100.180505357408,6.41610195489416,0
                100.181097418643,6.41585825108883,0
                100.18167583362,6.41558408911322,0
                100.182239016943,6.41528022037775,0
                100.182785424966,6.41494747771318,0
                100.183313560022,6.41458677308838,0
                100.183821974531,6.41419909511143,0
                100.184309274963,6.41378550632045,0
                100.184774125661,6.41334714027193,0
                100.185215252503,6.41288519843444,0
                100.18563144639,6.41240094689617,0
                100.186021566564,6.41189571289536,0
                100.186384543731,6.41137088118302,0
                100.186719382999,6.41082789022823,0
                100.187025166594,6.41026822827588,0
                100.187301056385,6.40969342926826,0
                100.187546296179,6.40910506864106,0
                100.187760213789,6.40850475900582,0
                100.187942222882,6.40789414573037,0
                100.188091824584,6.40727490242934,0
                100.188208608847,6.40664872637734,0
                100.188292255573,6.40601733385716,0
                100.188342535493,6.40538245545573,0
                100.188359310793,6.40474583132095,0
              </coordinates>
            </LinearRing>
          </outerBoundaryIs>
        </Polygon>
      </Placemark>
      <Placemark id="PLS_SE_11.11">
        <name>Perlis</name>
        <description>P.003 Arau</description>
        <Style>
          <LineStyle>
            <color>ff0000ff</color>
          </LineStyle>
          <PolyStyle>
            <fill>0</fill>
          </PolyStyle>
        </Style>
        <ExtendedData>
          <SchemaData schemaUrl="#PLS_SE_11">
            <SimpleData name="state">P.003</SimpleData>
            <SimpleData name="parlimen">N.11 Pauh</SimpleData>
            <SimpleData name="code_parlimen">N.11</SimpleData>
            <SimpleData name="dun">7601</SimpleData>
          </SchemaData>
        </ExtendedData>
        <Polygon>
          <outerBoundaryIs>
            <LinearRing>
              <coordinates>
                100.327994400603,6.44801046770419,0
                100.327977340111,6.44736307477405,0
                100.327926205398,6.44671745547971,0
                100.327841136621,6.44607537942897,0
                100.327722366946,6.44543860652457,0
                100.327570221914,6.44480888214008,0
                100.327385118543,6.44418793233577,0
                100.327167564188,6.44357745912732,0
                100.326918155152,6.4429791358202,0
                100.326637575047,6.44239460242294,0
                100.326326592923,6.44182546115139,0
                100.325986061161,6.44127327203665,0
                100.325616913135,6.44073954864848,0
                100.325220160654,6.44022575394618,0
                100.324796891189,6.43973329626792,0
                100.324348264892,6.43926352547006,0
                100.323875511416,6.43881772922639,0
                100.323379926546,6.43839712949821,0
                100.322862868646,6.43800287918412,0
                100.322325754935,6.43763605895945,0
                100.321770057605,6.43729767431344,0
                100.321197299784,6.43698865279258,0
                100.32060905136,6.43670984145775,0
                100.320006924682,6.43646200456178,0
                100.319392570138,6.43624582145417,0
                100.31876767163,6.43606188471855,0
                100.318133941961,6.43591069854803,0
                100.317493118142,6.43579267736276,0
                100.316846956624,6.43570814467386,0
                100.316197228493,6.43565733219629,0
                100.315545714608,6.43564037921365,0
                100.314894200722,6.43565733219629,0
                100.314244472591,6.43570814467386,0
                100.313598311074,6.43579267736276,0
                100.312957487254,6.43591069854803,0
                100.312323757586,6.43606188471855,0
                100.311698859078,6.43624582145417,0
                100.311084504533,6.43646200456178,0
                100.310482377855,6.43670984145775,0
                100.309894129432,6.43698865279258,0
                100.30932137161,6.43729767431344,0
                100.30876567428,6.43763605895945,0
                100.308228560569,6.43800287918412,0
                100.307711502669,6.43839712949821,0
                100.307215917799,6.43881772922639,0
                100.306743164324,6.43926352547006,0
                100.306294538026,6.43973329626792,0
                100.305871268561,6.44022575394618,0
                100.30547451608,6.44073954864848,0
                100.305105368054,6.44127327203665,0
                100.304764836292,6.44182546115139,0
                100.304453854168,6.44239460242294,0
                100.304173274063,6.4429791358202,0
                100.303923865027,6.44357745912732,0
                100.303706310673,6.44418793233577,0
                100.303521207302,6.44480888214008,0
                100.303369062269,6.44543860652457,0
                100.303250292594,6.44607537942897,0
                100.303165223817,6.44671745547971,0
                100.303114089104,6.44736307477405,0
                100.303097028612,6.44801046770419,0
                100.303114089104,6.4486578598076,0
                100.303165223817,6.44930347663087,0
                100.303250292594,6.44994554859323,0
                100.303369062269,6.45058231583676,0
                100.303521207302,6.4512120330499,0
                100.303706310673,6.45183297425093,0
                100.303923865027,6.45244343751849,0
                100.304173274063,6.45304174965594,0
                100.304453854168,6.45362627077719,0
                100.304764836292,6.45419539880087,0
                100.305105368054,6.45474757384104,0
                100.30547451608,6.45528128248212,0
                100.305871268561,6.45579506192641,0
                100.306294538026,6.45628750400286,0
                100.306743164324,6.45675725902612,0
                100.307215917799,6.45720303949515,0
                100.307711502669,6.45762362362156,0
                100.308228560569,6.45801785867761,0
                100.30876567428,6.45838466415519,0
                100.30932137161,6.45872303472664,0
                100.309894129432,6.45903204299962,0
                100.310482377855,6.45931084205844,0
                100.311084504533,6.45955866778477,0
                100.311698859078,6.45977484095146,0
                100.312323757586,6.45995876908381,0
                100.312957487254,6.46010994808299,0
                100.313598311074,6.46022796360737,0
                100.314244472591,6.46031249220789,0
                100.314894200722,6.46036330221439,0
                100.315545714608,6.46038025437031,0
                100.316197228493,6.46036330221439,0
                100.316846956624,6.46031249220789,0
                100.317493118142,6.46022796360737,0
                100.318133941961,6.46010994808299,0
                100.31876767163,6.45995876908381,0
                100.319392570138,6.45977484095146,0
                100.320006924682,6.45955866778477,0
                100.32060905136,6.45931084205844,0
                100.321197299784,6.45903204299962,0
                100.321770057605,6.45872303472664,0
                100.322325754935,6.45838466415519,0
                100.322862868646,6.45801785867761,0
                100.323379926546,6.45762362362156,0
                100.323875511416,6.45720303949515,0
                100.324348264892,6.45675725902612,0
                100.324796891189,6.45628750400286,0
                100.325220160654,6.45579506192641,0
                100.325616913135,6.45528128248212,0
                100.325986061161,6.45474757384104,0
                100.326326592923,6.45419539880087,0
                100.326637575047,6.45362627077719,0
                100.326918155152,6.45304174965594,0
                100.327167564188,6.45244343751849,0
                100.327385118543,6.45183297425093,0
                100.327570221914,6.4512120330499,0
                100.327722366946,6.45058231583676,0
                100.327841136621,6.44994554859323,0
                100.327926205398,6.44930347663087,0
                100.327977340111,6.4486578598076,0
                100.327994400603,6.44801046770419,0
              </coordinates>
            </LinearRing>
          </outerBoundaryIs>
        </Polygon>
      </Placemark>
      <Placemark id="PLS_SE_11.12">
        <name>Perlis</name>
        <description>P.003 Arau</description>
        <Style>
          <LineStyle>
            <color>ff0000ff</color>
          </LineStyle>
          <PolyStyle>
            <fill>0</fill>
          </PolyStyle>
        </Style>
        <ExtendedData>
          <SchemaData schemaUrl="#PLS_SE_11">
            <SimpleData name="state">P.003</SimpleData>
            <SimpleData name="parlimen">N.12 Tambun Tulang</SimpleData>
            <SimpleData name="code_parlimen">N.12</SimpleData>
            <SimpleData name="dun">8447</SimpleData>
          </SchemaData>
        </ExtendedData>
        <Polygon>
          <outerBoundaryIs>
            <LinearRing>
              <coordinates>
                100.252673536907,6.40763480635765,0
                100.252655552032,6.40695228173266,0
                100.252601646703,6.406271626951,0
                100.25251196867,6.40559470765141,0
                100.252386763735,6.4049233792413,0
                100.252226375075,6.40425948181091,0
                100.252031242306,6.40360483508956,0
                100.251801900271,6.40296123345754,0
                100.251538977582,6.40233044102729,0
                100.251243194892,6.40171418680776,0
                100.25091536292,6.40111415996462,0
                100.250556380232,6.40053200518986,0
                100.250167230772,6.3999693181931,0
                100.249748981174,6.39942764132717,0
                100.249302777831,6.39890845935987,0
                100.248829843754,6.39841319540365,0
                100.248331475223,6.39794320701407,0
                100.247809038232,6.39749978246812,0
                100.247263964743,6.39708413723239,0
                100.246697748767,6.39669741063069,0
                100.24611194226,6.39634066272058,0
                100.245508150879,6.39601487138701,0
                100.244888029573,6.39572092966143,0
                100.244253278052,6.39545964327325,0
                100.243605636126,6.39523172844088,0
                100.242946878935,6.39503780990808,0
                100.242278812088,6.39487841923098,0
                100.24160326671,6.39475399332088,0
                100.240922094424,6.39466487324614,0
                100.240237162274,6.3946113032972,0
                100.239550347614,6.39459343031677,0
                100.238863532953,6.3946113032972,0
                100.238178600804,6.39466487324614,0
                100.237497428517,6.39475399332088,0
                100.236821883139,6.39487841923098,0
                100.236153816292,6.39503780990808,0
                100.235495059101,6.39523172844088,0
                100.234847417175,6.39545964327325,0
                100.234212665654,6.39572092966143,0
                100.233592544348,6.39601487138701,0
                100.232988752967,6.39634066272058,0
                100.23240294646,6.39669741063069,0
                100.231836730484,6.39708413723239,0
                100.231291656996,6.39749978246812,0
                100.230769220004,6.39794320701407,0
                100.230270851473,6.39841319540365,0
                100.229797917396,6.39890845935987,0
                100.229351714053,6.39942764132717,0
                100.228933464455,6.3999693181931,0
                100.228544314996,6.40053200518986,0
                100.228185332307,6.40111415996462,0
                100.227857500335,6.40171418680776,0
                100.227561717645,6.40233044102729,0
                100.227298794956,6.40296123345754,0
                100.227069452921,6.40360483508956,0
                100.226874320152,6.40425948181091,0
                100.226713931492,6.4049233792413,0
                100.226588726557,6.40559470765141,0
                100.226499048524,6.406271626951,0
                100.226445143195,6.40695228173266,0
                100.22642715832,6.40763480635765,0
                100.226445143195,6.40831733006958,0
                100.226499048524,6.40899798212203,0
                100.226588726557,6.40967489690617,0
                100.226713931492,6.41034621906408,0
                100.226874320152,6.411010108574,0
                100.227069452921,6.41166474579338,0
                100.227298794956,6.41230833644607,0
                100.227561717645,6.41293911653989,0
                100.227857500335,6.41355535720108,0
                100.228185332307,6.41415536941248,0
                100.228544314996,6.41473750864245,0
                100.228933464455,6.41530017935164,0
                100.229351714053,6.41584183936572,0
                100.229797917396,6.41636100410146,0
                100.230270851473,6.41685625063527,0
                100.230769220004,6.41732622160242,0
                100.231291656996,6.41776962891682,0
                100.231836730484,6.41818525730069,0
                100.23240294646,6.41857196761483,0
                100.232988752967,6.41892869998014,0
                100.233592544348,6.41925447668198,0
                100.234212665654,6.41954840484921,0
                100.234847417175,6.41980967890098,0
                100.235495059101,6.42003758275399,0
                100.236153816292,6.42023149178485,0
                100.236821883139,6.42039087454147,0
                100.237497428517,6.42051529419937,0
                100.238178600804,6.42060440975866,0
                100.238863532953,6.4206579769784,0
                100.239550347614,6.42067584904574,0
                100.240237162274,6.4206579769784,0
                100.240922094424,6.42060440975866,0
                100.24160326671,6.42051529419937,0
                100.242278812088,6.42039087454147,0
                100.242946878935,6.42023149178485,0
                100.243605636126,6.42003758275399,0
                100.244253278052,6.41980967890098,0
                100.244888029573,6.41954840484921,0
                100.245508150879,6.41925447668198,0
                100.24611194226,6.41892869998014,0
                100.246697748767,6.41857196761483,0
                100.247263964743,6.41818525730069,0
                100.247809038232,6.41776962891682,0
                100.248331475223,6.41732622160242,0
                100.248829843754,6.41685625063527,0
                100.249302777831,6.41636100410146,0
                100.249748981174,6.41584183936572,0
                100.250167230772,6.41530017935164,0
                100.250556380232,6.41473750864245,0
                100.25091536292,6.41415536941248,0
                100.251243194892,6.41355535720108,0
                100.251538977582,6.41293911653989,0
                100.251801900271,6.41230833644607,0
                100.252031242306,6.41166474579338,0
                100.252226375075,6.411010108574,0
                100.252386763735,6.41034621906408,0
                100.25251196867,6.40967489690617,0
                100.252601646703,6.40899798212203,0
                100.252655552032,6.40831733006958,0
                100.252673536907,6.40763480635765,0
              </coordinates>
            </LinearRing>
          </outerBoundaryIs>
        </Polygon>
      </Placemark>
      <Placemark id="PLS_SE_11.13">
        <name>Perlis</name>
        <description>P.003 Arau</description>
        <Style>
          <LineStyle>
            <color>ff0000ff</color>
          </LineStyle>
          <PolyStyle>
            <fill>0</fill>
          </PolyStyle>
        </Style>
        <ExtendedData>
          <SchemaData schemaUrl="#PLS_SE_11">
            <SimpleData name="state">P.003</SimpleData>
            <SimpleData name="parlimen">N.13 Guar Sanji</SimpleData>
            <SimpleData name="code_parlimen">N.13</SimpleData>
            <SimpleData name="dun">7765</SimpleData>
          </SchemaData>
        </ExtendedData>
        <Polygon>
          <outerBoundaryIs>
            <LinearRing>
              <coordinates>
                100.273354988168,6.37710657084082,0
                100.273337744609,6.37645214005822,0
                100.273286061196,6.375799502193,0
                100.273200079589,6.37515044609055,0
                100.273080035459,6.37450675078553,0
                100.272926257837,6.37387018062563,0
                100.272739168217,6.37324248043525,0
                100.2725192794,6.37262537073273,0
                100.272267194084,6.37202054301417,0
                100.271983603219,6.37142965511672,0
                100.271669284107,6.37085432667401,0
                100.271325098275,6.37029613467629,0
                100.270951989113,6.36975660914745,0
                100.270550979286,6.36923722895067,0
                100.270123167935,6.36873941773425,0
                100.269669727661,6.36826454002888,0
                100.269191901312,6.36781389750673,0
                100.268690998578,6.36738872541305,0
                100.268168392397,6.36699018917971,0
                100.267625515197,6.36661938123006,0
                100.267063854966,6.36627731798404,0
                100.266484951177,6.3659649370716,0
                100.265890390564,6.36568309476198,0
                100.265281802776,6.36543256361626,0
                100.264660855911,6.36521403036916,0
                100.26402925194,6.36502809404634,0
                100.263388722047,6.36487526432196,0
                100.262741021878,6.36475596012139,0
                100.262087926736,6.36467050847261,0
                100.261431226709,6.36461914360958,0
                100.260772721765,6.36460200633007,0
                100.260114216821,6.36461914360958,0
                100.259457516793,6.36467050847261,0
                100.258804421651,6.36475596012139,0
                100.258156721482,6.36487526432196,0
                100.257516191589,6.36502809404634,0
                100.256884587618,6.36521403036916,0
                100.256263640753,6.36543256361626,0
                100.255655052965,6.36568309476198,0
                100.255060492352,6.3659649370716,0
                100.254481588563,6.36627731798404,0
                100.253919928332,6.36661938123006,0
                100.253377051132,6.36699018917971,0
                100.252854444951,6.36738872541305,0
                100.252353542217,6.36781389750673,0
                100.251875715868,6.36826454002888,0
                100.251422275594,6.36873941773425,0
                100.250994464243,6.36923722895067,0
                100.250593454417,6.36975660914745,0
                100.250220345254,6.37029613467629,0
                100.249876159422,6.37085432667401,0
                100.24956184031,6.37142965511672,0
                100.249278249445,6.37202054301417,0
                100.249026164129,6.37262537073273,0
                100.248806275312,6.37324248043525,0
                100.248619185692,6.37387018062563,0
                100.24846540807,6.37450675078553,0
                100.24834536394,6.37515044609055,0
                100.248259382333,6.375799502193,0
                100.24820769892,6.37645214005822,0
                100.248190455361,6.37710657084082,0
                100.24820769892,6.37776100078799,0
                100.248259382333,6.3784136361561,0
                100.24834536394,6.37906268812714,0
                100.24846540807,6.37970637771166,0
                100.248619185692,6.3803429406247,0
                100.248806275312,6.38097063212123,0
                100.249026164129,6.38158773177815,0
                100.249278249445,6.38219254820945,0
                100.24956184031,6.38278342370162,0
                100.249876159422,6.38335873875697,0
                100.250220345254,6.3839169165319,0
                100.250593454417,6.38445642715838,0
                100.250994464243,6.38497579193646,0
                100.251422275594,6.38547358738681,0
                100.251875715868,6.38594844915146,0
                100.252353542217,6.38639907573288,0
                100.252854444951,6.38682423206048,0
                100.253377051132,6.38722275287513,0
                100.253919928332,6.38759354592241,0
                100.254481588563,6.38793559494564,0
                100.255060492352,6.38824796247073,0
                100.255655052965,6.38852979237507,0
                100.256263640753,6.38878031223353,0
                100.256884587618,6.38899883543503,0
                100.257516191589,6.389184763064,0
                100.258156721482,6.38933758554152,0
                100.258804421651,6.3894568840216,0
                100.259457516793,6.38954233153896,0
                100.260114216821,6.38959369390489,0
                100.260772721765,6.38961083034898,0
                100.261431226709,6.38959369390489,0
                100.262087926736,6.38954233153896,0
                100.262741021878,6.3894568840216,0
                100.263388722047,6.38933758554152,0
                100.26402925194,6.389184763064,0
                100.264660855911,6.38899883543503,0
                100.265281802776,6.38878031223353,0
                100.265890390564,6.38852979237507,0
                100.266484951177,6.38824796247073,0
                100.267063854966,6.38793559494564,0
                100.267625515197,6.38759354592241,0
                100.268168392397,6.38722275287513,0
                100.268690998578,6.38682423206048,0
                100.269191901312,6.38639907573288,0
                100.269669727661,6.38594844915146,0
                100.270123167935,6.38547358738681,0
                100.270550979286,6.38497579193646,0
                100.270951989113,6.38445642715838,0
                100.271325098275,6.3839169165319,0
                100.271669284107,6.38335873875697,0
                100.271983603219,6.38278342370162,0
                100.272267194084,6.38219254820945,0
                100.2725192794,6.38158773177815,0
                100.272739168217,6.38097063212123,0
                100.272926257837,6.3803429406247,0
                100.273080035459,6.37970637771166,0
                100.273200079589,6.37906268812714,0
                100.273286061196,6.3784136361561,0
                100.273337744609,6.37776100078799,0
                100.273354988168,6.37710657084082,0
              </coordinates>
            </LinearRing>
          </outerBoundaryIs>
        </Polygon>
      </Placemark>
      <Placemark id="PLS_SE_11.14">
        <name>Perlis</name>
        <description>P.003 Arau</description>
        <Style>
          <LineStyle>
            <color>ff0000ff</color>
          </LineStyle>
          <PolyStyle>
            <fill>0</fill>
          </PolyStyle>
        </Style>
        <ExtendedData>
          <SchemaData schemaUrl="#PLS_SE_11">
            <SimpleData name="state">P.003</SimpleData>
            <SimpleData name="parlimen">N.14 Simpang Empat</SimpleData>
            <SimpleData name="code_parlimen">N.14</SimpleData>
            <SimpleData name="dun">6554</SimpleData>
          </SchemaData>
        </ExtendedData>
        <Polygon>
          <outerBoundaryIs>
            <LinearRing>
              <coordinates>
                100.187124946764,6.35195545408616,0
                100.187109104787,6.35135418697552,0
                100.187061622276,6.35075456719678,0
                100.186982629379,6.35015823827479,0
                100.186872342608,6.34956683471997,0
                100.186731064253,6.3489819775482,0
                100.186559181548,6.3484052698374,0
                100.186357165611,6.34783829233337,0
                100.186125570154,6.34728259911679,0
                100.185865029964,6.34673971334314,0
                100.185576259163,6.34621112306745,0
                100.185260049252,6.34569827716514,0
                100.184917266941,6.34520258136032,0
                100.184548851772,6.34472539437217,0
                100.184155813545,6.34426802419031,0
                100.183739229551,6.343831724489,0
                100.183300241617,6.34341769119042,0
                100.18284005298,6.34302705918607,0
                100.182359924984,6.3426608992255,0
                100.181861173626,6.34232021498091,0
                100.18134516595,6.34200594029554,0
                100.180813316296,6.34171893662349,0
                100.180267082428,6.34145999066807,0
                100.179707961534,6.34122981222493,0
                100.179137486126,6.34102903223608,0
                100.178557219838,6.34085820106015,0
                100.177968753139,6.34071778696351,0
                100.177373698975,6.34060817483643,0
                100.176773688349,6.34052966513783,0
                100.176170365847,6.34048247307159,0
                100.175565385136,6.34046672799651,0
                100.174960404424,6.34048247307159,0
                100.174357081922,6.34052966513783,0
                100.173757071296,6.34060817483643,0
                100.173162017132,6.34071778696351,0
                100.172573550433,6.34085820106015,0
                100.171993284145,6.34102903223608,0
                100.171422808737,6.34122981222493,0
                100.170863687843,6.34145999066807,0
                100.170317453975,6.34171893662349,0
                100.169785604321,6.34200594029554,0
                100.169269596645,6.34232021498091,0
                100.168770845287,6.3426608992255,0
                100.168290717291,6.34302705918607,0
                100.167830528654,6.34341769119042,0
                100.16739154072,6.343831724489,0
                100.166974956726,6.34426802419031,0
                100.1665819185,6.34472539437217,0
                100.16621350333,6.34520258136032,0
                100.165870721019,6.34569827716514,0
                100.165554511108,6.34621112306745,0
                100.165265740308,6.34673971334314,0
                100.165005200117,6.34728259911679,0
                100.16477360466,6.34783829233337,0
                100.164571588723,6.3484052698374,0
                100.164399706018,6.3489819775482,0
                100.164258427663,6.34956683471997,0
                100.164148140892,6.35015823827479,0
                100.164069147995,6.35075456719678,0
                100.164021665484,6.35135418697552,0
                100.164005823507,6.35195545408616,0
                100.164021665484,6.35255672049442,0
                100.164069147995,6.35315633817366,0
                100.164148140892,6.35375266362207,0
                100.164258427663,6.35434406236727,0
                100.164399706018,6.3549289134461,0
                100.164571588723,6.35550561384737,0
                100.16477360466,6.35607258290536,0
                100.165005200117,6.35662826663195,0
                100.165265740308,6.35717114197564,0
                100.165554511108,6.35769972099565,0
                100.165870721019,6.35821255493986,0
                100.16621350333,6.35870823821522,0
                100.1665819185,6.35918541223979,0
                100.166974956726,6.35964276916601,0
                100.16739154072,6.36007905546485,0
                100.167830528654,6.36049307536094,0
                100.168290717291,6.36088369410967,0
                100.168770845287,6.36124984110667,0
                100.169269596645,6.36159051282179,0
                100.169785604321,6.36190477554908,0
                100.170317453975,6.36219176796542,0
                100.170863687843,6.36245070349088,0
                100.171422808737,6.36268087244403,0
                100.171993284145,6.36288164398686,0
                100.172573550433,6.36305246785325,0
                100.173162017132,6.36319287585694,0
                100.173757071296,6.36330248317441,0
                100.174357081922,6.36338098939944,0
                100.174960404424,6.36342817936618,0
                100.175565385136,6.36344392373888,0
                100.176170365847,6.36342817936618,0
                100.176773688349,6.36338098939944,0
                100.177373698975,6.36330248317441,0
                100.177968753139,6.36319287585694,0
                100.178557219838,6.36305246785325,0
                100.179137486126,6.36288164398686,0
                100.179707961534,6.36268087244403,0
                100.180267082428,6.36245070349088,0
                100.180813316296,6.36219176796542,0
                100.18134516595,6.36190477554908,0
                100.181861173626,6.36159051282179,0
                100.182359924984,6.36124984110667,0
                100.18284005298,6.36088369410967,0
                100.183300241617,6.36049307536094,0
                100.183739229551,6.36007905546485,0
                100.184155813545,6.35964276916601,0
                100.184548851772,6.35918541223979,0
                100.184917266941,6.35870823821522,0
                100.185260049252,6.35821255493986,0
                100.185576259163,6.35769972099565,0
                100.185865029964,6.35717114197564,0
                100.186125570154,6.35662826663195,0
                100.186357165611,6.35607258290536,0
                100.186559181548,6.35550561384737,0
                100.186731064253,6.3549289134461,0
                100.186872342608,6.35434406236727,0
                100.186982629379,6.35375266362207,0
                100.187061622276,6.35315633817366,0
                100.187109104787,6.35255672049442,0
                100.187124946764,6.35195545408616,0
              </coordinates>
            </LinearRing>
          </outerBoundaryIs>
        </Polygon>
      </Placemark>
      <Placemark id="PLS_SE_11.15">
        <name>Perlis</name>
        <description>P.003 Arau</description>
        <Style>
          <LineStyle>
            <color>ff0000ff</color>
          </LineStyle>
          <PolyStyle>
            <fill>0</fill>
          </PolyStyle>
        </Style>
        <ExtendedData>
          <SchemaData schemaUrl="#PLS_SE_11">
            <SimpleData name="state">P.003</SimpleData>
            <SimpleData name="parlimen">N.15 Sanglang</SimpleData>
            <SimpleData name="code_parlimen">N.15</SimpleData>
            <SimpleData name="dun">7700</SimpleData>
          </SchemaData>
        </ExtendedData>
        <Polygon>
          <outerBoundaryIs>
            <LinearRing>
              <coordinates>
                100.211077138483,6.30775495056295,0
                100.211059967248,6.30710317694589,0
                100.211008500607,6.30645318897891,0
                100.210922879628,6.30580676824397,0
                100.210803338992,6.30516568655211,0
                100.210650206351,6.3045317010868,0
                100.210463901431,6.3039065495874,0
                100.21024493488,6.3032919455858,0
                100.209993906872,6.30268957370939,0
                100.209711505456,6.30210108506311,0
                100.209398504675,6.30152809270345,0
                100.209055762442,6.3009721672166,0
                100.20868421819,6.30043483241297,0
                100.208284890296,6.29991756114995,0
                100.20785887329,6.29942177129421,0
                100.207407334855,6.29894882183477,0
                100.206931512627,6.29850000915742,0
                100.2064327108,6.29807656349067,0
                100.205912296557,6.29767964553312,0
                100.205371696316,6.29731034327138,0
                100.204812391825,6.29696966899723,0
                100.204235916099,6.29665855653241,0
                100.203643849217,6.29637785866842,0
                100.203037813995,6.29612834482851,0
                100.202419471532,6.29591069895818,0
                100.201790516662,6.29572551765004,0
                100.201152673307,6.29557330850815,0
                100.200507689751,6.29545448875634,0
                100.199857333849,6.29536938409429,0
                100.199203388181,6.2953182278046,0
                100.198547645167,6.29530116011313,0
                100.197891902153,6.2953182278046,0
                100.197237956485,6.29536938409429,0
                100.196587600583,6.29545448875634,0
                100.195942617026,6.29557330850815,0
                100.195304773671,6.29572551765004,0
                100.194675818801,6.29591069895818,0
                100.194057476338,6.29612834482851,0
                100.193451441116,6.29637785866842,0
                100.192859374235,6.29665855653241,0
                100.192282898509,6.29696966899723,0
                100.191723594018,6.29731034327138,0
                100.191182993777,6.29767964553312,0
                100.190662579533,6.29807656349067,0
                100.190163777707,6.29850000915742,0
                100.189687955478,6.29894882183477,0
                100.189236417043,6.29942177129421,0
                100.188810400037,6.29991756114995,0
                100.188411072143,6.30043483241297,0
                100.188039527891,6.3009721672166,0
                100.187696785658,6.30152809270345,0
                100.187383784877,6.30210108506311,0
                100.187101383461,6.30268957370939,0
                100.186850355453,6.3032919455858,0
                100.186631388903,6.3039065495874,0
                100.186445083982,6.3045317010868,0
                100.186291951341,6.30516568655211,0
                100.186172410705,6.30580676824397,0
                100.186086789726,6.30645318897891,0
                100.186035323086,6.30710317694589,0
                100.186018151851,6.30775495056295,0
                100.186035323086,6.30840672336044,0
                100.186086789726,6.30905670887772,0
                100.186172410705,6.30970312555965,0
                100.186291951341,6.3103442016396,0
                100.186445083982,6.31097817999558,0
                100.186631388903,6.31160332296612,0
                100.186850355453,6.31221791711279,0
                100.187101383461,6.31282027791616,0
                100.187383784877,6.3134087543926,0
                100.187696785658,6.31398173361897,0
                100.188039527891,6.31453764515299,0
                100.188411072143,6.31507496533709,0
                100.188810400037,6.31559222147405,0
                100.189236417043,6.31608799586293,0
                100.189687955478,6.31656092968419,0
                100.190163777707,6.31700972672336,0
                100.190662579533,6.31743315692325,0
                100.191182993777,6.31783005975474,0
                100.191723594018,6.31819934739695,0
                100.192282898509,6.31854000771826,0
                100.192859374235,6.31885110704979,0
                100.193451441116,6.31913179274394,0
                100.194057476338,6.31938129551081,0
                100.194675818801,6.31959893152621,0
                100.195304773671,6.3197841043055,0
                100.195942617026,6.31993630633807,0
                100.196587600583,6.32005512047796,0
                100.197237956485,6.32014022108699,0
                100.197891902153,6.32019137492697,0
                100.198547645167,6.32020844179889,0
                100.199203388181,6.32019137492697,0
                100.199857333849,6.32014022108699,0
                100.200507689751,6.32005512047796,0
                100.201152673307,6.31993630633807,0
                100.201790516662,6.3197841043055,0
                100.202419471532,6.31959893152621,0
                100.203037813995,6.31938129551081,0
                100.203643849217,6.31913179274394,0
                100.204235916099,6.31885110704979,0
                100.204812391825,6.31854000771826,0
                100.205371696316,6.31819934739695,0
                100.205912296557,6.31783005975474,0
                100.2064327108,6.31743315692325,0
                100.206931512627,6.31700972672336,0
                100.207407334855,6.31656092968419,0
                100.20785887329,6.31608799586293,0
                100.208284890296,6.31559222147405,0
                100.20868421819,6.31507496533709,0
                100.209055762442,6.31453764515299,0
                100.209398504675,6.31398173361897,0
                100.209711505456,6.3134087543926,0
                100.209993906872,6.31282027791616,0
                100.21024493488,6.31221791711279,0
                100.210463901431,6.31160332296612,0
                100.210650206351,6.31097817999558,0
                100.210803338992,6.3103442016396,0
                100.210922879628,6.30970312555965,0
                100.211008500607,6.30905670887772,0
                100.211059967248,6.30840672336044,0
                100.211077138483,6.30775495056295,0
              </coordinates>
            </LinearRing>
          </outerBoundaryIs>
        </Polygon>
      </Placemark>
    </Folder>
    <Document id="PLS_SE-11">
      <name>PLS_SE-11</name>
      <Placemark id="PLS_SE-11.1">
        <name>P.001 Padang Besar</name>
        <ExtendedData>
          <SchemaData schemaUrl="#PLS_SE-11.schema">
            <SimpleData name="state">Perlis</SimpleData>
            <SimpleData name="parlimen">P.001 Padang Besar</SimpleData>
            <SimpleData name="code_parlimen">P.001</SimpleData>
            <SimpleData name="dun">N.01 Titi Tinggi</SimpleData>
            <SimpleData name="code_dun">N.01</SimpleData>
            <SimpleData name="voters_total">6887</SimpleData>
          </SchemaData>
        </ExtendedData>
        <Polygon>
          <outerBoundaryIs>
            <LinearRing>
              <coordinates>
                100.279037322256,6.64786863702959,0
                100.27902108281,6.64725264692273,0
                100.278972408983,6.64663834443329,0
                100.278891434186,6.64602741333128,0
                100.278778380366,6.6454215281521,0
                100.278633557395,6.64482234960671,0
                100.278457362223,6.6442315200294,0
                100.278250277789,6.64365065887598,0
                100.278012871697,6.64308135828472,0
                100.27774579466,6.64252517871177,0
                100.277449778718,6.64198364465383,0
                100.277125635231,6.64145824046889,0
                100.276774252652,6.64095040630727,0
                100.276396594098,6.64046153416367,0
                100.275993694703,6.63999296406112,0
                100.275566658788,6.63954598037752,0
                100.275116656827,6.63912180832453,0
                100.274644922246,6.63872161058869,0
                100.274152748035,6.63834648414395,0
                100.273641483211,6.6379974572443,0
                100.273112529114,6.63767548660468,0
                100.272567335571,6.63738145477813,0
                100.272007396919,6.6371161677362,0
                100.271434247911,6.63688035265924,0
                100.27084945951,6.63667465594276,0
                100.270254634579,6.63649964142523,0
                100.269651403491,6.6363557888422,0
                100.269041419663,6.63624349251108,0
                100.268426355016,6.63616306024997,0
                100.267807895401,6.63611471253376,0
                100.267187735972,6.63609858188965,0
                100.266567576542,6.63611471253376,0
                100.265949116927,6.63616306024997,0
                100.26533405228,6.63624349251108,0
                100.264724068452,6.6363557888422,0
                100.264120837365,6.63649964142523,0
                100.263526012433,6.63667465594276,0
                100.262941224032,6.63688035265924,0
                100.262368075024,6.6371161677362,0
                100.261808136373,6.63738145477813,0
                100.261262942829,6.63767548660468,0
                100.260733988732,6.6379974572443,0
                100.260222723908,6.63834648414395,0
                100.259730549697,6.63872161058869,0
                100.259258815116,6.63912180832453,0
                100.258808813156,6.63954598037752,0
                100.25838177724,6.63999296406112,0
                100.257978877846,6.64046153416367,0
                100.257601219291,6.64095040630727,0
                100.257249836712,6.64145824046889,0
                100.256925693225,6.64198364465383,0
                100.256629677283,6.64252517871177,0
                100.256362600246,6.64308135828472,0
                100.256125194154,6.64365065887598,0
                100.25591810972,6.6442315200294,0
                100.255741914548,6.64482234960671,0
                100.255597091578,6.6454215281521,0
                100.255484037757,6.64602741333128,0
                100.255403062961,6.64663834443329,0
                100.255354389133,6.64725264692273,0
                100.255338149687,6.64786863702959,0
                100.255354389133,6.64848462636461,0
                100.255403062961,6.64909892654693,0
                100.255484037757,6.64970985383183,0
                100.255597091578,6.65031573372571,0
                100.255741914548,6.65091490557558,0
                100.25591810972,6.65150572712044,0
                100.256125194154,6.65208657899251,0
                100.256362600246,6.65265586915522,0
                100.256629677283,6.65321203726667,0
                100.256925693225,6.65375355895574,0
                100.257249836712,6.65427894999994,0
                100.257601219291,6.65478677039292,0
                100.257978877846,6.65527562829087,0
                100.25838177724,6.65574418382678,0
                100.258808813156,6.65619115278239,0
                100.259258815116,6.65661531010741,0
                100.259730549697,6.65701549327662,0
                100.260222723908,6.65739060547568,0
                100.260733988732,6.65773961860672,0
                100.261262942829,6.65806157610561,0
                100.261808136373,6.65835559556328,0
                100.262368075024,6.65862087114371,0
                100.262941224032,6.65885667579211,0
                100.263526012433,6.65906236322726,0
                100.264120837365,6.65923736971234,0
                100.264724068452,6.65938121559983,0
                100.26533405228,6.65949350664567,0
                100.265949116927,6.65957393508966,0
                100.266567576542,6.65962228049874,0
                100.267187735972,6.65963841037099,0
                100.267807895401,6.65962228049874,0
                100.268426355016,6.65957393508966,0
                100.269041419663,6.65949350664567,0
                100.269651403491,6.65938121559983,0
                100.270254634579,6.65923736971234,0
                100.27084945951,6.65906236322726,0
                100.271434247911,6.65885667579211,0
                100.272007396919,6.65862087114371,0
                100.272567335571,6.65835559556328,0
                100.273112529114,6.65806157610561,0
                100.273641483211,6.65773961860672,0
                100.274152748035,6.65739060547568,0
                100.274644922246,6.65701549327662,0
                100.275116656827,6.65661531010741,0
                100.275566658788,6.65619115278239,0
                100.275993694703,6.65574418382678,0
                100.276396594098,6.65527562829087,0
                100.276774252652,6.65478677039292,0
                100.277125635231,6.65427894999994,0
                100.277449778718,6.65375355895574,0
                100.27774579466,6.65321203726667,0
                100.278012871697,6.65265586915522,0
                100.278250277789,6.65208657899251,0
                100.278457362223,6.65150572712044,0
                100.278633557395,6.65091490557558,0
                100.278778380366,6.65031573372571,0
                100.278891434186,6.64970985383183,0
                100.278972408983,6.64909892654693,0
                100.27902108281,6.64848462636461,0
                100.279037322256,6.64786863702959,0
              </coordinates>
            </LinearRing>
          </outerBoundaryIs>
        </Polygon>
      </Placemark>
      <Placemark id="PLS_SE-11.2">
        <name>P.001 Padang Besar</name>
        <ExtendedData>
          <SchemaData schemaUrl="#PLS_SE-11.schema">
            <SimpleData name="state">Perlis</SimpleData>
            <SimpleData name="parlimen">P.001 Padang Besar</SimpleData>
            <SimpleData name="code_parlimen">P.001</SimpleData>
            <SimpleData name="dun">N.02 Beseri</SimpleData>
            <SimpleData name="code_dun">N.02</SimpleData>
            <SimpleData name="voters_total">6645</SimpleData>
          </SchemaData>
        </ExtendedData>
        <Polygon>
          <outerBoundaryIs>
            <LinearRing>
              <coordinates>
                100.221359721927,6.60564664921368,0
                100.221343770348,6.60504152662802,0
                100.221295959335,6.60443806190433,0
                100.221216419934,6.6038379091066,0
                100.221105370156,6.60324271322704,0
                100.220963114382,6.60265410567707,0
                100.220790042525,6.60207369981546,0
                100.220586628962,6.60150308652605,0
                100.220353431236,6.60094382985675,0
                100.220091088526,6.60039746273236,0
                100.219800319896,6.59986548275233,0
                100.21948192232,6.59934934808553,0
                100.219136768506,6.59885047347296,0
                100.218765804496,6.59837022634944,0
                100.218370047076,6.59790992309508,0
                100.21795058099,6.59747082542642,0
                100.217508555966,6.59705413693763,0
                100.217045183563,6.59666099980082,0
                100.216561733852,6.59629249163488,0
                100.216059531937,6.59594962255115,0
                100.215539954316,6.59563333238409,0
                100.215004425117,6.59534448811476,0
                100.214454412188,6.59508388149388,0
                100.213891423077,6.59485222687118,0
                100.213317000896,6.59465015923685,0
                100.212732720097,6.59447823248074,0
                100.212140182154,6.59433691787375,0
                100.211541011171,6.59422660277571,0
                100.210936849435,6.5941475895734,0
                100.210329352912,6.59410009485155,0
                100.209720186706,6.59408424879894,0
                100.209111020499,6.59410009485155,0
                100.208503523976,6.5941475895734,0
                100.20789936224,6.59422660277571,0
                100.207300191257,6.59433691787375,0
                100.206707653314,6.59447823248074,0
                100.206123372515,6.59465015923685,0
                100.205548950335,6.59485222687118,0
                100.204985961223,6.59508388149388,0
                100.204435948294,6.59534448811476,0
                100.203900419095,6.59563333238409,0
                100.203380841474,6.59594962255115,0
                100.202878639559,6.59629249163488,0
                100.202395189848,6.59666099980082,0
                100.201931817445,6.59705413693763,0
                100.201489792421,6.59747082542642,0
                100.201070326335,6.59790992309508,0
                100.200674568915,6.59837022634944,0
                100.200303604905,6.59885047347296,0
                100.199958451091,6.59934934808553,0
                100.199640053515,6.59986548275233,0
                100.199349284885,6.60039746273236,0
                100.199086942175,6.60094382985675,0
                100.198853744449,6.60150308652605,0
                100.198650330886,6.60207369981546,0
                100.198477259029,6.60265410567707,0
                100.198335003255,6.60324271322704,0
                100.198223953477,6.6038379091066,0
                100.198144414076,6.60443806190433,0
                100.198096603063,6.60504152662802,0
                100.198080651484,6.60564664921368,0
                100.198096603063,6.60625177105924,0
                100.198144414076,6.60685523357077,0
                100.198223953477,6.60745538270848,0
                100.198335003255,6.60805057352029,0
                100.198477259029,6.6086391746503,0
                100.198650330886,6.60921957281005,0
                100.198853744449,6.60979017720013,0
                100.199086942175,6.61034942387007,0
                100.199349284885,6.61089578000469,0
                100.199640053515,6.61142774812491,0
                100.199958451091,6.6119438701918,0
                100.200303604905,6.61244273160244,0
                100.200674568915,6.6129229650666,0
                100.201070326335,6.61338325435386,0
                100.201489792421,6.6138223379007,0
                100.201931817445,6.61423901226768,0
                100.202395189848,6.61463213543739,0
                100.202878639559,6.61500062994396,0
                100.203380841474,6.61534348582576,0
                100.203900419095,6.61565976339292,0
                100.204435948294,6.61594859580243,0
                100.204985961223,6.61620919143353,0
                100.205548950335,6.6164408360569,0
                100.206123372515,6.61664289479189,0
                100.206707653314,6.61681481384614,0
                100.207300191257,6.61695612203316,0
                100.20789936224,6.61706643206345,0
                100.208503523976,6.61714544160575,0
                100.209111020499,6.61719293411542,0
                100.209720186706,6.61720877942794,0
                100.210329352912,6.61719293411542,0
                100.210936849435,6.61714544160575,0
                100.211541011171,6.61706643206345,0
                100.212140182154,6.61695612203316,0
                100.212732720097,6.61681481384614,0
                100.213317000896,6.61664289479189,0
                100.213891423077,6.6164408360569,0
                100.214454412188,6.61620919143353,0
                100.215004425117,6.61594859580243,0
                100.215539954316,6.61565976339292,0
                100.216059531937,6.61534348582576,0
                100.216561733852,6.61500062994396,0
                100.217045183563,6.61463213543739,0
                100.217508555966,6.61423901226768,0
                100.21795058099,6.6138223379007,0
                100.218370047076,6.61338325435386,0
                100.218765804496,6.6129229650666,0
                100.219136768506,6.61244273160244,0
                100.21948192232,6.6119438701918,0
                100.219800319896,6.61142774812491,0
                100.220091088526,6.61089578000469,0
                100.220353431236,6.61034942387007,0
                100.220586628962,6.60979017720013,0
                100.220790042525,6.60921957281005,0
                100.220963114382,6.6086391746503,0
                100.221105370156,6.60805057352029,0
                100.221216419934,6.60745538270848,0
                100.221295959335,6.60685523357077,0
                100.221343770348,6.60625177105924,0
                100.221359721927,6.60564664921368,0
              </coordinates>
            </LinearRing>
          </outerBoundaryIs>
        </Polygon>
      </Placemark>
      <Placemark id="PLS_SE-11.3">
        <name>P.001 Padang Besar</name>
        <ExtendedData>
          <SchemaData schemaUrl="#PLS_SE-11.schema">
            <SimpleData name="state">Perlis</SimpleData>
            <SimpleData name="parlimen">P.001 Padang Besar</SimpleData>
            <SimpleData name="code_parlimen">P.001</SimpleData>
            <SimpleData name="dun">N.03 Chuping</SimpleData>
            <SimpleData name="code_dun">N.03</SimpleData>
            <SimpleData name="voters_total">7802</SimpleData>
          </SchemaData>
        </ExtendedData>
        <Polygon>
          <outerBoundaryIs>
            <LinearRing>
              <coordinates>
                100.32255329824,6.53027356820277,0
                100.322536013647,6.52961777842587,0
                100.322484207246,6.52896378526755,0
                100.322398021033,6.52831338128825,0
                100.322277691238,6.52766834921759,0
                100.322123547679,6.52703045706788,0
                100.321936012851,6.52640145328785,0
                100.321715600774,6.52578306196993,0
                100.321462915582,6.52517697812421,0
                100.321178649869,6.5245848630321,0
                100.320863582786,6.52400833969235,0
                100.320518577911,6.52344898837189,0
                100.320144580878,6.52290834227393,0
                100.319742616787,6.52238788333475,0
                100.319313787393,6.52188903816127,0
                100.318859268088,6.52141317411995,0
                100.318380304678,6.52096159558838,0
                100.317878209968,6.52053554037917,0
                100.317354360165,6.52013617634661,0
                100.316810191105,6.51976459818478,0
                100.316247194317,6.51942182442647,0
                100.315666912937,6.51910879465075,0
                100.315070937475,6.51882636690692,0
                100.314460901459,6.51857531536215,0
                100.313838476955,6.51835632817886,0
                100.313205369985,6.51817000562807,0
                100.312563315852,6.51801685844361,0
                100.311914074382,6.51789730642181,0
                100.311259425099,6.51781167727061,0
                100.310601162352,6.51776020571094,0
                100.309941090394,6.51774303283332,0
                100.309281018436,6.51776020571094,0
                100.30862275569,6.51781167727061,0
                100.307968106407,6.51789730642181,0
                100.307318864936,6.51801685844361,0
                100.306676810803,6.51817000562807,0
                100.306043703833,6.51835632817886,0
                100.305421279329,6.51857531536215,0
                100.304811243313,6.51882636690692,0
                100.304215267852,6.51910879465075,0
                100.303634986471,6.51942182442647,0
                100.303071989684,6.51976459818478,0
                100.302527820624,6.52013617634661,0
                100.302003970821,6.52053554037917,0
                100.301501876111,6.52096159558838,0
                100.301022912701,6.52141317411995,0
                100.300568393396,6.52188903816127,0
                100.300139564002,6.52238788333475,0
                100.299737599911,6.52290834227393,0
                100.299363602877,6.52344898837189,0
                100.299018598002,6.52400833969235,0
                100.298703530919,6.5245848630321,0
                100.298419265206,6.52517697812421,0
                100.298166580015,6.52578306196993,0
                100.297946167938,6.52640145328785,0
                100.29775863311,6.52703045706788,0
                100.29760448955,6.52766834921759,0
                100.297484159756,6.52831338128825,0
                100.297397973543,6.52896378526755,0
                100.297346167141,6.52961777842587,0
                100.297328882549,6.53027356820277,0
                100.297346167141,6.53092935712048,0
                100.297397973543,6.53158334771058,0
                100.297484159756,6.53223374744077,0
                100.29760448955,6.53287877362801,0
                100.29775863311,6.53351665832442,0
                100.297946167938,6.53414565316296,0
                100.298166580015,6.53476403414917,0
                100.298419265206,6.53537010638612,0
                100.298703530919,6.53596220871963,0
                100.299018598002,6.53653871829071,0
                100.299363602877,6.53709805498325,0
                100.299737599911,6.53763868575438,0
                100.300139564002,6.53815912883569,0
                100.300568393396,6.53865795779404,0
                100.301022912701,6.53913380544058,0
                100.301501876111,6.53958536757739,0
                100.302003970821,6.54001140657144,0
                100.302527820624,6.54041075474614,0
                100.303071989684,6.54078231758113,0
                100.303634986471,6.54112507671155,0
                100.304215267852,6.54143809271859,0
                100.304811243313,6.5417205077038,0
                100.305421279329,6.54197154763982,0
                100.306043703833,6.54219052449139,0
                100.306676810803,6.54237683810068,0
                100.307318864936,6.54252997783187,0
                100.307968106407,6.54264952397024,0
                100.30862275569,6.54273514887235,0
                100.309281018436,6.54278661786379,0
                100.309941090394,6.54280378988218,0
                100.310601162352,6.54278661786379,0
                100.311259425099,6.54273514887235,0
                100.311914074382,6.54264952397024,0
                100.312563315852,6.54252997783187,0
                100.313205369985,6.54237683810068,0
                100.313838476955,6.54219052449139,0
                100.314460901459,6.54197154763982,0
                100.315070937475,6.5417205077038,0
                100.315666912937,6.54143809271859,0
                100.316247194317,6.54112507671155,0
                100.316810191105,6.54078231758113,0
                100.317354360165,6.54041075474614,0
                100.317878209968,6.54001140657144,0
                100.318380304678,6.53958536757739,0
                100.318859268088,6.53913380544058,0
                100.319313787393,6.53865795779404,0
                100.319742616787,6.53815912883569,0
                100.320144580878,6.53763868575438,0
                100.320518577911,6.53709805498325,0
                100.320863582786,6.53653871829071,0
                100.321178649869,6.53596220871963,0
                100.321462915582,6.53537010638612,0
                100.321715600774,6.53476403414917,0
                100.321936012851,6.53414565316296,0
                100.322123547679,6.53351665832442,0
                100.322277691238,6.53287877362801,0
                100.322398021033,6.53223374744077,0
                100.322484207246,6.53158334771058,0
                100.322536013647,6.53092935712048,0
                100.32255329824,6.53027356820277,0
              </coordinates>
            </LinearRing>
          </outerBoundaryIs>
        </Polygon>
      </Placemark>
      <Placemark id="PLS_SE-11.4">
        <name>P.001 Padang Besar</name>
        <ExtendedData>
          <SchemaData schemaUrl="#PLS_SE-11.schema">
            <SimpleData name="state">Perlis</SimpleData>
            <SimpleData name="parlimen">P.001 Padang Besar</SimpleData>
            <SimpleData name="code_parlimen">P.001</SimpleData>
            <SimpleData name="dun">N.04 Mata Ayer</SimpleData>
            <SimpleData name="code_dun">N.04</SimpleData>
            <SimpleData name="voters_total">5557</SimpleData>
          </SchemaData>
        </ExtendedData>
        <Polygon>
          <outerBoundaryIs>
            <LinearRing>
              <coordinates>
                100.26976970953,6.47938176260573,0
                100.269755122181,6.47882825218029,0
                100.269711400117,6.47827625828372,0
                100.269638663177,6.47772729390039,0
                100.269537110729,6.47718286371594,0
                100.26940702112,6.47664445999276,0
                100.269248750916,6.47611355847973,0
                100.269062733926,6.47559161436697,0
                100.26884948001,6.47508005829706,0
                100.26860957368,6.47458029244332,0
                100.268343672505,6.4740936866663,0
                100.2680525053,6.47362157475857,0
                100.267736870135,6.47316525078853,0
                100.267397632143,6.47272596555293,0
                100.267035721153,6.47230492314811,0
                100.266652129137,6.47190327766907,0
                100.266247907494,6.47152213004572,0
                100.265824164168,6.47116252502478,0
                100.26538206061,6.47082544830562,0
                100.264922808595,6.47051182383809,0
                100.2644476669,6.47022251128954,0
                100.263957937857,6.46995830368793,0
                100.263454963777,6.46971992524789,0
                100.26294012328,6.46950802938514,0
                100.262414827505,6.46932319692514,0
                100.261880516253,6.4691659345108,0
                100.261338654034,6.46903667321336,0
                100.260790726054,6.46893576735069,0
                100.260238234146,6.46886349351578,0
                100.259682692651,6.46882004981851,0
                100.259125624271,6.46880555534247,0
                100.25856855589,6.46882004981851,0
                100.258013014396,6.46886349351578,0
                100.257460522487,6.46893576735069,0
                100.256912594507,6.46903667321336,0
                100.256370732288,6.4691659345108,0
                100.255836421036,6.46932319692514,0
                100.255311125262,6.46950802938514,0
                100.254796284764,6.46971992524789,0
                100.254293310685,6.46995830368793,0
                100.253803581641,6.47022251128954,0
                100.253328439946,6.47051182383809,0
                100.252869187931,6.47082544830562,0
                100.252427084373,6.47116252502478,0
                100.252003341047,6.47152213004572,0
                100.251599119404,6.47190327766907,0
                100.251215527388,6.47230492314811,0
                100.250853616398,6.47272596555293,0
                100.250514378406,6.47316525078853,0
                100.250198743241,6.47362157475857,0
                100.249907576036,6.4740936866663,0
                100.249641674861,6.47458029244332,0
                100.249401768531,6.47508005829706,0
                100.249188514615,6.47559161436697,0
                100.249002497625,6.47611355847973,0
                100.248844227422,6.47664445999276,0
                100.248714137812,6.47718286371594,0
                100.248612585364,6.47772729390039,0
                100.248539848424,6.47827625828372,0
                100.24849612636,6.47882825218029,0
                100.248481539012,6.47938176260573,0
                100.24849612636,6.47993527242389,0
                100.248539848424,6.48048726450524,0
                100.248612585364,6.48103622588531,0
                100.248714137812,6.48158065191138,0
                100.248844227422,6.48211905036658,0
                100.249002497625,6.48264994555979,0
                100.249188514615,6.4831718823701,0
                100.249401768531,6.48368343023497,0
                100.249641674861,6.48418318707094,0
                100.249907576036,6.48466978311629,0
                100.250198743241,6.48514188468506,0
                100.250514378406,6.48559819782213,0
                100.250853616398,6.48603747184942,0
                100.251215527388,6.48645850279341,0
                100.251599119404,6.48686013668466,0
                100.252003341047,6.48724127272022,0
                100.252427084373,6.48760086628034,0
                100.252869187931,6.48793793179119,0
                100.253328439946,6.48825154542574,0
                100.253803581641,6.48854084763533,0
                100.254293310685,6.48880504550526,0
                100.254796284764,6.48904341492754,0
                100.255311125262,6.48925530258525,0
                100.255836421036,6.4894401277428,0
                100.256370732288,6.48959738383733,0
                100.256912594507,6.48972663986678,0
                100.257460522487,6.48982754157107,0
                100.258013014396,6.48989981240273,0
                100.25856855589,6.48994325428478,0
                100.259125624271,6.48995774815353,0
                100.259682692651,6.48994325428478,0
                100.260238234146,6.48989981240273,0
                100.260790726054,6.48982754157107,0
                100.261338654034,6.48972663986678,0
                100.261880516253,6.48959738383733,0
                100.262414827505,6.4894401277428,0
                100.26294012328,6.48925530258525,0
                100.263454963777,6.48904341492754,0
                100.263957937857,6.48880504550526,0
                100.2644476669,6.48854084763533,0
                100.264922808595,6.48825154542574,0
                100.26538206061,6.48793793179119,0
                100.265824164168,6.48760086628034,0
                100.266247907494,6.48724127272022,0
                100.266652129137,6.48686013668466,0
                100.267035721153,6.48645850279341,0
                100.267397632143,6.48603747184942,0
                100.267736870135,6.48559819782213,0
                100.2680525053,6.48514188468506,0
                100.268343672505,6.48466978311629,0
                100.26860957368,6.48418318707094,0
                100.26884948001,6.48368343023497,0
                100.269062733926,6.4831718823701,0
                100.269248750916,6.48264994555979,0
                100.26940702112,6.48211905036658,0
                100.269537110729,6.48158065191138,0
                100.269638663177,6.48103622588531,0
                100.269711400117,6.48048726450524,0
                100.269755122181,6.47993527242389,0
                100.26976970953,6.47938176260573,0
              </coordinates>
            </LinearRing>
          </outerBoundaryIs>
        </Polygon>
      </Placemark>
      <Placemark id="PLS_SE-11.5">
        <name>P.001 Padang Besar</name>
        <ExtendedData>
          <SchemaData schemaUrl="#PLS_SE-11.schema">
            <SimpleData name="state">Perlis</SimpleData>
            <SimpleData name="parlimen">P.001 Padang Besar</SimpleData>
            <SimpleData name="code_parlimen">P.001</SimpleData>
            <SimpleData name="dun">N.05 Santan</SimpleData>
            <SimpleData name="code_dun">N.05</SimpleData>
            <SimpleData name="voters_total">7008</SimpleData>
          </SchemaData>
        </ExtendedData>
        <Polygon>
          <outerBoundaryIs>
            <LinearRing>
              <coordinates>
                100.231779087814,6.50618362058174,0
                100.231762706331,6.50556206558339,0
                100.231713606782,6.50494221345836,0
                100.231631923746,6.50432576318773,0
                100.23151788111,6.50371440443453,0
                100.231371791457,6.50310981291229,0
                100.231194055209,6.50251364579184,0
                100.230985159528,6.50192753715869,0
                100.230745676983,6.5013530935339,0
                100.230476263979,6.50079188947023,0
                100.230177658959,6.50024546323592,0
                100.229850680377,6.49971531259794,0
                100.22949622446,6.49920289071607,0
                100.229115262746,6.49870960215943,0
                100.228708839426,6.49823679905593,0
                100.228278068476,6.49778577738557,0
                100.227824130611,6.49735777342763,0
                100.227348270042,6.49695396037144,0
                100.226851791071,6.49657544510005,0
                100.226336054511,6.49622326515574,0
                100.225802473961,6.49589838589555,0
                100.225252511928,6.49560169784463,0
                100.224687675819,6.49533401425487,0
                100.224109513812,6.49509606887519,0
                100.223519610607,6.49488851393997,0
                100.222919583089,6.49471191838078,0
                100.222311075891,6.49456676626659,0
                100.22169575689,6.4944534554766,0
                100.221075312631,6.4943722966094,0
                100.22045144371,6.4943235121314,0
                100.219825860108,6.49430723576688,0
                100.219200276506,6.4943235121314,0
                100.218576407585,6.4943722966094,0
                100.217955963327,6.4944534554766,0
                100.217340644325,6.49456676626659,0
                100.216732137127,6.49471191838078,0
                100.216132109609,6.49488851393997,0
                100.215542206405,6.49509606887519,0
                100.214964044397,6.49533401425487,0
                100.214399208289,6.49560169784463,0
                100.213849246255,6.49589838589555,0
                100.213315665705,6.49622326515574,0
                100.212799929145,6.49657544510005,0
                100.212303450174,6.49695396037144,0
                100.211827589605,6.49735777342763,0
                100.21137365174,6.49778577738557,0
                100.210942880791,6.49823679905593,0
                100.21053645747,6.49870960215943,0
                100.210155495757,6.49920289071607,0
                100.209801039839,6.49971531259794,0
                100.209474061258,6.50024546323592,0
                100.209175456237,6.50079188947023,0
                100.208906043233,6.5013530935339,0
                100.208666560689,6.50192753715869,0
                100.208457665008,6.50251364579184,0
                100.20827992876,6.50310981291229,0
                100.208133839107,6.50371440443453,0
                100.208019796471,6.50432576318773,0
                100.207938113434,6.50494221345836,0
                100.207889013886,6.50556206558339,0
                100.207872632402,6.50618362058174,0
                100.207889013886,6.5068051748111,0
                100.207938113434,6.50742502463764,0
                100.208019796471,6.50804147110544,0
                100.208133839107,6.50865282459312,0
                100.20827992876,6.50925740944484,0
                100.208457665008,6.50985356856291,0
                100.208666560689,6.51043966794942,0
                100.208906043233,6.51101410118466,0
                100.209175456237,6.51157529382969,0
                100.209474061258,6.51212170774137,0
                100.209801039839,6.51265184528776,0
                100.210155495757,6.51316425345248,0
                100.21053645747,6.51365752781674,0
                100.210942880791,6.51413031640809,0
                100.21137365174,6.51458132340554,0
                100.211827589605,6.51500931269056,0
                100.212303450174,6.51541311123461,0
                100.212799929145,6.51579161231362,0
                100.213315665705,6.51614377854079,0
                100.213849246255,6.51646864470938,0
                100.214399208289,6.51676532043767,0
                100.214964044397,6.5170329926088,0
                100.215542206405,6.51727092759892,0
                100.216132109609,6.51747847328749,0
                100.216732137127,6.51765506084428,0
                100.217340644325,6.51780020628798,0
                100.217955963327,6.51791351181246,0
                100.218576407585,6.51799466687682,0
                100.219200276506,6.51804344905632,0
                100.219825860108,6.51805972465185,0
                100.22045144371,6.51804344905632,0
                100.221075312631,6.51799466687682,0
                100.22169575689,6.51791351181246,0
                100.222311075891,6.51780020628798,0
                100.222919583089,6.51765506084428,0
                100.223519610607,6.51747847328749,0
                100.224109513812,6.51727092759892,0
                100.224687675819,6.5170329926088,0
                100.225252511928,6.51676532043767,0
                100.225802473961,6.51646864470938,0
                100.226336054511,6.51614377854079,0
                100.226851791071,6.51579161231362,0
                100.227348270042,6.51541311123461,0
                100.227824130611,6.51500931269056,0
                100.228278068476,6.51458132340554,0
                100.228708839426,6.51413031640809,0
                100.229115262746,6.51365752781674,0
                100.22949622446,6.51316425345248,0
                100.229850680377,6.51265184528776,0
                100.230177658959,6.51212170774137,0
                100.230476263979,6.51157529382969,0
                100.230745676983,6.51101410118466,0
                100.230985159528,6.51043966794942,0
                100.231194055209,6.50985356856291,0
                100.231371791457,6.50925740944484,0
                100.23151788111,6.50865282459312,0
                100.231631923746,6.50804147110544,0
                100.231713606782,6.50742502463764,0
                100.231762706331,6.5068051748111,0
                100.231779087814,6.50618362058174,0
              </coordinates>
            </LinearRing>
          </outerBoundaryIs>
        </Polygon>
      </Placemark>
      <Placemark id="PLS_SE-11.6">
        <name>P.002 Kangar</name>
        <ExtendedData>
          <SchemaData schemaUrl="#PLS_SE-11.schema">
            <SimpleData name="state">Perlis</SimpleData>
            <SimpleData name="parlimen">P.002 Kangar</SimpleData>
            <SimpleData name="code_parlimen">P.002</SimpleData>
            <SimpleData name="dun">N.06 Bintong</SimpleData>
            <SimpleData name="code_dun">N.06</SimpleData>
            <SimpleData name="voters_total">7850</SimpleData>
          </SchemaData>
        </ExtendedData>
        <Polygon>
          <outerBoundaryIs>
            <LinearRing>
              <coordinates>
                100.189276479459,6.49217549144006,0
                100.189259141778,6.4915176375362,0
                100.189207176257,6.49086158590823,0
                100.18912072533,6.49020913475872,0
                100.189000025953,6.48956207242843,0
                100.188845408954,6.4889221724945,0
                100.188657298128,6.48829118890886,0
                100.188436209074,6.48767085119044,0
                100.188182747781,6.48706285968431,0
                100.187897608969,6.48646888090069,0
                100.187581574184,6.48589054294656,0
                100.187235509654,6.48532943106264,0
                100.18686036392,6.48478708327772,0
                100.186457165229,6.48426498619233,0
                100.186027018721,6.48376457090341,0
                100.185571103398,6.4832872090811,0
                100.185090668891,6.48283420920826,0
                100.184587032038,6.48240681299338,0
                100.184061573274,6.48200619196631,0
                100.183515732844,6.48163344426656,0
                100.182951006858,6.48128959163252,0
                100.182368943191,6.48097557660041,0
                100.18177113724,6.4806922599201,0
                100.181159227549,6.48044041819525,0
                100.180534891319,6.48022074175415,0
                100.179899839814,6.48003383275704,0
                100.179255813664,6.47988020354518,0
                100.178604578102,6.47976027523612,0
                100.177947918118,6.47967437656915,0
                100.177287633571,6.47962274300396,0
                100.176625534257,6.47960551607512,0
                100.175963434942,6.47962274300396,0
                100.175303150396,6.47967437656915,0
                100.174646490412,6.47976027523612,0
                100.17399525485,6.47988020354518,0
                100.1733512287,6.48003383275704,0
                100.172716177195,6.48022074175415,0
                100.172091840965,6.48044041819525,0
                100.171479931274,6.4806922599201,0
                100.170882125323,6.48097557660041,0
                100.170300061656,6.48128959163252,0
                100.16973533567,6.48163344426656,0
                100.16918949524,6.48200619196631,0
                100.168664036475,6.48240681299338,0
                100.168160399623,6.48283420920826,0
                100.167679965116,6.4832872090811,0
                100.167224049793,6.48376457090341,0
                100.166793903285,6.48426498619233,0
                100.166390704594,6.48478708327772,0
                100.166015558859,6.48532943106264,0
                100.16566949433,6.48589054294656,0
                100.165353459545,6.48646888090069,0
                100.165068320733,6.48706285968431,0
                100.16481485944,6.48767085119044,0
                100.164593770385,6.48829118890886,0
                100.16440565956,6.4889221724945,0
                100.164251042561,6.48956207242843,0
                100.164130343184,6.49020913475872,0
                100.164043892257,6.49086158590823,0
                100.163991926736,6.4915176375362,0
                100.163974589055,6.49217549144006,0
                100.163991926736,6.49283334448437,0
                100.164043892257,6.49348939354313,0
                100.164130343184,6.49414184044191,0
                100.164251042561,6.49478889688652,0
                100.16440565956,6.4954287893643,0
                100.164593770385,6.49605976400504,0
                100.16481485944,6.49668009138779,0
                100.165068320733,6.49728807128069,0
                100.165353459545,6.49788203730081,0
                100.16566949433,6.49846036148098,0
                100.166015558859,6.49902145873139,0
                100.166390704594,6.49956379118359,0
                100.166793903285,6.50008587240504,0
                100.167224049793,6.5005862714726,0
                100.167679965116,6.50106361689385,0
                100.168160399623,6.50151660036563,0
                100.168664036475,6.50194398035916,0
                100.16918949524,6.50234458552228,0
                100.16973533567,6.50271731788932,0
                100.170300061656,6.50306115588986,0
                100.170882125323,6.503375157148,0
                100.171479931274,6.50365846106481,0
                100.172091840965,6.50391029117644,0
                100.172716177195,6.50412995728185,0
                100.1733512287,6.50431685733404,0
                100.17399525485,6.50447047908977,0
                100.174646490412,6.50459040151316,0
                100.175303150396,6.5046762959294,0
                100.175963434942,6.50472792692536,0
                100.176625534257,6.50474515299467,0
                100.177287633571,6.50472792692536,0
                100.177947918118,6.5046762959294,0
                100.178604578102,6.50459040151316,0
                100.179255813664,6.50447047908977,0
                100.179899839814,6.50431685733404,0
                100.180534891319,6.50412995728185,0
                100.181159227549,6.50391029117644,0
                100.18177113724,6.50365846106481,0
                100.182368943191,6.503375157148,0
                100.182951006858,6.50306115588986,0
                100.183515732844,6.50271731788932,0
                100.184061573274,6.50234458552228,0
                100.184587032038,6.50194398035916,0
                100.185090668891,6.50151660036563,0
                100.185571103398,6.50106361689385,0
                100.186027018721,6.5005862714726,0
                100.186457165229,6.50008587240504,0
                100.18686036392,6.49956379118359,0
                100.187235509654,6.49902145873139,0
                100.187581574184,6.49846036148098,0
                100.187897608969,6.49788203730081,0
                100.188182747781,6.49728807128069,0
                100.188436209074,6.49668009138779,0
                100.188657298128,6.49605976400504,0
                100.188845408954,6.4954287893643,0
                100.189000025953,6.49478889688652,0
                100.18912072533,6.49414184044191,0
                100.189207176257,6.49348939354313,0
                100.189259141778,6.49283334448437,0
                100.189276479459,6.49217549144006,0
              </coordinates>
            </LinearRing>
          </outerBoundaryIs>
        </Polygon>
      </Placemark>
      <Placemark id="PLS_SE-11.7">
        <name>P.002 Kangar</name>
        <ExtendedData>
          <SchemaData schemaUrl="#PLS_SE-11.schema">
            <SimpleData name="state">Perlis</SimpleData>
            <SimpleData name="parlimen">P.002 Kangar</SimpleData>
            <SimpleData name="code_parlimen">P.002</SimpleData>
            <SimpleData name="dun">N.07 Sena</SimpleData>
            <SimpleData name="code_dun">N.07</SimpleData>
            <SimpleData name="voters_total">7979</SimpleData>
          </SchemaData>
        </ExtendedData>
        <Polygon>
          <outerBoundaryIs>
            <LinearRing>
              <coordinates>
                100.23471025983,6.44210519085067,0
                100.234692780274,6.44144188797274,0
                100.234640389515,6.44078040229849,0
                100.234553231154,6.44012254692492,0
                100.234431544084,6.43947012500555,0
                100.234275661842,6.43882492480801,0
                100.23408601169,6.43818871481213,0
                100.233863113447,6.43756323886242,0
                100.23360757806,6.43695021138783,0
                100.233320105934,6.43635131270223,0
                100.233001485011,6.43576818439821,0
                100.232652588609,6.43520242484696,0
                100.232274373027,6.43465558481672,0
                100.231867874929,6.43412916322154,0
                100.231434208498,6.43362460301209,0
                100.230974562384,6.43314328722002,0
                100.230490196444,6.43268653516634,0
                100.229982438291,6.4322555988446,0
                100.229452679656,6.43185165948841,0
                100.22890237257,6.43147582433315,0
                100.228333025387,6.43112912358028,0
                100.227746198647,6.43081250757302,0
                100.227143500803,6.43052684419081,0
                100.226526583806,6.43027291646995,0
                100.225897138584,6.4300514204567,0
                100.225256890401,6.42986296329898,0
                100.224607594135,6.42970806158176,0
                100.22395102946,6.42958713991072,0
                100.223288995976,6.4295005297481,0
                100.222623308269,6.4294484685039,0
                100.221955790943,6.42943109888501,0
                100.221288273618,6.4294484685039,0
                100.220622585911,6.4295005297481,0
                100.219960552426,6.42958713991072,0
                100.219303987751,6.42970806158176,0
                100.218654691485,6.42986296329898,0
                100.218014443303,6.4300514204567,0
                100.21738499808,6.43027291646995,0
                100.216768081084,6.43052684419081,0
                100.216165383239,6.43081250757302,0
                100.2155785565,6.43112912358028,0
                100.215009209316,6.43147582433315,0
                100.21445890223,6.43185165948841,0
                100.213929143595,6.4322555988446,0
                100.213421385443,6.43268653516634,0
                100.212937019503,6.43314328722002,0
                100.212477373388,6.43362460301209,0
                100.212043706957,6.43412916322154,0
                100.211637208859,6.43465558481672,0
                100.211258993278,6.43520242484696,0
                100.210910096875,6.43576818439821,0
                100.210591475952,6.43635131270223,0
                100.210304003827,6.43695021138783,0
                100.21004846844,6.43756323886242,0
                100.209825570196,6.43818871481213,0
                100.209635920044,6.43882492480801,0
                100.209480037802,6.43947012500555,0
                100.209358350733,6.44012254692492,0
                100.209271192371,6.44078040229849,0
                100.209218801612,6.44144188797274,0
                100.209201322056,6.44210519085067,0
                100.209218801612,6.44276849286156,0
                100.209271192371,6.44342997594417,0
                100.209358350733,6.44408782702992,0
                100.209480037802,6.44474024301224,0
                100.209635920044,6.44538543568858,0
                100.209825570196,6.44602163666148,0
                100.21004846844,6.44664710218531,0
                100.210304003827,6.44726011794532,0
                100.210591475952,6.44785900375603,0
                100.210910096875,6.44844211816589,0
                100.211258993278,6.44900786295593,0
                100.211637208859,6.44955468751964,0
                100.212043706957,6.45008109311244,0
                100.212477373388,6.45058563695895,0
                100.212937019503,6.45106693620684,0
                100.213421385443,6.45152367171631,0
                100.213929143595,6.45195459167515,0
                100.21445890223,6.45235851502894,0
                100.215009209316,6.45273433471767,0
                100.2155785565,6.45308102070933,0
                100.216165383239,6.45339762282243,0
                100.216768081084,6.45368327332973,0
                100.21738499808,6.45393718933603,0
                100.218014443303,6.45415867492339,0
                100.218654691485,6.45434712305815,0
                100.219303987751,6.45450201725415,0
                100.219960552426,6.45462293298815,0
                100.220622585911,6.45470953886294,0
                100.221288273618,6.45476159751551,0
                100.221955790943,6.45477896626736,0
                100.222623308269,6.45476159751551,0
                100.223288995976,6.45470953886294,0
                100.22395102946,6.45462293298815,0
                100.224607594135,6.45450201725415,0
                100.225256890401,6.45434712305815,0
                100.225897138584,6.45415867492339,0
                100.226526583806,6.45393718933603,0
                100.227143500803,6.45368327332973,0
                100.227746198647,6.45339762282243,0
                100.228333025387,6.45308102070933,0
                100.22890237257,6.45273433471767,0
                100.229452679656,6.45235851502894,0
                100.229982438291,6.45195459167515,0
                100.230490196444,6.45152367171631,0
                100.230974562384,6.45106693620684,0
                100.231434208498,6.45058563695895,0
                100.231867874929,6.45008109311244,0
                100.232274373027,6.44955468751964,0
                100.232652588609,6.44900786295593,0
                100.233001485011,6.44844211816589,0
                100.233320105934,6.44785900375603,0
                100.23360757806,6.44726011794532,0
                100.233863113447,6.44664710218531,0
                100.23408601169,6.44602163666148,0
                100.234275661842,6.44538543568858,0
                100.234431544084,6.44474024301224,0
                100.234553231154,6.44408782702992,0
                100.234640389515,6.44342997594417,0
                100.234692780274,6.44276849286156,0
                100.23471025983,6.44210519085067,0
              </coordinates>
            </LinearRing>
          </outerBoundaryIs>
        </Polygon>
      </Placemark>
      <Placemark id="PLS_SE-11.8">
        <name>P.002 Kangar</name>
        <ExtendedData>
          <SchemaData schemaUrl="#PLS_SE-11.schema">
            <SimpleData name="state">Perlis</SimpleData>
            <SimpleData name="parlimen">P.002 Kangar</SimpleData>
            <SimpleData name="code_parlimen">P.002</SimpleData>
            <SimpleData name="dun">N.08 Indera Kayangan</SimpleData>
            <SimpleData name="code_dun">N.08</SimpleData>
            <SimpleData name="voters_total">9314</SimpleData>
          </SchemaData>
        </ExtendedData>
        <Polygon>
          <outerBoundaryIs>
            <LinearRing>
              <coordinates>
                100.212636820804,6.42354755652077,0
                100.212617935487,6.42283088252347,0
                100.212561331298,6.4221161718748,0
                100.212467163385,6.42140538355944,0
                100.212335689857,6.4207004658194,0
                100.212167271073,6.42000335081365,0
                100.211962368657,6.41931594932203,0
                100.211721544233,6.41864014550746,0
                100.211445457884,6.41797779175114,0
                100.211134866342,6.4173307035747,0
                100.210790620918,6.41670065466344,0
                100.210413665165,6.41608937200411,0
                100.210005032292,6.41549853115054,0
                100.209565842334,6.41492975163034,0
                100.209097299079,6.41438459250515,0
                100.208600686773,6.4138645480964,0
                100.208077366594,6.41337104388868,0
                100.207528772927,6.41290543262178,0
                100.20695640943,6.41246899058192,0
                100.206361844911,6.41206291410282,0
                100.205746709029,6.41168831628574,0
                100.20511268783,6.4113462239477,0
                100.204461519121,6.41103757480637,0
                100.203794987712,6.41076321490902,0
                100.203114920517,6.41052389631298,0
                100.202423181554,6.41032027502366,0
                100.201721666832,6.41015290919588,0
                100.201012299153,6.41002225760365,0
                100.200297022845,6.40992867838223,0
                100.19957779843,6.40987242804624,0
                100.198856597254,6.40985366078628,0
                100.198135396077,6.40987242804624,0
                100.197416171662,6.40992867838223,0
                100.196700895354,6.41002225760365,0
                100.195991527675,6.41015290919588,0
                100.195290012953,6.41032027502366,0
                100.19459827399,6.41052389631298,0
                100.193918206796,6.41076321490902,0
                100.193251675386,6.41103757480637,0
                100.192600506677,6.4113462239477,0
                100.191966485478,6.41168831628574,0
                100.191351349597,6.41206291410282,0
                100.190756785077,6.41246899058192,0
                100.19018442158,6.41290543262178,0
                100.189635827914,6.41337104388868,0
                100.189112507735,6.4138645480964,0
                100.188615895428,6.41438459250515,0
                100.188147352173,6.41492975163034,0
                100.187708162215,6.41549853115054,0
                100.187299529342,6.41608937200411,0
                100.186922573589,6.41670065466344,0
                100.186578328165,6.4173307035747,0
                100.186267736624,6.41797779175114,0
                100.185991650274,6.41864014550746,0
                100.18575082585,6.41931594932203,0
                100.185545923434,6.42000335081365,0
                100.18537750465,6.4207004658194,0
                100.185246031122,6.42140538355944,0
                100.18515186321,6.4221161718748,0
                100.185095259021,6.42283088252347,0
                100.185076373703,6.42354755652077,0
                100.185095259021,6.42426422950882,0
                100.18515186321,6.42497893714082,0
                100.185246031122,6.42568972046509,0
                100.18537750465,6.42639463129439,0
                100.185545923434,6.42709173754537,0
                100.18575082585,6.42777912853418,0
                100.185991650274,6.42845492021293,0
                100.186267736624,6.42911726033342,0
                100.186578328165,6.42976433352337,0
                100.186922573589,6.4303943662617,0
                100.187299529342,6.43100563173886,0
                100.187708162215,6.43159645458927,0
                100.188147352173,6.43216521548255,0
                100.188615895428,6.43271035556116,0
                100.189112507735,6.43323038071234,0
                100.189635827914,6.43372386566248,0
                100.19018442158,6.43418945788281,0
                100.190756785077,6.43462588129576,0
                100.191351349597,6.43503193977169,0
                100.191966485478,6.4354065204066,0
                100.192600506677,6.43574859657172,0
                100.193251675386,6.43605723072657,0
                100.193918206796,6.43633157698807,0
                100.19459827399,6.43657088344829,0
                100.195290012953,6.4367744942348,0
                100.195991527675,6.43694185130782,0
                100.196700895354,6.43707249598929,0
                100.197416171662,6.43716607021963,0
                100.198135396077,6.43722231753896,0
                100.198856597254,6.43724108378968,0
                100.19957779843,6.43722231753896,0
                100.200297022845,6.43716607021963,0
                100.201012299153,6.43707249598929,0
                100.201721666832,6.43694185130782,0
                100.202423181554,6.4367744942348,0
                100.203114920517,6.43657088344829,0
                100.203794987712,6.43633157698807,0
                100.204461519121,6.43605723072657,0
                100.20511268783,6.43574859657172,0
                100.205746709029,6.4354065204066,0
                100.206361844911,6.43503193977169,0
                100.20695640943,6.43462588129576,0
                100.207528772927,6.43418945788281,0
                100.208077366594,6.43372386566248,0
                100.208600686773,6.43323038071234,0
                100.209097299079,6.43271035556116,0
                100.209565842334,6.43216521548255,0
                100.210005032292,6.43159645458927,0
                100.210413665165,6.43100563173886,0
                100.210790620918,6.4303943662617,0
                100.211134866342,6.42976433352337,0
                100.211445457884,6.42911726033342,0
                100.211721544233,6.42845492021293,0
                100.211962368657,6.42777912853418,0
                100.212167271073,6.42709173754537,0
                100.212335689857,6.42639463129439,0
                100.212467163385,6.42568972046509,0
                100.212561331298,6.42497893714082,0
                100.212617935487,6.42426422950882,0
                100.212636820804,6.42354755652077,0
              </coordinates>
            </LinearRing>
          </outerBoundaryIs>
        </Polygon>
      </Placemark>
      <Placemark id="PLS_SE-11.9">
        <name>P.002 Kangar</name>
        <ExtendedData>
          <SchemaData schemaUrl="#PLS_SE-11.schema">
            <SimpleData name="state">Perlis</SimpleData>
            <SimpleData name="parlimen">P.002 Kangar</SimpleData>
            <SimpleData name="code_parlimen">P.002</SimpleData>
            <SimpleData name="dun">N.09 Kuala Perlis</SimpleData>
            <SimpleData name="code_dun">N.09</SimpleData>
            <SimpleData name="voters_total">8024</SimpleData>
          </SchemaData>
        </ExtendedData>
        <Polygon>
          <outerBoundaryIs>
            <LinearRing>
              <coordinates>
                100.154052690332,6.41073414940855,0
                100.154035161554,6.41006893768921,0
                100.153982623266,6.40940554840485,0
                100.153895219472,6.40874579987012,0
                100.153773189739,6.40809150042761,0
                100.153616868542,6.40744444349112,0
                100.153426684348,6.40680640262966,0
                100.153203158437,6.40617912670609,0
                100.152946903478,6.405564335083,0
                100.152658621849,6.40496371290968,0
                100.152339103709,6.40437890650272,0
                100.151989224836,6.40381151883297,0
                100.151609944223,6.40326310513125,0
                100.151202301452,6.40273516862497,0
                100.150767413844,6.40222915641714,0
                100.150306473394,6.40174645551927,0
                100.14982074351,6.40128838904895,0
                100.149311555542,6.40085621260246,0
                100.14878030514,6.40045111081258,0
                100.148228448424,6.4000741941009,0
                100.147657497994,6.39972649563341,0
                100.147069018787,6.39940896848802,0
                100.146464623783,6.39912248304161,0
                100.145845969587,6.39886782458372,0
                100.145214751886,6.39864569116355,0
                100.144572700805,6.39845669167615,0
                100.143921576161,6.39830134419302,0
                100.143263162641,6.39818007454167,0
                100.142599264912,6.39809321513813,0
                100.14193170267,6.39804100407559,0
                100.141262305657,6.39802358447158,0
                100.140592908644,6.39804100407559,0
                100.139925346402,6.39809321513813,0
                100.139261448673,6.39818007454167,0
                100.138603035153,6.39830134419302,0
                100.137951910509,6.39845669167615,0
                100.137309859428,6.39864569116355,0
                100.136678641727,6.39886782458372,0
                100.136059987531,6.39912248304161,0
                100.135455592527,6.39940896848802,0
                100.13486711332,6.39972649563341,0
                100.134296162891,6.4000741941009,0
                100.133744306174,6.40045111081258,0
                100.133213055772,6.40085621260246,0
                100.132703867804,6.40128838904895,0
                100.13221813792,6.40174645551927,0
                100.13175719747,6.40222915641714,0
                100.131322309862,6.40273516862497,0
                100.130914667091,6.40326310513125,0
                100.130535386478,6.40381151883297,0
                100.130185507605,6.40437890650272,0
                100.129865989465,6.40496371290968,0
                100.129577707836,6.405564335083,0
                100.129321452878,6.40617912670609,0
                100.129097926967,6.40680640262966,0
                100.128907742772,6.40744444349112,0
                100.128751421575,6.40809150042761,0
                100.128629391842,6.40874579987012,0
                100.128541988048,6.40940554840485,0
                100.12848944976,6.41006893768921,0
                100.128471920983,6.41073414940855,0
                100.12848944976,6.41139936026012,0
                100.128541988048,6.41206274695072,0
                100.128629391842,6.41272249119407,0
                100.128751421575,6.41337678469463,0
                100.128907742772,6.41402383410373,0
                100.129097926967,6.41466186593477,0
                100.129321452878,6.41528913142386,0
                100.129577707836,6.41590391132272,0
                100.129865989465,6.41650452061052,0
                100.130185507605,6.41708931311184,0
                100.130535386478,6.41765668600822,0
                100.130914667091,6.41820508423065,0
                100.131322309862,6.41873300472135,0
                100.13175719747,6.41923900055274,0
                100.13221813792,6.41972168489278,0
                100.132703867804,6.42017973480527,0
                100.133213055772,6.42061189487534,0
                100.133744306174,6.4210169806496,0
                100.134296162891,6.42139388188201,0
                100.13486711332,6.42174156557611,0
                100.135455592527,6.42205907881587,0
                100.136059987531,6.42234555137677,0
                100.136678641727,6.42260019811044,0
                100.137309859428,6.42282232109612,0
                100.137951910509,6.4230113115531,0
                100.138603035153,6.42316665150882,0
                100.139261448673,6.42328791521824,0
                100.139925346402,6.42337477033041,0
                100.140592908644,6.42342697879917,0
                100.141262305657,6.42344439753542,0
                100.14193170267,6.42342697879917,0
                100.142599264912,6.42337477033041,0
                100.143263162641,6.42328791521824,0
                100.143921576161,6.42316665150882,0
                100.144572700805,6.4230113115531,0
                100.145214751886,6.42282232109612,0
                100.145845969587,6.42260019811044,0
                100.146464623783,6.42234555137677,0
                100.147069018787,6.42205907881587,0
                100.147657497994,6.42174156557611,0
                100.148228448424,6.42139388188201,0
                100.14878030514,6.4210169806496,0
                100.149311555542,6.42061189487534,0
                100.14982074351,6.42017973480527,0
                100.150306473394,6.41972168489278,0
                100.150767413844,6.41923900055274,0
                100.151202301452,6.41873300472135,0
                100.151609944223,6.41820508423065,0
                100.151989224836,6.41765668600822,0
                100.152339103709,6.41708931311184,0
                100.152658621849,6.41650452061052,0
                100.152946903478,6.41590391132272,0
                100.153203158437,6.41528913142386,0
                100.153426684348,6.41466186593477,0
                100.153616868542,6.41402383410373,0
                100.153773189739,6.41337678469463,0
                100.153895219472,6.41272249119407,0
                100.153982623266,6.41206274695072,0
                100.154035161554,6.41139936026012,0
                100.154052690332,6.41073414940855,0
              </coordinates>
            </LinearRing>
          </outerBoundaryIs>
        </Polygon>
      </Placemark>
      <Placemark id="PLS_SE-11.10">
        <name>P.002 Kangar</name>
        <ExtendedData>
          <SchemaData schemaUrl="#PLS_SE-11.schema">
            <SimpleData name="state">Perlis</SimpleData>
            <SimpleData name="parlimen">P.002 Kangar</SimpleData>
            <SimpleData name="code_parlimen">P.002</SimpleData>
            <SimpleData name="dun">N.10 Kayang</SimpleData>
            <SimpleData name="code_dun">N.10</SimpleData>
            <SimpleData name="voters_total">7349</SimpleData>
          </SchemaData>
        </ExtendedData>
        <Polygon>
          <outerBoundaryIs>
            <LinearRing>
              <coordinates>
                100.188359310793,6.40474583132095,0
                100.188342535493,6.40410920639213,0
                100.188292255573,6.40347432561731,0
                100.188208608847,6.40284292917036,0
                100.188091824584,6.40221674768128,0
                100.187942222882,6.40159749749239,0
                100.187760213789,6.40098687595377,0
                100.187546296179,6.40038655677061,0
                100.187301056385,6.39979818541532,0
                100.187025166594,6.39922337461698,0
                100.186719382999,6.39866369994049,0
                100.186384543731,6.39812069546751,0
                100.186021566564,6.39759584959107,0
                100.18563144639,6.3970906009354,0
                100.185215252503,6.39660633441212,0
                100.184774125661,6.39614437742362,0
                100.184309274963,6.39570599622407,0
                100.183821974531,6.39529239244806,0
                100.183313560022,6.39490469981627,0
                100.182785424966,6.39454398102738,0
                100.182239016943,6.39421122484461,0
                100.18167583362,6.393907343385,0
                100.181097418643,6.39363316961867,0
                100.180505357408,6.39338945508525,0
                100.179901272713,6.3931768678333,0
                100.179286820312,6.39299599058888,0
                100.178663684377,6.39284731915779,0
                100.178033572881,6.39273126106637,0
                100.177398212914,6.39264813444405,0
                100.176759345954,6.39259816715124,0
                100.176118723092,6.39258149615454,0
                100.175478100229,6.39259816715124,0
                100.17483923327,6.39264813444405,0
                100.174203873303,6.39273126106637,0
                100.173573761806,6.39284731915779,0
                100.172950625871,6.39299599058888,0
                100.172336173471,6.3931768678333,0
                100.171732088776,6.39338945508525,0
                100.171140027541,6.39363316961867,0
                100.170561612564,6.393907343385,0
                100.169998429241,6.39421122484461,0
                100.169452021218,6.39454398102738,0
                100.168923886161,6.39490469981627,0
                100.168415471653,6.39529239244806,0
                100.167928171221,6.39570599622407,0
                100.167463320522,6.39614437742362,0
                100.167022193681,6.39660633441212,0
                100.166605999794,6.3970906009354,0
                100.16621587962,6.39759584959107,0
                100.165852902452,6.39812069546751,0
                100.165518063185,6.39866369994049,0
                100.16521227959,6.39922337461698,0
                100.164936389798,6.39979818541532,0
                100.164691150005,6.40038655677061,0
                100.164477232395,6.40098687595377,0
                100.164295223302,6.40159749749239,0
                100.1641456216,6.40221674768128,0
                100.164028837337,6.40284292917036,0
                100.16394519061,6.40347432561731,0
                100.16389491069,6.40410920639213,0
                100.16387813539,6.40474583132095,0
                100.16389491069,6.40538245545573,0
                100.16394519061,6.40601733385716,0
                100.164028837337,6.40664872637734,0
                100.1641456216,6.40727490242934,0
                100.164295223302,6.40789414573037,0
                100.164477232395,6.40850475900582,0
                100.164691150005,6.40910506864106,0
                100.164936389798,6.40969342926826,0
                100.16521227959,6.41026822827588,0
                100.165518063185,6.41082789022823,0
                100.165852902452,6.41137088118302,0
                100.16621587962,6.41189571289536,0
                100.166605999794,6.41240094689617,0
                100.167022193681,6.41288519843444,0
                100.167463320522,6.41334714027193,0
                100.167928171221,6.41378550632045,0
                100.168415471653,6.41419909511143,0
                100.168923886161,6.41458677308838,0
                100.169452021218,6.41494747771318,0
                100.169998429241,6.41528022037775,0
                100.170561612564,6.41558408911322,0
                100.171140027541,6.41585825108883,0
                100.171732088776,6.41610195489416,0
                100.172336173471,6.41631453259818,0
                100.172950625871,6.41649540157945,0
                100.173573761806,6.41664406612267,0
                100.174203873303,6.41676011877701,0
                100.17483923327,6.41684324147256,0
                100.175478100229,6.41689320639199,0
                100.176118723092,6.41690987659466,0
                100.176759345954,6.41689320639199,0
                100.177398212914,6.41684324147256,0
                100.178033572881,6.41676011877701,0
                100.178663684377,6.41664406612267,0
                100.179286820312,6.41649540157945,0
                100.179901272713,6.41631453259818,0
                100.180505357408,6.41610195489416,0
                100.181097418643,6.41585825108883,0
                100.18167583362,6.41558408911322,0
                100.182239016943,6.41528022037775,0
                100.182785424966,6.41494747771318,0
                100.183313560022,6.41458677308838,0
                100.183821974531,6.41419909511143,0
                100.184309274963,6.41378550632045,0
                100.184774125661,6.41334714027193,0
                100.185215252503,6.41288519843444,0
                100.18563144639,6.41240094689617,0
                100.186021566564,6.41189571289536,0
                100.186384543731,6.41137088118302,0
                100.186719382999,6.41082789022823,0
                100.187025166594,6.41026822827588,0
                100.187301056385,6.40969342926826,0
                100.187546296179,6.40910506864106,0
                100.187760213789,6.40850475900582,0
                100.187942222882,6.40789414573037,0
                100.188091824584,6.40727490242934,0
                100.188208608847,6.40664872637734,0
                100.188292255573,6.40601733385716,0
                100.188342535493,6.40538245545573,0
                100.188359310793,6.40474583132095,0
              </coordinates>
            </LinearRing>
          </outerBoundaryIs>
        </Polygon>
      </Placemark>
      <Placemark id="PLS_SE-11.11">
        <name>P.003 Arau</name>
        <ExtendedData>
          <SchemaData schemaUrl="#PLS_SE-11.schema">
            <SimpleData name="state">Perlis</SimpleData>
            <SimpleData name="parlimen">P.003 Arau</SimpleData>
            <SimpleData name="code_parlimen">P.003</SimpleData>
            <SimpleData name="dun">N.11 Pauh</SimpleData>
            <SimpleData name="code_dun">N.11</SimpleData>
            <SimpleData name="voters_total">7601</SimpleData>
          </SchemaData>
        </ExtendedData>
        <Polygon>
          <outerBoundaryIs>
            <LinearRing>
              <coordinates>
                100.327994400603,6.44801046770419,0
                100.327977340111,6.44736307477405,0
                100.327926205398,6.44671745547971,0
                100.327841136621,6.44607537942897,0
                100.327722366946,6.44543860652457,0
                100.327570221914,6.44480888214008,0
                100.327385118543,6.44418793233577,0
                100.327167564188,6.44357745912732,0
                100.326918155152,6.4429791358202,0
                100.326637575047,6.44239460242294,0
                100.326326592923,6.44182546115139,0
                100.325986061161,6.44127327203665,0
                100.325616913135,6.44073954864848,0
                100.325220160654,6.44022575394618,0
                100.324796891189,6.43973329626792,0
                100.324348264892,6.43926352547006,0
                100.323875511416,6.43881772922639,0
                100.323379926546,6.43839712949821,0
                100.322862868646,6.43800287918412,0
                100.322325754935,6.43763605895945,0
                100.321770057605,6.43729767431344,0
                100.321197299784,6.43698865279258,0
                100.32060905136,6.43670984145775,0
                100.320006924682,6.43646200456178,0
                100.319392570138,6.43624582145417,0
                100.31876767163,6.43606188471855,0
                100.318133941961,6.43591069854803,0
                100.317493118142,6.43579267736276,0
                100.316846956624,6.43570814467386,0
                100.316197228493,6.43565733219629,0
                100.315545714608,6.43564037921365,0
                100.314894200722,6.43565733219629,0
                100.314244472591,6.43570814467386,0
                100.313598311074,6.43579267736276,0
                100.312957487254,6.43591069854803,0
                100.312323757586,6.43606188471855,0
                100.311698859078,6.43624582145417,0
                100.311084504533,6.43646200456178,0
                100.310482377855,6.43670984145775,0
                100.309894129432,6.43698865279258,0
                100.30932137161,6.43729767431344,0
                100.30876567428,6.43763605895945,0
                100.308228560569,6.43800287918412,0
                100.307711502669,6.43839712949821,0
                100.307215917799,6.43881772922639,0
                100.306743164324,6.43926352547006,0
                100.306294538026,6.43973329626792,0
                100.305871268561,6.44022575394618,0
                100.30547451608,6.44073954864848,0
                100.305105368054,6.44127327203665,0
                100.304764836292,6.44182546115139,0
                100.304453854168,6.44239460242294,0
                100.304173274063,6.4429791358202,0
                100.303923865027,6.44357745912732,0
                100.303706310673,6.44418793233577,0
                100.303521207302,6.44480888214008,0
                100.303369062269,6.44543860652457,0
                100.303250292594,6.44607537942897,0
                100.303165223817,6.44671745547971,0
                100.303114089104,6.44736307477405,0
                100.303097028612,6.44801046770419,0
                100.303114089104,6.4486578598076,0
                100.303165223817,6.44930347663087,0
                100.303250292594,6.44994554859323,0
                100.303369062269,6.45058231583676,0
                100.303521207302,6.4512120330499,0
                100.303706310673,6.45183297425093,0
                100.303923865027,6.45244343751849,0
                100.304173274063,6.45304174965594,0
                100.304453854168,6.45362627077719,0
                100.304764836292,6.45419539880087,0
                100.305105368054,6.45474757384104,0
                100.30547451608,6.45528128248212,0
                100.305871268561,6.45579506192641,0
                100.306294538026,6.45628750400286,0
                100.306743164324,6.45675725902612,0
                100.307215917799,6.45720303949515,0
                100.307711502669,6.45762362362156,0
                100.308228560569,6.45801785867761,0
                100.30876567428,6.45838466415519,0
                100.30932137161,6.45872303472664,0
                100.309894129432,6.45903204299962,0
                100.310482377855,6.45931084205844,0
                100.311084504533,6.45955866778477,0
                100.311698859078,6.45977484095146,0
                100.312323757586,6.45995876908381,0
                100.312957487254,6.46010994808299,0
                100.313598311074,6.46022796360737,0
                100.314244472591,6.46031249220789,0
                100.314894200722,6.46036330221439,0
                100.315545714608,6.46038025437031,0
                100.316197228493,6.46036330221439,0
                100.316846956624,6.46031249220789,0
                100.317493118142,6.46022796360737,0
                100.318133941961,6.46010994808299,0
                100.31876767163,6.45995876908381,0
                100.319392570138,6.45977484095146,0
                100.320006924682,6.45955866778477,0
                100.32060905136,6.45931084205844,0
                100.321197299784,6.45903204299962,0
                100.321770057605,6.45872303472664,0
                100.322325754935,6.45838466415519,0
                100.322862868646,6.45801785867761,0
                100.323379926546,6.45762362362156,0
                100.323875511416,6.45720303949515,0
                100.324348264892,6.45675725902612,0
                100.324796891189,6.45628750400286,0
                100.325220160654,6.45579506192641,0
                100.325616913135,6.45528128248212,0
                100.325986061161,6.45474757384104,0
                100.326326592923,6.45419539880087,0
                100.326637575047,6.45362627077719,0
                100.326918155152,6.45304174965594,0
                100.327167564188,6.45244343751849,0
                100.327385118543,6.45183297425093,0
                100.327570221914,6.4512120330499,0
                100.327722366946,6.45058231583676,0
                100.327841136621,6.44994554859323,0
                100.327926205398,6.44930347663087,0
                100.327977340111,6.4486578598076,0
                100.327994400603,6.44801046770419,0
              </coordinates>
            </LinearRing>
          </outerBoundaryIs>
        </Polygon>
      </Placemark>
      <Placemark id="PLS_SE-11.12">
        <name>P.003 Arau</name>
        <ExtendedData>
          <SchemaData schemaUrl="#PLS_SE-11.schema">
            <SimpleData name="state">Perlis</SimpleData>
            <SimpleData name="parlimen">P.003 Arau</SimpleData>
            <SimpleData name="code_parlimen">P.003</SimpleData>
            <SimpleData name="dun">N.12 Tambun Tulang</SimpleData>
            <SimpleData name="code_dun">N.12</SimpleData>
            <SimpleData name="voters_total">8447</SimpleData>
          </SchemaData>
        </ExtendedData>
        <Polygon>
          <outerBoundaryIs>
            <LinearRing>
              <coordinates>
                100.252673536907,6.40763480635765,0
                100.252655552032,6.40695228173266,0
                100.252601646703,6.406271626951,0
                100.25251196867,6.40559470765141,0
                100.252386763735,6.4049233792413,0
                100.252226375075,6.40425948181091,0
                100.252031242306,6.40360483508956,0
                100.251801900271,6.40296123345754,0
                100.251538977582,6.40233044102729,0
                100.251243194892,6.40171418680776,0
                100.25091536292,6.40111415996462,0
                100.250556380232,6.40053200518986,0
                100.250167230772,6.3999693181931,0
                100.249748981174,6.39942764132717,0
                100.249302777831,6.39890845935987,0
                100.248829843754,6.39841319540365,0
                100.248331475223,6.39794320701407,0
                100.247809038232,6.39749978246812,0
                100.247263964743,6.39708413723239,0
                100.246697748767,6.39669741063069,0
                100.24611194226,6.39634066272058,0
                100.245508150879,6.39601487138701,0
                100.244888029573,6.39572092966143,0
                100.244253278052,6.39545964327325,0
                100.243605636126,6.39523172844088,0
                100.242946878935,6.39503780990808,0
                100.242278812088,6.39487841923098,0
                100.24160326671,6.39475399332088,0
                100.240922094424,6.39466487324614,0
                100.240237162274,6.3946113032972,0
                100.239550347614,6.39459343031677,0
                100.238863532953,6.3946113032972,0
                100.238178600804,6.39466487324614,0
                100.237497428517,6.39475399332088,0
                100.236821883139,6.39487841923098,0
                100.236153816292,6.39503780990808,0
                100.235495059101,6.39523172844088,0
                100.234847417175,6.39545964327325,0
                100.234212665654,6.39572092966143,0
                100.233592544348,6.39601487138701,0
                100.232988752967,6.39634066272058,0
                100.23240294646,6.39669741063069,0
                100.231836730484,6.39708413723239,0
                100.231291656996,6.39749978246812,0
                100.230769220004,6.39794320701407,0
                100.230270851473,6.39841319540365,0
                100.229797917396,6.39890845935987,0
                100.229351714053,6.39942764132717,0
                100.228933464455,6.3999693181931,0
                100.228544314996,6.40053200518986,0
                100.228185332307,6.40111415996462,0
                100.227857500335,6.40171418680776,0
                100.227561717645,6.40233044102729,0
                100.227298794956,6.40296123345754,0
                100.227069452921,6.40360483508956,0
                100.226874320152,6.40425948181091,0
                100.226713931492,6.4049233792413,0
                100.226588726557,6.40559470765141,0
                100.226499048524,6.406271626951,0
                100.226445143195,6.40695228173266,0
                100.22642715832,6.40763480635765,0
                100.226445143195,6.40831733006958,0
                100.226499048524,6.40899798212203,0
                100.226588726557,6.40967489690617,0
                100.226713931492,6.41034621906408,0
                100.226874320152,6.411010108574,0
                100.227069452921,6.41166474579338,0
                100.227298794956,6.41230833644607,0
                100.227561717645,6.41293911653989,0
                100.227857500335,6.41355535720108,0
                100.228185332307,6.41415536941248,0
                100.228544314996,6.41473750864245,0
                100.228933464455,6.41530017935164,0
                100.229351714053,6.41584183936572,0
                100.229797917396,6.41636100410146,0
                100.230270851473,6.41685625063527,0
                100.230769220004,6.41732622160242,0
                100.231291656996,6.41776962891682,0
                100.231836730484,6.41818525730069,0
                100.23240294646,6.41857196761483,0
                100.232988752967,6.41892869998014,0
                100.233592544348,6.41925447668198,0
                100.234212665654,6.41954840484921,0
                100.234847417175,6.41980967890098,0
                100.235495059101,6.42003758275399,0
                100.236153816292,6.42023149178485,0
                100.236821883139,6.42039087454147,0
                100.237497428517,6.42051529419937,0
                100.238178600804,6.42060440975866,0
                100.238863532953,6.4206579769784,0
                100.239550347614,6.42067584904574,0
                100.240237162274,6.4206579769784,0
                100.240922094424,6.42060440975866,0
                100.24160326671,6.42051529419937,0
                100.242278812088,6.42039087454147,0
                100.242946878935,6.42023149178485,0
                100.243605636126,6.42003758275399,0
                100.244253278052,6.41980967890098,0
                100.244888029573,6.41954840484921,0
                100.245508150879,6.41925447668198,0
                100.24611194226,6.41892869998014,0
                100.246697748767,6.41857196761483,0
                100.247263964743,6.41818525730069,0
                100.247809038232,6.41776962891682,0
                100.248331475223,6.41732622160242,0
                100.248829843754,6.41685625063527,0
                100.249302777831,6.41636100410146,0
                100.249748981174,6.41584183936572,0
                100.250167230772,6.41530017935164,0
                100.250556380232,6.41473750864245,0
                100.25091536292,6.41415536941248,0
                100.251243194892,6.41355535720108,0
                100.251538977582,6.41293911653989,0
                100.251801900271,6.41230833644607,0
                100.252031242306,6.41166474579338,0
                100.252226375075,6.411010108574,0
                100.252386763735,6.41034621906408,0
                100.25251196867,6.40967489690617,0
                100.252601646703,6.40899798212203,0
                100.252655552032,6.40831733006958,0
                100.252673536907,6.40763480635765,0
              </coordinates>
            </LinearRing>
          </outerBoundaryIs>
        </Polygon>
      </Placemark>
      <Placemark id="PLS_SE-11.13">
        <name>P.003 Arau</name>
        <ExtendedData>
          <SchemaData schemaUrl="#PLS_SE-11.schema">
            <SimpleData name="state">Perlis</SimpleData>
            <SimpleData name="parlimen">P.003 Arau</SimpleData>
            <SimpleData name="code_parlimen">P.003</SimpleData>
            <SimpleData name="dun">N.13 Guar Sanji</SimpleData>
            <SimpleData name="code_dun">N.13</SimpleData>
            <SimpleData name="voters_total">7765</SimpleData>
          </SchemaData>
        </ExtendedData>
        <Polygon>
          <outerBoundaryIs>
            <LinearRing>
              <coordinates>
                100.273354988168,6.37710657084082,0
                100.273337744609,6.37645214005822,0
                100.273286061196,6.375799502193,0
                100.273200079589,6.37515044609055,0
                100.273080035459,6.37450675078553,0
                100.272926257837,6.37387018062563,0
                100.272739168217,6.37324248043525,0
                100.2725192794,6.37262537073273,0
                100.272267194084,6.37202054301417,0
                100.271983603219,6.37142965511672,0
                100.271669284107,6.37085432667401,0
                100.271325098275,6.37029613467629,0
                100.270951989113,6.36975660914745,0
                100.270550979286,6.36923722895067,0
                100.270123167935,6.36873941773425,0
                100.269669727661,6.36826454002888,0
                100.269191901312,6.36781389750673,0
                100.268690998578,6.36738872541305,0
                100.268168392397,6.36699018917971,0
                100.267625515197,6.36661938123006,0
                100.267063854966,6.36627731798404,0
                100.266484951177,6.3659649370716,0
                100.265890390564,6.36568309476198,0
                100.265281802776,6.36543256361626,0
                100.264660855911,6.36521403036916,0
                100.26402925194,6.36502809404634,0
                100.263388722047,6.36487526432196,0
                100.262741021878,6.36475596012139,0
                100.262087926736,6.36467050847261,0
                100.261431226709,6.36461914360958,0
                100.260772721765,6.36460200633007,0
                100.260114216821,6.36461914360958,0
                100.259457516793,6.36467050847261,0
                100.258804421651,6.36475596012139,0
                100.258156721482,6.36487526432196,0
                100.257516191589,6.36502809404634,0
                100.256884587618,6.36521403036916,0
                100.256263640753,6.36543256361626,0
                100.255655052965,6.36568309476198,0
                100.255060492352,6.3659649370716,0
                100.254481588563,6.36627731798404,0
                100.253919928332,6.36661938123006,0
                100.253377051132,6.36699018917971,0
                100.252854444951,6.36738872541305,0
                100.252353542217,6.36781389750673,0
                100.251875715868,6.36826454002888,0
                100.251422275594,6.36873941773425,0
                100.250994464243,6.36923722895067,0
                100.250593454417,6.36975660914745,0
                100.250220345254,6.37029613467629,0
                100.249876159422,6.37085432667401,0
                100.24956184031,6.37142965511672,0
                100.249278249445,6.37202054301417,0
                100.249026164129,6.37262537073273,0
                100.248806275312,6.37324248043525,0
                100.248619185692,6.37387018062563,0
                100.24846540807,6.37450675078553,0
                100.24834536394,6.37515044609055,0
                100.248259382333,6.375799502193,0
                100.24820769892,6.37645214005822,0
                100.248190455361,6.37710657084082,0
                100.24820769892,6.37776100078799,0
                100.248259382333,6.3784136361561,0
                100.24834536394,6.37906268812714,0
                100.24846540807,6.37970637771166,0
                100.248619185692,6.3803429406247,0
                100.248806275312,6.38097063212123,0
                100.249026164129,6.38158773177815,0
                100.249278249445,6.38219254820945,0
                100.24956184031,6.38278342370162,0
                100.249876159422,6.38335873875697,0
                100.250220345254,6.3839169165319,0
                100.250593454417,6.38445642715838,0
                100.250994464243,6.38497579193646,0
                100.251422275594,6.38547358738681,0
                100.251875715868,6.38594844915146,0
                100.252353542217,6.38639907573288,0
                100.252854444951,6.38682423206048,0
                100.253377051132,6.38722275287513,0
                100.253919928332,6.38759354592241,0
                100.254481588563,6.38793559494564,0
                100.255060492352,6.38824796247073,0
                100.255655052965,6.38852979237507,0
                100.256263640753,6.38878031223353,0
                100.256884587618,6.38899883543503,0
                100.257516191589,6.389184763064,0
                100.258156721482,6.38933758554152,0
                100.258804421651,6.3894568840216,0
                100.259457516793,6.38954233153896,0
                100.260114216821,6.38959369390489,0
                100.260772721765,6.38961083034898,0
                100.261431226709,6.38959369390489,0
                100.262087926736,6.38954233153896,0
                100.262741021878,6.3894568840216,0
                100.263388722047,6.38933758554152,0
                100.26402925194,6.389184763064,0
                100.264660855911,6.38899883543503,0
                100.265281802776,6.38878031223353,0
                100.265890390564,6.38852979237507,0
                100.266484951177,6.38824796247073,0
                100.267063854966,6.38793559494564,0
                100.267625515197,6.38759354592241,0
                100.268168392397,6.38722275287513,0
                100.268690998578,6.38682423206048,0
                100.269191901312,6.38639907573288,0
                100.269669727661,6.38594844915146,0
                100.270123167935,6.38547358738681,0
                100.270550979286,6.38497579193646,0
                100.270951989113,6.38445642715838,0
                100.271325098275,6.3839169165319,0
                100.271669284107,6.38335873875697,0
                100.271983603219,6.38278342370162,0
                100.272267194084,6.38219254820945,0
                100.2725192794,6.38158773177815,0
                100.272739168217,6.38097063212123,0
                100.272926257837,6.3803429406247,0
                100.273080035459,6.37970637771166,0
                100.273200079589,6.37906268812714,0
                100.273286061196,6.3784136361561,0
                100.273337744609,6.37776100078799,0
                100.273354988168,6.37710657084082,0
              </coordinates>
            </LinearRing>
          </outerBoundaryIs>
        </Polygon>
      </Placemark>
      <Placemark id="PLS_SE-11.14">
        <name>P.003 Arau</name>
        <ExtendedData>
          <SchemaData schemaUrl="#PLS_SE-11.schema">
            <SimpleData name="state">Perlis</SimpleData>
            <SimpleData name="parlimen">P.003 Arau</SimpleData>
            <SimpleData name="code_parlimen">P.003</SimpleData>
            <SimpleData name="dun">N.14 Simpang Empat</SimpleData>
            <SimpleData name="code_dun">N.14</SimpleData>
            <SimpleData name="voters_total">6554</SimpleData>
          </SchemaData>
        </ExtendedData>
        <Polygon>
          <outerBoundaryIs>
            <LinearRing>
              <coordinates>
                100.187124946764,6.35195545408616,0
                100.187109104787,6.35135418697552,0
                100.187061622276,6.35075456719678,0
                100.186982629379,6.35015823827479,0
                100.186872342608,6.34956683471997,0
                100.186731064253,6.3489819775482,0
                100.186559181548,6.3484052698374,0
                100.186357165611,6.34783829233337,0
                100.186125570154,6.34728259911679,0
                100.185865029964,6.34673971334314,0
                100.185576259163,6.34621112306745,0
                100.185260049252,6.34569827716514,0
                100.184917266941,6.34520258136032,0
                100.184548851772,6.34472539437217,0
                100.184155813545,6.34426802419031,0
                100.183739229551,6.343831724489,0
                100.183300241617,6.34341769119042,0
                100.18284005298,6.34302705918607,0
                100.182359924984,6.3426608992255,0
                100.181861173626,6.34232021498091,0
                100.18134516595,6.34200594029554,0
                100.180813316296,6.34171893662349,0
                100.180267082428,6.34145999066807,0
                100.179707961534,6.34122981222493,0
                100.179137486126,6.34102903223608,0
                100.178557219838,6.34085820106015,0
                100.177968753139,6.34071778696351,0
                100.177373698975,6.34060817483643,0
                100.176773688349,6.34052966513783,0
                100.176170365847,6.34048247307159,0
                100.175565385136,6.34046672799651,0
                100.174960404424,6.34048247307159,0
                100.174357081922,6.34052966513783,0
                100.173757071296,6.34060817483643,0
                100.173162017132,6.34071778696351,0
                100.172573550433,6.34085820106015,0
                100.171993284145,6.34102903223608,0
                100.171422808737,6.34122981222493,0
                100.170863687843,6.34145999066807,0
                100.170317453975,6.34171893662349,0
                100.169785604321,6.34200594029554,0
                100.169269596645,6.34232021498091,0
                100.168770845287,6.3426608992255,0
                100.168290717291,6.34302705918607,0
                100.167830528654,6.34341769119042,0
                100.16739154072,6.343831724489,0
                100.166974956726,6.34426802419031,0
                100.1665819185,6.34472539437217,0
                100.16621350333,6.34520258136032,0
                100.165870721019,6.34569827716514,0
                100.165554511108,6.34621112306745,0
                100.165265740308,6.34673971334314,0
                100.165005200117,6.34728259911679,0
                100.16477360466,6.34783829233337,0
                100.164571588723,6.3484052698374,0
                100.164399706018,6.3489819775482,0
                100.164258427663,6.34956683471997,0
                100.164148140892,6.35015823827479,0
                100.164069147995,6.35075456719678,0
                100.164021665484,6.35135418697552,0
                100.164005823507,6.35195545408616,0
                100.164021665484,6.35255672049442,0
                100.164069147995,6.35315633817366,0
                100.164148140892,6.35375266362207,0
                100.164258427663,6.35434406236727,0
                100.164399706018,6.3549289134461,0
                100.164571588723,6.35550561384737,0
                100.16477360466,6.35607258290536,0
                100.165005200117,6.35662826663195,0
                100.165265740308,6.35717114197564,0
                100.165554511108,6.35769972099565,0
                100.165870721019,6.35821255493986,0
                100.16621350333,6.35870823821522,0
                100.1665819185,6.35918541223979,0
                100.166974956726,6.35964276916601,0
                100.16739154072,6.36007905546485,0
                100.167830528654,6.36049307536094,0
                100.168290717291,6.36088369410967,0
                100.168770845287,6.36124984110667,0
                100.169269596645,6.36159051282179,0
                100.169785604321,6.36190477554908,0
                100.170317453975,6.36219176796542,0
                100.170863687843,6.36245070349088,0
                100.171422808737,6.36268087244403,0
                100.171993284145,6.36288164398686,0
                100.172573550433,6.36305246785325,0
                100.173162017132,6.36319287585694,0
                100.173757071296,6.36330248317441,0
                100.174357081922,6.36338098939944,0
                100.174960404424,6.36342817936618,0
                100.175565385136,6.36344392373888,0
                100.176170365847,6.36342817936618,0
                100.176773688349,6.36338098939944,0
                100.177373698975,6.36330248317441,0
                100.177968753139,6.36319287585694,0
                100.178557219838,6.36305246785325,0
                100.179137486126,6.36288164398686,0
                100.179707961534,6.36268087244403,0
                100.180267082428,6.36245070349088,0
                100.180813316296,6.36219176796542,0
                100.18134516595,6.36190477554908,0
                100.181861173626,6.36159051282179,0
                100.182359924984,6.36124984110667,0
                100.18284005298,6.36088369410967,0
                100.183300241617,6.36049307536094,0
                100.183739229551,6.36007905546485,0
                100.184155813545,6.35964276916601,0
                100.184548851772,6.35918541223979,0
                100.184917266941,6.35870823821522,0
                100.185260049252,6.35821255493986,0
                100.185576259163,6.35769972099565,0
                100.185865029964,6.35717114197564,0
                100.186125570154,6.35662826663195,0
                100.186357165611,6.35607258290536,0
                100.186559181548,6.35550561384737,0
                100.186731064253,6.3549289134461,0
                100.186872342608,6.35434406236727,0
                100.186982629379,6.35375266362207,0
                100.187061622276,6.35315633817366,0
                100.187109104787,6.35255672049442,0
                100.187124946764,6.35195545408616,0
              </coordinates>
            </LinearRing>
          </outerBoundaryIs>
        </Polygon>
      </Placemark>
      <Placemark id="PLS_SE-11.15">
        <name>P.003 Arau</name>
        <ExtendedData>
          <SchemaData schemaUrl="#PLS_SE-11.schema">
            <SimpleData name="state">Perlis</SimpleData>
            <SimpleData name="parlimen">P.003 Arau</SimpleData>
            <SimpleData name="code_parlimen">P.003</SimpleData>
            <SimpleData name="dun">N.15 Sanglang</SimpleData>
            <SimpleData name="code_dun">N.15</SimpleData>
            <SimpleData name="voters_total">7700</SimpleData>
          </SchemaData>
        </ExtendedData>
        <Polygon>
          <outerBoundaryIs>
            <LinearRing>
              <coordinates>
                100.211077138483,6.30775495056295,0
                100.211059967248,6.30710317694589,0
                100.211008500607,6.30645318897891,0
                100.210922879628,6.30580676824397,0
                100.210803338992,6.30516568655211,0
                100.210650206351,6.3045317010868,0
                100.210463901431,6.3039065495874,0
                100.21024493488,6.3032919455858,0
                100.209993906872,6.30268957370939,0
                100.209711505456,6.30210108506311,0
                100.209398504675,6.30152809270345,0
                100.209055762442,6.3009721672166,0
                100.20868421819,6.30043483241297,0
                100.208284890296,6.29991756114995,0
                100.20785887329,6.29942177129421,0
                100.207407334855,6.29894882183477,0
                100.206931512627,6.29850000915742,0
                100.2064327108,6.29807656349067,0
                100.205912296557,6.29767964553312,0
                100.205371696316,6.29731034327138,0
                100.204812391825,6.29696966899723,0
                100.204235916099,6.29665855653241,0
                100.203643849217,6.29637785866842,0
                100.203037813995,6.29612834482851,0
                100.202419471532,6.29591069895818,0
                100.201790516662,6.29572551765004,0
                100.201152673307,6.29557330850815,0
                100.200507689751,6.29545448875634,0
                100.199857333849,6.29536938409429,0
                100.199203388181,6.2953182278046,0
                100.198547645167,6.29530116011313,0
                100.197891902153,6.2953182278046,0
                100.197237956485,6.29536938409429,0
                100.196587600583,6.29545448875634,0
                100.195942617026,6.29557330850815,0
                100.195304773671,6.29572551765004,0
                100.194675818801,6.29591069895818,0
                100.194057476338,6.29612834482851,0
                100.193451441116,6.29637785866842,0
                100.192859374235,6.29665855653241,0
                100.192282898509,6.29696966899723,0
                100.191723594018,6.29731034327138,0
                100.191182993777,6.29767964553312,0
                100.190662579533,6.29807656349067,0
                100.190163777707,6.29850000915742,0
                100.189687955478,6.29894882183477,0
                100.189236417043,6.29942177129421,0
                100.188810400037,6.29991756114995,0
                100.188411072143,6.30043483241297,0
                100.188039527891,6.3009721672166,0
                100.187696785658,6.30152809270345,0
                100.187383784877,6.30210108506311,0
                100.187101383461,6.30268957370939,0
                100.186850355453,6.3032919455858,0
                100.186631388903,6.3039065495874,0
                100.186445083982,6.3045317010868,0
                100.186291951341,6.30516568655211,0
                100.186172410705,6.30580676824397,0
                100.186086789726,6.30645318897891,0
                100.186035323086,6.30710317694589,0
                100.186018151851,6.30775495056295,0
                100.186035323086,6.30840672336044,0
                100.186086789726,6.30905670887772,0
                100.186172410705,6.30970312555965,0
                100.186291951341,6.3103442016396,0
                100.186445083982,6.31097817999558,0
                100.186631388903,6.31160332296612,0
                100.186850355453,6.31221791711279,0
                100.187101383461,6.31282027791616,0
                100.187383784877,6.3134087543926,0
                100.187696785658,6.31398173361897,0
                100.188039527891,6.31453764515299,0
                100.188411072143,6.31507496533709,0
                100.188810400037,6.31559222147405,0
                100.189236417043,6.31608799586293,0
                100.189687955478,6.31656092968419,0
                100.190163777707,6.31700972672336,0
                100.190662579533,6.31743315692325,0
                100.191182993777,6.31783005975474,0
                100.191723594018,6.31819934739695,0
                100.192282898509,6.31854000771826,0
                100.192859374235,6.31885110704979,0
                100.193451441116,6.31913179274394,0
                100.194057476338,6.31938129551081,0
                100.194675818801,6.31959893152621,0
                100.195304773671,6.3197841043055,0
                100.195942617026,6.31993630633807,0
                100.196587600583,6.32005512047796,0
                100.197237956485,6.32014022108699,0
                100.197891902153,6.32019137492697,0
                100.198547645167,6.32020844179889,0
                100.199203388181,6.32019137492697,0
                100.199857333849,6.32014022108699,0
                100.200507689751,6.32005512047796,0
                100.201152673307,6.31993630633807,0
                100.201790516662,6.3197841043055,0
                100.202419471532,6.31959893152621,0
                100.203037813995,6.31938129551081,0
                100.203643849217,6.31913179274394,0
                100.204235916099,6.31885110704979,0
                100.204812391825,6.31854000771826,0
                100.205371696316,6.31819934739695,0
                100.205912296557,6.31783005975474,0
                100.2064327108,6.31743315692325,0
                100.206931512627,6.31700972672336,0
                100.207407334855,6.31656092968419,0
                100.20785887329,6.31608799586293,0
                100.208284890296,6.31559222147405,0
                100.20868421819,6.31507496533709,0
                100.209055762442,6.31453764515299,0
                100.209398504675,6.31398173361897,0
                100.209711505456,6.3134087543926,0
                100.209993906872,6.31282027791616,0
                100.21024493488,6.31221791711279,0
                100.210463901431,6.31160332296612,0
                100.210650206351,6.31097817999558,0
                100.210803338992,6.3103442016396,0
                100.210922879628,6.30970312555965,0
                100.211008500607,6.30905670887772,0
                100.211059967248,6.30840672336044,0
                100.211077138483,6.30775495056295,0
              </coordinates>
            </LinearRing>
          </outerBoundaryIs>
        </Polygon>
      </Placemark>
    </Document>
  </Document>
</kml>
